# Generated by Visualization Toolkit
mtllib 3D_faces.mtl
v 18.69951 -102.5481 79.64812
v 14.061098241343583 -103.99999999992035 81.32999770189858
v 16.526472073746536 -104.00000001038212 76.19746720233462
v 17.6449 -103.6828 76.20203
v 70.65609 -4.184653 45.22469
v 67.84579 -2.241658 49.03699
v 69.42097 -8.009617 49.06516
v 67.26596 -6.904518 52.35577
v 62.71476 -6.399584 58.22824
v 65.78944 -11.87638 56.30555
v 65.10788 -5.087698 54.51189
v 9.111276 33.8209 84.32033
v 10.84998 32.6275 82.99606
v 12.95899 34.43909 85.51824
v 11.02508 37.02367 86.95809
v 9.214444 18.89638 80.34238
v 9.348301 17.01748 81.10071
v 9.705 18.44413 79.50294
v 10.39219 17.40499 78.69325
v 12.61885 17.378 74.90588
v 14.59696 15.90362 72.76821
v 14.65053 17.41802 71.95377
v 12.91885 19.06044 74.05186
v 44.07125 14.7015 64.69819
v 45.70374 15.88469 62.6516
v 45.26713 16.31358 62.85218
v 43.6889 15.11535 64.72024
v 17.67644 10.64911 72.89102
v 17.85368 12.12014 71.75264
v 16.1462 12.4817 73.28381
v 16.43629 11.48997 73.64833
v 26.43497 -53.937 79.64883
v 26.57595 -53.74944 79.94144
v 26.34936 -53.85231 79.53715
v 26.62176 -53.91772 79.39881
v 23.82461 -52.30916 83.34379
v 23.78095 -53.34454 81.91538
v 25.34884 -52.79022 81.82777
v 25.61432 -53.52205 80.58889
v 27.45868 -51.05791 81.83128
v 28.64195 -53.67308 79.64344
v 29.39559 -51.46112 80.87097
v 29.32295 -53.94067 79.48346
v 26.87127 -54.70889 78.59559
v 26.53096 -54.21557 79.24809
v 26.74491 -54.06099 78.97218
v 27.19689 -54.27395 78.24145
v 19.99893 -60.75886 88.2383
v 20.21674 -61.74641 87.84586
v 22.59651 -59.07954 84.56028
v 22.27398 -58.2676 84.93675
v 22.98178 -48.22645 87.91815
v 22.50973 -46.21862 88.83047
v 20.49108 -46.27444 90.70847
v 19.91133 -44.93382 91.28837
v 24.09291 -53.89141 81.51575
v 24.12176 -54.091 81.65585
v 25.70263 -53.94851 80.48531
v 25.61526 -53.84678 80.47216
v 79.16514 -32.76442 -3.322517
v 79.38799 -29.68035 -2.122079
v 78.28009 -33.07447 -3.567312
v 78.51219 -33.5431 -3.819293
v 85.20904 -24.64465 -10.75481
v 85.36101 -24.10608 -12.09598
v 85.27707 -22.94835 -11.35904
v 85.28994 -23.41138 -10.32979
v 82.53809 -29.7594 -4.868755
v 82.83981 -27.17706 -5.856393
v 82.18103 -27.53323 -4.390713
v 82.12154 -29.05736 -4.086776
v 80.73112 -23.90497 -7.222826
v 80.09927 -22.87471 -8.449419
v 81.28634 -19.4617 -7.131622
v 82.24909 -17.6794 -9.15276
v 83.42424 4.351384 -12.06639
v 84.01463 0.9363986 -12.41775
v 82.90217 2.93627 -13.08835
v 83.0877 0.7204978 -14.40254
v 85.36497 17.71955 -24.62944
v 86.41716 18.49681 -23.22639
v 85.35728 17.93964 -22.42176
v 86.16242 18.48058 -19.98122
v 85.99421 -13.89384 -15.80779
v 86.67543 -14.64247 -20.57156
v 82.29644 -17.20039 -13.79661
v 83.62621 -19.39589 -11.80958
v 87.65155 2.104822 -18.02216
v 88.7335 2.000965 -19.96268
v 86.62711 6.511363 -19.76693
v 86.53525 7.447786 -21.28444
v 91.95305 -11.99785 -27.9086
v 92.54444 -9.431282 -27.77995
v 91.27432 -14.25007 -24.86366
v 90.81852 -14.45256 -25.43042
v 93.45939 -2.788762 -32.06761
v 93.47038 -2.898829 -31.50214
v 93.07179 -5.57085 -30.03654
v 92.34791 -7.960763 -30.38892
v 85.44811 -23.4314 -13.79159
v 85.73541 -21.56352 -17.18472
v 85.90491 -19.73279 -15.27102
v 85.43913 -22.04764 -12.485
v 90.17914 -11.4577 -22.8595
v 90.26678 -13.70119 -21.76244
v 89.03296 -15.25767 -20.22992
v 80.43286 -26.39176 -2.527914
v 80.5662 -28.70364 -2.528241
v 80.61959 -27.1538 -2.827095
v 81.26064 -23.93714 -3.40199
v 80.78111 -24.55559 -1.950482
v 81.3098 -22.39903 -2.516665
v 82.86778 -9.799124 -6.277716
v 82.34521 -11.23442 -3.871129
v 83.08766 -12.66011 -5.545068
v 82.30585 -14.53005 -4.225542
v 81.66975 -18.8519 -2.951612
v 82.88445 -17.7673 -4.474634
v 81.63203 -16.38951 -3.125154
v 82.90498 -22.57472 -8.138439
v 84.63434 -23.036 -8.764146
v 84.32969 -22.96346 -9.592792
v 81.07703 -25.08051 -8.68454
v 84.41914 -7.571475 -12.93395
v 82.90923 -10.20235 -12.86602
v 84.14537 -8.404392 -13.85747
v 82.96111 -11.36737 -13.15519
v 90.64264 7.380859 -30.81218
v 90.20176 8.332958 -31.84899
v 90.15944 8.47255 -29.93537
v 89.72235 9.593507 -30.24165
v 91.41788 5.595671 -27.9388
v 91.50574 3.962313 -26.37431
v 92.39194 3.319665 -28.5833
v 92.2532 1.365282 -26.88602
v 85.62944 15.18721 -23.08233
v 87.10524 13.75685 -24.46478
v 85.49326 15.53327 -23.92757
v 86.85513 14.91925 -25.21176
v 87.35104 13.52754 -27.17868
v 87.963 12.11554 -25.95217
v 38.7784 25.12953 70.40768
v 38.94836 25.76807 71.0845
v 36.07672 25.92711 71.07111
v 35.96872 26.63649 71.79932
v 20.42377 -102.9235 72.14798
v 17.61394308803262 -104.00000002236762 69.65262835752094
v 24.34633 -101.8097 66.47557
v 17.95807358839043 -104.00000000482905 67.09877831525988
v 23.36932 -102.3786 62.10656
v 46.48921 19.47094 63.95761
v 47.49787 17.71844 62.53298
v 47.3121 19.83843 64.25892
v 48.37162 17.9804 62.27068
v 50.98295 18.20785 61.17469
v 52.62849 18.38873 60.30851
v 51.87233 20.8179 62.79259
v 50.14172 20.16252 63.40138
v 72.92688 -48.98329 1.160577
v 73.37284 -47.09972 -2.982465
v 74.01055 -45.43376 -0.2909834
v 74.56366 -43.30564 -3.059946
v 17.95976 15.39079 69.1677
v 17.6585 16.19824 69.29465
v 17.31225 16.05323 69.55518
v 17.79067 15.08827 69.52302
v 17.54943 18.95972 69.56948
v 16.74602 19.15846 69.80605
v 16.56321 17.50256 69.86912
v 17.18638 17.39043 69.54459
v 8.430665 22.06937 80.96202
v 7.355956 23.09616 82.14957
v 7.892523 20.2662 82.0751
v 8.507628 20.12628 81.21919
v 17.71067 -52.01649 88.7625
v 17.95429 -53.18703 87.2322
v 20.45507 -52.65102 85.70603
v 20.97926 -53.44021 84.11063
v 65.00099 -70.02453 -0.7250662
v 65.2198 -70.18757 4.855996
v 63.47626 -73.40601 2.86666
v 63.71646 -72.79286 -1.014124
v 80.41856 -1.215377 7.81011
v 80.28268 -8.949018 10.96777
v 80.73041 -9.199479 5.778592
v 80.8529 -2.164567 2.65324
v 64.77888 -77.21446 -10.87762
v 64.86038 -81.38483 -14.08735
v 65.76199 -75.18176 -14.11924
v 65.73169 -77.21319 -17.58863
v 24.32753 -54.94604 81.83598
v 24.31297 -55.56195 81.99416
v 26.03004 -54.55184 80.37347
v 25.89406 -54.39669 80.4351
v 25.18474 -56.5277 81.4014
v 26.7259 -55.46829 80.49495
v 26.25346 -54.81421 80.30238
v 24.62404 -56.02575 81.78223
v 22.1637 -57.50633 84.94221
v 21.94887 -56.40541 84.81663
v 21.87896 -57.08029 85.15135
v 29.34717 -98.13322 70.605
v 23.84652 -100.886 75.02032
v 26.95729 -100.6727 66.44118
v 29.05065 -99.50787 66.53284
v 48.08456 -64.34471 -65.81403
v 43.98361 -60.763 -73.81417
v 48.16658 -57.48627 -70.4063
v 48.97115 -61.20843 -65.5351
v 54.6043 76.712 36.48087
v 60.16165 75.92271 27.04466
v 54.10762 80.9578 33.61737
v 56.4029 82.90204 26.68994
v 89.74196 -26.51433 -23.30361
v 90.52091 -19.54295 -28.47042
v 92.23454 -19.32651 -27.43106
v 90.56759 -25.86876 -22.49581
v 82.86887 5.843647 -6.447527
v 82.35163 0.1166188 -6.827507
v 83.9899 5.641153 -6.702724
v 83.2308 -0.8508554 -7.497323
v 84.04965 -16.73213 -6.510359
v 83.78161 -19.56767 -5.564194
v 83.42422 -20.73433 -4.414156
v 83.01023 -24.86257 -5.567045
v 83.09132 -22.81037 -4.996287
v 82.34715 -23.56446 -4.296967
v 82.2925 -25.61086 -4.481335
v 93.45731 -12.74254 -32.28595
v 92.13977 -12.78725 -32.88189
v 90.24235 -13.02858 -33.42624
v 88.80508 -19.2347 -28.83535
v 81.58144 8.477516 -5.846576
v 82.10743 11.05309 -7.457952
v 81.41391 11.10429 -7.093722
v 81.84167 12.71986 -9.807815
v 84.08542 -25.40416 -20.70315
v 82.45866 -24.09611 -20.99139
v 85.11068 -22.68149 -24.54781
v 83.38084 -21.57982 -24.40989
v 88.24541 -27.82021 -14.70613
v 89.67406 -26.5386 -17.20431
v 88.03609 -24.36039 -16.81024
v 85.72564 -25.69426 -14.53237
v 86.07484 -28.91554 -11.65038
v 85.49797 -29.37648 -10.32099
v 87.00792 -31.89174 -12.09666
v 86.30013 -32.45649 -10.528
v 84.41987 -26.89173 -8.768138
v 84.327 -28.89485 -8.17942
v 84.68546 -27.66188 -9.349699
v 84.97908 -29.43258 -9.189418
v 76.74328 -36.31049 -4.323372
v 75.61911 -39.93853 -2.613815
v 76.00899 -37.94315 -5.627909
v 76.57611 -36.31328 -5.657656
v 79.69527 -36.01142 -6.031231
v 79.96813 -36.49772 -8.175987
v 81.97939 -36.36718 -7.659409
v 81.47296 -35.6954 -5.01465
v 88.04528 12.12518 -11.08511
v 88.29326 16.26884 -12.34544
v 86.98872 14.0291 -10.19461
v 87.1456 11.51972 -9.997087
v 85.03457 15.92829 -9.84838
v 85.24904 11.16129 -8.213341
v 86.24357 16.31193 -10.46744
v 93.223 -9.563523 -29.96669
v 90.51476 -15.5143 -25.4022
v 94.05373 -10.87221 -30.00842
v 91.69257 -16.77321 -24.93138
v 90.05072 9.408619 -32.98071
v 91.19237 7.964119 -33.57004
v 90.9389 6.877254 -32.94386
v 87.80366 15.68855 -17.14226
v 89.1015 15.2866 -15.69666
v 87.71419 14.14709 -15.69286
v 88.35419 13.39493 -14.57981
v 89.0783 15.91747 -14.00965
v 88.46967 12.88325 -12.90302
v 92.65841 -10.14594 -25.91809
v 91.58515 -14.33314 -23.4427
v 85.82039 10.46341 -22.16203
v 86.57404 11.842 -22.71488
v 85.03497 12.33801 -21.3428
v 85.52934 13.50533 -21.64093
v 86.18034 13.89698 -22.69929
v 87.05775 12.69657 -23.64864
v 86.97217 -17.89759 -14.16453
v 87.94407 -16.12777 -17.51171
v 88.2399 -18.06875 -17.54722
v 85.39622 -4.89097 -12.7056
v 83.82607 -7.175843 -12.10539
v 85.78617 -4.110313 -11.61564
v 82.78773 9.177356 -17.4618
v 83.99722 7.8676 -14.33173
v 84.76646 7.081734 -17.3166
v 85.19817 4.116835 -14.33113
v 54.68767 -58.67873 -53.46917
v 52.49297 -64.62907 -56.92845
v 53.42851 -58.44546 -57.20057
v 51.76173 -60.37464 -60.57588
v 24.5377 -24.54963 82.73757
v 25.05175 -28.49646 82.7054
v 26.50175 -24.9332 82.16282
v 27.69675 -28.55142 81.84482
v 20.78034 -23.2511 86.70609
v 19.55651 -26.3479 86.38622
v 22.03608 -23.78627 84.33271
v 21.68002 -22.7908 85.18365
v 44.07252 38.87801 70.46446
v 44.66365 36.23289 71.20999
v 49.21476 35.93216 66.91005
v 49.33232 33.31016 67.87057
v 10.26853 -27.71516 94.19344
v 9.986291 -26.43884 96.30816
v 8.824503 -27.69157 95.07333
v 8.164207 -27.18627 96.31159
v 11.46605 -23.81406 99.62182
v 8.46333 -24.12848 102.0114
v 9.144362 -25.16577 99.16474
v 10.7939 -24.78949 98.57262
v 45.77073 16.88536 62.50452
v 46.27772 16.75922 62.20919
v 46.04082 17.44986 62.77279
v 45.63468 17.52009 62.87178
v 16.1806 -15.74742 99.40929
v 16.2303 -16.98419 99.85624
v 17.47155 -16.56161 97.54
v 17.69813 -17.67155 97.47304
v 83.35892 -29.8786 -19.01522
v 81.85626 -30.98672 -16.5257
v 82.34027 -28.27116 -15.84155
v 83.14823 -27.48188 -17.98543
v 67.61217 78.19603 4.547164
v 64.43381 84.17176 3.314242
v 62.32038 81.05705 15.27113
v 64.94605 77.46155 14.11041
v 27.13883 -59.92449 77.01013
v 27.50112 -56.21919 77.44796
v 28.73948 -58.47213 74.91514
v 28.15505 -60.48292 75.6665
v 28.59825 -51.24699 74.74244
v 27.08559 -52.52801 77.43171
v 26.69178 -49.26558 76.8119
v 28.02269 -49.28714 75.34945
v -18.864244489496173 -104.0000000009078 80.17890122070403
v -18.91386 -103.9216 80.85585
v -22.87743 -102.4561 78.91091
v -20.085704650117773 -104.0000000135452 75.67798221813516
v -21.6675 -103.4729 75.62973
v -65.32034 -5.726468 54.85982
v -65.75831 -0.8135631 51.7902
v -67.71284 -6.496973 51.38486
v -68.94728 -2.442481 47.73998
v -63.85184 -10.88996 58.75987
v -62.70275 -4.053082 57.40566
v -60.08812 -5.528393 61.0923
v -15.45103 40.07323 85.14574
v -17.34545 37.60533 84.79507
v -13.59544 35.64312 84.79657
v -11.86297 37.70673 85.41204
v -8.788621 17.06798 79.84814
v -7.979288 16.75125 81.87436
v -8.264147 18.22402 80.4739
v -7.905991 18.71554 81.16433
v -11.57742 20.42616 75.39462
v -12.86827 18.58854 73.58094
v -10.89366 18.50951 75.96634
v -12.58091 16.86856 74.03753
v -42.17569 14.33449 67.87411
v -43.88389 15.6235 66.04986
v -42.76604 12.79561 67.48901
v -44.79939 14.17805 65.50249
v -13.91453 11.90954 75.42387
v -15.73885 11.619 73.81126
v -14.22371 10.85821 75.76234
v -15.64587 9.960305 74.90967
v -27.40684 -52.97007 79.34039
v -26.96892 -52.76598 79.50656
v -27.31443 -52.82392 79.76715
v -27.06166 -52.76135 79.91721
v -26.30148 -51.30889 82.80477
v -27.35555 -51.82407 81.28258
v -26.17749 -51.78538 82.25838
v -27.13122 -52.13002 81.08793
v -29.88408 -52.83625 79.74842
v -29.24389 -52.58618 79.9243
v -29.93493 -50.40115 81.05063
v -28.1242 -50.05473 82.05536
v -27.00558 -52.57835 78.98644
v -27.80735 -53.19053 78.59344
v -25.55011 -55.08611 82.40875
v -25.91207 -55.68826 82.22842
v -23.50865 -57.74822 85.69162
v -23.89125 -58.51365 85.29456
v -18.73772 -44.86305 92.7991
v -18.13617 -43.74955 93.07989
v -21.31184 -44.9166 90.83159
v -21.82505 -46.2485 90.30907
v -26.49339 -52.87471 80.92231
v -25.0353 -53.15772 82.21535
v -24.99473 -52.95528 82.06496
v -26.40821 -52.77519 80.91055
v -76.231 -30.63806 -1.242709
v -77.50641 -27.21033 0.1545878
v -77.4199 -30.38585 -0.8669443
v -76.51253 -31.1861 -1.440862
v -82.48473 -20.92321 -7.485229
v -82.177 -20.62717 -8.585628
v -83.45839 -21.30705 -8.271387
v -83.44607 -20.88176 -9.297072
v -80.4593 -25.08512 -2.510808
v -81.17653 -24.73207 -3.913206
v -80.83002 -27.18364 -3.088357
v -80.43176 -26.51841 -2.303099
v -80.398 -14.77044 -8.131488
v -80.62479 -11.80934 -10.57421
v -80.13358 -16.06269 -7.047661
v -78.41292 -18.68025 -5.21961
v -81.58027 2.393068 -12.30974
v -82.46729 2.554376 -10.21629
v -81.43238 4.470454 -11.02447
v -81.9127 5.904901 -9.886927
v -83.5431 17.76516 -21.31582
v -83.17973 18.38031 -17.03645
v -84.26583 19.18922 -20.64597
v -85.13216 19.73845 -18.16069
v -82.9697 -4.32834 -14.33315
v -82.95995 -3.958209 -15.94949
v -83.43669 -6.232915 -17.1899
v -82.64708 -7.366768 -14.86436
v -86.95588 7.344518 -20.75844
v -87.38546 3.485209 -17.99923
v -85.31982 8.827566 -19.34914
v -84.861 9.765531 -20.71635
v -79.19928 -27.53922 -12.15947
v -80.03027 -28.98098 -14.78906
v -80.53723 -26.30419 -14.04753
v -79.58994 -26.34363 -12.77951
v -90.01321 -12.55845 -23.26184
v -91.2018 -7.862371 -26.27652
v -90.80108 -10.50498 -26.47981
v -89.5707 -12.8184 -23.87974
v -91.06336 -6.464832 -28.86573
v -91.8101 -4.050047 -28.51579
v -83.42651 -18.75267 -9.368459
v -85.29276 -15.91498 -12.30679
v -84.32293 -17.6452 -13.33916
v -83.63197 -19.99223 -10.45178
v -89.60123 -12.11764 -20.60006
v -88.12347 -14.83923 -18.58006
v -87.63865 -13.57856 -18.50834
v -88.94342 -11.95308 -20.07886
v -84.37263 -12.3783 -14.07952
v -85.30817 -12.06532 -18.97937
v -86.43661 -14.29752 -15.69697
v -79.00153 -26.2516 -0.3781985
v -78.63136 -24.04826 -0.312641
v -79.01073 -24.77009 -0.6262004
v -79.33584 -20.15073 -0.3828754
v -79.40868 -21.70024 -1.208267
v -78.943 -22.23419 0.2541801
v -80.57494 -12.44561 -1.978192
v -80.58676 -9.2426 -1.568289
v -81.34047 -10.64863 -3.317689
v -81.16514 -7.857027 -4.028401
v -81.16539 -15.56787 -2.268878
v -79.86053 -14.24935 -0.873854
v -80.00527 -16.64753 -0.7122326
v -78.39957 -22.42419 -5.168081
v -77.9739 -21.07941 -6.562339
v -79.02571 -23.14323 -6.643154
v -77.45229 -22.94176 -8.700934
v -83.37649 -3.446476 -11.77808
v -83.15379 -3.90794 -12.89697
v -83.30626 -6.657191 -11.69704
v -81.60508 -7.598491 -13.25481
v -81.12682 -9.522771 -11.10266
v -80.7877 -12.396 -9.436602
v -88.64663 10.81942 -28.67356
v -89.12945 9.588146 -30.38744
v -89.02319 9.721476 -28.35588
v -89.4663 8.64362 -29.2799
v -92.01087 1.962372 -27.52061
v -91.59423 0.08681928 -25.73125
v -91.04971 2.827025 -25.21056
v -91.15742 4.703619 -26.93979
v -85.79436 16.14598 -23.4682
v -86.01868 15.0097 -22.68846
v -84.48743 16.89353 -22.13442
v -84.60382 16.52292 -21.24915
v -87.06195 13.41683 -27.43888
v -88.0867 11.58603 -26.23302
v -86.86773 13.36008 -24.16208
v -86.25862 14.73918 -25.46831
v -87.97004 10.45742 -23.80509
v -86.60444 12.18449 -22.52545
v -37.58719 25.29685 73.63744
v -39.9957 24.09795 72.39619
v -37.31472 24.55008 72.98598
v -39.49474 23.41102 71.90547
v -24.89381 -101.6486 61.44445
v -19.522704971710873 -103.99999999739441 68.12305243038129
v -26.42132 -101.1684 65.9695
v -19.545196012526713 -103.99999999846696 68.34577675248435
v -23.64573 -102.5368 71.69889
v -44.64923 19.21553 67.24532
v -43.53944 21.08477 69.03706
v -45.6581 19.6659 67.53797
v -44.58167 21.53093 69.23277
v -46.80399 20.0988 67.41653
v -45.69397 21.95172 69.29857
v -47.55014 22.83421 69.16304
v -48.66547 20.81878 66.89911
v -72.42281 -40.25924 -1.308389
v -71.19672 -43.94468 -1.375211
v -71.88616 -42.23195 1.397202
v -70.78847 -45.60201 2.706161
v -17.21154 16.1952 70.36958
v -16.8363 16.14796 70.58117
v -17.10093 17.12267 70.71947
v -17.52286 17.0953 70.57623
v -15.51768 18.96358 71.42788
v -14.345 19.53947 72.41476
v -15.55138 21.43037 72.56541
v -16.83383 20.88317 71.88026
v -6.898345 20.17255 82.60869
v -6.559267 23.1163 82.6833
v -7.376117 22.04991 81.67255
v -7.372547 19.99053 81.88073
v -22.08079 -52.93015 84.57401
v -19.17733 -52.92555 87.362
v -21.59244 -52.31955 85.94787
v -18.99862 -51.87629 88.72336
v -60.78805 -69.632 3.153006
v -62.76348 -66.28322 5.49793
v -62.43079 -66.42375 -0.1814072
v -60.9856 -69.21722 -0.6647861
v -79.52409 -1.247076 1.317762
v -79.33782 -7.562331 4.273428
v -79.14146 -0.2614305 5.255352
v -78.88171 -7.113111 8.402298
v -62.92415 -74.64965 -17.62612
v -62.03973 -78.67981 -14.37638
v -62.97036 -72.4099 -14.03763
v -61.96837 -74.27157 -10.93422
v -26.7959 -53.46715 80.83128
v -25.25034 -54.64697 82.62627
v -25.25274 -54.0126 82.43468
v -26.68136 -53.32648 80.88271
v -23.08904 -55.87586 85.5067
v -23.35093 -56.98408 85.67946
v -23.05152 -56.5669 85.86102
v -28.88488 -100.085 65.91748
v -27.02439 -100.6503 74.22162
v -31.63691 -97.81232 69.76853
v -30.93423 -98.96851 65.9912
v -47.07005 -56.80802 -70.22763
v -42.96944 -60.2028 -73.69036
v -46.877 -63.59643 -65.67764
v -47.75012 -60.43014 -65.36272
v -57.7434 82.51364 28.37002
v -61.34605 75.62685 29.04824
v -55.78424 80.37331 35.4388
v -56.35616 76.06324 38.53831
v -89.67151 -22.97117 -20.09281
v -91.54972 -16.52467 -24.10998
v -90.66545 -17.69826 -25.99016
v -88.88004 -24.07462 -20.95436
v -83.87437 6.579865 -5.133595
v -83.49844 0.6208072 -6.329075
v -81.75098 0.8653705 -5.109349
v -82.59162 7.216674 -4.306211
v -82.34441 -19.88402 -3.008512
v -81.42424 -20.56529 -2.713791
v -81.70467 -18.437 -2.210451
v -81.77329 -17.20815 -3.432071
v -79.83688 -23.9157 -1.333985
v -80.6074 -23.25646 -2.439018
v -80.59296 -21.28656 -2.165477
v -90.87694 -11.27298 -31.47176
v -88.98008 -17.86842 -26.97507
v -92.1619 -11.19997 -30.84348
v -86.0239 -11.07222 -30.50878
v -85.06696 -16.94519 -27.42355
v -87.27528 -17.53832 -27.34122
v -89.0301 -11.51885 -32.05544
v -80.59193 14.1447 -7.537634
v -80.76608 12.57022 -5.070809
v -80.09956 12.60151 -4.735832
v -80.18156 10.04613 -3.430785
v -83.99958 -16.42214 -26.72602
v -83.18502 -16.18076 -26.10065
v -81.76228 -19.76522 -22.82271
v -83.4568 -20.89627 -23.00565
v -83.67982 -21.42189 -11.85127
v -84.18799 -19.71167 -15.41231
v -86.5544 -22.49015 -15.0749
v -83.95036 -23.69852 -12.65664
v -84.40738 -30.10534 -8.609552
v -83.58698 -27.09141 -8.370943
v -85.15388 -29.68482 -10.1991
v -84.16937 -26.73405 -9.730203
v -83.06736 -27.02819 -7.228957
v -82.42567 -26.42637 -6.262872
v -82.77414 -25.33908 -7.371148
v -82.56259 -24.57549 -6.767215
v -73.90643 -35.1189 -3.729857
v -73.50426 -36.98271 -0.7367898
v -74.61952 -33.52813 -2.339131
v -74.45939 -33.52262 -3.711671
v -81.85812 -31.13313 -3.021154
v -82.50275 -32.15694 -5.292084
v -80.33631 -33.38921 -2.731162
v -80.59443 -34.09674 -5.617566
v -85.75978 15.41231 -7.913216
v -87.14603 17.58369 -10.2232
v -86.75596 13.51932 -8.953997
v -85.81463 12.94916 -7.735703
v -85.78344 19.57327 -10.21497
v -85.0396 17.67651 -8.226606
v -89.95204 8.12157 -31.46473
v -90.34544 9.209922 -32.07804
v -89.20721 10.72313 -31.53035
v -87.04317 14.79574 -12.56496
v -87.89369 16.66534 -13.69896
v -86.35233 15.66227 -13.63032
v -86.47539 17.43389 -14.91661
v -87.16273 14.26375 -10.86977
v -87.94723 17.2106 -11.99515
v -91.2869 -8.521688 -24.40368
v -90.24261 -12.56421 -21.82275
v -84.47076 14.82227 -19.75249
v -85.14345 15.18665 -20.86665
v -82.06808 13.47404 -17.61855
v -83.96526 13.6569 -19.42819
v -82.075 -5.204187 -8.98657
v -84.32676 -1.296525 -8.47798
v -84.21322 -2.301591 -9.438456
v -82.54571 -5.400038 -9.886815
v -83.80478 5.555849 -12.30235
v -82.68239 9.488358 -12.50425
v -83.48168 8.512944 -15.2727
v -81.50832 10.59851 -15.44871
v -50.40876 -59.44667 -60.35882
v -51.04363 -63.61723 -56.74857
v -51.985 -57.40826 -56.93052
v -53.14292 -57.52689 -53.17301
v -27.75926 -27.67518 82.02265
v -25.10033 -27.77588 82.68695
v -26.21913 -24.0256 82.42872
v -24.0893 -23.65919 83.04762
v -21.39318 -22.96666 84.73878
v -19.436 -25.92948 86.42366
v -20.19245 -22.66942 87.05664
v -20.91594 -21.99501 85.6004
v -54.67385 32.55398 65.10229
v -54.34168 30.76684 66.06255
v -49.95424 34.283 70.28297
v -49.57127 36.61139 69.74316
v -6.359845 -26.92316 98.24023
v -6.320385 -26.16288 99.63485
v -7.927404 -26.11502 98.22678
v -7.67368 -26.61783 97.55624
v -6.87722 -25.2268 101.1379
v -8.446034 -23.96948 102.0392
v -8.141524 -25.43174 99.33271
v -9.287943 -25.03176 99.07796
v -44.43474 16.53022 65.64808
v -45.80825 15.0711 64.76508
v -17.53873 -17.49042 97.03637
v -16.17556 -16.80853 99.31651
v -17.23376 -16.36724 97.19024
v -15.99129 -15.56235 99.01403
v -63.12867 80.98175 16.91254
v -64.92413 84.25727 4.686862
v -68.02556 78.35487 6.138957
v -65.62936 77.47323 15.87571
v -29.32403 -57.46304 75.27657
v -28.10606 -55.16843 77.83807
v -27.89319 -58.99768 77.44793
v -28.86449 -59.53657 76.07042
v -27.1724 -48.17752 76.99746
v -27.63686 -51.44203 77.73547
v -29.0273 -50.02819 74.95055
v -28.44327 -48.08187 75.51582
v -11.50156 -23.69212 99.35516
v -10.86747 -24.68021 98.41547
v 7.934131 -25.58629 99.36414
v 6.771394 -25.35674 101.1008
v 7.650157 -26.29742 98.21897
v 6.100931 -26.31805 99.61576
v 6.034008 -27.10886 98.19235
v 7.346371 -26.80332 97.52092
v -8.697536 -28.25271 94.76431
v -7.09307 -27.75451 96.59018
v -8.454142 -26.97976 96.38861
v -9.056962 -27.4768 95.15825
v 79.56824 -33.83351 -12.13033
v 78.99226 -32.96912 -11.79417
v 80.24384 -31.5811 -13.22421
v 79.20757 -31.21866 -12.25576
v 72.91561 -43.28576 16.53101
v 70.91442 -45.53268 25.08655
v 71.94636 -48.36176 16.11353
v 70.30048 -51.08154 24.43015
v 55.31305 -100.5406 -2.569713
v 55.4368 -95.12734 -1.549258
v 52.00254 -95.89467 3.148506
v 51.55832 -101.4385 1.907733
v 60.8261 -99.18552 -10.84355
v 60.824938885363096 -103.99999992277115 -11.285143978961024
v 62.9192 -98.58025 -15.00721
v 62.75453692157954 -104.00000005502557 -15.557094567801808
v 66.25372 -69.91618 18.46512
v 67.75718 -65.63071 20.50252
v 64.99644 -72.15913 24.65115
v 66.37376 -67.9752 26.69718
v 77.076 27.86816 12.31823
v 77.91735 35.84359 8.471035
v 74.08258 38.80156 19.52752
v 73.27635 30.68852 23.81437
v 81.55889 30.4397 -23.51019
v 81.2988 27.9385 -32.54699
v 80.34407 37.59921 -28.18917
v 79.54033 34.36806 -37.38638
v 70.20808 -46.72508 -19.1867
v 72.10955 -40.9236 -15.64959
v 70.96696 -46.30757 -13.95027
v 69.13206 -53.61932 -17.7357
v 72.94239 -36.47699 -17.35889
v 71.20262 -42.09639 -20.96823
v 69.11796 -47.2877 31.41561
v 68.534 -53.32683 30.8999
v 68.60506 -63.17789 14.50203
v 67.02136 -67.67831 12.75926
v 9.409354 -89.92882 94.20561
v 5.006717 -90.28861 95.48811
v 9.462476 -95.30167 93.06122
v 5.020403 -95.58746 94.36588
v 14.53334 -94.57542 90.91431
v 14.61791 -99.13974 88.60085
v 19.83028 -97.08371 86.12804
v 19.7361 -92.88263 87.92596
v 1.071878 -90.5594 96.09425
v 1.434894 -85.18619 95.77187
v 5.231299 -84.87405 95.05133
v 4.8988 -103.1891 88.45586
v 4.850736660459321 -103.99999998827829 86.32007097211769
v 9.281231 -103.0994 87.30147
v 9.227897887401484 -103.99999999370681 84.85084295368276
v 14.08212 5.190653 82.95781
v 14.47102 0.9701286 86.15331
v 16.54178 2.844329 80.89834
v 17.22105 -1.616587 83.69449
v 49.38944 -33.59555 73.2703
v 55.00274 -34.94761 67.44073
v 55.77745 -29.98702 68.30698
v 49.56313 -28.78489 74.23615
v 61.6342 -25.10665 62.00663
v 65.98461 -24.93266 54.62841
v 66.3191 -18.72803 55.45744
v 61.85332 -19.26305 62.37549
v 73.39558 -8.178498 40.62991
v 73.72315 -0.06554606 37.68167
v 71.06841 1.18378 42.43079
v 43.49537 -36.42278 76.49047
v 43.45552 -41.22733 75.52585
v 49.16324 -38.3187 71.96823
v 48.70532 -43.15792 70.75806
v 5.123024 4.79235 99.73553
v 5.086657 9.976079 95.46607
v 2.985211 5.564006 100.5605
v 2.945201 11.02396 96.05717
v 27.1126 77.01243 62.95416
v 21.78754 78.1567 64.78461
v 25.04441 71.1287 66.43236
v 19.9295 71.87701 68.12338
v 64.86093 -48.5377 43.71828
v 61.84634 -47.96814 50.8199
v 60.84169 -54.27739 50.38251
v 63.97513 -54.86438 43.43813
v 0.7819065 -103.2172 88.92158
v 0.8129270264037027 -103.99999999146566 86.8699656875501
v 41.14264 -87.84417 64.19806
v 35.88819 -90.28404 70.00716
v 35.4576 -93.66692 67.19206
v 40.90393 -91.45805 60.72839
v 39.12048 -96.10354 39.18152
v 36.31721 -97.80499 33.75357
v 44.32486 -93.36285 34.31187
v 41.12237 -95.58173 29.15208
v 5.351758 -3.892543 106.9235
v 5.573969 -7.408557 109.8654
v 8.188618 -8.379822 107.7148
v 7.803356 -5.022623 105.0565
v 23.77606 -18.02114 83.80022
v 23.97308 -21.0664 83.33614
v 27.07784 -20.83532 82.1011
v 27.12163 -23.40718 82.06645
v 30.63567 -54.66536 79.14816
v 31.02452 -52.23241 80.15437
v 15.49594 -26.5116 92.23977
v 16.07295 -25.44037 93.21268
v 15.29019 -25.18943 94.54769
v 13.57497 -26.45838 94.14651
v 10.40404 -30.157 92.83289
v 10.85286 -31.69335 92.89919
v 12.5669 -30.55652 91.02137
v 13.24452 -31.93572 90.99039
v 3.293555 -27.61996 100.5977
v 3.370762 -26.6883 102.4477
v 1.584112 -28.11155 101.6206
v 1.613762 -27.15364 103.6072
v 18.00919 -31.1236 87.19065
v 20.30856 -30.14666 85.61266
v 17.44125 -29.59672 87.36775
v 19.78689 -27.98726 85.71542
v 8.981248 -16.2295 110.6877
v 6.248145 -16.32379 113.5218
v 6.221086 -18.51324 112.9173
v 8.857781 -18.25416 110.217
v 26.91914 -74.22022 81.05513
v 30.84941 -71.67525 78.38489
v 25.78 -69.95151 81.84545
v 29.17033 -67.39407 79.63365
v 31.39953 -49.33689 81.3388
v 30.91609 -45.5675 82.60606
v 29.43902 -48.55091 82.39827
v 28.856 -44.76858 83.8474
v -0.04748809 -33.22097 97.69476
v -0.08709463 -34.9952 97.24677
v 2.164701 -34.75467 97.25512
v 2.066795 -33.04247 97.5657
v 7.4939 -1.041508 101.624
v 9.946321 -2.734739 98.90627
v 7.341743 3.440718 98.08182
v 9.721942 1.465352 95.60909
v 20.86765 -18.25665 88.99249
v 19.60822 -16.31948 91.28037
v 20.49745 -18.68553 90.38052
v 19.29831 -16.87616 92.70977
v 3.44752 -29.56097 98.22843
v 3.646735 -30.9856 97.61691
v 4.926433 -29.22734 97.34612
v 4.986806 -30.8165 96.95756
v 3.348762 -28.52002 99.15792
v 4.744993 -27.33073 99.27029
v 4.882106 -28.17387 98.02589
v 19.66195 -17.92275 92.63006
v 19.04985 -16.90648 93.55533
v 18.57474 -16.94884 94.97722
v 18.10186 -15.99086 95.23161
v 21.31226 -20.43499 87.48688
v 20.21806 -22.78072 88.59473
v 20.67795 -20.2153 89.49249
v -0.5514538 -40.69023 98.2024
v -0.6168141 -42.47326 99.03493
v 2.684837 -42.04525 98.88766
v 2.386376 -40.24493 98.17183
v 22.75858 -29.00476 83.95664
v 21.76208 -32.86977 85.52652
v 24.21985 -32.64677 83.99881
v 13.93814 -68.0582 89.83314
v 14.19365 -66.35929 90.76573
v 10.05775 -68.42602 91.37253
v 10.39038 -66.61045 92.49126
v 23.23068 -49.12547 87.04176
v 25.02153 -50.20256 84.68744
v 25.23387 -50.92599 83.86665
v 15.95863 -14.03173 97.7804
v 16.4974 -15.03336 97.94299
v 17.77865 -15.30805 95.06628
v 17.61576 -65.79008 88.75295
v 17.55554 -67.40984 87.90038
v 3.050578 -67.38294 93.79044
v -0.2918797 -67.49284 93.8628
v 2.946672 -68.96332 92.58005
v -0.3235391 -68.94255 92.63026
v 54.58369 31.85989 61.90769
v 54.18358 29.82574 63.16876
v 57.77946 25.5218 58.06692
v 58.70052 26.82912 56.10537
v 35.51065 61.59242 64.00996
v 28.85872 63.71646 67.29675
v 35.05038 55.68019 67.55074
v 28.48145 57.51929 70.75117
v 42.03664 52.80277 63.4904
v 42.56677 47.23372 66.444
v 49.22482 49.1129 58.51787
v 48.94645 43.87447 61.94613
v 39.61563 38.32175 73.96709
v 38.46176 41.3113 73.62153
v 64.83632 23.93409 44.66556
v 67.60549 25.92553 38.35966
v 61.56714 33.31973 47.48072
v 60.75645 30.15965 50.54202
v 18.09051 32.42869 79.74832
v 19.06113 30.96809 77.95994
v 21.06494 33.46827 79.53998
v 22.03408 31.89517 77.82787
v 7.074348 15.21056 87.2287
v 9.497534 12.8813 84.99872
v 9.38127 14.96268 82.86362
v 6.885082 17.32878 85.19493
v 24.72651 -2.689485 77.41652
v 26.54994 -7.428195 79.18079
v 30.33641 -4.516669 76.34659
v 32.33219 -9.098197 78.03233
v 56.87608 2.833925 58.59676
v 60.51189 -0.4305438 57.31286
v 58.76517 6.171422 55.0517
v 61.63897 4.796697 53.20008
v 4.875927 13.99899 91.71346
v 7.27164 12.18674 90.24803
v 7.375402 8.134203 94.0665
v 40.0993 33.32137 73.79298
v 44.38819 31.20125 71.79884
v 44.69817 33.60847 71.66725
v 40.04293 35.67886 74.02612
v 49.03687 30.9921 68.51984
v 48.37952 28.8295 68.9805
v 56.80706 15.26373 55.91693
v 56.13601 19.02982 58.02115
v 54.98384 15.42227 57.2887
v 54.41413 18.61992 59.29155
v 43.80548 20.38828 65.60212
v 42.31075 21.79016 67.214
v 41.9535 21.40827 66.82844
v 43.3683 20.11318 65.29013
v 40.56699 22.9426 68.68592
v 38.55857 23.94828 69.82347
v 38.33886 23.51714 69.42874
v 40.26486 22.5271 68.30291
v 41.02262 24.01262 69.21904
v 41.39948 24.5559 69.75309
v 36.26994 24.68418 70.50404
v 33.55046 25.06749 70.8306
v 33.61465 24.60194 70.45229
v 36.23019 24.23967 70.10007
v 33.05388 26.32155 71.36609
v 32.71099 27.07313 72.10091
v 29.86641 26.10884 71.42377
v 29.28741 26.89649 72.12145
v 27.49197 24.71179 70.92465
v 30.4831 25.37912 71.09942
v 26.61998 25.48319 71.07799
v 21.99545 21.85317 70.14333
v 24.7536 23.5272 70.55338
v 23.54345 24.22278 70.7052
v 20.81805 22.52145 70.26141
v 22.5262 24.93803 71.30679
v 19.70166 23.066 70.59038
v 18.39198 18.45583 69.68292
v 19.77481 19.98387 69.84743
v 18.82957 20.63252 69.91772
v 17.80942 21.04347 70.21754
v 18.61565 23.72351 71.50122
v 16.79738 21.6326 70.9848
v 47.77319 15.22673 61.2388
v 46.72479 14.37802 62.04948
v 47.92299 12.72298 61.17049
v 49.22488 13.68093 60.1128
v 30.11756 32.09843 76.11337
v 35.19918 31.02533 74.79012
v 35.05729 32.90177 75.39789
v 29.66508 33.99992 77.25069
v 42.67271 26.16733 71.2914
v 42.22084 25.53005 70.74287
v 44.87594 23.92684 68.63338
v 45.75 24.2397 69.00659
v 37.6184 6.260457 69.79318
v 43.83462 6.393573 66.67255
v 42.77071 8.324728 66.83966
v 36.96304 7.928685 69.82421
v 25.15325 8.002357 72.20126
v 30.61446 6.613691 71.82805
v 30.19813 8.168013 71.78049
v 24.83792 9.297873 72.0731
v 17.60774 13.66678 70.80296
v 18.37781 12.74055 70.90009
v 18.68346 13.2982 70.32594
v 18.03845 14.05053 70.10533
v 30.01095 9.505037 71.69322
v 36.46136 9.4435 69.87581
v 35.90772 11.11813 69.79217
v 29.985 11.02926 71.35828
v 19.70413 13.51206 70.03253
v 18.89958 14.02464 69.73945
v 19.4612 12.57291 70.56812
v 18.3075 14.46844 69.5955
v 18.34731 14.93683 69.18901
v 15.71733 24.97848 74.23857
v 14.89191 27.29611 76.79662
v 13.44958 25.05982 76.29414
v 14.39129 23.05845 73.9754
v 17.15038 14.62742 70.50761
v 17.41957 14.85637 70.02075
v 16.74654 14.84503 70.80821
v 16.63791 15.99688 70.19422
v 25.7818 26.21072 71.78226
v 16.38935 22.65222 72.05664
v 15.31419 20.78882 71.69522
v 15.89132 19.82598 70.65543
v 29.81397 12.83047 70.89729
v 29.85723 12.33146 71.20673
v 35.61926 13.13195 69.51671
v 35.75402 12.54136 69.73193
v 19.62302 14.32915 69.53962
v 21.2767 13.863 70.05608
v 21.29807 14.2978 69.67599
v 19.67281 14.74552 69.22576
v 18.4597 15.30097 68.83521
v 18.67046 15.57823 68.3701
v 18.19111 15.64153 68.82634
v 18.42349 15.81047 68.40607
v 44.97686 18.76684 64.00751
v 44.4778 18.67655 63.83057
v 45.14693 17.5232 62.73214
v 3.562289 35.25783 85.24712
v -0.1694521 35.23689 85.28384
v 2.983486 32.24953 84.86972
v -0.06279416 32.33591 85.1771
v 22.39903 4.823698 74.05518
v 21.79822 6.777406 73.19884
v 19.40252 6.313287 74.60336
v 19.12064 8.116734 73.58956
v 16.01628 10.61819 74.73062
v 14.15496 12.5382 75.59245
v 15.6897 9.047289 76.34147
v 13.67327 10.73816 77.84097
v 15.9333 15.04565 71.60621
v 15.92046 13.57445 72.71386
v 14.31846 14.41852 74.13304
v 9.979002 19.91841 78.58373
v 10.84594 18.81116 77.25279
v 11.36901 20.60242 76.39774
v 10.54342 22.02278 78.01561
v 19.32347 11.6629 71.1588
v 21.13738 10.64148 71.57156
v 21.08938 11.66693 71.13663
v 19.07709 10.72419 71.88303
v 19.03934 9.547531 72.66042
v 17.82065 -53.46533 86.24251
v 17.45206 -53.19244 85.62413
v 20.93953 -53.67434 83.37138
v 20.6716 -53.52893 82.93256
v 23.93153 -53.80663 81.01836
v 23.46955 -53.73038 80.84478
v 25.20143 -53.75129 79.71387
v 25.6328 -53.84671 79.93129
v 3.003719 -47.08816 99.22662
v 6.180714 -46.92982 98.4264
v 3.046494 -45.60612 99.48686
v 6.143383 -45.35758 98.78736
v 11.65345 -48.69235 95.6003
v 11.61353 -47.32525 96.23923
v 8.868342 -48.44872 96.89211
v 8.856116 -47.03208 97.52464
v 17.78439 -49.05482 91.0807
v 17.85032 -47.77248 91.94104
v 14.60815 -48.73595 93.78407
v 14.60697 -47.49419 94.48837
v 8.727263 -45.49596 97.94891
v 10.31109 -43.48635 97.34918
v 11.0799 -44.60697 97.04935
v 13.17825 -44.12851 95.79543
v 14.07144 -45.147 95.36748
v 21.05118 -49.28878 88.52944
v 21.13338 -50.81101 87.02763
v 11.50196 -51.3403 93.49524
v 11.60308 -50.04411 94.70905
v 8.143706 -51.16788 95.15263
v 8.640597 -49.79916 96.11069
v 17.64365 -50.45787 90.07257
v 14.90278 -51.7198 91.09615
v 14.6398 -50.14499 92.7026
v 27.65535 -53.59114 79.85014
v 26.8052 -52.15512 81.47001
v 26.55939 -52.869 81.00661
v 26.46935 -52.35118 81.56171
v 21.36119 -54.28788 84.2634
v 21.31219 -53.94098 83.95908
v 24.25865 -54.57481 81.79736
v 21.67955 -55.2719 84.72931
v 21.85019 -55.82242 84.75871
v 19.17776 -57.24841 88.31023
v 18.96798 -56.36312 88.19347
v 16.01014 -56.7355 91.09835
v 16.26184 -57.7748 91.26804
v 5.017802 -55.0568 96.53088
v 5.418831 -56.60278 96.97017
v 8.452912 -54.97257 95.46075
v 8.998721 -56.35231 95.82112
v -0.4659739 -58.72324 97.837
v -0.4464501 -60.09525 97.91249
v 2.67996 -59.85546 97.79828
v 2.528205 -58.50745 97.70268
v 23.79718 -54.73001 80.17125
v 23.85298 -54.11905 80.65855
v 25.67913 -54.24971 79.67673
v 25.86503 -54.90201 79.08435
v -0.6293153 -53.11955 91.9546
v -0.6137706 -52.46814 93.56604
v 1.706891 -52.45602 93.45094
v 1.662275 -53.1262 91.79365
v -0.3969721 -61.44223 97.87823
v 2.867382 -61.17343 97.78481
v -0.2829393 -66.24408 95.31005
v 3.152262 -65.98569 95.21519
v 5.851267 -42.76322 98.84555
v 6.025019 -43.85635 98.9166
v 8.250244 -43.05546 98.2187
v 8.583982 -44.08678 98.1464
v 1.950187 -53.89286 96.50302
v -0.556235 -53.96424 96.59589
v -0.5411325 -55.51482 97.15803
v 2.141096 -55.39042 97.0253
v -0.5854322 -53.07476 96.09713
v 1.816661 -53.01709 96.04586
v 8.026915 -53.6992 94.96638
v 11.71389 -53.92413 93.02669
v 11.44367 -53.15865 92.69272
v 7.823466 -52.92643 94.57849
v -0.6024306 -52.3417 94.70305
v -0.5969127 -52.59805 95.50591
v 1.828679 -52.55392 95.48274
v 1.844212 -52.31581 94.65324
v 15.2395 -54.3913 90.41022
v 18.39063 -54.51963 87.53667
v 14.98841 -53.65497 90.10584
v 18.22207 -53.96823 87.23607
v 14.34528 -62.20142 93.13639
v 14.44419 -63.37398 92.54177
v 17.43701 -61.90426 90.7846
v 17.61147 -63.00016 90.29933
v 6.894485 -62.76118 96.75442
v 6.965933 -63.96654 96.04173
v 10.71211 -62.19852 95.39214
v 10.7784 -63.40572 94.69505
v -0.2780022 -63.85645 97.3232
v -0.2707606 -65.03075 96.60577
v 3.214639 -64.70472 96.49776
v 3.153602 -63.52387 97.22282
v 14.55543 -53.0474 88.93775
v 14.82457 -52.7589 89.87727
v 27.30023 -53.60293 79.90624
v 27.06872 -53.78052 79.84879
v 27.37066 -53.89995 79.84956
v 24.14045 -54.31046 81.78562
v 25.76019 -54.07675 80.47726
v 25.7629 -54.24949 80.4936
v 4.14024 -53.11254 91.24889
v 4.196775 -52.39079 92.95591
v 7.307343 -52.48082 91.9641
v 7.249187 -53.18084 90.26231
v 7.436793 -52.28196 93.23929
v 4.334569 -52.21938 94.22841
v 6.846441 -65.3937 94.8697
v 10.62359 -64.89865 93.71517
v 16.67937 -58.78361 91.13132
v 13.60755 -58.82227 93.7053
v 13.91497 -59.97046 93.65438
v 16.93517 -59.82796 91.14619
v 20.4173 -62.97662 87.24131
v 17.65653 -64.36074 89.5855
v 14.24569 -52.80704 88.12602
v 10.82984 -52.32821 90.40175
v 10.6498 -51.76798 89.33546
v 13.77806 -52.27496 87.54331
v 7.337509 -52.04569 92.09917
v 4.339259 -51.90008 92.9847
v 4.727745 -51.22995 91.38963
v 7.395807 -51.49747 90.8343
v 15.37574 -47.6154 84.91167
v 15.85296 -50.86167 85.26636
v 13.20441 -50.50844 86.90556
v 12.80802 -47.2654 86.29116
v 23.55784 -59.81013 79.50149
v 23.75534 -56.33431 79.71427
v 25.89934 -56.39967 78.57883
v 25.66929 -59.86216 78.199
v -0.5607465 -58.44292 89.55849
v -0.6190863 -54.93163 90.43716
v 1.622883 -54.95073 90.26397
v 1.662332 -58.45164 89.42919
v 10.31115 -46.93122 87.37296
v 10.53641 -50.11006 88.22104
v 7.854587 -49.80521 89.23785
v 7.876552 -46.65764 88.17464
v 10.86266 -58.80734 86.55766
v 10.70053 -62.93154 86.44462
v 7.364018 -62.69967 87.69144
v 7.431893 -58.50605 87.96215
v 29.64309 -47.75747 72.18046
v 29.9685 -55.2452 72.08862
v 29.20043 -54.92274 73.89656
v 11.65852 14.4277 78.33807
v 12.18535 15.85489 76.43233
v 81.31737 -12.58816 -31.99756
v 79.39775 -15.31707 -26.60795
v 78.12712 -15.53144 -27.67876
v 79.7056 -12.49783 -32.06931
v 81.04816 5.136065 -0.8875796
v 81.55307 4.555149 -4.38092
v 81.06326 10.95592 -4.152637
v 81.2915 10.68215 -6.525496
v 81.16618 16.58067 -21.43502
v 81.17641 19.37308 -23.81383
v 80.96604 20.41776 -15.24287
v 81.00128 16.73684 -15.10379
v 75.45975 -28.56072 -17.13361
v 77.69851 -25.85727 -15.62702
v 77.03333 -28.48964 -13.906
v 74.80732 -31.89817 -15.39536
v 78.0228 -23.89341 -18.24401
v 75.96297 -25.75769 -19.5973
v 87.11375 -4.196613 -35.11708
v 88.2151 -3.105051 -34.24074
v 86.58178 -12.07754 -31.59084
v 85.09844 -12.51515 -31.8215
v 84.11274 -32.35898 -16.28442
v 85.60995 -31.08913 -18.25446
v 91.27445 -22.94473 -20.61265
v 91.37976 -24.62063 -21.38112
v 80.82375 -34.67383 -12.33142
v 79.00514 -35.53991 -10.58613
v 80.22421 -36.26483 -10.44385
v 80.95551 -29.9867 -2.421287
v 80.47932 -31.22151 -2.438735
v 80.70927 -34.2038 -3.485876
v 82.21489 -32.1448 -2.931711
v 79.97506 -32.86244 -2.895
v 89.55756 -21.06743 -21.16938
v 89.91314 -17.1053 -23.77212
v 88.87305 -19.9739 -21.67929
v 93.55302 -2.507342 -29.83627
v 93.53926 -0.5684756 -31.2385
v 89.32114 11.09135 -31.10843
v 89.44025 17.09739 -28.91857
v 88.06289 17.24596 -28.75155
v 88.13832 16.3744 -29.68535
v 89.68791 15.49887 -31.16696
v 84.31691 -9.968517 -9.020066
v 84.28231 -9.778245 -10.75452
v 83.12019 -6.763519 -10.65525
v 83.51594 -6.991197 -11.25486
v 80.68079 -20.20801 0.9478745
v 80.12684 -20.69707 4.083583
v 79.67205 -24.81603 0.9571756
v 78.96952 -25.5188 3.826745
v 84.65033 -16.77608 -9.666503
v 84.64072 -16.7722 -8.245079
v 82.78983 -18.44195 -6.688371
v 83.1893 -18.90212 -6.290991
v 81.96027 13.6934 -15.82607
v 82.11069 14.7539 -19.21576
v 81.81047 13.69808 -16.82044
v 81.90714 14.14645 -19.78391
v 86.71204 21.07377 -16.01698
v 88.14501 22.77095 -20.94103
v 85.58552 21.32039 -16.87283
v 87.00934 22.92436 -21.87239
v 84.49735 18.27014 -29.40977
v 84.07343 19.76559 -25.34533
v 85.7745 21.00514 -28.83149
v 84.86736 21.93222 -24.23816
v 93.41809 3.654407 -37.94618
v 94.37106 -4.482811 -36.54203
v 91.11466 2.837178 -38.53622
v 91.97248 -5.01691 -36.9846
v 85.71731 -1.936197 -9.813736
v 85.87587 -3.035506 -10.70339
v 86.52299 3.025255 -10.54104
v 86.29538 3.628156 -8.774718
v 94.97273 4.954303 -33.76823
v 93.72709 10.03714 -34.17081
v 93.5126 6.238736 -33.76031
v 92.73272 10.09737 -33.44532
v 91.17021 16.76681 -24.7551
v 90.83845 17.43 -20.81763
v 88.10925 18.23334 -22.01636
v 88.123 18.66879 -25.90804
v 84.58273 10.43121 -12.70639
v 86.89442 11.69966 -14.09534
v 86.85796 9.79929 -11.86654
v 84.89716 7.40104 -11.20983
v 91.38613 5.779748 -31.68277
v 87.73441 10.90839 -24.43102
v 86.88046 9.624593 -23.17873
v 84.97341 -5.254497 -13.88928
v 84.75395 -5.699191 -14.93987
v 84.70029 -3.168738 -13.84006
v 85.06017 -3.73985 -13.33807
v 88.67645 -7.584169 -24.22041
v 90.7657 -4.654065 -24.60187
v 88.63112 -4.359263 -23.66727
v 90.47871 -2.461898 -23.8753
v 80.87168 -15.2375 3.423649
v 81.313 -15.32463 0.2639494
v 86.63323 3.294162 -33.90136
v 85.97076 1.462912 -34.59789
v 87.45063 2.814161 -34.84171
v 86.15058 7.59015 -34.17382
v 88.53458 -5.055504 -34.21291
v 88.33601 -0.3013035 -35.09675
v 85.55312 -18.10528 -28.19554
v 84.72508 -17.85225 -27.56742
v 86.80993 -12.61296 -31.54663
v 80.66905 -23.33361 -21.4042
v 80.33208 -25.04113 -18.1684
v 82.01441 -25.98998 -17.94445
v 81.35459 -20.72817 -24.61548
v 87.40438 -19.95304 -18.47701
v 80.42549 -27.65397 -14.07259
v 79.4285 -29.39103 -12.60465
v 79.06821 -27.45124 -13.74355
v 78.08521 -29.71229 -12.30085
v 77.63159 -34.1501 -8.575195
v 76.77342 -34.87279 -7.910916
v 78.0572 -32.13676 -10.86215
v 78.53151 -32.22947 -11.06765
v 78.78941 -36.02041 -8.570482
v 78.70071 -35.81583 -6.912747
v 76.98518 -34.88429 -6.456032
v 77.57332 -34.53392 -6.584766
v 91.47068 -6.896355 -25.10737
v 90.46088 -8.267512 -24.06221
v 82.30701 -5.265341 -5.866603
v 82.61709 -5.409382 -7.69544
v 82.16293 -21.26903 -3.361552
v 81.51856 -20.85579 -2.92448
v 84.64742 -23.05333 -6.474676
v 84.40047 -21.4972 -6.097805
v 84.12397 -22.16831 -5.248251
v 83.94556 -23.91031 -6.113602
v 83.57647 -13.44658 -6.32056
v 84.73062 -12.9792 -8.184371
v 83.30137 16.57872 -25.94748
v 83.64338 13.82936 -28.35099
v 82.80809 12.20395 -26.94509
v 83.01624 13.63082 -25.98689
v 83.59215 11.63614 -28.70584
v 82.9268 9.688247 -30.44931
v 83.69359 -13.94828 -12.23006
v 82.63311 -14.41058 -11.51521
v 91.07693 6.639657 -29.47745
v 90.31857 7.453765 -26.92773
v 90.19113 8.312367 -28.6285
v 83.65826 -2.982172 -15.46066
v 85.79047 -1.538158 -22.03587
v 86.47229 -4.334299 -24.24713
v 87.53648 -1.3182 -22.00751
v -2.555486 87.38379 63.52567
v -2.950535 79.49934 68.26091
v 3.899708 79.70312 67.78773
v 4.698861 87.35326 63.14825
v 2.995954 72.05153 71.17567
v -3.189443 71.49164 71.72874
v 18.67136 58.82981 75.90366
v 18.92848 52.53375 78.35256
v 23.91189 52.75901 76.72768
v 24.17305 59.47192 75.73857
v 3.658793 -25.77918 104.5425
v 4.265869 -24.62374 106.8031
v 1.670604 -26.12152 106.1548
v 2.147392 -24.81433 108.6513
v 3.36728 -16.37786 115.0583
v 6.139947 -14.25592 113.4344
v 3.23917 -14.15172 114.842
v 3.373542 -18.68829 114.5604
v 1.901226 -31.35449 98.16922
v 1.776417 -30.06044 98.93341
v 2.267087 -38.13602 97.41555
v 4.721087 -37.78795 97.47248
v 2.229106 -36.60506 97.14941
v 4.445361 -36.16565 97.14642
v 5.156142 -22.80247 109.4618
v 2.788865 -22.9083 111.3445
v 0.4162621 -9.459064 113.0628
v 0.3917297 -11.81956 114.3398
v 3.027396 -9.640369 112.8411
v 3.147634 -11.90607 114.0392
v 3.424244 50.38686 81.31077
v -2.058664 51.06724 85.13508
v 3.979801 46.47578 83.19325
v -1.473747 46.95464 87.02109
v 0.122481 20.33109 87.92526
v 0.4298524 18.13452 89.81457
v 1.999079 20.0656 87.78373
v 2.360801 17.87325 89.67567
v 1.806963 21.95079 86.48094
v 3.970601 20.98479 85.76959
v 3.981056 22.79048 84.88119
v 1.828601 23.75391 85.5814
v 1.803504 -51.90342 93.37891
v -0.626025 -51.90524 93.48943
v -0.6592582 -51.02546 91.67323
v 2.061108 -51.06147 91.53906
v 1.95753 -51.99361 95.6889
v -0.60571 -52.05386 95.72364
v -0.6487795 -48.52434 98.98126
v -0.6597171 -49.70726 98.11121
v 2.75316 -49.61154 97.83292
v 2.948938 -48.38692 98.64062
v 2.356 -50.85416 96.88399
v -0.6329136 -50.96287 96.99571
v -0.6140529 -43.59664 99.53324
v -0.6187076 -44.57988 99.75324
v 2.963095 -44.2057 99.49749
v 2.92138 -43.17092 99.31547
v -0.6799868 -46.12925 88.79635
v -0.6029328 -42.38631 87.84582
v 2.395626 -42.53748 87.89101
v 2.41224 -46.24018 88.82704
v 19.46725 92.65813 55.66009
v 13.07301 94.01242 56.31073
v 17.82476 85.75127 61.80432
v 11.79465 86.66505 62.61623
v 9.220631 46.885 82.72351
v 9.848373 43.08003 83.7719
v 15.35201 45.41846 83.30728
v 14.50806 48.63643 83.87276
v 13.05619 39.99609 83.79716
v 15.39385 36.73748 85.55544
v 18.78683 38.79783 83.45739
v 16.78892 42.16729 82.76153
v 16.80879 34.34954 84.37394
v 20.3446 35.71987 84.56434
v 28.66691 27.81532 72.69407
v 27.90858 28.89836 73.79989
v 24.86934 27.01977 72.47829
v 24.19605 28.25326 73.75582
v 20.0997 28.76576 75.40452
v 20.9308 26.96258 73.50327
v 23.12132 29.76182 75.55764
v 50.06215 84.34395 36.31411
v 51.89673 88.56445 27.92449
v 46.30548 93.67287 30.01866
v 44.21337 88.36314 39.77547
v 34.73223 80.56262 56.10359
v 36.59193 86.04485 50.40208
v 30.84157 88.715 52.94402
v 28.92309 82.77718 58.8067
v 25.62866 50.25767 80.99896
v 20.20958 49.96108 82.99509
v 24.5303 36.62451 83.72503
v 24.51963 35.14492 80.72573
v 29.31089 37.55919 81.23523
v 29.1595 35.83183 78.37016
v 26.11846 47.30713 81.09449
v 20.84236 46.77345 82.75375
v 21.64955 43.17764 81.34629
v 27.03679 43.93337 81.03687
v 35.46574 29.25764 74.05388
v 30.75753 30.22167 74.83187
v 39.27128 72.62221 56.72618
v 46.14387 69.52681 51.95135
v 41.11461 77.71503 52.28059
v 47.76316 74.5148 47.30709
v 30.97781 49.27044 77.13361
v 32.01017 46.77071 78.27184
v 36.75144 46.58953 71.91915
v 37.45572 44.10122 72.91454
v 42.01999 24.85183 70.2794
v 39.35809 26.21879 71.70184
v 39.27533 27.07757 72.23679
v 39.96462 31.31176 73.47478
v 39.66181 29.4454 73.13048
v 39.40358 27.99385 72.82602
v 30.70729 69.661 63.9776
v 37.23014 67.27978 60.55978
v 52.93463 66.3898 45.83997
v 54.15144 71.72617 40.80855
v 42.957 22.73624 67.65572
v 43.49887 23.16562 67.99848
v 44.41211 23.40343 68.3141
v 45.28553 21.44332 66.01573
v 46.25655 21.71507 66.18509
v 43.8753 29.15481 71.75487
v 47.57446 26.98552 69.165
v 15.02856 32.02328 80.85401
v 13.33238 29.99593 80.18133
v 15.94787 30.76222 79.40129
v 14.17972 28.79218 78.67655
v 12.20422 31.30395 81.6861
v 13.98014 33.16058 82.62957
v 16.76328 29.25184 77.52996
v 17.62358 26.98822 74.85966
v -0.4774127 39.22332 86.82115
v 4.492774 39.63972 88.0153
v 67.21172 -64.87085 -5.193952
v 69.71751 -58.36097 -3.752038
v 67.16389 -65.30215 0.6036254
v 69.52893 -59.87917 1.647219
v 81.38857 16.94105 -30.3618
v 81.26942 13.54846 -34.85937
v 81.19384 20.07321 -34.78191
v 80.95808 16.05927 -39.89507
v 78.40791 -5.906743 -43.59219
v 79.1713 -5.461719 -36.94218
v 77.35757 -12.28324 -41.31835
v 78.4817 -11.72231 -34.22664
v 79.62157 -0.08144195 -39.0085
v 78.88006 0.270152 -45.17658
v 73.26266 -28.95529 -30.98682
v 75.53219 -24.26061 -24.27548
v 74.39947 -28.09746 -21.01865
v 72.10028 -33.86119 -27.13158
v 8.156743 57.221 77.20407
v 8.051291 65.10094 74.14024
v 2.216345 64.16445 74.18554
v 2.834013 56.90139 78.58315
v 13.60432 65.606 73.31789
v 13.10566 57.89793 76.134
v 20.0621 -103.364 48.01191
v 21.70112 -103.0171 55.9003
v 17.21073858401292 -103.99999998374982 49.31843325571074
v 18.01872655888781 -104.00000000886085 57.900458962065855
v 50.42058 -87.59979 47.17679
v 45.06884 -91.3792 51.97397
v 43.7119 -93.34248 48.22396
v 49.26679 -89.79234 43.06934
v 50.29328 54.8887 54.42184
v 57.07419 50.69312 47.77746
v 51.76941 60.6288 50.1568
v 58.31062 56.99765 43.20168
v 16.34063 79.03374 66.08663
v 14.75208 72.32123 69.36091
v 65.33501 60.12228 29.46379
v 70.61641 57.28952 19.7502
v 65.72414 66.77203 23.76394
v 70.48798 64.66747 13.96195
v 14.1839 102.0657 47.25486
v 20.93608 100.4661 46.6282
v 63.48655 45.96791 39.22176
v 62.63145 38.63803 43.41093
v 56.02899 44.54664 52.06258
v 55.17899 22.79049 61.01564
v 56.71146 24.20407 59.53336
v 57.9945 19.57162 56.22861
v 53.57343 21.71662 62.01362
v 58.81055 -80.47173 36.07947
v 61.5764 -78.27329 28.76834
v 62.98347 -74.66817 31.7679
v 59.73133 -76.91183 39.58131
v 7.462988 -41.65437 98.1892
v 9.449437 -42.16423 97.42767
v 8.795598 -40.25237 97.23077
v 6.919633 -39.7832 97.8564
v 27.28003 -47.6914 83.84913
v 26.52715 -43.78018 85.48903
v 24.75801 -46.13133 86.4576
v 23.99524 -42.32738 87.52999
v 9.555821 -34.84573 95.03197
v 7.280236 -34.42905 96.13757
v 7.713861 -36.15619 96.45138
v 10.23057 -36.79466 95.36217
v 33.07993 -49.93255 80.50979
v 32.63823 -53.09706 79.42172
v 65.85117 16.19788 45.33487
v 63.10467 22.69985 48.50537
v 63.86077 15.56563 48.525
v 61.51517 21.46712 51.54675
v 67.55556 9.344885 44.80555
v 68.02943 16.79668 41.62454
v 70.00745 8.838917 41.24403
v 52.9067 15.76972 58.58792
v 51.2829 16.05037 59.64878
v 59.18315 10.48046 53.38246
v 61.92488 9.816344 51.08575
v 61.53379 15.2137 51.4515
v 59.22142 14.93887 53.73281
v 82.0873 8.605002 -31.6825
v 82.09657 4.873739 -33.96649
v 81.39558 8.411052 -33.60178
v 81.02244 4.4521 -35.44873
v 78.06018 -19.33378 -25.7145
v 79.277 -19.52934 -24.85654
v 72.24864 -45.54734 -9.952648
v 74.15221 -40.64966 -8.823581
v 73.63952 -44.34986 -6.300691
v 71.94406 -49.35079 -7.060013
v 82.5385 0.6308803 -35.31208
v 80.39131 0.04082347 -36.02241
v 77.441 -27.75659 12.61803
v 76.34469 -32.37598 11.23478
v 78.19657 -26.71542 7.648159
v 77.1814 -30.89977 6.267683
v 78.40432 -1.268224 22.96455
v 77.64142 6.328076 20.35777
v 75.40802 6.698335 29.11828
v 76.55733 -1.246668 30.77072
v 52.15432 7.027354 59.64809
v 54.12916 5.092304 59.31683
v 53.91009 9.220559 57.4083
v 55.84398 7.850706 56.51628
v 52.10103 10.75161 58.31219
v 52.67279 13.13876 57.9273
v 50.54955 12.15903 59.25028
v 51.21626 13.89428 58.95472
v 77.70476 -22.71139 19.30302
v 76.20171 -23.42717 25.94497
v 76.28497 -28.4569 19.06866
v 74.19594 -29.3873 25.62819
v 21.00171 -8.694626 83.21859
v 21.90115 -13.65133 84.36372
v 24.26066 -10.90138 81.50555
v 25.58242 -15.91977 82.09375
v 35.16893 -19.3999 80.36649
v 42.02612 -21.50566 78.53646
v 40.9282 -16.01266 77.99813
v 34.11489 -14.26763 79.5095
v 18.29323 -10.09269 87.85522
v 17.80717 -6.338875 85.98138
v 22.23779 -20.07797 85.41283
v 21.67784 -17.32382 86.62105
v 18.75923 -20.20149 94.85981
v 18.53375 -18.16159 95.69469
v 17.8321 -19.52449 96.91974
v 19.8089 -21.63463 90.97599
v 19.96883 -19.44007 91.88622
v 19.36822 -20.8268 92.93716
v 19.23734 -18.71105 93.92793
v 36.90922 -29.68114 80.05852
v 30.84862 -27.83025 81.35658
v 32.82647 -33.41752 80.8838
v 37.70565 -34.54186 79.39264
v 30.52428 -22.68799 81.4042
v 35.85749 -24.46904 80.49065
v 3.897068 -32.69852 97.24925
v 5.270134 -32.59431 96.77543
v 57.03365 -52.73939 57.34348
v 58.06072 -46.63129 58.06556
v 29.75488 -41.19394 83.15536
v 28.24314 -36.81026 83.19829
v 27.54236 -40.47616 84.38794
v 25.91548 -36.41666 84.31504
v 34.87849 -43.04431 80.3902
v 35.27515 -47.49414 79.90981
v 38.70782 -44.42284 78.06337
v 38.49704 -49.18771 77.5657
v 6.037179 -35.98907 96.96612
v 6.457631 -37.7244 97.38419
v 52.28982 -71.28745 58.2221
v 55.89949 -75.18806 50.55191
v 58.09739 -67.85743 50.30789
v 54.60805 -65.79897 56.79639
v 65.10661 -30.69745 53.49981
v 60.7834 -30.54753 61.46264
v 24.53779 -98.14569 79.4838
v 29.91155 -95.60222 74.15862
v 35.64056 -86.12569 72.35528
v 40.59958 -83.30959 67.38978
v 56.00552 -2.658653 63.0629
v 58.68251 -7.618165 63.32495
v 42.0027 9.966716 67.07777
v 45.85557 11.39499 63.66368
v 44.73045 13.14628 64.25294
v 41.09927 11.76138 67.24293
v 51.15648 3.233232 62.95768
v 46.526 2.327037 66.73736
v 48.27944 -0.1356596 67.07018
v 53.65564 0.6587666 62.79996
v 40.69324 13.20575 67.47682
v -3.25679 -96.04454 94.84732
v -3.117891 -100.4012 92.39626
v 0.9220092 -100.2446 92.39889
v 0.8117163 -95.92622 94.82545
v 41.86604 -55.58396 74.0555
v 40.64157 -59.36032 74.25452
v 46.26994 -58.60578 69.2616
v 44.763 -62.94181 69.76765
v 38.80956 -78.34584 71.04213
v 42.6466 -75.03468 68.32043
v 39.88299 -70.43079 72.09641
v 36.82891 -73.72192 73.83561
v 42.93211 -2.889637 71.35525
v 35.3022 -2.034663 73.55589
v 37.29928 -5.973886 75.07169
v 44.94793 -7.057737 72.85635
v 43.20782 -46.25823 74.72755
v 48.14723 -48.34119 69.80195
v 55.80268 -18.38104 69.3232
v 54.38697 -12.61738 69.37862
v 48.43536 -17.49168 74.75137
v 46.79534 -12.12567 74.17171
v 14.07764 -83.93945 91.24004
v 13.67906 -78.78628 89.91871
v 9.336784 -79.46001 92.01242
v 9.383344 -84.61487 93.6412
v 18.13256 -77.75874 87.14876
v 18.92421 -82.82748 87.91378
v 41.38716 0.1234724 70.37399
v 39.89333 2.491263 69.99759
v 45.10624 4.455822 66.54858
v 49.40897 5.395324 62.93907
v 38.72289 4.51196 69.7635
v 12.10664 -0.951188 92.66435
v 12.43902 -5.006067 95.47156
v 13.89411 -13.87675 102.2605
v 13.57466 -12.72326 101.7925
v 11.62445 10.55967 82.548
v 11.56274 12.73096 80.1899
v 20.20705 3.467842 76.00682
v 18.01966 5.126888 76.83724
v 19.07889 0.8163796 79.2286
v 21.54419 -1.223916 78.34842
v 0.7645215 15.29137 92.56644
v 2.763293 14.96465 92.44064
v 64.85872 9.467216 48.1888
v 64.68849 3.615674 50.37088
v 9.617548 9.816092 88.16801
v 11.81044 7.347772 85.73367
v 65.02224 -65.98956 35.45955
v 65.91678 -60.45889 36.25039
v 63.01648 -61.37173 43.36959
v 61.42183 -68.04153 43.62296
v 69.4957 -24.43364 46.41961
v 70.26676 -17.41711 47.27586
v 67.91061 -42.24221 37.64334
v 68.93707 -36.37536 37.93156
v 66.85396 -36.55742 44.72574
v 65.74363 -42.40838 44.09225
v 70.25043 -30.40355 38.40109
v 68.23932 -30.60046 45.52305
v 19.49633 -100.3328 83.25902
v 9.754306 -70.91323 90.67714
v 6.050593 -71.20405 91.52956
v 9.511373 -74.7318 90.77945
v 5.758732 -75.03043 91.89218
v 21.74018 -71.86333 84.45288
v 21.1601 -68.303 85.08331
v 17.46544 -69.70795 87.23916
v 17.63775 -73.40962 86.88589
v 25.02396 13.45715 70.48798
v 25.03199 13.89584 69.98898
v 21.41041 14.66923 69.21095
v 26.4318 4.883419 72.90607
v 27.26444 2.599697 73.63226
v 21.41489 8.27305 72.57758
v 25.78343 6.533679 72.4767
v 2.742883 -71.32687 91.92342
v 2.306001 -75.2254 92.51464
v 5.890635 23.96329 83.35608
v 7.586714 25.41534 82.07366
v 6.022445 26.33224 83.33394
v 15.56082 18.1055 70.71084
v 15.66249 16.40429 71.06005
v 9.86782 23.03069 79.25191
v 10.73454 25.36092 79.19673
v 8.902707 24.19827 80.63174
v 9.699852 26.51715 80.67229
v -0.1106511 27.79782 84.97961
v -0.1473918 25.79225 85.24187
v 2.115603 27.57309 84.75927
v 1.879979 25.58212 85.04895
v 6.313058 -24.22631 104.8198
v 5.462592 -25.37936 102.9962
v 11.59981 -14.60758 106.931
v 11.46067 -13.13102 106.43
v 8.740454 -12.59568 110.1672
v 8.852181 -14.39817 110.7464
v 17.13702 -28.47026 87.99537
v 17.26725 -27.02824 89.00058
v 18.98292 -25.16094 88.48621
v 8.38541 -10.73204 109.4482
v 11.14726 -11.62475 105.7978
v 6.559028 20.88943 83.34748
v 9.444673 30.01353 82.49038
v 7.735929 31.02567 83.55807
v 11.88924 27.73192 79.59959
v 10.83358 28.96393 81.1309
v 12.69081 26.5133 78.073
v 19.45988 -33.29075 87.13934
v 20.90914 -35.9383 87.4285
v 18.0059 -35.8287 89.47641
v 19.51899 -38.34035 89.78042
v 22.7247 -38.97356 87.56126
v 22.35673 -53.23896 81.02556
v 21.33237 -51.69716 81.2142
v 24.21231 -51.96605 79.29621
v 24.32051 -53.24096 79.66078
v 25.27916 -51.48207 83.3444
v 23.7754 -45.35472 78.08429
v 27.00617 -45.7729 75.58794
v 24.11243 -48.92569 78.70445
v 11.53998 -33.47427 93.11326
v 14.22829 -33.73078 91.1432
v 16.53485 -37.9779 91.86431
v 15.19135 -35.69888 91.57178
v 16.74177 -52.58995 85.38969
v 18.60485 -51.2907 83.30677
v 19.89525 -53.0354 82.94209
v 17.70615 -44.42525 82.65012
v 20.40789 -44.98528 80.7621
v 18.02685 -48.04696 83.14835
v 20.89343 -48.54455 81.01059
v 6.785886 -32.7107 95.99625
v 8.960283 -33.0177 94.7806
v 11.91263 -41.19161 95.84777
v 12.62101 -43.02819 95.873
v 20.43519 -15.12147 88.10526
v 18.3154 -12.62305 90.2697
v 2.957878 0.8562765 104.3075
v 0.787878 1.119233 104.4659
v 0.6761366 -2.985242 107.9284
v 2.965247 -3.247772 107.7972
v 13.33877 -11.15345 100.4949
v 15.76706 -12.82689 96.59857
v 12.85079 -8.43992 98.36407
v 15.52577 -10.60355 94.25701
v 9.827064 -22.17602 104.1934
v 10.92882 -20.20217 105.7042
v 7.476109 -22.4033 107.2566
v 8.442397 -20.41857 108.9947
v 15.18742 -22.75367 97.92128
v 15.95648 -20.79959 98.91705
v 12.46806 -22.19133 101.124
v 13.49177 -20.29707 102.3245
v 17.26967 -24.30157 93.27264
v 18.4001 -22.34455 93.99447
v 16.76548 -23.43761 95.32149
v 17.58398 -21.53013 96.15237
v 17.15177 -26.02674 90.42924
v 18.8959 -23.9744 90.42613
v 17.29381 -25.15856 91.70319
v 18.74685 -23.06025 92.15511
v 14.03372 -15.00239 102.8497
v 16.21115 -18.78427 99.63622
v 13.95046 -18.3183 103.0173
v 14.08435 -16.4605 103.2188
v 36.02823 -101.4844 19.41549
v 40.26421 -99.83408 15.54752
v 42.35566 -95.88909 19.57032
v 38.15758 -97.88268 23.91807
v 35.692755488434734 -103.99999996149796 18.51756292740752
v 39.71373472468235 -103.99999991781212 14.189057666163528
v 42.85464 -66.97753 70.46245
v 46.10498 -71.27785 65.84853
v 44.93501 -79.92386 63.8498
v 49.29399 -75.8673 60.22399
v 46.00987 -88.46275 55.62395
v 51.22975 -84.30939 51.12045
v 39.06258 -62.81787 74.64176
v 36.0384 -59.42752 76.90869
v 37.22739 -56.43959 77.00136
v 29.60621 -55.99833 79.02738
v 31.91217 -55.45025 78.72934
v 30.71643 -57.19415 78.62568
v 49.67133 -92.50249 10.43903
v 51.80799 -89.11884 13.86181
v 45.98682 -93.95557 15.25315
v 48.72699 -90.93474 19.35096
v 54.98043 -86.00491 28.25655
v 51.70455 -88.44703 34.12218
v 48.73662 -90.6415 29.49055
v 51.89962 -88.39004 24.12061
v 53.84346 -86.117 38.32686
v 57.22601 -83.37382 32.40248
v 44.28111 -98.2253 11.7091
v 43.51015164846079 -103.99999999839086 10.054006719213621
v 43.60643 -103.9633 9.96639
v 70.78658 -35.78614 31.90918
v 72.12019 -30.02687 32.25707
v 63.29571 -76.00127 21.83008
v 59.69228 -81.22512 25.42379
v 61.31187 -79.08042 18.50512
v 73.90434 15.32575 28.22711
v 76.7951 13.33649 17.91574
v 67.34126 -63.62413 28.34135
v 68.82958 -61.22624 22.10013
v 69.8019 -41.49178 31.74662
v 76.74855 -8.988544 32.30812
v 73.19463 -16.54349 39.73551
v 75.65866 -16.31377 32.93622
v 75.42489 -36.34822 9.750557
v 74.97025 -33.75188 18.11297
v 73.81341 -38.80355 17.41581
v 55.92583 -90.42825 0.1402465
v 58.51949 -89.74937 -4.530227
v 58.34566 -94.50749 -5.930328
v 58.24758 -99.77708 -6.693658
v 61.32956 -78.02466 4.459717
v 60.31302 -79.74751 9.308067
v 58.42728 -82.83972 5.799939
v 59.93701 -81.49321 1.093163
v 79.4692 -8.934108 17.96708
v 79.57737 -0.6018468 14.84598
v 79.33337 6.693728 11.44883
v 79.14874 13.33147 7.7322
v 79.0629 19.19919 4.567682
v 80.4081 18.48402 -5.49406
v 79.45254 25.87092 0.9601341
v 80.6791 25.39546 -8.884289
v 70.75189 -55.83869 8.058143
v 72.4574 -49.47086 6.729482
v 70.87933 -53.50746 16.07694
v 69.80212 -58.47248 15.70184
v 79.65424 -16.01778 12.64166
v 78.79454 -16.24457 19.32583
v 54.50845 -86.26773 17.84786
v 56.61884 -84.46952 11.47012
v 54.51936 -87.62348 8.089283
v 63.55849 -93.42863 -14.3273
v 64.52214 -91.75628 -19.54679
v 63.61634 -88.39218 -12.74001
v 64.98051 -86.32849 -17.08543
v 64.95518 -71.85164 -7.05675
v 63.2219 -75.19061 -4.171798
v 63.09271 -79.19447 -7.361213
v 71.39178 -54.21376 1.868602
v 71.79602 -52.20475 -3.106702
v 75.75819 -37.42233 3.328376
v 76.83619 -34.77413 0.3519495
v 76.43242 -34.30136 4.8898
v 77.31936 -32.38129 1.975897
v 79.40289 -21.47627 8.067171
v 80.33557 -15.53957 7.458663
v 64.06411 -87.72646 -25.06244
v 63.65962 -93.86375 -27.42916
v 63.95865 -97.17033 -20.34578
v 65.02678 -81.8765 -21.77968
v 68.42892 -59.97066 -15.00251
v 70.18501 -51.97383 -11.79341
v 69.85849 -55.9139 -8.309614
v 67.75655 -63.20476 -10.51393
v 74.91652 -40.65931 -5.884147
v 73.14233 -40.7642 -11.9853
v 74.12743 -35.77158 -13.67298
v 76.99641 -32.88318 -10.40475
v 75.74925 -37.10918 -8.280227
v 36.27163 -97.30817 49.70093
v 30.10265 -99.9152 57.05723
v 28.28205 -100.6949 50.07141
v 34.00264 -98.36293 44.65711
v 33.67474 -99.79891 28.01144
v 28.82506 -101.3455 32.7193
v 31.44866 -99.66505 38.71869
v 34.02169 -62.1103 77.28049
v 32.10256 -59.02573 78.1325
v 30.23667 -61.41517 78.95921
v 31.93211 -65.00505 78.11414
v 38.17653 -96.0416 53.99073
v 39.83795 -94.1385 57.52605
v 28.1904 -57.5638 79.58186
v 26.18443 -59.38116 80.98785
v 29.17645 -59.1805 79.28919
v 26.88887 -61.24952 80.82256
v 28.60363 -54.94162 79.41831
v 28.05838 -54.4513 79.58703
v 27.45693 -56.22913 79.94038
v 32.77024 -76.43289 76.62994
v 28.34507 -79.19294 80.18881
v 30.46735 -92.4607 76.47289
v 30.47322 -88.65108 77.86594
v 21.32656 -54.79624 84.76313
v 18.6088 -55.39285 87.96465
v 18.07564 -53.64915 86.84156
v 21.21222 -53.73625 83.68648
v 20.88632 -53.89004 82.71298
v 20.73816 -54.48924 82.10889
v 17.31139 -59.65052 83.23711
v 17.42165 -56.04164 83.60184
v 20.7006 -56.24321 81.49885
v 20.54754 -59.82304 81.31043
v 14.30637 -53.20042 87.9511
v 10.86002 -52.75335 90.24506
v 11.03654 -52.56067 91.42338
v 14.14769 -55.65135 85.552
v 10.82377 -55.25492 87.25097
v 14.00964 -53.77136 86.83847
v 10.74473 -53.39496 88.70152
v 13.85435 -63.48989 84.85033
v 14.13587 -59.2715 84.965
v 74.82365 46.85481 14.75728
v 78.38907 44.1897 3.936182
v 81.39348 23.10242 -27.86345
v 81.23049 25.09472 -18.70245
v 72.26346 -25.31917 -41.657
v 73.98571 -19.01221 -45.45668
v 75.99265 -18.35381 -38.45349
v 74.55776 -23.71553 -34.84747
v 49.44301 -93.16275 -60.27225
v 50.20811 -82.79143 -59.25246
v 52.85425 -85.43406 -53.94051
v 52.26073 -95.50471 -55.16502
v 60.95551 -75.39977 -36.43969
v 62.98313 -82.13902 -30.73011
v 59.46725 -83.74555 -40.43261
v 62.2558 -89.50677 -34.32787
v 22.12934 107.9776 35.39867
v 28.63601 105.2958 34.77364
v 29.60731 111.6318 21.51767
v 22.76335 114.714 21.88796
v 15.66874 105.6668 -81.88059
v 16.19878 114.8681 -65.47572
v 23.49235 104.3279 -80.48828
v 24.09635 113.213 -64.13145
v 22.7698 93.18993 -94.19067
v 30.20339 91.39294 -92.07195
v 29.41494 78.89244 -101.7095
v 22.21445 80.61588 -103.7882
v 23.91055 122.1018 -28.31661
v 31.37996 119.223 -27.30531
v 31.57274 116.4907 -44.91026
v 24.09783 119.1225 -46.56988
v 8.136522 125.1904 -29.51557
v -0.03843565 125.5639 -29.62434
v -0.1524888 125.9064 -11.14621
v 8.020872 125.5583 -11.03004
v 14.7389 54.3714 -117.105
v 14.79857 67.69075 -112.2129
v 21.81091 66.89404 -110.7622
v 21.49949 53.58194 -115.5999
v 21.11775 39.84084 -118.7156
v 27.58138 38.58896 -116.4514
v 20.59152 25.56646 -120.4951
v 27.04318 24.57269 -118.1273
v 18.76806 -15.09108 -115.5421
v 24.85962 -15.95395 -113.0786
v 17.7492 -27.79901 -109.3022
v 23.74907 -28.60181 -107.2221
v 6.436253 -14.12515 -118.5096
v 0.1396828 -14.05295 -118.9378
v 6.776259 -0.8605837 -122.2258
v 0.1490628 -0.7999777 -122.6421
v 10.22103 -85.23891 -84.78272
v 10.4655 -75.59107 -85.74856
v 15.75205 -76.21176 -84.89162
v 15.39042 -85.69379 -84.12306
v 5.128936 -93.97739 -84.14473
v 10.05922 -94.61963 -84.30721
v 9.902514191148743 -104.00000000450396 -83.77940955049846
v 8.570072745895786 -103.99999999839541 -83.78922842921995
v 4.944726 -103.661 -83.83506
v 11.63629 -47.54096 -95.57059
v 11.67323 -39.15458 -102.085
v 17.30089 -39.42698 -101.5788
v 17.38632 -48.28336 -94.9654
v 16.98878 -56.31171 -90.09023
v 22.54247 -57.52539 -88.45982
v 16.27175 -65.89976 -86.87697
v 21.88717 -67.01423 -85.01317
v 0.3617913 -64.55249 -87.02011
v 0.3317043 -54.96454 -90.38045
v 5.666379 -64.52639 -87.49049
v 5.899561 -54.95661 -90.71441
v 47.89554 98.77462 18.18149
v 53.59012 93.04372 16.80149
v 49.18466 82.50492 -81.57502
v 54.70375 78.66396 -77.45889
v 54.21205 68.07725 -86.44972
v 48.70458 71.32648 -90.8561
v 54.96726 87.50708 -65.604
v 49.33877 92.06114 -69.25112
v 51.20868 105.2304 -25.013
v 57.08561 99.19767 -24.26496
v 56.41095 97.773 -38.31192
v 50.53568 103.6106 -40.04799
v 56.39521 98.96519 -10.09128
v 50.52931 104.9863 -9.927669
v 52.94858 44.45348 -98.04118
v 52.1905 32.11465 -101.3518
v 46.75093 33.97612 -105.7717
v 47.49776 46.74926 -102.5349
v 45.84673 21.0476 -107.7296
v 51.31796 19.55798 -103.278
v 48.58973 -5.65107 -102.0953
v 47.02171 -18.30828 -98.68653
v 42.2453 -17.99435 -102.8578
v 43.61399 -4.862735 -106.4501
v 41.23571 -30.68739 -96.76592
v 46.13242 -30.42123 -92.82271
v 44.44354 -51.22944 -79.98244
v 38.826 -60.25932 -79.24026
v 39.688 -50.95747 -84.2855
v 41.41961 -89.37086 -70.67644
v 40.82015 -99.29098 -72.26549
v 35.99767 -98.1885 -76.13889
v 36.64732 -88.35398 -74.66108
v 37.95918 -69.61213 -75.63099
v 42.70478 -70.0452 -71.1022
v 64.71047 76.66167 -57.27799
v 65.4011 81.40297 -45.18533
v 68.87366 70.43908 -51.96308
v 69.70491 74.28653 -40.42693
v 71.19417 77.71976 -17.76187
v 74.44974 69.67227 -12.91881
v 74.41496 68.51246 -23.87837
v 70.72849 76.65469 -29.08136
v 66.21669 85.59295 -9.062853
v 69.94722 78.39462 -6.821087
v 57.03102 30.13094 -96.63953
v 57.78854 42.14017 -93.39372
v 59.12564 64.7219 -81.87884
v 59.69094 74.50765 -73.11925
v 51.29139 -18.44332 -93.45695
v 53.10099 -6.295351 -96.67298
v 56.13288 17.84802 -98.311
v 50.24836 -29.81888 -88.36787
v 48.5962 -50.61717 -75.58508
v 46.5118 -80.71648 -64.72993
v 42.06715 -79.50119 -69.77032
v 47.25135 -70.70712 -65.29649
v 80.60518 24.29815 -40.12568
v 78.75202 30.22532 -45.58041
v 58.51229 86.61284 15.99959
v 80.11296 33.49125 -2.739727
v 80.23261 41.74135 -6.945617
v 66.11404 -19.75821 -66.84821
v 62.84653 -19.47147 -74.23018
v 68.21826 -9.994396 -71.31971
v 64.95065 -9.017727 -78.42841
v 73.56119 6.142524 -67.66965
v 72.83047 -2.671535 -66.11224
v 69.96738 -0.3822343 -74.07961
v 70.75861 9.52962 -75.5263
v 71.47395 18.87103 -74.32095
v 68.54967 22.79564 -80.98317
v 72.30798 28.21184 -71.02729
v 69.39941 32.8724 -77.65784
v 58.07952 -50.89613 -48.89462
v 55.80538 -52.43563 -54.49637
v 59.79557 -43.53869 -52.28015
v 57.24622 -45.49099 -58.29542
v 71.85204 -19.71053 -52.50552
v 69.76796 -26.68445 -48.45577
v 56.48508 -79.14153 -46.23448
v 55.39695 -88.83721 -48.41688
v 54.04424 -75.99684 -51.94006
v 77.88811 -32.44518 -1.255968
v 77.3194 -34.58837 -2.906453
v 77.99435 -31.16905 0.3140069
v 81.93192 1.582909 -5.370111
v 81.20479 -3.111551 -1.155753
v 81.62737 -4.37834 -3.743023
v 95.56221 4.207229 -35.53218
v 95.58442 -3.560349 -34.19955
v 95.01942 4.061905 -36.76943
v 95.33159 -3.964911 -35.24471
v 85.50082 -33.5319 -13.16009
v 85.14533 -34.8307 -11.42436
v 82.80444 -35.01462 -12.091
v 83.27041 -33.60162 -14.05542
v 93.54787 10.86918 -37.20086
v 91.5111 10.64492 -37.84805
v 92.07609 16.32728 -35.41761
v 90.1729 16.3831 -36.43834
v 83.36996 11.23941 -7.537998
v 83.7619 15.71717 -9.880213
v 89.70795 22.43615 -26.43817
v 91.4922 20.32597 -31.20164
v 88.48778 22.54995 -27.22009
v 90.16904 20.76338 -32.1573
v 86.41226 -24.51081 -24.92218
v 86.61761 -18.64088 -28.9034
v 87.95443 -25.74245 -24.39076
v 84.84269 -35.23113 -9.378363
v 85.42467 -32.33997 -9.071374
v 82.28301 5.353198 -6.187235
v 83.23632 19.16163 -21.19495
v 82.35371 17.43022 -17.50979
v 83.7577 20.73527 -19.6348
v 82.73944 18.29331 -15.86552
v 82.89403 15.31345 -10.8205
v 82.28465 15.19465 -12.6256
v 86.53313 18.53448 -33.19381
v 88.26261 20.30741 -32.82896
v 88.13535 14.6471 -36.47078
v 82.21729 16.1555 -18.76285
v 82.01014 14.8971 -16.23331
v 82.84325 16.93393 -22.25824
v 89.41653 -28.28392 -18.27697
v 88.33443 -29.7548 -15.82392
v 85.65761 -26.06971 -12.69564
v 85.28377 -26.49671 -11.24359
v 84.32587 -34.93717 -7.053107
v 82.51522 -36.2869 -10.11657
v 83.53288 -28.18631 -7.09692
v 83.28266 -30.8359 -6.182193
v 84.65854 -25.00424 -8.36011
v 84.64419 -24.26632 -7.329338
v 83.72944 -25.36815 -6.988422
v 84.06562 -26.29498 -7.855578
v 94.34583 10.19554 -34.88654
v 95.43303 4.392147 -34.60786
v 89.11137 22.34519 -20.3462
v 87.74869 20.531 -15.59273
v 89.88756 16.71014 -17.73932
v 90.82776 20.02272 -20.08092
v 89.69123 18.35643 -16.49631
v 93.33053 15.92094 -34.38652
v 92.33334 19.83904 -30.39253
v 93.88284 15.4499 -33.50512
v 91.35281 21.26677 -25.22731
v 92.79936 19.05902 -29.63518
v 90.65279 22.03798 -25.77403
v 91.85835 19.52103 -24.78363
v 93.21828 17.24527 -28.36775
v 91.24034 15.84352 -28.09633
v 93.09426 14.11396 -31.81644
v 91.12847 14.57381 -31.95394
v 93.13853 2.698706 -33.52503
v 91.99715 5.202744 -33.67856
v 92.28188 3.631606 -32.27728
v 93.15839 0.7643562 -32.36012
v 88.24176 16.73371 -18.811
v 83.23026 12.17192 -19.5025
v 84.25868 17.14159 -18.87564
v 85.68015 14.93613 -14.87173
v 83.98325 11.66696 -15.7496
v 86.40799 16.66519 -27.3159
v 87.13327 18.15269 -26.27728
v 92.22544 -2.914335 -25.82036
v 92.67419 -5.922518 -26.67467
v 91.25949 1.878801 -24.84683
v 90.09567 -0.7377427 -23.14305
v 91.78327 -0.5092737 -25.2251
v 88.177 5.971381 -22.6343
v 90.21991 4.101927 -23.97074
v 89.48795 0.7479974 -21.80641
v 84.84424 -23.46019 -7.876043
v 84.15211 -22.20525 -7.560623
v 85.43258 -2.069382 -12.5706
v 86.04739 0.8704169 -11.34122
v 85.38689 3.898658 -10.89966
v 83.25639 -9.598551 -12.03228
v 86.07726 -12.24578 -11.1928
v 85.81893 -13.20015 -12.08912
v 85.15735 -23.94121 -9.288912
v 85.01008 -24.15999 -8.508327
v 31.76715 28.86752 73.62993
v 32.41845 27.86651 72.7626
v 32.72683 95.54456 44.39073
v 38.48854 92.11825 42.42819
v 5.680881 94.99488 56.69846
v 6.511623 103.2375 47.59082
v 35.91605 108.0106 20.62089
v 34.63374 102.0523 33.60552
v -0.633227 118.5142 22.33731
v -1.045382 111.6906 36.15874
v 7.180705 111.2198 36.0802
v 7.57127 118.0857 22.41167
v 30.87112 119.0854 -9.951932
v 23.49492 122.2367 -10.33961
v 36.95635 112.4606 6.164891
v 43.35155 107.8047 5.60991
v 44.41103 110.2699 -9.730405
v 37.73907 115.1219 -9.852947
v 70.08215 49.66103 24.94277
v 64.62897 53.06097 34.38337
v 75.05636 54.92642 9.419759
v 74.38971 62.79752 3.52818
v 60.16894 90.55985 3.171954
v 61.5174 92.70791 -10.15348
v 0.03687788 122.3186 -48.29244
v 8.196733 121.9864 -48.1612
v 38.20001 113.0183 -43.04738
v 38.34645 115.3509 -26.39702
v 77.27869 59.84666 -17.90093
v 76.78208 61.2983 -7.125949
v 61.55392 91.52314 -36.23416
v 62.33868 92.68838 -23.20092
v 76.69268 57.89608 -28.58581
v 79.16004 48.69472 -22.79726
v 78.4113 46.07382 -33.18393
v 75.80513 55.01505 -39.1519
v 71.11096 50.83345 -64.95724
v 71.8886 57.83028 -56.13804
v 74.03756 44.53891 -58.06805
v 74.86839 50.56377 -49.2332
v 45.81526 -91.31031 -65.59904
v 45.2207 -101.2777 -67.01319
v 40.67859655163666 -104.00000006873566 -72.64522268579039
v 45.19606634695044 -104.00000008112193 -67.2822092052227
v 8.164224 115.7755 -66.0864
v 7.867186 106.4201 -82.39439
v 0.1590254 81.55332 -106.0516
v 0.1592139 94.61636 -96.40995
v 7.552903 81.56249 -105.9368
v 7.603939 94.59733 -96.2279
v 7.575935 68.00751 -112.8284
v 7.609921 54.77232 -117.8332
v 0.168309 27.21437 -123.2545
v 0.1704558 41.51101 -121.3418
v 7.193082 27.19047 -122.9927
v 7.47946 41.35872 -121.0981
v 25.77379 -2.867117 -116.581
v 19.5247 -1.932774 -119.1294
v 0.1438995 -27.45872 -111.0608
v 5.969386 -27.36571 -110.9777
v 5.926404 -39.09283 -102.08
v 5.957825 -47.3432 -95.40849
v 5.384203 -75.13727 -85.36247
v 5.275125 -84.68018 -84.45531
v 36.26687 76.70906 -98.6769
v 36.98046 88.88361 -89.0945
v 37.98155 107.5395 -59.96971
v 44.03658 103.5889 -57.50113
v 43.60392 95.87248 -72.61176
v 37.44228 99.27965 -75.98772
v 35.6161 63.62906 -105.5192
v 42.2527 61.46503 -101.7854
v 34.91351 50.59904 -110.3531
v 41.5477 48.71338 -106.6594
v 34.2631 37.21119 -113.4173
v 33.57206 23.52802 -115.12
v 32.92268 9.60766 -115.159
v 39.17849 8.650634 -111.6914
v 32.05769 -3.707495 -113.497
v 38.10839 -4.465706 -110.0453
v 31.01468 -16.74731 -109.9969
v 29.81298 -29.30466 -104.3207
v 28.88621 -40.59573 -97.53812
v 34.79807 -41.22508 -94.06039
v 28.58033 -49.88468 -91.24468
v 34.3139 -50.67231 -87.97113
v 28.26324 -58.63794 -86.0214
v 27.46413 -67.92245 -82.52736
v 26.72211 -77.68403 -80.62412
v 32.09473 -78.36005 -77.58319
v 26.19557 -87.11815 -80.56001
v 31.41938 -87.89433 -77.96918
v 60.60346 88.09452 -48.9803
v 59.94529 82.61191 -61.66794
v 66.89844 46.70993 -78.1354
v 63.01612 50.23299 -83.47752
v 63.69257 60.69363 -76.82827
v 67.64738 56.52136 -71.05885
v 65.18162 25.8165 -86.66567
v 65.99406 36.6764 -83.38057
v 63.21048 3.543791 -87.31406
v 59.3439 4.694345 -92.52546
v 64.31698 14.86832 -87.99842
v 60.53277 16.41433 -92.99741
v 59.17081 -18.97184 -81.33002
v 61.20807 -8.03651 -84.94764
v 56.19054 -38.90298 -70.34139
v 53.24643 -40.08916 -76.43674
v 57.50377 -29.06706 -76.66448
v 54.07432 -29.66227 -82.92068
v 53.9244 -53.92988 -59.72879
v 54.88427 -47.23322 -64.52124
v 59.25979 -57.49701 -42.48953
v 58.48341 -68.09634 -42.46573
v 56.92405 -58.88874 -47.6611
v 55.44642 -66.97562 -49.70337
v 79.15228 13.94344 -50.20802
v 78.30646 7.857387 -52.24126
v 76.31744 10.96305 -59.81996
v 77.0219 18.34797 -57.49345
v 75.60095 -12.41237 -48.79195
v 73.73296 -12.27596 -56.19493
v 60.79608 -29.0252 -69.21841
v 63.87473 -28.50916 -62.02504
v 75.11059 -4.430286 -58.71479
v 75.78405 3.579515 -60.34473
v 69.35203 -37.59163 -33.52393
v 68.41946 -42.99055 -29.68199
v 66.16738 -40.38559 -40.21402
v 64.77062 -47.02386 -37.2949
v 23.73224 -102.6988 37.19606
v 18.09906 -103.8674 40.85909
v 17.98854005170361 -103.99999999213317 40.5030567762016
v 22.597738023541673 -104.00000001255655 34.478633377939424
v 62.39442 -76.89395 12.74004
v 63.18818 -74.7763 7.700366
v 52.97597 -91.33381 5.347323
v 17.78032 -46.65317 92.53461
v 17.55334 -45.68018 92.98593
v 14.41238 -46.24969 95.011
v 23.45269 -50.16327 86.05275
v 20.94285 -48.11902 89.44286
v 20.70065 -47.04656 90.20093
v 5.792641 -57.94709 97.19884
v 9.459768 -57.56705 96.00474
v 10.24197 -59.90932 96.01719
v 9.899176 -58.71727 96.0453
v 23.42237 -61.8748 83.65989
v 23.96397 -63.72067 83.17566
v 22.97741 -60.30943 84.1333
v 25.59134 -57.82268 81.26849
v 22.0127 -44.05769 89.4224
v 18.94798 -42.73161 91.76693
v 38.09775 -53.09532 77.14815
v 26.5308 -32.6533 82.86145
v 29.215 -32.77076 81.89898
v 30.78513 -37.3843 82.09131
v 32.85714 -46.30135 81.45361
v 31.99503 -41.84007 81.87506
v 62.93953 -41.91055 51.50527
v 64.07162 -36.23951 52.45409
v 59.19864 -40.83463 59.02443
v 59.92191 -35.66147 60.38249
v 21.45801 25.68023 72.05864
v 80.91244 9.466539 -37.56929
v 80.48739 11.36192 -43.31274
v 81.69249 11.71495 -30.56811
v 81.71548 14.54213 -26.55611
v 73.50973 -44.677 7.777153
v 74.29241 -44.03341 1.465456
v 74.97021 -41.01593 2.618634
v 24.82061 10.44788 71.82608
v 43.10826 43.77354 68.25568
v 49.17635 40.39849 64.00217
v 47.23682 16.73395 61.9654
v 48.27209 16.2081 61.35516
v 46.83108 17.62574 62.63474
v 8.490071 -31.32207 94.65046
v 8.328195 -29.79692 94.56774
v 45.96459 19.24019 63.99042
v 44.6573 21.07442 65.85855
v 14.86083 -28.43826 90.3251
v 15.07578 -27.4739 91.31247
v 12.3276 -28.21181 92.49919
v 12.79591 -27.31877 93.43008
v 82.02132 13.55198 -24.33401
v 81.51027 14.71266 -20.25658
v 82.38345 13.62539 -23.32986
v 55.06561 -98.6746 -49.60266
v 58.55936 -102.5035 -43.10189
v 55.119536188903986 -103.99999989313376 -50.3569387963477
v 58.569989601261454 -103.99999998512254 -43.26131713850055
v 63.38317 -67.134 -31.07905
v 62.55381 -60.45102 -34.88316
v 60.70743 -49.00482 -43.47556
v 62.58443 -54.7117 -36.79705
v 22.6191 -25.34776 83.72186
v 15.52598 -55.51854 90.82758
v 25.68797 -53.80595 80.28867
v 25.66901 -53.92069 80.03745
v 11.2888 -52.28368 92.41391
v 7.732937 -52.05304 94.21873
v -68.18456 -47.35025 26.71392
v -68.95438 -42.11139 27.49887
v -69.84315 -44.74531 18.14234
v -70.83804 -40.01507 18.83398
v -47.73408 -92.85138 0.4498915
v -51.69745 -92.2415 -3.71097
v -47.42057 -98.69732 -0.8167526
v -51.68093 -97.93952 -4.779674
v -60.40752 -103.4715 -16.79067
v -58.469409163822846 -104.00000000123734 -13.260954197359387
v -60.34808 -96.49536 -16.14695
v -58.240141347269116 -103.9999999998636 -12.842522685424028
v -57.981 -96.92935 -12.26941
v -65.10863 -62.7748 27.37841
v -65.87463 -60.99261 21.90744
v -63.79558 -66.89143 24.73734
v -64.40228 -65.2879 19.35257
v -73.61199 39.90721 22.71683
v -77.21024 37.01654 11.2579
v -76.0805 29.28424 15.33719
v -72.46686 32.10277 27.31134
v -78.83237 35.23107 -36.01789
v -80.46198 28.91586 -31.05913
v -79.65726 38.4997 -26.59694
v -80.72865 31.45614 -21.74187
v -68.76865 -43.74955 -12.55174
v -69.99917 -38.44038 -14.17424
v -68.03839 -44.26568 -17.98886
v -66.76615 -51.08418 -16.6738
v -69.09985 -39.74083 -19.77732
v -70.88521 -34.06024 -15.85629
v -67.38251 -43.66863 33.69602
v -66.71426 -49.57077 32.9141
v -66.52418 -58.79666 15.99236
v -64.91022 -63.31483 13.85333
v -11.11741 -95.6386 93.95457
v -10.93067 -90.43412 95.15635
v -15.03337 -90.02907 93.75401
v -15.39851 -95.25719 92.62745
v -24.14516 -97.24557 85.2476
v -19.6362 -99.1852 88.12283
v -19.65319 -94.52708 90.35408
v -24.08427 -92.62057 87.18291
v -10.0968 -84.99882 94.8105
v -6.976905 -90.6656 95.93732
v -6.139155 -85.28172 95.67536
v -11.06026 -103.1511 88.19498
v -15.03844 -103.0573 86.98309
v -10.880839754985752 -104.00000000876052 86.03764280932204
v -14.85797303593315 -104.00000001653125 84.43328315466816
v -18.539906383462323 -104.00000000141482 80.98040882391108
v -16.10161 -1.886649 84.48999
v -13.25309 0.4908286 86.93298
v -15.25818 2.048674 82.23163
v -12.65684 4.439875 84.07985
v -54.05299 -28.65345 70.69305
v -54.46529 -33.07555 68.87557
v -48.83916 -31.8162 74.6279
v -48.1413 -27.31066 75.97235
v -64.721 -17.38994 57.72783
v -64.79848 -23.16631 56.49554
v -59.5157 -24.08335 64.91987
v -59.09484 -18.70083 65.82022
v -71.77909 1.989906 40.5775
v -71.73634 -6.104649 43.22933
v -69.13857 3.057838 45.20408
v -48.9969 -40.62129 71.54349
v -43.70012 -39.26294 76.09468
v -49.17826 -36.09253 72.99924
v -43.57937 -34.67449 77.17229
v -1.11653 11.0323 96.0635
v -3.323849 10.02427 95.41953
v -1.132271 5.668911 100.5656
v -3.312484 4.91186 99.80546
v -25.78944 69.94783 69.42187
v -27.0075 76.53918 66.0118
v -30.39805 69.09528 67.93829
v -31.90975 75.30246 64.39339
v -60.61598 -50.04192 51.28856
v -61.51501 -43.88489 52.26609
v -63.90584 -44.33483 45.65451
v -63.11148 -50.55338 44.81043
v -6.929188483840355 -103.9999999897842 86.8361657469687
v -7.076013 -103.248 88.79087
v -37.4353 -93.04626 66.48908
v -37.81842 -89.62272 69.43733
v -42.75481 -86.69579 63.82375
v -42.43998 -90.27328 60.28114
v -37.80124 -92.81954 26.25388
v -33.81176 -95.51481 31.10834
v -42.38663 -91.09485 32.50811
v -37.94373 -94.14849 37.48711
v -7.168118 -8.205704 107.6575
v -4.535883 -7.323944 109.762
v -4.085738 -3.863415 106.8641
v -6.616468 -4.978514 105.0592
v -26.67204 -22.41173 82.46199
v -23.04563 -19.88353 83.7867
v -26.31335 -19.69512 82.58405
v -22.60041 -16.74069 84.29998
v -31.48341 -51.04767 80.31575
v -31.16134 -53.57267 79.36387
v -15.24925 -25.03674 94.47102
v -15.99807 -25.29786 93.21185
v -15.48604 -26.40136 92.30074
v -13.55323 -26.23166 94.15713
v -13.40102 -31.65129 91.10877
v -11.1582 -31.39815 92.93845
v -12.66805 -30.2742 91.17907
v -10.61127 -29.88579 92.90556
v -1.901399 -27.12825 103.6266
v -3.59851 -26.63376 102.4872
v -1.819042 -28.11698 101.5966
v -3.520258 -27.53399 100.6064
v -19.87353 -27.64054 85.62789
v -20.58824 -29.80214 85.37766
v -17.65351 -29.42806 87.25373
v -18.31599 -30.9443 87.04179
v -5.466622 -18.37459 112.9983
v -5.451593 -16.1977 113.5613
v -8.238925 -15.94532 110.8695
v -8.179184 -17.93877 110.4605
v -30.61345 -66.50294 80.02412
v -32.42856 -70.81834 78.73157
v -27.63581 -69.2642 82.11422
v -28.99048 -73.56939 81.33937
v -29.38671 -44.01571 83.72005
v -31.37033 -44.62769 82.45051
v -29.84405 -47.64407 82.45451
v -31.72823 -48.26791 81.37304
v -2.544315 -34.8839 97.13792
v -2.284774 -33.07754 97.50001
v -8.468853 1.201665 95.71935
v -8.796766 -2.888301 99.07532
v -6.056398 -1.00921 101.7342
v -5.743861 3.426864 98.15961
v -18.67613 -16.4679 92.80573
v -18.82835 -15.79813 91.5127
v -19.69227 -18.12219 90.70506
v -19.92086 -17.49674 89.48415
v -5.430783 -30.70603 96.90462
v -3.932513 -30.87312 97.5708
v -5.300988 -29.11194 97.35235
v -3.722783 -29.46009 98.20611
v -5.216009 -28.04891 98.05735
v -3.581169 -28.42282 99.16987
v -5.029661 -27.18585 99.30538
v -17.66622 -15.73901 95.11283
v -18.50887 -16.56345 93.56176
v -18.16142 -16.69106 94.83457
v -19.06855 -17.53858 92.7356
v -19.89077 -19.64626 89.86607
v -20.42641 -19.62758 87.91724
v -19.66693 -22.3175 88.90359
v -4.184398 -41.90434 98.76956
v -3.824045 -40.22032 98.08926
v -22.17339 -32.44427 85.2764
v -22.91243 -28.42745 83.82692
v -24.49235 -32.01747 83.85769
v -11.72417 -66.29024 92.91351
v -15.79868 -65.94814 91.17237
v -11.75388 -68.31828 91.60014
v -15.78063 -67.88444 90.14221
v -26.06574 -50.16997 84.13886
v -24.18522 -48.87957 87.0254
v -25.85915 -49.57351 84.8716
v -23.96435 -48.07125 87.82346
v -16.18793 -14.85891 97.70889
v -17.29994 -15.05472 95.00772
v -15.5744 -13.88586 97.65975
v -19.26587 -65.3465 89.26222
v -19.43221 -67.1572 88.31487
v -3.764591 -68.8682 92.6781
v -3.642806 -67.2861 93.97739
v -57.49903 26.74691 61.50719
v -58.46038 28.07063 59.73184
v -33.17755 55.47027 72.70899
v -33.85709 61.43458 69.17616
v -38.65627 54.10914 70.00853
v -39.62234 59.60515 66.33768
v -50.0603 43.77967 65.23463
v -43.78394 47.06403 69.79517
v -44.59682 51.6921 66.40528
v -50.913 48.43329 61.88773
v -35.60523 43.68804 82.18775
v -35.06594 46.51704 81.23495
v -38.18734 44.39654 76.01231
v -38.66822 41.95742 76.82852
v -61.51992 34.54219 51.6457
v -66.74706 27.67316 42.60965
v -64.06646 25.63489 48.93959
v -60.5908 31.53449 54.5409
v -23.78353 31.97764 79.61037
v -20.3816 30.98718 79.51318
v -20.09223 32.69015 81.37244
v -23.53409 33.78117 81.22854
v -8.034241 14.56388 83.51353
v -8.167759 12.40537 85.50075
v -5.916375 14.90466 87.35945
v -5.908706 17.09936 85.46737
v -31.44329 -8.756951 79.02
v -25.63638 -7.225275 79.93196
v -29.41387 -4.530939 77.47353
v -23.71494 -2.8913 78.37674
v -59.18043 6.010559 56.41415
v -57.62006 0.6943507 60.42562
v -56.47899 7.171062 58.25797
v -54.2345 3.709146 61.5359
v -5.824087 7.995169 94.12395
v -5.844938 11.96457 90.41427
v -3.365426 13.92537 91.78493
v -44.81223 34.60778 74.38883
v -44.60165 32.35064 74.35555
v -39.82001 34.48199 76.7595
v -39.83199 36.72721 77.12932
v -49.08194 29.90191 71.11467
v -49.78352 32.14424 70.70189
v -53.34859 19.40268 62.69778
v -55.31694 20.03119 61.49579
v -53.10311 16.07558 60.92306
v -55.16315 16.09658 59.5422
v -40.59724 21.11176 70.07292
v -40.18309 20.72718 69.71865
v -38.56049 21.74832 71.02302
v -38.91658 22.19279 71.40614
v -37.02133 23.24653 72.44104
v -36.76538 22.76289 72.0428
v -34.68528 23.57306 72.64499
v -34.78653 24.07353 73.04443
v -31.81624 25.94411 73.83909
v -32.10621 25.066 73.53184
v -29.17473 24.99728 73.49888
v -28.68797 25.80063 73.81432
v -31.62186 26.77944 74.56538
v -28.28687 26.64564 74.49862
v -25.48942 25.16654 73.36835
v -26.27782 24.38722 73.2201
v -23.51006 23.20609 72.78285
v -22.42318 23.86737 72.89573
v -21.43639 21.2785 72.06228
v -21.78744 20.89348 71.72646
v -19.55816 19.69827 71.49915
v -19.929 19.33722 71.15182
v -19.86422 22.33662 72.20695
v -21.48488 24.62244 73.41045
v -18.71263 22.90723 72.48613
v -16.62421 18.85899 71.09106
v -17.85057 18.42074 71.11129
v -16.05812 17.2458 71.021
v -17.59028 23.52854 73.39902
v -20.56951 25.46024 74.12765
v -31.52283 27.64074 75.25204
v -34.96518 27.06738 74.98951
v -34.75758 26.29373 74.28672
v -46.21464 16.105 64.94329
v -45.26212 16.54292 65.47623
v -34.98193 33.65068 78.08577
v -34.83964 31.56542 77.39699
v -30.86593 32.38558 78.40678
v -30.8553 34.27857 79.47607
v -45.6007 24.82211 71.38463
v -44.01074 23.93036 71.28205
v -35.75911 5.522583 71.99375
v -29.08646 5.942923 73.57282
v -35.13149 7.172968 72.10312
v -28.631 7.461893 73.62531
v -23.27898 10.08625 73.43912
v -23.33624 8.833613 73.68424
v -19.53595 10.13375 73.17093
v -19.69608 11.34462 72.73428
v -16.27069 13.7203 72.01553
v -15.59461 14.51226 71.94009
v -16.4965 14.9157 71.1162
v -17.06826 14.30777 71.19099
v -34.65264 8.65309 72.17979
v -34.11654 10.29122 72.12488
v -39.12769 11.09829 70.14413
v -39.9847 9.402936 69.99504
v -17.97961 12.26385 72.28592
v -18.53039 13.35664 71.64301
v -20.18185 12.5802 72.2615
v -17.71518 13.87866 71.33584
v -17.08419 13.00758 72.10623
v -13.65489 20.54881 73.40005
v -12.82675 22.83758 75.57285
v -15.08167 17.24385 71.54418
v -14.91283 15.6566 71.98549
v -13.83394 17.75936 72.57657
v -13.63922 15.95941 73.04138
v -24.80266 25.92394 74.06296
v -24.0913 26.80722 74.6572
v -15.27304 23.00261 73.99217
v -28.2595 12.63898 72.38419
v -33.73754 12.65712 71.62038
v -28.30031 12.20641 72.78801
v -33.89697 12.2374 71.89979
v -18.79455 14.72056 70.74973
v -18.87162 15.01693 70.3829
v -20.31787 14.58337 70.84518
v -20.2609 14.21664 71.26395
v -17.46712 14.79041 70.69984
v -17.07233 15.37587 70.50245
v -17.65394 15.21713 70.27091
v -17.3497 15.58515 70.22144
v -42.03659 19.86057 68.61212
v -43.17872 18.4474 67.21943
v -41.58375 19.58818 68.31494
v -42.67059 18.32405 67.02668
v -3.136927 32.35969 85.26115
v -3.893958 35.29204 85.52205
v -17.53494 7.088287 75.31415
v -20.52018 5.831701 74.80925
v -18.06566 5.193738 76.23855
v -21.21812 3.919717 75.58881
v -11.7751 10.10442 79.60636
v -12.13796 11.94277 77.57333
v -13.88024 9.911011 76.8111
v -13.82787 8.209199 78.25587
v -12.11308 13.77813 76.25149
v -12.38639 15.28566 74.9166
v -13.62734 12.98657 74.87339
v -13.61227 14.46447 73.75173
v -9.751113 20.3417 77.8382
v -9.161546 18.49617 78.67904
v -8.537402 19.75251 79.68883
v -9.159565 21.92385 79.18216
v -17.54816 11.19467 72.97164
v -16.51826 12.27574 72.84801
v -17.2638 10.09844 73.66037
v -17.25279 8.729368 74.49686
v -21.71735 -52.95526 83.41463
v -18.64566 -52.83649 85.7924
v -22.00211 -53.11417 83.88111
v -19.02374 -53.12122 86.41602
v -25.96308 -52.70319 80.15877
v -24.35264 -52.80762 81.39217
v -24.81388 -52.85795 81.55987
v -26.39467 -52.77448 80.35722
v -8.033114 -45.03994 98.50922
v -8.025023 -46.60073 98.19042
v -4.597095 -45.44382 99.33565
v -4.519312 -46.93506 99.09759
v -10.77371 -46.6074 97.22866
v -13.43582 -47.01701 95.91534
v -10.73937 -48.03516 96.61738
v -13.41657 -48.40461 95.33842
v -16.29832 -47.33413 94.0632
v -19.33187 -47.75389 91.49586
v -16.22061 -48.61843 93.46803
v -19.20148 -49.06459 90.73406
v -10.69545 -45.0908 97.6267
v -14.46623 -42.74633 95.4119
v -15.03636 -43.86609 95.29404
v -22.23003 -49.26924 88.32985
v -22.25283 -50.65222 87.02339
v -10.44778 -49.40701 95.87322
v -13.28709 -49.7891 94.50828
v -9.839847 -50.82014 94.97573
v -13.09691 -51.11453 93.37556
v -16.15213 -50.03283 92.48586
v -19.01424 -50.4256 89.86218
v -16.33946 -51.50262 90.99358
v -22.3912 -53.38955 84.51006
v -22.45627 -53.74879 84.80675
v -22.79932 -54.73768 85.3223
v -25.1784 -53.6392 82.38223
v -22.97338 -55.29172 85.41156
v -17.33991 -56.17607 91.46712
v -20.17675 -55.83648 88.63397
v -20.40456 -56.6421 88.79132
v -17.60574 -57.1874 91.6901
v -10.07502 -56.06897 96.02884
v -6.370768 -56.44604 97.05531
v -9.694236 -54.67807 95.54871
v -6.172574 -54.88742 96.56348
v -3.416857 -59.81072 97.88614
v -3.354805 -58.44221 97.77384
v -27.51722 -53.62628 78.97373
v -27.22134 -53.12453 79.6302
v -26.58114 -53.84554 79.52342
v -26.43207 -53.17688 80.10732
v -5.522188 -52.8837 91.1907
v -5.616847 -52.13759 92.89992
v -2.957548 -52.98809 91.76984
v -2.991198 -52.28506 93.43029
v -3.451815 -61.11616 97.88928
v -3.586512 -65.91446 95.42979
v -12.31056 -43.10783 96.96696
v -13.03963 -44.25553 96.64782
v -10.58227 -43.68034 97.80824
v -10.26445 -42.69121 97.87695
v -3.229279 -55.29799 97.01934
v -3.120958 -53.75562 96.47144
v -3.049924 -52.86834 96.00857
v -12.92993 -52.84218 92.71581
v -13.15364 -53.58212 93.12965
v -9.322611 -52.59753 94.54064
v -9.428107 -53.39073 94.98599
v -3.106993 -52.39237 95.44859
v -3.132327 -52.13766 94.6291
v -19.43478 -53.64326 87.45712
v -19.60276 -54.15422 87.81374
v -16.3222 -53.30928 90.23315
v -16.56331 -53.99667 90.60919
v -21.35386 -60.14889 88.8255
v -21.62993 -61.13559 88.43152
v -19.0803 -62.36076 90.81007
v -18.87326 -61.25154 91.29977
v -11.36062 -60.67266 96.25231
v -15.50824 -60.49003 93.97392
v -11.58955 -61.73338 95.89288
v -15.72268 -61.55782 93.62528
v -3.538164 -62.30632 97.74509
v -7.084577 -61.42682 97.44511
v -7.073302 -62.53548 97.09414
v -3.556326 -63.46171 97.36654
v -16.17569 -52.49745 89.92616
v -15.88094 -52.73085 89.02336
v -26.55677 -53.17379 80.93826
v -25.06062 -53.3821 82.36118
v -26.55014 -53.0004 80.91472
v -12.12924 -53.03902 88.7328
v -12.2983 -52.4173 90.23598
v -8.680376 -52.88575 90.19312
v -8.810675 -52.18064 91.86755
v -5.779823 -51.949 94.18555
v -8.97966 -51.95803 93.15247
v -7.17943 -65.13213 95.23559
v -7.121631 -63.73273 96.4111
v -11.73383 -62.95214 95.2163
v -11.67647 -64.45655 94.21994
v -15.18656 -59.38109 94.14235
v -14.83528 -58.2393 94.21017
v -18.03485 -58.17239 91.58982
v -18.30378 -59.21244 91.62726
v -19.18679 -63.77319 90.11177
v -21.91785 -62.46337 87.85841
v -12.09888 -51.48643 89.25535
v -12.28686 -52.01788 90.36113
v -15.56128 -52.48496 88.19304
v -15.10135 -51.9707 87.56972
v -6.2101 -51.01534 91.2695
v -5.794456 -51.65431 92.91147
v -8.870022 -51.74707 91.9819
v -8.921077 -51.22845 90.68318
v -11.72329 -46.73397 87.12862
v -11.98457 -49.88243 88.06107
v -14.12734 -47.0663 86.07876
v -14.54371 -50.26842 86.82001
v -26.61181 -55.39668 79.07158
v -26.55678 -58.9747 78.67735
v -5.373997 -58.23146 89.02748
v -5.455167 -54.72945 89.69727
v -2.877834 -54.83283 90.25761
v -2.784258 -58.3445 89.46422
v -6.772007 -46.26065 88.48444
v -6.728992 -49.376 89.62454
v -9.34088 -46.47086 87.94142
v -9.369211 -49.58942 89.04766
v -8.674623 -54.69144 88.73108
v -8.640305 -58.18192 88.11378
v -28.44298 -53.35189 77.19705
v -29.66743 -53.7684 74.16651
v -10.16284 15.26748 78.24516
v -9.829668 13.86706 79.84464
v -76.5405 -13.83762 -26.14649
v -77.8206 -13.59628 -25.04044
v -78.23784 -10.82184 -30.58556
v -79.89286 -10.87646 -30.49143
v -79.98123 12.17785 -4.161553
v -80.05712 6.202841 -1.94041
v -79.71737 12.52597 -1.674695
v -79.51765 6.852597 1.664694
v -79.97684 21.65702 -13.16336
v -80.14595 20.53001 -22.05239
v -80.07164 17.80316 -19.57633
v -79.91805 18.02459 -13.02199
v -75.12939 -26.3128 -12.05313
v -75.83284 -23.69459 -13.797
v -73.54001 -26.33458 -15.42656
v -72.82972 -29.61129 -13.69889
v -74.12891 -23.65523 -17.94209
v -76.22012 -21.92066 -16.50651
v -85.2341 -10.42942 -30.07734
v -86.85806 -1.681988 -32.72304
v -85.7597 -2.740289 -33.63989
v -83.74114 -10.83953 -30.32095
v -81.68056 -27.93559 -17.29776
v -81.40191 -25.54665 -16.26984
v -85.67455 -28.776 -15.17297
v -86.70118 -27.15626 -17.64761
v -84.01318 -29.06637 -16.42561
v -85.08937 -27.29741 -19.06182
v -89.16974 -19.75363 -19.4512
v -89.11356 -13.92038 -23.83632
v -90.32732 -15.16898 -23.32104
v -89.91111 -21.62825 -19.53879
v -78.37476 -33.79903 -8.592223
v -78.91519 -32.33739 -10.54947
v -77.06135 -33.07444 -8.747553
v -77.63251 -31.46321 -10.31338
v -79.00815 -28.65746 -0.2391618
v -79.41843 -27.4065 -0.4524238
v -80.52428 -29.30952 -1.337033
v -78.67599 -30.47357 -0.284047
v -79.62859 -31.91685 -0.8032222
v -85.69454 -18.72909 -18.60329
v -88.08397 -15.93432 -20.92835
v -88.19126 -18.60033 -20.16318
v -88.67494 -15.55004 -22.35103
v -91.77001 -3.13392 -26.41343
v -92.34521 -0.9972511 -28.36328
v -88.34658 12.28389 -29.56057
v -87.22989 17.43459 -27.99082
v -87.10856 18.33248 -27.06476
v -88.46524 18.21123 -27.21176
v -88.77679 16.51396 -29.4716
v -81.64449 -4.385316 -7.226433
v -84.17046 -0.2870745 -7.568534
v -81.50495 -4.965288 -8.439247
v -77.00674 -23.04634 6.243429
v -78.19788 -18.343 6.539039
v -77.72803 -22.39654 3.280618
v -78.75423 -17.90115 3.285297
v -81.30501 -16.62654 -4.032322
v -83.08694 -14.67918 -6.080674
v -80.99863 -16.48751 -4.448912
v -83.08108 -14.75529 -7.543119
v -80.74995 15.42487 -17.78616
v -80.95865 16.0376 -17.17791
v -80.62131 15.00834 -14.76205
v -80.76655 15.03517 -13.72612
v -83.4767 22.58153 -16.11228
v -84.83175 23.9432 -21.26808
v -86.03625 24.09133 -20.01571
v -84.54589 22.63523 -14.78212
v -86.15894 23.31236 -26.36505
v -83.88666 23.09504 -22.43863
v -84.81312 22.12729 -27.15936
v -88.17986 2.720842 -36.33844
v -87.84048 -3.779221 -33.38735
v -90.84044 -3.66801 -35.65058
v -90.02518 4.067269 -37.20639
v -85.04093 4.64488 -8.305629
v -84.84702 5.267851 -6.537633
v -92.11175 4.001812 -32.0781
v -91.04636 6.478434 -32.23107
v -92.57619 7.442671 -32.22097
v -91.14253 8.667162 -32.30377
v -86.11061 19.32265 -24.56796
v -85.42075 19.74243 -21.40658
v -87.1997 19.86242 -24.11896
v -87.13712 19.59634 -20.12875
v -85.42613 11.37307 -9.635692
v -85.4609 13.22419 -11.9273
v -83.1641 11.84638 -10.66268
v -83.44547 8.962085 -9.042678
v -90.15205 7.02773 -30.14037
v -83.1423 -1.414158 -11.6737
v -83.49702 -1.967002 -11.17369
v -85.14339 -2.406692 -22.39651
v -88.81039 0.8673669 -21.2997
v -87.38797 -2.673188 -21.52951
v -89.20345 -0.8373946 -22.0329
v -78.98689 -13.03966 5.918065
v -79.43798 -13.16903 2.63898
v -84.58871 2.813715 -33.07373
v -85.32394 4.623887 -32.36851
v -83.52766 12.34342 -29.16977
v -83.50321 9.565618 -30.60948
v -84.99657 8.881256 -32.60829
v -86.12162 4.167811 -33.35876
v -87.04336 1.074121 -33.70562
v -87.2532 -3.615545 -32.71401
v -85.44252 -11.00211 -30.03153
v -80.28389 -24.06107 -16.17774
v -80.81815 -22.15818 -19.25693
v -78.5554 -23.18758 -16.46595
v -78.99465 -21.44621 -19.72191
v -79.71825 -18.90156 -23.01404
v -88.00822 -16.09635 -19.57956
v -85.72457 -18.33345 -16.82387
v -76.13322 -27.50211 -10.38696
v -77.51613 -27.21911 -10.67906
v -77.21107 -25.36459 -11.86703
v -78.59203 -25.61159 -12.20556
v -77.97831 -33.57359 -3.876237
v -78.15313 -34.01665 -6.205022
v -76.86971 -33.49139 -4.788755
v -76.86053 -33.63398 -6.609157
v -75.64891 -31.7593 -6.622911
v -74.72691 -32.29673 -5.930315
v -75.59491 -32.14365 -4.39402
v -74.93449 -32.3218 -4.337289
v -88.53721 -9.422164 -21.5805
v -87.17622 -5.574656 -22.46265
v -88.95853 -6.382622 -22.39994
v -80.97421 -3.597497 -5.443735
v -80.5487 -19.02511 -1.242366
v -79.84705 -18.62578 -0.7188495
v -82.03104 -23.09676 -4.882996
v -81.29169 -22.54719 -3.490843
v -82.27946 -21.67252 -3.88532
v -82.56013 -8.057642 -6.904057
v -82.32024 -7.848042 -8.67262
v -84.32259 -10.32672 -9.142181
v -83.1112 -10.92895 -6.060138
v -83.48751 19.4415 -27.74981
v -83.05356 20.96404 -23.57167
v -82.21985 17.83401 -24.19955
v -82.54185 15.10407 -26.67976
v -82.45982 12.88304 -26.97919
v -81.87785 14.89583 -24.22144
v -81.6349 13.50087 -25.22855
v -81.71116 10.96248 -28.80602
v -89.16541 8.740379 -25.21785
v -89.03886 9.562484 -26.9731
v -82.41096 0.837055 -16.10686
v -82.05132 -1.150945 -13.34716
v -88.15285 2.254849 -19.90815
v -86.43755 0.2017928 -19.85076
v -9.794752 79.15163 68.17847
v -9.787349 86.9278 63.47126
v -9.449284 71.39649 71.63508
v -29.39907 51.994 80.22345
v -24.20706 51.62834 81.05289
v -24.18617 56.40414 76.25094
v -29.6841 57.39873 77.54434
v -2.184592 -24.73793 108.7196
v -4.314314 -24.49559 106.9298
v -1.910792 -26.05117 106.1723
v -3.860406 -25.69975 104.6139
v -5.361024 -14.15433 113.4007
v -2.416151 -14.15408 114.8205
v -2.493524 -16.35673 115.0665
v -2.538216 -18.65111 114.5796
v -2.059147 -31.33178 98.13569
v -1.945177 -30.01718 98.89783
v -5.464748 -36.30027 96.97401
v -6.247502 -37.82558 97.24203
v -3.498909 -38.30462 97.26137
v -2.980473 -36.78262 97.00439
v -4.870912 -22.6306 109.5821
v -2.41874 -22.86819 111.372
v -2.393246 -11.89152 113.9726
v -2.210571 -9.610452 112.7636
v -7.084392 46.00747 83.95069
v -7.697529 49.83055 82.13113
v -1.436837 17.79839 89.69115
v -1.674284 20.01961 87.80303
v -3.870817 22.78044 84.97502
v -3.769889 20.94447 85.78912
v -1.855502 21.92066 86.50392
v -1.992661 23.74268 85.62585
v -3.117602 -51.73502 93.34831
v -3.438526 -50.93168 91.48008
v -3.279103 -51.86111 95.6497
v -4.234279 -49.44565 97.72826
v -4.463183 -48.21401 98.51497
v -3.742035 -50.73882 96.82335
v -4.515104 -44.02776 99.3532
v -4.467711 -42.99791 99.17556
v -3.768859 -49.26715 89.87814
v -3.818029 -46.153 88.73212
v -16.77415 85.85255 63.24517
v -17.14702 93.39288 56.84447
v -23.40906 91.81791 56.42286
v -22.61359 84.66518 62.67987
v -19.01747 44.70871 84.0417
v -12.6514 42.73529 85.02533
v -12.90064 46.48233 85.17843
v -18.7453 47.73138 85.36576
v -25.26482 42.86775 82.9523
v -26.20233 39.95402 83.07281
v -21.88365 39.10599 84.12807
v -20.20579 41.9919 84.26611
v -18.64282 35.72675 83.95241
v -22.75469 37.05195 83.48018
v -23.93149 28.09185 75.82569
v -27.69818 28.74693 76.10168
v -27.92207 27.61271 75.04651
v -27.51883 30.32093 77.49863
v -23.76921 29.67697 77.43847
v -48.01528 93.14638 31.21254
v -53.41197 88.09608 29.35492
v -52.01291 83.62231 37.98797
v -46.50089 87.55946 41.20598
v -34.3769 87.6235 54.12869
v -39.80097 84.92104 51.82493
v -38.50473 79.14749 57.69901
v -33.12658 81.38747 60.13556
v -24.61451 48.80804 84.12898
v -29.61452 49.04204 82.08982
v -30.90029 35.89005 80.88696
v -26.9404 35.95011 81.62392
v -30.95542 37.93689 81.99847
v -26.73396 37.82547 82.52835
v -29.34487 46.14931 81.16364
v -29.86473 43.3738 81.62943
v -31.24991 28.80889 76.08659
v -30.93034 30.39168 77.23378
v -50.3102 73.43066 49.48987
v -48.96531 68.21074 54.42413
v -44.32279 76.40072 54.18197
v -42.86571 71.05373 58.80553
v -38.05343 46.43918 74.95782
v -34.71571 48.73377 80.28632
v -38.34323 27.06602 74.65533
v -41.44882 25.64368 73.22243
v -38.14763 25.92347 74.19447
v -40.8804 24.62539 72.8289
v -39.13659 30.27191 75.83419
v -39.58102 32.41283 76.31074
v -34.9058 28.2451 75.66077
v -38.72083 28.3869 75.29317
v -34.83619 29.60663 76.55824
v -35.43378 67.63413 65.7863
v -41.17683 65.48659 62.79485
v -54.9563 65.51148 48.52784
v -56.05145 70.9418 43.19343
v -41.35626 22.14568 70.47469
v -42.02636 22.69883 70.77602
v -43.21747 23.12565 71.03165
v -44.14061 30.35811 74.16943
v -48.20886 28.01268 71.33164
v -14.23231 28.92373 80.06295
v -13.67379 30.23393 81.56335
v -16.87178 30.99981 80.88737
v -16.18795 32.42443 82.34858
v -12.62216 31.70938 82.99061
v -14.93675 33.88837 83.76246
v -20.33913 28.67323 77.14447
v -20.50477 26.87772 75.42216
v -17.24347 26.9999 76.49433
v -17.54397 25.16587 74.67493
v -5.60403 39.39786 85.42469
v -67.2651 -56.20546 2.816303
v -67.39767 -55.01266 -2.605628
v -64.8051 -61.64594 1.474488
v -64.75432 -61.5567 -4.416374
v -79.99873 17.10771 -38.54344
v -80.20815 14.69952 -33.37687
v -80.24307 21.14726 -33.33407
v -80.34602 18.11438 -28.79783
v -77.06158 -10.17485 -32.81099
v -77.84124 -4.074841 -35.59074
v -76.0486 -10.90828 -40.10123
v -77.19833 -4.653627 -42.39804
v -78.41985 1.177151 -37.64952
v -77.77671 1.410059 -43.98884
v -72.55372 -25.88313 -19.49359
v -73.76746 -22.32825 -22.89205
v -71.53645 -27.05112 -29.80625
v -70.22623 -31.70859 -25.92987
v -9.020347 63.41896 74.89284
v -15.00669 63.51413 74.81275
v -14.24592 56.04221 78.44234
v -8.615325 56.02333 78.6099
v -19.36367 56.26422 77.63487
v -20.44489 63.63242 74.36748
v -19.11488 -102.4491 46.1404
v -14.697745324131553 -104.00000000333193 49.21385112191282
v -22.07574 -102.212 54.90468
v -17.29743301254099 -103.99999999379524 58.32139592041186
v -44.41706 -91.59196 47.63139
v -46.12786 -89.6956 51.51738
v -51.24846 -85.06489 46.61372
v -49.65618 -87.33972 42.4016
v -59.6052 56.6436 46.41019
v -58.22604 50.48988 51.43457
v -53.80062 59.73712 53.21984
v -52.21468 53.99929 57.74832
v -21.88583 77.66193 67.07671
v -21.01399 70.63017 70.45274
v -70.83522 64.97588 16.19107
v -70.89565 57.71705 22.39866
v -66.47685 66.79844 26.12452
v -66.08671 60.19223 32.2636
v -23.92358 99.88998 47.22762
v -17.25546 101.6477 47.6619
v -57.04702 44.42801 55.82889
v -62.826 39.54499 47.56862
v -63.95316 46.48072 42.96135
v -46.33478 17.81033 65.83576
v -47.39309 18.04079 65.46568
v -57.3011 20.81369 59.8819
v -56.37984 25.43069 62.83667
v -54.82491 24.02555 64.16663
v -53.03493 22.79903 65.20152
v -62.57975 -68.91369 30.67782
v -60.95245 -73.04961 27.41948
v -58.96234 -75.77186 34.62486
v -60.19119 -71.8854 38.47065
v -10.71808 -40.03376 96.86148
v -11.46027 -41.82709 97.05418
v -9.46608 -41.35514 97.84815
v -8.826528 -39.6544 97.52796
v -24.68519 -42.02754 87.38627
v -27.12388 -43.16933 85.34941
v -25.45409 -45.71532 86.48264
v -27.81704 -46.984 83.89676
v -9.011515 -36.27341 96.18687
v -8.173271 -34.43897 95.99116
v -10.49225 -34.77357 94.87524
v -11.56987 -36.7203 95.10288
v -33.00681 -51.93916 79.51643
v -33.34392 -48.66965 80.54485
v -60.66696 22.92861 55.71163
v -62.27011 24.24217 52.80936
v -62.42074 17.11822 52.6031
v -64.34528 17.86291 49.50929
v -68.04061 10.7107 44.62155
v -65.48298 11.13587 48.44983
v -66.54742 18.6408 45.58104
v -47.44932 15.1609 63.86111
v -47.57799 16.3612 64.26408
v -46.77403 16.41704 64.77991
v -60.14176 16.57941 55.33246
v -60.07825 11.1826 54.52011
v -57.32206 11.56255 56.81054
v -57.84668 16.09551 57.44735
v -79.81455 5.707167 -33.93979
v -80.83849 6.15614 -32.39898
v -80.22915 9.640646 -32.06105
v -80.86325 9.862705 -30.05859
v -77.59097 -17.72245 -23.25177
v -76.38889 -17.53083 -24.15449
v -71.47196 -41.42571 -4.599431
v -72.04964 -37.89837 -7.044483
v -70.075 -42.79459 -8.362943
v -69.71722 -46.36022 -5.554388
v -81.22943 1.966684 -33.76865
v -79.13083 1.359872 -34.52786
v -75.15405 -28.27553 8.695377
v -74.33517 -29.66077 13.78804
v -76.19847 -24.19929 10.16846
v -75.43897 -25.17582 15.27061
v -73.30315 8.70259 32.3336
v -75.79527 8.288514 23.49166
v -76.38753 0.7972786 26.0548
v -74.40661 0.8515814 33.87372
v -53.56068 8.637127 59.91654
v -51.80953 5.742393 62.3112
v -51.62189 9.855073 60.98024
v -49.99163 7.508906 62.88839
v -47.17229 13.69303 63.68731
v -48.48606 12.41545 62.77919
v -47.05445 11.00384 63.98786
v -45.95816 12.63376 64.64009
v -72.5126 -26.83455 28.47955
v -74.26388 -21.02787 28.77712
v -74.29227 -25.8795 21.88153
v -75.6604 -20.27946 22.13077
v -24.37855 -14.71161 82.70181
v -20.62614 -12.6223 85.00491
v -23.12071 -10.28786 82.18166
v -19.92508 -8.263956 83.82343
v -40.08722 -15.38393 78.94686
v -41.29328 -20.59758 79.4964
v -34.45694 -18.51174 81.07294
v -33.18658 -13.53607 80.28088
v -17.27153 -9.693723 88.31275
v -16.79866 -6.142771 86.44943
v -21.21606 -18.98667 85.86331
v -20.54688 -16.22664 87.09031
v -18.24429 -17.95653 95.40515
v -17.71882 -19.37583 96.45712
v -18.45667 -20.00756 94.61102
v -18.79128 -18.449 93.83024
v -19.35771 -19.07204 92.03309
v -18.89643 -20.57486 92.9385
v -19.23471 -21.29059 91.1895
v -32.96463 -32.04698 80.98261
v -30.86233 -26.79985 81.5726
v -36.91506 -28.41849 80.54694
v -37.78672 -33.03647 79.80789
v -35.54492 -23.40218 81.07917
v -30.16533 -21.70314 81.86732
v -4.297529 -32.65199 97.15247
v -5.823439 -32.53547 96.68505
v -58.26773 -43.11654 58.88637
v -57.33337 -49.05232 57.8404
v -26.42549 -35.57748 83.98821
v -28.68338 -35.76429 82.87627
v -28.20654 -39.63913 84.05219
v -30.39894 -40.15923 82.81608
v -38.91699 -47.38659 77.53378
v -35.5947 -45.95145 79.87722
v -38.96085 -42.59978 78.27173
v -35.23351 -41.43579 80.32007
v -8.056813 -37.78341 97.10623
v -7.233502 -36.07878 96.7391
v -58.35313 -64.06892 50.08435
v -56.38591 -71.73042 50.24534
v -52.9246 -68.33107 58.1078
v -55.03485 -62.49046 56.69927
v -59.78738 -28.82196 63.16972
v -64.26325 -28.31669 55.22984
v -32.48993 -95.51668 73.18234
v -28.05238 -98.19727 78.47095
v -42.15424 -82.22164 67.24635
v -37.52142 -85.36521 72.22987
v -52.89154 -1.804563 65.9011
v -55.75051 -6.846165 66.11292
v -43.85387 11.14581 66.93977
v -45.55306 0.04632365 69.71718
v -43.97166 2.278542 69.51398
v -48.59445 3.608962 65.79748
v -50.68926 1.297538 65.59655
v -7.098627 -100.3264 92.22106
v -7.121904 -95.99229 94.63875
v -45.57364 -61.10839 69.81754
v -41.44262 -58.06461 74.23884
v -46.93081 -56.47257 69.37627
v -42.50006 -53.95673 74.11249
v -41.01817 -69.23035 72.2181
v -43.76424 -73.52241 68.28128
v -38.18331 -72.78401 73.96902
v -40.30154 -77.33041 71.08307
v -36.14029 -5.953562 76.39697
v -33.98294 -2.336016 75.05142
v -41.21938 -3.118306 73.07581
v -43.51198 -6.985821 74.30343
v -43.5359 -44.21743 75.08377
v -48.52814 -45.79723 70.32448
v -45.42191 -11.80501 75.52958
v -51.6022 -12.81819 72.18201
v -46.60511 -17.19788 76.47747
v -52.91611 -18.38584 72.30057
v -12.90952 -79.26362 91.8528
v -17.0631 -78.55704 89.82796
v -18.21544 -83.71016 90.94476
v -14.11275 -84.59444 93.26462
v -22.43345 -82.46358 87.75338
v -21.17011 -77.41277 87.12514
v -37.9544 1.893101 72.15866
v -39.46466 -0.3109 72.43843
v -47.06628 5.604623 65.92271
v -42.75664 4.255099 69.38873
v -36.78573 3.817725 71.96912
v -11.50513 -5.181266 95.85584
v -11.00852 -1.254531 93.00513
v -13.50045 -13.66222 102.0969
v -13.07389 -12.54533 101.7508
v -10.10074 9.978547 83.54752
v -9.889571 12.19369 81.47754
v -17.93576 0.3565105 80.37431
v -16.75414 4.087944 78.42231
v -19.04291 2.56928 77.45289
v -20.41767 -1.451209 79.29704
v -1.215882 14.91778 92.47642
v -62.33558 5.025326 53.60007
v -62.78231 11.06265 51.83284
v -8.252711 9.325448 88.61582
v -10.4196 6.736767 86.43283
v -62.30048 -57.19751 44.13419
v -64.62537 -56.19759 37.32455
v -64.14627 -60.81387 35.62872
v -61.25563 -63.61195 43.50858
v -68.37359 -21.89218 48.5053
v -68.92043 -15.37541 49.34195
v -65.93318 -33.00569 46.98692
v -67.7788 -32.77723 40.38969
v -64.77718 -38.45995 46.36012
v -66.60948 -38.39719 39.9788
v -69.17757 -27.2167 40.74357
v -67.21893 -27.5526 47.66994
v -23.72314 -100.4628 82.44621
v -8.210343 -75.0893 92.04103
v -7.736292 -71.21406 91.66265
v -11.90277 -70.97761 90.74499
v -12.22191 -74.76912 90.82996
v -19.66687 -69.5965 87.54501
v -23.19639 -68.07311 85.41808
v -24.05416 -71.5223 84.66982
v -20.25043 -73.24738 87.05658
v -23.52024 13.1766 72.22984
v -23.48543 12.74653 72.60751
v -20.19056 13.76553 71.63805
v -25.27684 4.251097 74.4269
v -26.2823 2.034849 75.08644
v -24.50101 5.923287 73.97966
v -20.01345 7.399209 74.17632
v -3.915461 -71.29465 92.00489
v -4.369994 -75.2419 92.54719
v -7.001009 25.47428 82.61954
v -5.449766 23.99933 83.68834
v -5.791413 26.44593 83.70103
v -16.00963 15.87851 71.09793
v -9.098648 26.62585 81.49139
v -9.793158 25.36038 80.15894
v -7.959309 24.21627 81.40451
v -8.648065 22.96998 80.21557
v -2.095477 25.54738 85.1194
v -2.29513 27.63949 84.90613
v -6.300141 -24.04886 104.9378
v -5.590617 -25.26303 103.0633
v -7.919765 -12.36582 110.1632
v -10.77825 -12.83301 106.4407
v -10.96788 -14.2943 106.952
v -8.072401 -14.14586 110.8011
v -18.80534 -24.89399 88.53769
v -17.31445 -26.88791 89.01311
v -17.25875 -28.32698 87.95787
v -10.38145 -11.3474 105.7924
v -7.490953 -10.52198 109.3965
v -5.848954 20.86197 83.67583
v -9.329533 34.20498 85.06579
v -11.17456 33.0467 84.2178
v -7.859661 31.42463 84.43493
v -9.5064 30.4791 83.50886
v -17.96395 20.547 71.59161
v -10.80573 29.28453 82.183
v -11.57703 27.89538 80.70051
v -14.43233 27.26415 78.20141
v -11.94808 26.54683 79.26784
v -12.27061 24.92279 77.6507
v -19.89667 -33.05387 86.94969
v -20.48062 -38.1143 89.39848
v -18.69248 -35.57394 89.24927
v -21.55924 -35.59776 87.16305
v -23.52773 -38.68173 87.2352
v -24.92566 -51.00985 79.71529
v -22.23841 -51.03538 81.63747
v -23.27065 -52.42416 81.5639
v -25.08907 -52.25238 80.1403
v -27.53008 -51.11095 81.78844
v -26.11077 -50.64866 83.68164
v -27.22436 -51.31464 81.89322
v -21.71663 -47.97537 81.16386
v -24.72164 -48.04421 78.92599
v -12.04434 -33.16079 93.07426
v -14.59896 -33.43602 91.14029
v -15.89174 -35.43712 91.36761
v -17.58933 -37.68498 91.48756
v -19.68418 -50.90095 83.49179
v -17.07207 -50.60836 85.27475
v -17.94221 -52.26937 85.51378
v -20.95888 -52.51603 83.33282
v -18.63202 -44.05924 82.49331
v -16.04291 -43.71588 84.34718
v -16.57405 -47.38878 84.76501
v -19.06289 -47.70938 83.12049
v -9.603376 -32.84812 94.70548
v -7.461666 -32.62603 95.89973
v -13.72599 -40.90058 95.42126
v -19.33912 -14.26727 88.5626
v -17.47934 -12.19819 90.58897
v -1.36756 0.8842307 104.3068
v -1.63718 -3.227629 107.7609
v -14.81071 -10.47907 94.46957
v -15.26028 -12.70495 96.61304
v -12.02779 -8.449546 98.59447
v -12.68236 -11.03706 100.548
v -7.919971 -20.1264 109.2554
v -10.5896 -19.93541 105.7408
v -7.177188 -22.14655 107.4682
v -9.612504 -21.96642 104.258
v -13.53221 -20.13102 101.7988
v -16.04123 -20.65422 98.28215
v -12.52182 -22.03869 100.7171
v -15.2011 -22.60583 97.42417
v -17.46457 -21.40263 95.80737
v -18.0884 -22.12544 93.88449
v -16.63638 -23.28016 95.10948
v -17.08069 -24.11941 93.22026
v -18.36206 -22.81505 92.21901
v -18.52902 -23.66864 90.54932
v -17.19013 -25.06374 91.71493
v -17.13185 -25.92231 90.44405
v -13.72773 -14.77183 102.5828
v -13.85818 -16.24844 102.8675
v -13.87187 -18.10434 102.5622
v -16.28157 -18.61691 98.96221
v -36.96797 -92.6881 15.74749
v -34.59674 -96.57282 11.23848
v -31.00789 -98.21909 14.99719
v -33.69849 -94.87176 20.17582
v -34.50091 -102.4422 9.588323
v -30.6635 -103.9114 13.20781
v -47.01454 -69.27163 65.81445
v -43.83449 -65.39246 70.55083
v -46.13566 -78.28129 63.64764
v -50.20056 -73.5615 60.09589
v -47.29296 -86.7438 55.24903
v -52.10707 -81.82525 50.68571
v -37.64178 -55.24004 76.97299
v -36.63348 -58.33953 76.87462
v -39.97101 -61.64841 74.64454
v -31.2498 -56.14836 78.96618
v -30.18091 -54.9333 79.35181
v -32.39532 -54.33755 78.91013
v -44.04875 -87.66557 16.23257
v -47.49991 -85.53848 10.99432
v -40.28608 -90.64268 11.53493
v -44.84468 -89.11906 7.292406
v -46.31821 -87.853 27.3416
v -50.74681 -85.58065 32.64618
v -53.39797 -82.49779 26.45912
v -48.78556 -85.08799 21.62702
v -56.85995 -79.23599 30.90125
v -53.7588 -83.13857 37.18717
v -38.6102 -100.9802 6.233689
v -38.79117 -95.0452 7.876674
v -69.33328 -32.57806 34.4808
v -70.82921 -27.17933 34.86509
v -58.41724 -76.63348 23.88724
v -61.79813 -71.05399 21.50677
v -59.34154 -74.5634 17.97795
v -75.20181 15.15653 21.08546
v -72.17723 17.18773 31.67367
v -66.88444 -56.7364 23.88314
v -65.83067 -58.87476 29.55774
v -68.16474 -38.04548 34.20358
v -71.84251 -14.20799 42.07783
v -74.8603 -6.842429 35.26118
v -74.14457 -14.02865 35.59674
v -72.94691 -30.97689 20.81382
v -71.77657 -35.78186 19.92242
v -73.39948 -33.47707 12.126
v -55.02454 -91.78634 -7.650888
v -55.17364 -86.76999 -6.089967
v -52.22932 -87.27898 -1.867856
v -55.02093 -97.34074 -8.484146
v -55.20994 -79.05981 4.459975
v -57.56239 -75.6711 8.578503
v -58.45938 -74.20097 4.096511
v -56.80025 -77.93459 0.1994625
v -78.65863 0.7371119 10.56807
v -78.38011 -6.810694 13.7304
v -77.7275 1.414593 17.79463
v -77.49842 -6.772722 20.88981
v -77.66457 8.551469 14.37656
v -77.69795 15.01449 10.59684
v -79.70412 26.64896 -6.597618
v -79.25793 19.89949 -3.061675
v -78.4184 27.21862 3.577748
v -77.81108 20.7344 7.339788
v -68.81412 -49.49327 17.79774
v -70.38039 -45.88094 8.338313
v -68.61256 -51.92905 9.519992
v -67.71732 -54.21425 17.43799
v -77.68562 -13.72674 15.37305
v -76.78995 -13.95839 22.19127
v -50.67964 -84.01904 5.802746
v -53.33336 -80.57993 9.571907
v -51.06242 -82.50883 15.35081
v -62.23524 -83.88651 -17.59684
v -61.96152 -89.61981 -20.348
v -60.88259 -91.09677 -15.36198
v -60.77456 -85.76527 -13.47149
v -60.35435 -71.81367 -4.114916
v -62.25209 -68.63099 -6.740548
v -60.17231 -76.06236 -7.639807
v -69.57313 -48.91054 -1.707999
v -69.20821 -50.62201 3.232163
v -75.29957 -29.75129 4.283226
v -74.78752 -32.09077 2.575026
v -74.39296 -31.56433 7.188126
v -73.69852 -34.55484 5.468136
v -78.40971 -13.29542 10.06932
v -77.43763 -19.08772 10.63585
v -61.57779 -95.27158 -21.22055
v -61.38789 -92.15491 -28.02519
v -61.46292 -85.73002 -25.55855
v -62.2434 -79.59824 -22.04498
v -67.50829 -52.86624 -7.106217
v -67.86829 -49.17167 -10.49025
v -65.90054 -57.24137 -14.11193
v -65.22514 -60.20824 -9.713923
v -72.80735 -37.76751 -4.062874
v -72.09062 -33.34801 -11.97771
v -71.04794 -38.18751 -10.33159
v -73.734 -34.38516 -6.377432
v -74.98 -30.48414 -8.522635
v -76.06692 -29.7768 -8.959992
v -18.93599 -103.5789 28.73867
v -23.22173 -101.9673 24.09801
v -18.899951650653595 -103.99999999891031 28.58048905514378
v -22.995971708472737 -104.00000006057257 23.330982771801324
v -27.93382 -99.47831 48.77509
v -30.95612 -98.89831 56.27823
v -36.66932 -95.9809 48.8709
v -33.34523 -96.98941 43.20333
v -29.44455 -98.0319 36.35445
v -25.79783 -99.23302 29.46344
v -30.0584 -97.17985 24.53718
v -31.07609 -60.4042 79.37933
v -32.62556 -57.96828 78.43956
v -34.8832 -61.00711 77.44731
v -33.10267 -63.94931 78.42755
v -41.18505 -92.96393 57.07948
v -39.23657 -94.78798 53.44707
v -27.9389 -60.36497 81.3935
v -27.11082 -58.43446 81.59807
v -29.8791 -58.19185 79.76061
v -28.88944 -56.51255 80.02386
v -27.56581 -54.27145 80.82291
v -28.7075 -53.34467 79.90601
v -28.16857 -55.14795 80.36645
v -29.20138 -53.8251 79.73757
v -34.44905 -75.71674 76.85173
v -30.62963 -78.61514 80.27807
v -33.08237 -92.19273 75.80508
v -32.98676 -88.10595 77.64856
v -19.82906 -54.97244 88.34423
v -22.44817 -54.27689 85.28961
v -22.28185 -53.17628 84.21432
v -19.28827 -53.32919 87.02943
v -18.61974 -53.74961 84.78193
v -18.60805 -55.46953 84.0228
v -21.76181 -53.83119 82.66784
v -21.75698 -55.552 82.11771
v -21.71524 -63.74252 81.90737
v -24.96963 -63.79575 79.92615
v -24.60074 -59.04303 80.09106
v -21.77369 -59.22735 81.92693
v -17.588325887490708 -103.99999999451514 29.89838551042226
v -12.51255 -52.24609 91.40402
v -15.6123 -52.85128 88.05228
v -15.42 -55.15472 85.81611
v -15.29825 -53.37571 86.98446
v -18.61824 -59.07175 83.74618
v -15.47474 -58.72358 85.34266
v -77.93148 45.13073 6.415947
v -74.60162 47.69744 17.56556
v -80.43049 24.18039 -26.24993
v -80.30628 26.22193 -16.75431
v -74.55743 -16.85481 -37.26659
v -72.65219 -17.66628 -44.42212
v -70.77419 -23.80408 -40.62943
v -72.95145 -22.05672 -33.69927
v -51.49952 -84.55205 -54.03713
v -48.97168 -82.0317 -59.29517
v -48.4297 -92.59481 -60.36272
v -51.15927 -94.85181 -55.30114
v -60.08345 -87.97321 -34.68956
v -60.39597 -80.28423 -30.96691
v -57.49094 -82.36469 -40.61515
v -58.66235 -73.71011 -36.4495
v -30.90816 111.3723 21.94899
v -30.67317 104.8409 35.37404
v -24.20481 107.6094 35.83625
v -24.05555 114.5062 22.18223
v -23.92311 113.25 -64.03185
v -16.01859 114.8915 -65.4138
v -23.23004 104.3696 -80.40791
v -15.40259 105.6924 -81.83066
v -29.10152 78.96521 -101.6336
v -29.89407 91.45449 -91.98293
v -22.48326 93.24925 -94.11316
v -22.01156 80.73569 -103.6623
v -31.52794 116.5292 -44.74585
v -31.49921 119.2314 -27.116
v -24.01035 122.104 -28.19214
v -24.03771 119.1473 -46.45885
v -8.214746 125.188 -29.48028
v -8.329759 125.5426 -10.98802
v -21.67404 66.90968 -110.6812
v -14.76405 67.68726 -112.1168
v -14.60096 54.3807 -117.0406
v -21.29243 53.5021 -115.5848
v -26.71698 24.62037 -118.1293
v -27.25047 38.62645 -116.4493
v -20.26157 25.60256 -120.4957
v -20.81006 39.84764 -118.711
v -23.4115 -28.53082 -107.2103
v -24.5824 -15.90771 -113.0854
v -17.43837 -27.75394 -109.2995
v -18.49331 -15.05757 -115.5466
v -6.477788 -0.8482735 -122.227
v -6.15756 -14.11356 -118.5114
v -15.05002 -76.09189 -84.88642
v -9.773629 -75.51351 -85.74549
v -9.594499 -85.17548 -84.78587
v -14.75973 -85.59695 -84.12726
v -19.74009 -95.71742 -82.85197
v -14.57968 -95.06394 -83.87882
v -14.475457853097012 -104.00000000907093 -83.45367467894553
v -19.570112449017547 -104.00000005970848 -82.68417591071277
v -16.87532 -39.35284 -101.5606
v -11.25646 -39.10517 -102.0727
v -11.09051 -47.47072 -95.55173
v -16.82991 -48.17535 -94.93661
v -21.13942 -66.8252 -84.98754
v -21.84995 -57.34333 -88.42008
v -15.55906 -65.76782 -86.85962
v -16.32878 -56.18198 -90.06163
v -5.246535 -54.91357 -90.70457
v -4.9562 -64.48227 -87.48399
v -54.65044 92.80157 17.98638
v -49.06337 98.48614 19.14011
v -53.86645 68.25351 -86.20821
v -54.40098 78.84454 -77.16026
v -48.88179 82.64632 -81.34663
v -48.36209 71.46186 -90.68065
v -49.10439 92.20251 -68.96582
v -54.73351 87.69138 -65.23717
v -56.39957 97.93581 -37.7826
v -57.2331 99.32618 -23.62492
v -51.3651 105.3141 -24.51451
v -50.52707 103.7295 -39.63422
v -50.91851 104.9963 -9.321397
v -56.75523 99.02356 -9.315693
v -46.3949 34.09134 -105.712
v -51.81499 32.27384 -101.2438
v -52.57151 44.61748 -97.89928
v -47.13453 46.87072 -102.4467
v -50.94487 19.71627 -103.1933
v -45.5006 21.16077 -107.6914
v -41.85 -17.82887 -102.7988
v -46.56864 -18.07989 -98.58362
v -48.19203 -5.463511 -102.0128
v -43.26373 -4.730115 -106.4103
v -45.56314 -30.11596 -92.68784
v -40.73598 -30.45805 -96.67526
v -37.93772 -59.83671 -79.14627
v -43.57495 -50.74968 -79.82791
v -38.91177 -50.58289 -84.16892
v -35.44483 -98.0026 -76.16373
v -40.22581 -99.06081 -72.29963
v -40.5866 -88.99123 -70.70688
v -35.88087 -88.05106 -74.68056
v -41.65452 -69.49135 -71.04044
v -37.01575 -69.17828 -75.57949
v -69.33165 74.66777 -39.5518
v -65.19627 81.70266 -44.48504
v -68.47294 70.80784 -51.2611
v -64.42982 76.95667 -56.70204
v -74.06664 68.9953 -22.59961
v -74.34995 70.1266 -11.43922
v -71.17506 78.06942 -16.54663
v -70.51308 77.02898 -28.02151
v -70.12122 78.67612 -5.437573
v -66.45598 85.78944 -7.906407
v -57.39094 42.35502 -93.18512
v -56.62782 30.34355 -96.46832
v -59.38163 74.73663 -72.73707
v -58.77113 64.9453 -81.56336
v -52.63703 -6.029999 -96.5227
v -50.75706 -18.12851 -93.29126
v -55.72234 18.06529 -98.16222
v -49.59962 -29.4252 -88.17473
v -47.63098 -50.023 -75.38301
v -41.06487 -79.00073 -69.76498
v -46.05824 -69.99388 -65.22681
v -45.3971 -80.09006 -64.73894
v -79.76731 25.25404 -38.80769
v -78.0226 31.07114 -44.39742
v -59.458 86.43486 17.44158
v -79.30458 34.65263 -0.3274712
v -79.6399 42.71037 -4.781229
v -64.22131 -8.420655 -77.99963
v -61.98846 -18.77598 -73.77479
v -67.37642 -9.25453 -70.76337
v -65.12634 -18.9022 -66.25799
v -69.22922 0.2720028 -73.54387
v -71.96902 -1.860883 -65.42567
v -72.78837 6.878952 -66.99232
v -70.09823 10.11852 -75.00038
v -68.8912 33.31467 -77.18304
v -68.01366 23.24832 -80.56018
v -71.72711 28.7679 -70.41875
v -70.85838 19.4363 -73.76922
v -55.88581 -44.43498 -57.83713
v -54.3091 -51.29382 -54.10249
v -58.30868 -42.31094 -51.70119
v -56.45222 -49.57743 -48.40284
v -68.38715 -25.35531 -47.56138
v -70.62531 -18.52928 -51.61547
v -53.91957 -87.83992 -48.59229
v -54.75815 -77.90308 -46.29367
v -52.50796 -74.9167 -51.92511
v -75.8909 -29.87876 1.010027
v -75.23603 -31.94381 -0.7380667
v -76.00815 -28.60556 2.615086
v -80.39619 3.272609 -2.972187
v -80.78291 1.787717 -4.494648
v -79.96263 -2.542767 -1.35164
v -80.65691 -3.441048 -3.53599
v -92.29786 4.847865 -36.6222
v -93.20612 -3.158571 -35.18058
v -94.18011 -2.64703 -33.88806
v -93.90408 5.24167 -35.45486
v -79.54793 -30.53524 -12.29818
v -81.39598 -31.44324 -12.27152
v -80.92552 -32.65642 -10.266
v -89.26579 17.45054 -34.94486
v -90.56948 11.75926 -36.42981
v -91.16027 17.39718 -33.92472
v -92.58007 11.96582 -35.77876
v -81.68416 16.77937 -8.529635
v -82.36158 19.98029 -12.17655
v -83.43044 20.04147 -11.11046
v -82.56649 17.1859 -7.551776
v -88.75386 23.49928 -24.71229
v -87.16738 23.93693 -19.05178
v -87.53753 23.62454 -25.51424
v -88.02385 -24.63282 -21.75787
v -86.28925 -23.85803 -22.8224
v -83.31345 -32.50618 -9.555705
v -83.06013 -32.70888 -7.489332
v -83.48207 -29.81704 -7.189961
v -81.4557 7.420563 -4.053699
v -80.84177 6.959077 -3.784427
v -82.7178 22.00024 -17.66744
v -80.75629 16.49944 -12.28336
v -81.245 18.7523 -15.45042
v -81.62737 19.63993 -13.74228
v -81.0949 16.6261 -10.39984
v -87.35237 21.36642 -31.25553
v -85.59039 19.65467 -31.63549
v -87.20509 15.78366 -34.9984
v -80.83529 16.25521 -14.13085
v -81.08769 17.4627 -16.73407
v -81.46616 16.08995 -20.90334
v -81.75089 18.21406 -20.38068
v -87.74879 -26.34296 -16.55527
v -86.63809 -27.75511 -14.0287
v -83.37187 -22.50863 -8.747423
v -83.54322 -22.0588 -10.10542
v -83.42372 -24.3486 -9.281228
v -83.81775 -24.02921 -10.77286
v -80.80482 -33.89829 -8.233664
v -81.78447 -25.72465 -5.161495
v -81.38834 -28.20766 -4.499365
v -82.85743 -22.06977 -5.209224
v -82.87505 -22.80315 -6.280791
v -82.25376 -23.99463 -5.830867
v -91.9414 -8.077911 -28.43473
v -93.27039 -0.1216599 -31.47777
v -94.07386 -1.495166 -31.9865
v -92.69641 -9.36095 -28.58934
v -93.38044 11.33239 -33.44884
v -93.41779 11.65475 -34.51813
v -94.44536 5.393578 -34.20946
v -94.24872 5.586382 -33.29815
v -87.80238 20.82849 -13.54888
v -86.69984 21.81152 -13.51186
v -88.61658 19.64844 -14.53077
v -91.39661 20.91116 -28.79791
v -90.57258 21.38457 -29.61785
v -92.41801 17.00445 -32.88805
v -92.97663 16.55014 -31.99614
v -90.36419 22.39578 -23.49469
v -89.15172 22.65679 -18.14199
v -88.11557 23.51072 -18.45005
v -89.67728 23.10547 -24.03803
v -92.23706 18.49942 -26.78507
v -90.27751 16.94797 -26.34845
v -90.19906 17.94942 -22.94453
v -90.73607 20.90128 -23.09707
v -90.2709 15.53884 -30.15727
v -92.2092 15.24319 -30.24896
v -91.0529 4.977351 -30.82083
v -91.95409 2.13987 -30.95248
v -87.09578 18.1565 -16.8498
v -84.16833 16.37222 -12.83886
v -82.64106 13.09344 -13.67885
v -86.6926 15.36579 -28.31096
v -85.369 16.08895 -26.13559
v -85.37051 17.83504 -25.62091
v -90.10523 -5.200253 -23.52412
v -89.43768 -2.961817 -22.88422
v -91.36604 -4.348405 -25.08374
v -90.97181 -1.35116 -24.17532
v -90.53657 1.005196 -23.49701
v -90.01318 3.328781 -23.05927
v -88.9751 5.484164 -22.10718
v -83.00808 -21.29522 -5.770167
v -82.82026 -20.82926 -4.308963
v -82.20733 -20.02402 -5.387967
v -83.90216 5.520681 -8.68286
v -84.55466 2.619028 -9.093087
v -83.88315 -0.3301347 -10.38198
v -81.39781 -7.712857 -9.999167
v -84.08762 -11.3032 -10.00169
v -82.77457 -20.89157 -6.640951
v -83.20432 -21.98164 -6.430501
v -83.34689 -21.74585 -7.234471
v -41.04322 91.29469 43.63138
v -35.47323 94.76437 45.37275
v -9.837395 94.67326 56.96738
v -9.620247 103.0208 47.79029
v -36.60406 101.5324 34.38924
v -37.19859 107.7187 21.20577
v -9.285055 111.0817 36.22187
v -8.851833 118.0058 22.50796
v -23.83581 122.1987 -10.19059
v -31.23754 119.0426 -9.719487
v -44.80654 110.2494 -9.265716
v -44.10605 107.6668 6.207446
v -37.71519 112.3236 6.603026
v -38.12292 115.0851 -9.51715
v -70.22128 50.29057 28.04468
v -65.27293 53.29731 37.63453
v -75.00385 55.5637 11.83303
v -74.44017 63.28775 5.558526
v -60.74768 90.566 4.332618
v -61.82329 92.8288 -9.203274
v -8.122512 121.9928 -48.12902
v -38.48307 115.3752 -26.12434
v -38.17163 113.0758 -42.81576
v -76.61018 61.8811 -5.333425
v -76.89258 60.46962 -16.35696
v -62.45088 92.87576 -22.40479
v -61.52454 91.73489 -35.56899
v -77.83897 46.84582 -31.79888
v -78.62624 49.48262 -21.18201
v -76.16108 58.52842 -27.2426
v -75.26704 55.64043 -37.99219
v -74.36787 51.16964 -48.27047
v -71.44684 58.308 -55.37439
v -73.52199 45.12577 -57.25745
v -70.66594 51.30101 -64.31551
v -44.9 -90.84132 -65.65431
v -44.57204 -100.9915 -67.06837
v -40.20743087642156 -103.99999991397307 -72.68095275825979
v -44.62965625257797 -104.00000013254937 -67.35299365389304
v -7.981514 115.7864 -66.05664
v -7.599578 106.4328 -82.37106
v -7.305357 94.58084 -96.21559
v -7.319906 81.45947 -105.9465
v -7.380027 54.88299 -117.7581
v -7.403622 68.00257 -112.7726
v -7.161666 41.39627 -121.0781
v -6.856249 27.20356 -122.9916
v -25.48274 -2.819943 -116.5877
v -19.23062 -1.896621 -119.1335
v -5.679591 -27.35348 -110.9792
v -5.508847 -39.06796 -102.0739
v -5.408149 -47.30778 -95.39892
v -4.632052 -84.647 -84.45647
v -4.6771 -75.09734 -85.36052
v -9.542469487264542 -103.99999999815547 -83.78192096521084
v -9.546942 -94.57224 -84.31509
v -4.600355 -93.95242 -84.14874
v -8.438814839873299 -104.00000000064018 -83.78983261758637
v -4.576741 -103.6497 -83.83733
v -36.66743 88.96322 -88.97495
v -35.92053 76.78268 -98.59518
v -43.36285 95.97869 -72.38811
v -43.89346 103.6916 -57.23586
v -37.82823 107.6159 -59.77041
v -37.19371 99.3618 -75.82666
v -41.19204 48.8004 -106.6102
v -41.89587 61.55874 -101.703
v -34.56142 50.65996 -110.331
v -35.25868 63.69616 -105.4705
v -33.9272 37.26696 -113.4166
v -33.25159 23.5851 -115.1224
v -37.79084 -4.374628 -110.0347
v -38.86455 8.731147 -111.6883
v -31.7696 -3.648886 -113.5048
v -32.61796 9.666853 -115.1657
v -30.70534 -16.672 -109.9905
v -29.4344 -29.19558 -104.2931
v -33.61581 -50.38753 -87.88661
v -34.23417 -41.00103 -93.98389
v -27.94903 -49.67598 -91.18491
v -28.38843 -40.43895 -97.48972
v -27.52034 -58.38958 -85.96721
v -26.66692 -67.66566 -82.49328
v -30.70976 -87.65943 -77.98288
v -31.25872 -78.05381 -77.57454
v -25.52166 -86.93591 -80.56897
v -25.94471 -77.45183 -80.61583
v -60.46139 88.32716 -48.42429
v -59.7082 82.84702 -61.20621
v -63.32034 60.97652 -76.42188
v -62.611 50.51239 -83.13545
v -66.46329 47.05946 -77.69431
v -67.24929 56.87575 -70.53999
v -64.70138 26.16397 -86.33229
v -65.53546 37.01991 -83.00482
v -60.07526 16.70429 -92.76857
v -58.85254 5.013548 -92.29911
v -63.8103 15.23338 -87.68578
v -62.65645 3.949804 -87.00137
v -58.43676 -18.42506 -80.99004
v -60.57781 -7.564254 -84.62939
v -53.32574 -29.15603 -82.6526
v -52.33001 -39.4656 -76.15147
v -56.63689 -28.42692 -76.30518
v -55.14516 -38.13535 -69.9696
v -52.55954 -52.9434 -59.41213
v -53.66668 -46.34628 -64.16458
v -53.7964 -65.73761 -49.53206
v -56.58311 -66.59651 -42.2906
v -55.22233 -57.54365 -47.3173
v -57.43507 -55.96038 -42.06319
v -75.49804 11.79309 -58.96375
v -77.37596 8.81332 -51.20626
v -78.25783 14.87719 -49.11435
v -76.24988 19.15808 -56.58245
v -74.40349 -11.19953 -47.76187
v -72.6451 -11.21844 -55.33466
v -59.78415 -28.21786 -68.74171
v -62.72678 -27.53088 -61.41464
v -74.90206 4.454325 -59.51259
v -74.13577 -3.471856 -57.87358
v -62.92638 -45.23192 -36.55074
v -66.45733 -40.89731 -28.71145
v -64.442 -38.69547 -39.38932
v -67.5414 -35.64816 -32.53921
v -21.3515 -101.2349 34.25325
v -15.47149967148339 -104.00000000286354 35.62927521486913
v -16.50195 -103.0122 38.67771
v -60.64747 -70.77021 7.886669
v -60.0935 -72.62291 12.65907
v -48.78961 -88.00215 2.795303
v -15.8877 -44.95 94.83329
v -19.12756 -45.65555 92.44832
v -16.17381 -46.09575 94.52964
v -19.31019 -46.6301 92.04285
v -21.99893 -47.02509 89.84059
v -22.18432 -48.10966 89.14429
v -24.39746 -49.76827 86.14474
v -6.544374 -57.77558 97.35171
v -10.39466 -57.285 96.29304
v -10.72659 -58.38918 96.41011
v -11.0279 -59.54674 96.42084
v -24.79524 -61.46727 84.39771
v -25.45802 -63.27659 83.86107
v -26.47674 -56.8732 81.92293
v -24.32149 -59.77895 84.8431
v -23.06015 -43.95441 89.14673
v -23.56241 -46.0951 88.64588
v -20.42664 -42.63562 91.26857
v -38.51815 -51.61735 77.10092
v -31.1453 -36.04647 81.85514
v -29.43367 -31.69455 81.83506
v -26.72802 -31.81802 82.78992
v -33.2161 -45.09875 81.34695
v -32.51526 -40.61231 81.64714
v -59.58089 -33.43728 61.55839
v -63.3276 -33.32501 54.2501
v -59.12324 -38.03824 60.08848
v -62.35671 -38.35745 53.21514
v -79.82985 10.62189 -36.14696
v -79.50845 12.40866 -42.04485
v -80.52682 12.96051 -28.99782
v -80.5857 15.81192 -24.88728
v -72.20326 -40.83668 3.231774
v -71.45432 -41.35205 9.68801
v -72.90095 -37.96496 4.567725
v -43.49231 44.28936 71.65001
v -49.76399 40.72705 67.28901
v -9.007401 -31.0619 94.59953
v -8.720288 -29.53499 94.58086
v -44.11742 18.97966 67.27213
v -42.8933 20.62429 68.87956
v -12.78722 -27.08952 93.56799
v -15.09322 -27.2993 91.40936
v -12.36414 -27.9557 92.68902
v -14.90622 -28.24693 90.46595
v -80.35953 15.97491 -18.33006
v -81.22238 14.93169 -21.49095
v -80.8513 14.85053 -22.57139
v -53.88344 -97.93971 -49.80483
v -54.16228953933451 -104.00000001154739 -50.61323834924146
v -57.29882 -101.6804 -43.39066
v -57.40905651615139 -104.00000007074729 -43.61207637038951
v -60.47175 -58.60631 -34.43562
v -60.94582 -65.12896 -30.79915
v -58.97118 -47.48634 -42.87532
v -60.66488 -52.93827 -36.21809
v -22.26458 -24.59524 83.9401
v -16.84163 -55.02476 91.13676
v -27.15266 -52.84148 80.02657
v -27.3039 -52.65269 80.30638
v -26.43731 -52.84596 80.46716
v -26.46672 -52.72967 80.71825
v -9.319033 -51.70829 94.12418
v -12.80913 -52.00117 92.36555
v 15.08721 -95.13235 -83.86892
v 20.2482 -95.80793 -82.84112
v 14.836279809796952 -104.00000000385835 -83.45043015921338
v 19.93575404128569 -103.99999999465363 -82.67617803459751
v -76.56419 -29.85179 -9.177967
v 82.48915 -21.99155 -3.905472
v -80.69639 -19.70943 -1.793257
v 81.02178 -29.59955 -14.03361
v 81.39841 -28.35734 -14.61909
v -78.34226 -29.36801 -11.3688
v -28.04857 -52.79707 80.18881
v -28.2174 -52.91464 80.09097
v -27.00786 -53.73238 80.74957
v 86.11423 8.403678 -22.77603
v -85.37179 7.893025 -17.76225
v -86.26245 3.615738 -15.96582
v 85.02303 -8.051159 -19.07726
v 84.50533 -5.72413 -17.85385
v 84.56193 -6.16093 -16.30772
v 84.2633 -9.122105 -16.81734
v -80.25475 -13.32652 -12.00155
v -82.03147 -11.44775 -14.44088
v 83.62796 -13.27598 -16.3987
v 81.93492 -15.50321 -13.92937
v -81.7935 -17.35043 -9.811547
v -80.56576 -14.93097 -11.93269
v 84.89866 -0.5705433 -20.19954
v -83.57639 0.9148753 -18.0497
v -84.4011 -0.01123025 -20.0715
v 69.96543 -11.55791 48.59253
v 64.66905 -0.9544252 52.70053
v 8.085792 38.5905 87.04832
v 6.724828 34.62501 85.1284
v 9.315147 20.76432 79.72347
v 14.78101 19.0031 71.60555
v 13.48 20.79717 73.69005
v 12.19685 22.64195 76.05824
v 43.33162 15.52301 64.57523
v 40.25058 14.14393 67.24901
v 40.42479 13.77053 67.38905
v 17.47405 9.321795 74.05588
v 26.28091 -53.8471 79.12363
v 26.34206 -53.1948 80.76003
v 26.17629 -53.41131 80.53249
v 25.47627 -52.26707 82.40732
v 23.69247 -51.28442 84.75507
v 26.35401 -53.65155 78.61659
v 27.90479 -54.44666 76.88132
v 19.80802 -59.84106 88.37453
v 16.48052 -43.82015 93.65882
v 17.13608 -44.90407 93.34286
v 24.07471 -53.77538 81.29851
v 77.44103 -34.5776 -5.172369
v 78.04626 -34.44822 -5.11115
v 79.07666 -34.75319 -4.75558
v 84.13167 -22.62767 -10.61091
v 84.90445 -25.38739 -9.454725
v 81.53299 -28.11022 -3.228008
v 81.63947 -29.79358 -3.156176
v 82.38612 -13.7543 -12.57047
v 82.35669 -16.63444 -10.32498
v 83.85118 -16.61213 -10.61373
v 82.32035 -18.61168 -7.105374
v 82.4503 -21.6294 -7.273588
v 86.54269 2.918166 -16.18789
v 84.58506 16.5015 -23.1022
v 85.94729 15.99429 -25.33183
v 79.94779 -24.6422 -10.42389
v 85.18804 -20.87675 -11.51061
v 84.24072 8.557566 -20.88363
v 85.53936 7.089509 -18.8943
v 89.35146 -17.62971 -22.46866
v 94.37563 -1.448192 -32.84804
v 89.52785 -16.66848 -20.2972
v 90.95883 -13.90749 -22.2646
v 91.70245 -10.48643 -24.0372
v 81.44477 -26.2686 -3.419569
v 81.22089 -20.31036 -1.534828
v 80.30882 -24.81582 -1.109209
v 83.59541 -9.757193 -7.647252
v 81.59816 -15.7994 -2.085505
v 83.28137 -9.420247 -15.22273
v 89.18645 10.37695 -27.93645
v 92.81609 -1.426334 -27.30079
v 93.21281 0.4780819 -29.06809
v 93.0538 2.269592 -30.6916
v 92.0414 4.720577 -30.21257
v 88.13091 12.26486 -29.11825
v 87.68967 14.30177 -29.99783
v 86.42969 14.9064 -27.84326
v 36.06813 27.26247 72.55468
v 49.83057 23.05241 65.95756
v 48.53018 22.2219 66.13699
v 47.07969 21.85245 66.25796
v 48.3896 20.03149 64.07587
v 49.33315 18.23428 62.02631
v 17.9782 16.23275 69.04111
v 18.30451 16.2151 68.55116
v 18.46551 16.88123 68.77943
v 18.14958 17.02987 69.23587
v 17.78489 17.14701 69.46778
v 20.85431 -51.92924 86.08792
v 62.13184 -76.61828 -0.132
v 81.1441 -9.607374 1.778067
v 80.48016 5.947573 4.03956
v 66.53247 -69.18954 -19.52232
v 66.32714 -70.32849 -13.09515
v 62.05454 -97.7965 -35.05275
v 63.67711 -101.4243 -27.62113
v 61.91126785840824 -103.99999989278683 -35.43257961937097
v 63.672438987832436 -104.00000004068981 -27.680353237709813
v 63.8066 -103.8984 -20.85095
v 63.808279847095946 -104.00000000287271 -20.85878683439585
v 19.3933 -58.09446 88.31483
v 19.55437 -58.98256 88.43343
v 33.15406 -98.1007 60.09759
v 34.46013 -96.29581 63.79698
v 51.60762 -55.91852 -64.81621
v 49.07934 79.44538 42.10358
v 93.00637 -18.08296 -25.51486
v 88.36616 -29.13188 -19.34984
v 85.03116 -1.016359 -8.597486
v 85.29633 5.023032 -7.467053
v 94.39144 -12.42335 -31.1893
v 87.34499 -12.65136 -31.95926
v 89.04926 -5.181752 -34.78871
v 81.57896 13.03127 -11.86581
v 85.05428 -27.94856 -21.40545
v 86.91049 -28.33327 -13.03988
v 86.31255 -32.09312 -14.94768
v 87.56742 -30.83978 -13.86572
v 84.93008 -27.06221 -10.06569
v 83.59795 -34.02805 -4.588809
v 86.00739 8.456009 -8.577174
v 86.29383 7.25915 -9.927167
v 86.89874 18.26512 -12.37501
v 85.77232 18.62189 -12.69804
v 95.24773 -2.825234 -33.31546
v 91.99442 7.457341 -33.84856
v 90.89751 10.87406 -33.62887
v 89.39722 -17.93835 -21.20031
v 54.84512 33.85839 60.3763
v 49.19367 38.10408 65.55433
v 43.53959 41.49746 69.40021
v 6.709232 -27.97413 96.51067
v 8.419981 -28.49473 94.69285
v 10.2334 -28.80868 93.13008
v 12.24809 -25.50229 96.3146
v 13.87058 -24.37742 96.87331
v 45.32002 17.07478 62.40873
v 44.8563 16.61176 62.82543
v 17.878 -16.5632 96.46732
v 81.37923 -26.9223 -15.7341
v 65.44589 72.78564 18.63861
v 69.47102 71.69791 8.690445
v 29.76766 -63.46216 72.55219
v 28.36315 -63.80905 74.54308
v 26.87175 -64.25684 76.58009
v 28.34495 -46.75119 73.88066
v -68.40073 -9.854202 50.82694
v -62.15364 0.2693023 55.81485
v -6.982545 34.89148 85.45366
v -9.180997 38.70744 85.5735
v -8.029651 20.6853 80.63564
v -10.57484 16.75972 76.84121
v -10.71685 22.45538 77.42943
v -38.74038 12.52261 70.3787
v -41.82987 14.73759 67.8578
v -38.49032 13.0304 70.31238
v -41.45658 15.13136 67.71108
v -43.03543 16.33757 66.1504
v -43.49345 16.07019 66.1994
v -15.67554 8.468941 75.92062
v -26.94745 -52.3305 80.90621
v -26.40342 -52.45295 81.01711
v -24.69815 -52.45968 82.46372
v -24.74858 -51.5659 83.8138
v -24.6366 -50.72969 85.04236
v -21.12535 -59.23939 88.95356
v -24.96321 -52.83047 81.83954
v -77.386 -32.39653 -2.386063
v -76.08152 -32.08074 -2.766499
v -75.36786 -32.08688 -2.938699
v -83.08267 -23.16369 -7.425689
v -80.02195 -27.19234 -1.37536
v -79.88393 -25.6432 -1.311319
v -80.27647 -19.83143 -4.80898
v -80.2253 -17.85214 -4.718912
v -82.09897 -14.68074 -8.45995
v -85.16444 4.457286 -14.08967
v -84.35999 18.96626 -22.82274
v -84.90944 17.23492 -23.54934
v -83.01899 9.950246 -18.97067
v -84.64973 11.80151 -20.24873
v -85.42389 13.14791 -20.83559
v -85.67207 10.95058 -21.1508
v -87.13062 8.973392 -21.62409
v -79.58301 -24.92523 -13.90273
v -92.20224 -1.465054 -30.03706
v -92.36385 -1.391688 -30.6316
v -90.29387 -8.684804 -22.45989
v -86.62103 -16.32855 -15.73715
v -78.43216 -22.44393 1.142997
v -79.3089 -18.05731 0.6536627
v -81.86887 -7.82971 -5.456907
v -81.84309 -11.38581 -4.140568
v -79.73695 -13.66787 0.1818531
v -80.94796 -20.46928 -5.860402
v -81.04204 -8.4152 -10.82146
v -83.34764 -5.842782 -10.82768
v -83.80128 -3.08624 -10.5606
v -81.82838 -11.98672 -10.0873
v -89.86773 7.927511 -27.87546
v -90.31471 5.37173 -24.64543
v -90.21556 6.934671 -26.27689
v -90.76273 6.013655 -28.61531
v -91.7735 3.666889 -29.18542
v -85.94195 13.96546 -21.82372
v -34.73204 25.46786 73.5917
v -49.47126 23.9342 68.71315
v -50.75071 21.59447 66.02923
v -50.85726 18.74608 63.88549
v -48.80869 18.31611 64.86626
v -17.58749 16.14979 69.91348
v -17.61092 15.72538 69.84604
v -21.9817 -51.65408 86.23465
v -59.20792 -73.03403 -0.2577308
v -78.8996 7.707365 6.752857
v -63.59767 -67.47726 -12.73723
v -63.78489 -66.67815 -19.18526
v -61.7141 -102.3292 -21.71642
v -61.76117 -100.0091 -28.25432
v -61.9449421534257 -103.99999999592599 -28.308232626265198
v -61.82678465719714 -103.99999995314708 -21.811744366438532
v -60.29995 -96.54104 -35.48713
v -60.463982236169436 -104.00000000144266 -35.90103800926753
v -27.75821 -52.67498 80.19701
v -20.83871 -58.36882 88.98757
v -20.64489 -57.46358 88.83758
v -36.17416 -95.63528 63.24796
v -34.45879 -97.27051 59.48874
v -50.37138 -55.08056 -64.57204
v -51.33583 78.54995 44.02104
v -88.04717 -24.65594 -15.4916
v -82.02998 12.73163 -5.149584
v -83.92044 12.61789 -5.863333
v -82.36951 -14.45918 -4.362189
v -82.51582 -19.26329 -3.932914
v -93.04282 -10.85622 -29.75501
v -94.44778 -2.235958 -32.84197
v -80.39314 14.42826 -9.660753
v -82.45483 -23.46967 -18.97635
v -83.44401 -26.02485 -19.71381
v -84.74318 -22.64911 -23.364
v -86.58576 -25.84059 -12.85482
v -85.23543 -26.29591 -11.11043
v -85.79484 -28.76738 -12.02861
v -84.5479 -29.99949 -13.13509
v -83.66036 -31.36915 -11.33046
v -83.02544 -24.82029 -8.090256
v -84.88028 8.817677 -7.718643
v -84.60374 9.986122 -6.306735
v -83.84739 17.36412 -7.539137
v -84.66183 20.00076 -10.46414
v -90.09686 11.96467 -31.93144
v -84.27589 8.528015 -16.88053
v -44.66888 37.15517 74.23681
v -44.0466 39.86803 73.7074
v -43.50957 42.24837 72.86757
v -49.56313 38.65966 68.70708
v -54.98034 34.42123 63.84683
v -10.10672 -26.28305 96.34325
v -43.94841 16.62932 65.8944
v -43.81681 17.3339 66.26221
v -43.50153 16.79897 65.76966
v -43.34893 17.23965 66.05881
v -17.57044 -16.34916 96.19996
v -69.85548 71.92532 10.56401
v -66.17812 72.79215 20.65678
v -27.9346 -63.36618 76.94749
v -29.29232 -62.85915 74.87891
v -30.62868 -62.43747 72.82912
v -29.98101 -46.34823 72.35301
v -28.7058 -45.44318 74.00771
v -27.40396 -44.60182 75.66386
v -13.89135 -24.26282 96.57701
v -12.28982 -25.3731 96.20306
v -10.41154 -27.49207 94.29561
v -10.40749 -28.56633 93.22252
v 81.48332 -32.66732 -14.03527
v 69.60879 -56.41234 23.4111
v 74.59274 -40.26992 8.397712
v 48.2732 -96.9076 7.62704
v 47.65186 -102.5211 6.040873
v 47.706212937164885 -103.99999991790567 5.910941978689783
v 51.695080479506544 -104.00000001149013 1.6691934219660094
v 55.47345169508643 -103.99999991674426 -2.82957238204672
v 63.72138002429489 -104.00000000043637 -20.445950756583564
v 61.16449 -94.02721 -10.08835
v 64.1188 -70.57777 33.99665
v 64.43789 -73.82902 15.81492
v 69.11688 41.96838 29.7485
v 68.15315 34.20166 34.07907
v 73.04044 22.98652 26.74755
v 76.48437 20.17598 15.42771
v 77.44743 42.32066 -42.85846
v 80.74438 39.78861 -17.90535
v 81.2667 31.95659 -13.41589
v 66.5652 -61.01963 -23.87437
v 66.79218 -53.89935 -26.18382
v 67.4128 -48.30993 -27.8773
v 71.58791 -38.13641 -23.66171
v 73.62946 -32.30079 -19.12762
v 67.12017 -48.27925 37.30255
v 66.48872 -54.53325 36.93354
v 68.08218 -58.7355 29.70486
v 65.15139 -71.60289 10.39958
v 67.30025 -66.12451 6.615095
v 69.21008 -61.26461 7.811747
v 5.106709 -99.95618 92.0192
v 9.527096 -99.8353 90.73223
v 14.43286 -89.22127 91.91479
v 24.98807 -94.85147 82.07807
v 24.96308 -90.77823 83.53326
v 24.49052 -86.02915 84.14049
v 19.54706 -87.93401 88.37251
v 5.388996 -79.80589 93.4601
v 1.77725 -79.99875 94.24412
v -1.69891 -80.07675 94.42776
v -2.366354 -85.2934 95.94519
v -2.862145 -90.67043 96.15073
v 14.4035 -102.2485 85.51447
v 14.031869349356374 -103.99999999994279 81.36456954024798
v 20.08496 -4.043789 81.67049
v 15.84999 6.692415 78.226
v 13.73934 8.508657 79.99099
v 56.24204 -24.66636 68.97917
v 49.37569 -23.4321 74.78002
v 42.74264 -26.72321 78.29088
v 43.335 -31.68255 77.50304
v 60.7808 -13.21876 63.06936
v 72.6526 7.976475 36.42188
v 68.05221 3.013945 46.30797
v 53.68965 -44.93511 64.87125
v 54.434 -39.73997 66.11504
v 0.9113079 11.44673 96.09745
v 0.9379675 5.932203 100.6891
v 5.183232 0.141992 103.4424
v 18.49872 65.30865 71.11305
v 23.20598 64.91101 69.52659
v 32.82729 75.22386 60.34004
v 59.68792 -60.88334 50.17754
v -3.12552 -103.2604 88.96654
v -3.028974500462284 -104.00000000317812 87.01162279208866
v 46.01853 -84.54074 59.63334
v 45.30735 -93.13599 24.44252
v 47.13659 -91.68822 38.8837
v 41.73206 -94.7582 43.99966
v 10.8377 -9.620893 104.4204
v 10.39844 -6.539405 102.0185
v 29.4257 -17.56653 81.15669
v 15.61315 -31.78007 89.05694
v 15.01908 -30.5094 89.12578
v 14.81922 -29.52332 89.49473
v 12.44579 -29.40575 91.29159
v -0.1366243 -27.42027 104.0911
v -0.1085461 -28.41353 101.9827
v -0.06945547 -29.37152 100.3499
v 1.662572 -29.05991 100.0264
v 5.91362 -20.71857 111.5923
v 11.47619 -18.16895 106.6428
v 11.63737 -16.23519 107.0221
v 27.81625 -63.74392 80.47314
v 24.70346 -66.21918 82.62623
v 22.51257 -76.11182 84.12505
v 4.167297 -34.43958 97.11406
v -0.0294454 -31.56457 98.4075
v 9.690691 5.796313 91.97227
v 6.446857 -30.9829 95.99733
v 6.453725 -29.41048 96.09245
v 4.798069 -26.39068 101.0666
v 5.466414 -41.49551 98.59338
v 5.058746 -39.66525 98.07446
v -0.4832872 -38.53427 97.2768
v 23.44902 -36.09087 85.70384
v 6.590712 -67.01559 93.49454
v 6.289993 -68.75911 92.2681
v 13.68105 -70.43465 89.14811
v 27.08745 -51.63276 81.66904
v 24.97466 -48.33682 85.52035
v 17.91085 -14.49167 93.55351
v 20.80582 -66.01144 85.81981
v 20.54934 -64.38712 86.56244
v -0.4655789 -71.29707 92.03098
v 59.69523 20.42907 54.13044
v 59.49836 28.44518 54.01077
v 29.42485 52.08353 74.09713
v 35.83411 50.07444 70.38567
v 42.76868 58.64435 59.76469
v 55.44912 39.24133 55.80301
v 33.16626 43.49744 78.60246
v 34.22902 39.98964 77.6173
v 55.16342 35.91771 58.36792
v 25.72583 32.36886 77.1703
v 24.85371 34.04563 78.63482
v 20.63046 34.3459 81.75869
v 17.35959 33.46854 81.51363
v 6.726701 19.09309 83.9559
v 4.194487 19.14156 87.02734
v 4.489025 16.97309 88.9556
v 39.33924 -10.66088 76.77161
v 28.3739 -0.4644468 74.78037
v 23.23823 1.803282 75.37244
v 56.54604 11.44354 55.32374
v 34.58814 37.23686 76.56434
v 34.93922 34.93883 75.97102
v 52.33074 25.97256 65.05933
v 53.45322 27.87556 64.18004
v 54.58792 12.24518 56.62817
v 42.56928 22.08498 67.40731
v 44.19128 20.54638 65.66386
v 40.78542 23.25971 68.9343
v 38.70212 24.32474 70.09647
v 36.37231 25.09071 70.74562
v 33.47341 25.54135 71.03937
v 30.67661 24.89852 70.9298
v 25.05075 23.116 70.42603
v 27.80121 24.23766 70.80756
v 28.08839 23.8135 70.49108
v 30.83974 24.45508 70.5765
v 20.21582 19.73074 69.71487
v 22.39677 21.55883 70.01913
v 22.77364 21.15677 69.67721
v 25.45537 22.67434 70.16846
v 18.82491 18.1927 69.4789
v 19.15755 17.94526 69.0482
v 20.63519 19.41295 69.33456
v 49.82174 14.91866 60.03918
v 46.5972 25.26731 69.15942
v 43.23529 27.4214 71.53406
v 25.00186 11.71263 71.38908
v 21.40156 12.75966 70.67857
v 21.20222 9.519398 72.02077
v 17.11568 13.39172 71.56534
v 18.90759 14.55868 69.36607
v 19.76713 15.06133 68.81828
v 18.97615 14.99715 68.93161
v 19.136 15.32673 68.61043
v 45.36777 18.83226 64.04046
v -0.06720325 29.93122 84.96588
v 2.444671 29.72256 84.68508
v 4.722816 29.169 84.14873
v 5.543654 31.72864 84.36631
v 17.53018 7.622834 75.30055
v 11.42981 24.14949 77.77392
v -0.6215178 -45.87946 99.79918
v -0.6302994 -47.30154 99.56728
v 6.127596 -48.28608 97.82072
v 5.851894 -49.54723 97.05449
v 11.43361 -45.91676 96.72517
v 5.235998 -50.9009 96.19749
v 4.631328 -51.92972 95.23546
v 12.73993 -56.44991 93.70073
v 13.15965 -57.66537 93.81644
v 12.18392 -55.13297 93.43231
v 4.692006 -53.68253 96.02898
v 6.143697 -59.21139 97.29952
v 2.323838 -57.01518 97.46742
v -0.5007349 -57.22214 97.60216
v 4.158714 -54.94587 89.70853
v -0.332384 -62.69896 97.71052
v 3.045691 -62.37782 97.61703
v 6.724563 -61.64844 97.15116
v 6.453999 -60.47268 97.30936
v 4.542897 -52.85884 95.62196
v 4.458738 -52.42737 95.09693
v 11.27238 -52.74549 92.21339
v 7.654912 -52.50501 94.07275
v 14.84208 -53.23583 89.6329
v 17.23501 -60.8783 91.02182
v 14.17908 -61.10189 93.48547
v 10.54148 -61.08822 95.8179
v 27.95269 -53.59015 79.7865
v 27.55832 -54.03892 79.75632
v 7.344578 -54.99957 88.70736
v 14.38859 -64.79093 91.68445
v 5.228824 -49.55388 89.78599
v 10.02665 -43.24522 86.76054
v 12.50413 -43.61645 85.68899
v 14.93815 -43.96711 84.57205
v 25.2347 -64.31427 78.0248
v 23.57869 -64.46669 79.5079
v 4.230859 -58.44116 88.94992
v 3.912833 -62.60492 88.86906
v 1.707205 -62.63566 88.94376
v -0.5003808 -62.61415 88.98593
v 5.31057 -46.41234 88.67009
v 5.386888 -42.66154 87.88844
v 7.707587 -42.97974 87.34627
v 77.56206 -17.28235 -32.02851
v 79.86947 -4.965545 -35.00086
v 82.37527 -4.548092 -35.53677
v 81.02968 15.20747 -8.835379
v 80.41004 12.15285 0.2454357
v 81.41311 14.34226 -15.78959
v 76.32852 -31.53873 -12.51021
v 76.9296 -21.82489 -22.06058
v 78.84629 -21.89936 -21.32932
v 83.13887 -17.002 -26.93735
v 86.70518 -29.28952 -20.79956
v 87.3586 -30.78877 -16.95382
v 78.03848 -34.80627 -8.530787
v 78.47715 -34.00837 -10.64355
v 87.1953 -20.50069 -19.97926
v 93.01941 -4.665335 -27.94973
v 89.42852 13.02663 -32.06014
v 83.2948 -6.113151 -9.322506
v 78.03941 -29.39239 2.993052
v 78.79221 -28.75286 0.4729544
v 83.62411 -21.09651 -7.177107
v 85.80042 22.77463 -23.09259
v 84.51953 21.28803 -18.13952
v 83.4853 18.60162 -14.36155
v 84.54918 18.64877 -13.33752
v 87.10378 22.21432 -28.054
v 85.29848 15.1492 -32.67729
v 89.29237 1.414612 -37.55871
v 87.64516 6.994104 -37.55363
v 89.40095 9.640275 -38.56707
v 88.21821 7.660293 -23.32646
v 89.0658 9.177425 -25.52765
v 81.70885 -10.23642 -1.332202
v 83.55258 5.922549 -32.94684
v 84.6664 8.299685 -32.2151
v 84.63427 11.08396 -30.82286
v 86.5299 11.39221 -35.35557
v 79.88165 -26.0796 -15.59619
v 78.13818 -34.96128 -6.551759
v 82.38519 11.61238 -28.402
v 90.38551 6.078125 -25.2419
v 83.89621 -0.9151315 -18.00349
v 10.54502 79.51772 67.03425
v -2.08359 95.25105 56.94332
v -3.204151 63.38657 74.5411
v 9.213114 72.26418 70.37234
v 0.0097927 -24.86412 109.4521
v -0.1046895 -26.27875 106.7562
v 5.971173 -12.18616 112.7364
v 0.4295226 -14.12241 115.2117
v 0.4563209 -16.38841 115.5197
v 0.4456004 -18.72225 115.13
v 0.3661239 -20.96997 114.0183
v 3.217124 -20.90627 113.3618
v -0.04524361 -30.31945 99.23582
v -0.2647585 -36.84887 97.06748
v 0.2270167 -23.03005 112.0449
v 5.720357 -10.05561 111.7131
v 3.018953 -6.830457 110.8394
v 0.5364084 -6.609782 111.0104
v -0.9734665 43.17321 88.15443
v 4.294697 43.15011 84.26183
v 8.776358 50.90952 80.83559
v -0.07259409 22.21635 86.63866
v 3.921362 24.90129 84.45094
v -0.1359437 23.99277 85.77145
v -0.6838903 -49.28343 89.98476
v 2.349511 -49.37928 89.96735
v 23.52181 84.33443 60.62642
v 25.30801 90.81509 54.65003
v 13.83045 51.88851 79.96758
v 23.22 39.81937 82.60139
v 26.81727 30.35923 75.2429
v 40.49355 98.09032 32.06884
v 42.77475 82.78806 46.83818
v 28.87587 40.46765 82.64725
v 35.73251 28.18093 73.23235
v 44.47873 64.1698 56.00578
v 59.27708 63.32232 38.42875
v 60.03086 69.26761 33.09468
v 51.12431 24.40633 65.61446
v 18.30402 25.10971 72.91895
v 79.97299 19.26329 -46.12066
v 76.8687 -5.537164 -51.10883
v 77.56819 1.351068 -52.46536
v 79.67959 6.034862 -45.08708
v 80.3423 4.869384 -39.00873
v 70.67 -31.57384 -37.66859
v -2.804054 57.02994 81.14725
v 26.18183 -101.4938 43.56534
v 55.14803 -83.54801 42.28992
v 27.07498 98.15342 45.87477
v 15.04432 109.9085 35.845
v 60.52293 -72.92508 42.06192
v 55.81998 -80.12593 46.07121
v 8.190612 -38.07063 96.88388
v 20.92205 -40.97493 89.91125
v 10.89195 -38.80118 95.72749
v 14.09369 -39.52467 94.18361
v 13.1778 -37.3529 93.9105
v 12.26844 -35.33632 93.51035
v 34.51128 -54.2649 78.53414
v 35.22958 -51.17817 79.19985
v 70.66579 16.47683 36.40476
v 49.8859 16.38434 60.56938
v 76.32223 -20.71839 -28.23301
v 78.66269 -22.21403 13.03837
v 78.49228 -9.240474 25.12741
v 50.54506 8.941201 60.01745
v 49.04342 10.91766 60.54304
v 72.84608 -34.88141 25.24507
v 28.16317 -12.43365 80.38303
v 22.86029 -5.995099 80.31093
v 14.80398 -3.541418 89.20904
v 15.19064 -7.535358 91.68269
v 33.99282 -38.285 80.65314
v 38.328 -39.56615 78.58896
v 5.657241 -34.32484 96.77683
v 52.66723 -50.61511 64.02252
v 51.57352 -56.44241 63.71082
v 55.88321 -59.10153 56.98568
v 25.22316 -39.67079 85.79064
v 42.59142 -51.23361 74.1356
v 50.44131 -62.01153 63.53186
v 48.57996 -66.89082 64.37161
v 34.36083 -81.23373 74.71133
v 50.15336 -3.287055 67.86575
v 52.33923 -7.726137 68.93213
v 46.7363 9.592772 63.2755
v 47.83009 7.480825 63.05093
v 47.20965 -53.65091 69.39046
v 36.71812 -65.9523 75.46261
v 34.11795 -68.95583 76.52361
v 23.5605 -81.07535 84.21964
v 32.53404 3.050104 72.19198
v 33.84301 0.7788327 72.67498
v 31.45643 4.949174 71.9417
v 11.93204 3.274248 89.24714
v 71.82655 -23.92427 38.89917
v 13.53504 -74.15541 89.10593
v 25.00328 13.01785 70.87747
v -0.9508972 -75.23929 92.66984
v 8.316821 27.55374 82.09554
v 6.697753 28.44604 83.27917
v 4.149394 26.93933 84.24493
v 16.74677 -33.62012 89.14484
v 17.57367 -40.24581 92.12724
v 15.30457 -41.9263 94.04289
v 31.52643 -102.9826 23.35403
v 31.38546510662058 -103.9999999874106 22.98591508287553
v 50.90728 -80.39755 55.4792
v 33.53486 -56.81548 78.10064
v 57.32113 -83.74844 21.75499
v 43.60781941694167 -103.99999999864873 9.963004900931878
v 73.96821 -23.72075 32.50301
v 59.02676 -81.70996 14.92408
v 71.74545 -40.15763 25.25397
v 77.6758 -16.579 26.06178
v 61.14791 -89.21978 -8.771379
v 61.09152 -84.67088 -6.39288
v 59.00705 -85.44358 -2.171491
v 56.90476 -86.38483 2.46678
v 58.4059895210679 -104.00000000481388 -7.032935215248211
v 61.4104 -80.44152 -3.361559
v 63.23111 -83.57067 -10.29218
v 64.50834 -75.32214 -26.171
v 75.40771 -35.63892 -10.64147
v 27.539820347924326 -104.00000000841739 26.939420312577933
v 26.760897018143808 -104.0000000043587 28.232568521487227
v 29.56574 -83.90063 79.32725
v 23.94038 -53.82499 81.044
v 17.6269 -53.61534 85.39716
v 17.44448 -54.22293 84.48934
v 20.18522 -64.16571 81.41012
v 16.87676 -63.91948 83.40775
v 78.11614 52.7859 -1.299877
v 52.15499882726984 -104.00000001832159 -56.22303918456693
v 49.80551722231343 -104.00000001678092 -60.16255666345926
v 49.01159 -103.4576 -61.43755
v 49.0166956610957 -104.00000002414384 -61.50373242605794
v 58.84364 -93.20401 -42.14679
v 30.3005 116.3856 6.580088
v 23.19952 119.6499 6.677187
v 15.75391 121.9577 6.660627
v 15.49848 116.8444 22.25232
v 31.52219 110.7638 -62.22566
v 30.94782 102.1881 -78.50817
v 15.11348 94.17196 -95.59441
v 28.71055 65.43945 -108.5703
v 14.87552 81.30791 -105.2865
v 16.28227 120.9363 -47.63445
v 16.17128 124.048 -29.10891
v -0.3384327 123.5092 6.407386
v 7.825563 123.1693 6.525174
v 15.96199 124.3839 -10.74124
v 28.11333 52.16315 -113.3966
v 14.53617 40.78585 -120.256
v 26.4833 10.53849 -118.1856
v 20.08632 11.47045 -120.6574
v 13.62121 12.22206 -122.422
v 14.0973 26.5349 -122.1204
v 22.96006 -39.95392 -100.1494
v 12.02806 -27.61663 -110.2926
v 12.70157 -14.51683 -117.292
v 0.1592277 12.69564 -123.6738
v 6.948205 12.64376 -123.3889
v 13.21024 -1.277112 -121.0292
v 21.22051 -77.00225 -83.0734
v 20.71275 -86.46087 -82.65539
v 4.944870134987921 -103.99999997784425 -83.82627865185164
v 0.1864649 -103.4297 -83.79795
v 0.18022982239628804 -103.99999998114878 -83.80427364514779
v 0.2694999 -93.63837 -83.9115
v 22.78518 -49.04879 -93.66229
v 11.44458 -55.32554 -90.87792
v 10.9454 -65.03154 -87.75472
v 0.3615233 -75.00548 -84.84087
v 55.10931 96.81882 3.828636
v 49.38628 102.654 4.712108
v 42.04298 103.582 19.64498
v 53.65903 56.3746 -93.11772
v 48.2148 59.08001 -97.62617
v 42.82447 74.13191 -94.91386
v 43.32505 85.85894 -85.4196
v 49.84782 99.1478 -54.91779
v 55.50774 93.9228 -52.11368
v 44.61274 108.4861 -41.64891
v 45.01773 110.5407 -25.65884
v 40.80644 35.60913 -109.7817
v 50.2311 6.934685 -103.5103
v 44.93159 7.897023 -107.9382
v 40.01139 22.1975 -111.5751
v 36.91787 -17.47246 -106.5013
v 45.47823 -41.53303 -85.91593
v 40.43692 -41.56899 -90.1217
v 35.73425 -30.03801 -100.7312
v 33.82069 -59.62727 -82.87154
v 30.79863 -97.50495 -79.05672
v 37.24841 -78.84924 -73.98571
v 25.53903 -96.61637 -81.25169
v 25.168838964255873 -103.99999995862274 -81.33277907681564
v 30.510577469781055 -103.9999999047962 -79.28908562337675
v 32.96649 -68.88054 -79.31672
v 73.53213 66.37906 -34.77105
v 72.66581 62.99685 -45.79926
v 68.33106 64.33012 -62.54483
v 64.29386 69.6389 -68.26433
v 66.47967 84.24706 -33.1997
v 67.13671 85.40791 -21.14084
v 72.66193 70.69462 -2.070174
v 58.56119 53.51804 -88.45132
v 62.20249 39.41408 -88.46647
v 61.39219 28.03387 -91.67256
v 54.99975 5.826127 -98.18739
v 57.30795 -6.928344 -90.76853
v 55.31467 -18.67517 -87.60747
v 49.66478 -40.98551 -81.56176
v 52.23379 -49.0201 -70.20663
v 51.19087 -73.31303 -58.41151
v 77.96028 24.48468 -52.56574
v 75.85854 30.38436 -58.76547
v 76.63311 37.12797 -51.47398
v 79.27855 50.75662 -12.09063
v 66.77571 1.70337 -81.18535
v 71.21359 -11.40923 -63.29194
v 69.18353 -20.00912 -59.29687
v 67.77999 12.39133 -82.16943
v 74.10633 14.5792 -66.98037
v 70.31984 42.13578 -72.24031
v 73.27557 36.64042 -65.51579
v 74.91026 22.90716 -64.07336
v 58.94138 -37.77412 -63.50597
v 61.8023 -36.4169 -56.73169
v 64.78912 -35.0833 -50.27872
v 62.58259 -41.91364 -46.28328
v 67.756 -33.53013 -44.23877
v 66.98505 -27.82726 -54.89229
v 76.21438 -37.62465 -0.8492669
v 94.38593 10.53793 -35.94171
v 84.34914 -31.67188 -7.640255
v 81.92567 15.10385 -14.4446
v 82.60163 14.801 -22.78135
v 88.86881 19.54524 -15.5877
v 90.1653 21.43621 -20.02375
v 93.84368 14.89286 -32.73624
v -1.551373 103.6467 47.75739
v 0.0920366 115.9991 -66.27224
v 0.1347401 106.465 -82.68647
v 0.1511034 68.05013 -112.914
v 0.1584013 54.92511 -117.9815
v 0.2108143 -39.16529 -101.8981
v 0.278827 -47.37773 -95.12656
v 0.3286312 -84.41048 -84.03413
v 35.799209729368776 -103.99999999930044 -76.46951501856842
v 17.325038740967965 -103.9999999952104 41.15421880672918
v 59.80284796607245 -103.99999998387415 -40.264548221631806
v -72.52368 -37.16895 10.57177
v -67.58153 -52.29938 25.47395
v -52.254045783553806 -103.99999999922812 -5.088353415622906
v -48.02774017221678 -103.99999995409445 -1.1236133414658382
v -43.02303 -99.65724 2.796082
v -43.533427627349816 -104.00000010439219 2.6174720322403573
v -43.37408 -93.75258 4.355105
v -58.23183 -91.49667 -11.42072
v -62.39661 -69.29008 16.16791
v -63.62701 -64.70574 33.40863
v -75.17524 21.82002 18.57299
v -71.82207 24.67197 30.33317
v -67.78622 35.49145 38.13453
v -69.03498 42.89588 33.31709
v -80.43922 33.05349 -11.33556
v -80.08757 40.73373 -16.04613
v -76.85909 43.06791 -41.68288
v -64.59103 -51.68146 -25.37317
v -64.0816 -58.70118 -23.24467
v -71.6656 -29.96459 -17.60169
v -69.55568 -35.85658 -22.44613
v -65.36657 -46.15684 -26.97483
v -66.22219 -54.6844 31.37486
v -65.12257 -50.44819 38.53392
v -65.77614 -44.32476 39.33391
v -67.00375 -57.24282 9.09441
v -65.02405 -62.12499 7.607396
v -62.8702 -67.37897 11.04449
v -19.25106 -89.14401 91.33891
v -15.36162 -99.88422 90.2362
v -11.16782 -100.0281 91.615
v -23.54554 -87.6626 87.89057
v -27.73159 -85.65929 83.8579
v -28.51657 -90.40828 82.93093
v -28.59627 -94.7497 81.16081
v -5.220357 -80.01387 94.19463
v -8.924809 -79.74661 93.3222
v -19.36609 -102.2753 85.03685
v -12.10463 7.800084 81.43428
v -14.38462 5.779414 79.77723
v -19.04496 -3.894757 82.33607
v -43.149 -30.2511 78.33001
v -42.29406 -25.53176 79.21188
v -47.40835 -22.46562 76.66416
v -53.66455 -23.73738 71.81766
v -57.80408 -12.79016 66.39349
v -65.9424 4.667242 49.30378
v -70.60434 9.957937 39.68933
v -54.57623 -37.30916 67.05441
v -54.06102 -42.01106 65.68472
v -3.619108 0.2264491 103.4849
v -37.09999 73.51328 62.06662
v -29.80704 63.26449 72.74312
v -25.35625 63.70812 73.93931
v -59.58328 -56.90622 50.50202
v -47.29709 -82.86596 59.2898
v -41.76253 -93.01611 43.1161
v -46.64196 -89.43436 37.93569
v -41.24856 -90.12679 21.42311
v -9.370975 -6.533853 102.1109
v -9.963748 -9.44389 104.4329
v -28.56964 -16.55487 81.71903
v -12.51524 -29.12889 91.48503
v -14.91917 -29.34051 89.6075
v -15.16539 -30.33499 89.16936
v -15.83603 -31.63114 89.0478
v -1.843799 -29.03198 100.0066
v -11.06475 -15.9048 107.0584
v -11.00809 -17.84583 106.6966
v -5.337362 -20.5496 111.6993
v -25.14994 -75.70887 84.22735
v -26.36204 -65.67172 83.0938
v -29.03801 -62.83879 80.96124
v -4.776914 -34.5617 96.99167
v -8.352489 5.405429 92.11793
v -6.912906 -29.18786 96.10586
v -7.00737 -30.81053 95.94439
v -5.037098 -26.2938 101.1175
v -6.872446 -39.59941 97.82845
v -7.337097 -41.26844 98.32851
v -24.09204 -35.48955 85.38044
v -15.89962 -70.43565 89.38608
v -7.562006 -68.62756 92.42205
v -7.402995 -66.76741 93.75666
v -25.72327 -47.85257 85.60049
v -27.78764 -50.60196 81.95037
v -17.29733 -14.17159 93.64819
v -22.20572 -64.03683 87.13245
v -22.61385 -65.77727 86.31027
v -59.28436 29.70885 57.8228
v -58.98604 21.82663 58.0519
v -45.83297 57.05794 62.57773
v -38.18067 49.21907 73.16463
v -34.13908 51.22222 77.68366
v -56.13863 39.61052 59.41107
v -39.45662 39.14354 77.20541
v -36.06939 40.3721 82.54613
v -55.54668 36.42907 61.89611
v -19.48016 34.11612 82.79382
v -23.20244 35.30407 82.4562
v -27.10868 34.32957 80.49171
v -27.28959 32.55401 79.09528
v -3.492658 16.81094 88.96591
v -3.636067 19.04191 87.04568
v -5.893768 18.94405 84.23349
v -22.15871 1.115566 76.75656
v -27.46932 -0.7802057 76.03429
v -38.33576 -10.32247 77.81011
v -54.47696 12.26765 58.95335
v -35.24223 35.50106 79.31776
v -36.01718 37.43096 81.869
v -53.59869 29.00944 66.87931
v -52.42636 27.10189 67.69052
v -52.34206 12.93644 60.35868
v -50.49953 13.62253 61.58518
v -50.90267 16.13222 62.22062
v -40.89924 21.43035 70.25193
v -39.17517 22.54004 71.65429
v -42.40493 20.05816 68.69648
v -37.23303 23.66479 72.67577
v -34.90605 24.52521 73.29073
v -32.13717 24.54075 73.32103
v -32.12994 24.01719 72.94176
v -29.43024 23.9957 72.96906
v -29.33813 24.4917 73.32656
v -26.55351 23.90896 73.08482
v -26.78395 23.45855 72.7629
v -24.20172 22.38235 72.35129
v -23.85617 22.80394 72.61772
v -21.00717 21.58324 72.22054
v -19.04517 19.86886 71.64706
v -18.29852 18.28251 70.99854
v -18.66647 18.00064 70.63266
v -17.88849 16.89341 70.131
v -42.47663 26.72037 73.60849
v -43.4647 28.44465 73.86909
v -47.02711 26.19253 71.367
v -28.45554 8.819433 73.58319
v -40.69376 7.862716 69.7356
v -41.54004 6.088337 69.50886
v -23.52307 11.40868 73.02042
v -28.42559 10.36833 73.26669
v -23.75638 7.444195 73.77519
v -19.66991 8.800341 73.66006
v -15.08808 13.1524 73.35897
v -15.71377 13.37594 72.60627
v -14.82492 14.36108 72.6677
v -15.29796 14.23916 72.34392
v -28.33793 11.65322 73.1199
v -34.00743 11.66416 72.09509
v -18.67735 14.24795 71.10825
v -17.91445 14.46811 70.89771
v -14.67566 24.90631 75.79432
v -18.14645 14.94355 70.51933
v -18.26512 15.28933 70.1286
v -17.82427 15.51565 69.85365
v -43.51555 18.59101 67.3278
v -44.20509 17.27453 66.20357
v -44.92702 17.4207 66.09412
v -5.709713 31.94557 84.96138
v -4.772587 29.43868 84.57952
v -2.538932 29.84145 84.94978
v -15.95469 6.617484 77.07299
v -10.23804 24.08309 78.89268
v -7.93573 -43.54218 98.62155
v -7.560528 -49.21452 96.87029
v -7.923759 -47.98255 97.61672
v -13.34374 -45.59925 96.3412
v -6.123449 -51.66643 95.179
v -6.827209 -50.63097 96.07411
v -14.38883 -57.14288 94.28158
v -13.99664 -56.00842 94.04046
v -5.985251 -53.49799 96.02036
v -13.52209 -54.74352 93.65688
v -3.273495 -56.93397 97.51059
v -6.694261 -59.0321 97.52164
v -24.72414 -53.17057 81.2147
v -24.65504 -53.79265 80.74294
v -24.6152 -55.45421 80.33066
v -6.879036 -60.28622 97.5741
v -3.614747 -64.61577 96.66723
v -7.743712 -42.47419 98.55864
v -5.895711 -52.15562 95.06229
v -5.927142 -52.613 95.59532
v -9.193966 -52.16348 94.01311
v -12.76719 -52.4352 92.20329
v -16.17447 -52.93728 89.73392
v -15.86767 -62.75935 93.01939
v -18.6372 -60.23405 91.53378
v -12.14418 -54.84695 87.39232
v -15.85667 -64.21507 92.171
v -13.6923 -43.37604 85.42025
v -11.28732 -43.02164 86.50056
v -26.4519 -63.50958 78.40085
v -2.705622 -62.53688 89.0135
v -4.928239 -62.42027 89.00824
v -8.994893 -42.7874 87.12556
v -6.678003 -42.50966 87.71143
v -8.569874 -62.41109 87.91515
v -12.11263 -62.55051 86.73983
v -12.15717 -58.35403 86.82168
v -30.43795 -54.0399 72.3335
v -81.02628 -3.100168 -33.9854
v -78.51709 -3.51638 -33.51203
v -76.07202 -15.69722 -30.69094
v -79.02894 13.75137 2.864836
v -79.87296 16.6304 -6.516373
v -80.25466 15.65897 -13.72779
v -74.33471 -29.27306 -10.6695
v -77.15153 -20.0027 -19.66519
v -75.24687 -19.85172 -20.44964
v -81.62061 -15.38969 -25.50395
v -82.4146 -30.25426 -14.43064
v -77.03047 -30.61368 -9.966763
v -76.53357 -31.57996 -8.810722
v -76.09595 -32.46919 -6.578727
v -92.27411 0.8729247 -29.76007
v -88.49911 14.08953 -30.52391
v -76.85587 -26.25232 2.799147
v -76.05258 -26.83291 5.371141
v -81.64748 -18.96649 -4.938932
v -85.67631 22.3892 -13.89505
v -84.29715 16.35049 -31.12067
v -88.44545 10.79506 -37.13794
v -86.55187 8.247033 -36.23021
v -91.80705 11.27054 -31.99068
v -92.75127 11.20103 -32.73232
v -93.82602 6.160708 -32.40485
v -89.82841 18.77724 -18.95713
v -79.93611 -8.230468 1.063155
v -82.28738 7.226806 -31.37518
v -85.51244 12.61688 -33.87973
v -78.05431 -24.01277 -13.75102
v -76.26997 -32.65767 -4.362765
v -81.18212 12.8942 -26.75583
v -89.20399 7.406689 -23.46426
v -16.32742 78.48154 67.76368
v -15.69785 70.99236 71.21321
v -5.219823 -12.0858 112.6474
v -2.540249 -20.84284 113.3744
v -1.960369 -6.803372 110.7704
v -4.908996 -9.937346 111.617
v -13.48874 50.65754 83.93641
v -6.601685 42.77149 84.89774
v -3.894405 24.89521 84.62071
v -3.638994 -42.45556 87.79815
v -29.08178 89.82221 55.62338
v -28.05287 83.04762 61.73555
v -19.01644 51.14553 82.81863
v -24.46164 45.78707 82.79346
v -45.55109 81.72456 48.52161
v -42.36358 97.54721 33.04861
v -30.58578 40.43013 82.10664
v -47.46705 62.72841 58.69528
v -61.3186 68.90868 35.49617
v -60.63116 62.90333 41.23077
v -51.08674 25.43541 68.28473
v -17.14113 29.30865 79.00042
v -79.10252 20.20424 -44.92591
v -75.77873 -4.430181 -50.09303
v -79.21238 6.059772 -37.6286
v -78.64917 7.111705 -43.87407
v -76.57348 2.364491 -51.4555
v -69.02178 -29.84694 -36.64876
v -24.62806 -100.2065 41.36866
v -55.56101 -80.11285 41.32832
v -17.14797 109.6451 36.13231
v -29.96789 97.44901 46.66586
v -56.42699 -76.61623 45.39803
v -60.90643 -67.8513 41.34594
v -9.858497 -38.07309 96.57417
v -21.99102 -40.85352 89.56161
v -13.08596 -35.10192 93.32586
v -14.35253 -37.08204 93.54959
v -15.59873 -39.24546 93.72015
v -12.5445 -38.60994 95.3897
v -35.38224 -49.73287 79.21329
v -34.80522 -53.01161 78.57306
v -69.10423 18.40269 40.15298
v -48.77866 16.26646 63.51114
v -48.74078 14.27272 62.82166
v -74.56554 -19.12033 -27.04022
v -76.66158 -19.77867 15.72827
v -76.44908 -7.098322 28.17951
v -48.41085 9.237868 63.39613
v -49.87017 11.22079 61.91631
v -70.99044 -32.03648 27.96962
v -21.89221 -5.720757 80.94402
v -27.14579 -11.79382 81.07481
v -14.28748 -7.466611 92.07868
v -13.72442 -3.64937 89.68982
v -38.47055 -37.77518 78.89162
v -34.23902 -36.71562 80.63676
v -6.453216 -34.42138 96.65103
v -56.22224 -55.55308 57.18858
v -52.12859 -53.45028 63.89868
v -53.23176 -47.52157 64.44881
v -25.92724 -39.06426 85.46443
v -43.09564 -49.28995 74.37405
v -49.31561 -64.46298 64.39075
v -51.03164 -59.24547 63.6248
v -36.16954 -80.53632 74.8026
v -49.75749 -7.378385 71.22041
v -47.48311 -2.960995 70.23219
v -45.79913 7.523221 66.16436
v -44.78622 9.469787 66.47686
v -47.73574 -51.31079 69.74138
v -35.44246 -67.92353 76.72541
v -37.76851 -64.73791 75.50783
v -26.50331 -80.61752 84.18172
v -32.41445 0.365853 74.29034
v -31.06147 2.464658 73.8797
v -29.9714 4.298107 73.69351
v -10.72686 2.952389 89.69405
v -70.62511 -21.25811 41.25185
v -16.2781 -74.11379 89.16348
v -23.58544 13.64657 71.71685
v -4.227978 27.09084 84.4941
v -6.656434 28.7639 83.86993
v -8.077421 27.81533 82.80064
v -17.14423 -33.43903 89.05795
v -24.31177 -44.4924 78.10945
v -21.15455 -44.43813 80.70483
v -18.97539 -40.00489 91.59532
v -17.07938 -41.70872 93.39661
v -27.38575 -100.1061 19.26369
v -34.745159139645814 -104.00000008298336 9.58814232500473
v -30.67699323719779 -103.99999999952185 13.20848325923648
v -30.438772879186953 -104.00000000278821 13.445767122544314
v -26.961619538486385 -103.9999999864862 17.82285269692541
v -51.74227 -78.0229 55.15524
v -33.92125 -55.69958 78.25352
v -55.01107 -79.83852 19.63541
v -39.04713506789513 -103.99999989663 6.158886287810898
v -72.57777 -21.15944 35.13802
v -56.45637 -77.57127 13.70276
v -69.83498 -36.99489 27.78366
v -75.78227 -14.35005 29.01824
v -53.37757 -82.94964 0.7115785
v -55.70987 -82.18967 -3.455352
v -57.99937 -81.59697 -7.273674
v -58.11413 -86.41962 -9.886137
v -55.553066216991134 -103.99999998481464 -8.907876244237283
v -58.35115 -77.09131 -3.919698
v -60.4543758824937 -104.00000003379309 -16.814920481783602
v -60.30871 -80.68517 -10.82949
v -61.72363 -73.15769 -26.16619
v -73.43208 -33.04979 -8.770647
v -31.98223 -83.41713 79.27273
v -18.81273 -53.21433 85.61244
v -21.91944 -53.27788 83.24673
v -24.82477 -52.87738 81.58717
v -18.46106 -63.51011 83.85902
v -15.40236 -63.06815 85.21311
v -77.8397 53.5275 0.8388441
v -48.29622 -103.11 -61.52317
v -49.608158939343426 -104.0000000099408 -59.39054695992512
v -51.338179162511224 -103.99999998508383 -56.397904404461144
v -48.331993283964074 -103.99999995630564 -61.62651619864175
v -57.22994 -92.08532 -42.43235
v -16.78666 116.6961 22.44101
v -16.4516 121.8834 6.782459
v -23.92087 119.5468 6.881057
v -31.04709 116.2598 6.888512
v -14.84094 94.19108 -95.54571
v -30.6917 102.2478 -78.39086
v -31.35802 110.819 -62.08093
v -14.73725 81.31193 -105.2093
v -28.40694 65.48262 -108.527
v -16.25633 124.0474 -29.03417
v -16.21276 120.9517 -47.56561
v -16.28165 124.3559 -10.65323
v -8.509351 123.1301 6.58375
v -14.24322 40.80649 -120.2394
v -27.79971 52.17655 -113.3883
v -13.76415 26.55976 -122.1209
v -13.30579 12.2471 -122.4246
v -19.77267 11.50725 -120.6611
v -26.17469 10.58686 -118.1906
v -12.42402 -14.49517 -117.2991
v -11.73057 -27.58917 -110.2924
v -22.50968 -39.84546 -100.12
v -12.91341 -1.252394 -121.0325
v -6.630928 12.6563 -123.3897
v -20.06751 -86.32593 -82.66099
v -20.48748 -76.83118 -83.06723
v -10.79844 -55.24173 -90.85923
v -22.2027 -48.89904 -93.6209
v -10.24587 -64.94578 -87.74229
v -43.29234 103.2744 20.41171
v -50.11222 102.5258 5.49402
v -55.76963 96.75618 4.786915
v -43.0192 85.96629 -85.24908
v -42.48108 74.23362 -94.79046
v -47.85342 59.20885 -97.49852
v -53.28952 56.54515 -92.92912
v -55.37065 94.09934 -51.66795
v -49.71122 99.28324 -54.5716
v -45.16763 110.588 -25.28096
v -44.59496 108.5701 -41.33337
v -40.46301 35.69154 -109.756
v -39.68539 22.27509 -111.5665
v -44.5913 8.014258 -107.9053
v -49.85481 7.101318 -103.4337
v -36.56989 -17.35636 -106.4727
v -35.30125 -29.87568 -100.6778
v -39.79528 -41.26196 -90.00697
v -44.75209 -41.13102 -85.75579
v -33.01263 -59.29788 -82.79961
v -36.33794 -78.45412 -73.97697
v -30.27389 -97.35757 -79.0761
v -25.02618 -96.49889 -81.26641
v -24.79324819091062 -104.00000005678953 -81.34456670003384
v -30.119754685848996 -103.99999990270251 -79.30343759990906
v -32.10309 -68.54177 -79.2744
v -63.96246 69.92883 -67.78292
v -67.9514 64.692 -61.94075
v -72.15208 63.48294 -44.88599
v -73.00448 66.87405 -33.6824
v -67.19252 85.6699 -20.15423
v -66.39104 84.53595 -32.36127
v -72.78385 71.06899 -0.3862423
v -60.95327 28.31042 -91.42449
v -61.77867 39.68993 -88.1796
v -58.17757 53.73902 -88.19293
v -54.68554 -18.2538 -87.35816
v -56.76435 -6.607865 -90.5277
v -54.57195 6.060608 -98.04437
v -48.85255 -40.48119 -81.34776
v -51.14757 -48.28407 -69.93416
v -49.82463 -72.41467 -58.3444
v -76.01881 37.84938 -50.46989
v -75.2139 31.08282 -57.90155
v -77.21294 25.30958 -51.5407
v -78.84415 51.53917 -10.22394
v -68.06361 -18.98139 -58.55479
v -70.23866 -10.50094 -62.58258
v -66.13969 2.22255 -80.77393
v -73.39136 15.27754 -66.28006
v -67.20551 12.86033 -81.76053
v -74.23696 23.59215 -63.31154
v -72.72369 37.20886 -64.82053
v -69.83783 42.59048 -71.69485
v -60.97771 -40.49358 -45.57489
v -63.34441 -33.79362 -49.52098
v -60.47651 -35.30505 -56.11793
v -57.75216 -36.83834 -63.02281
v -65.70716 -26.67425 -54.12972
v -66.20993 -32.02752 -43.35956
v -74.13297 -34.78536 1.197221
v -89.25959 21.81946 -30.58975
v -82.42858 -29.05263 -5.838697
v -82.17997 20.42649 -19.28365
v -89.78774 21.348 -18.22733
v -88.79778 18.01801 -15.80048
v -92.90363 16.0289 -31.23678
v -91.8052 20.18643 -28.05416
v -4.584407839193351 -104.00000001890676 -83.82818236532945
v -35.38114668434283 -103.99999991897516 -76.48977117774982
v -12.735013307855645 -103.9999999968238 40.87514138111729
v -59.21919215040324 -104.00000003613114 -38.94624462204036
v -28.60109 -52.48089 80.09245
v -28.31211 -52.48072 80.17126
v -77.24743 -28.94429 -10.35819
v 23.33861 20.98894 69.91836
v 21.8583 19.80466 69.65211
v 22.80405 19.58256 70.01819
v 23.62529 20.42746 70.16864
v 32.13982 13.92901 70.08378
v 34.93493 14.48461 69.74536
v 32.35637 14.76745 70.33305
v 34.60335 15.17066 69.90681
v 38.34943 20.26632 69.29118
v 40.21376 20.03173 68.00314
v 39.41915 21.15405 68.65897
v 38.36221 21.09062 69.33264
v 35.7006 21.72031 70.48478
v 36.61587 20.71597 70.15953
v 36.55333 22.5361 70.05045
v 37.5561 21.71322 69.69666
v 32.96531 22.46262 71.03644
v 34.39642 22.25197 70.79789
v 33.07561 23.32321 70.77544
v 34.95697 23.14384 70.4538
v 29.98433 21.42343 71.29699
v 31.4735 22.09395 71.19548
v 31.08381 22.99556 70.98344
v 29.15458 22.27097 71.06574
v 35.60631 16.96341 70.08737
v 36.32143 18.14571 70.07165
v 34.62961 17.64392 70.60403
v 34.80198 18.61878 70.67971
v 31.99823 21.01148 71.27191
v 30.86086 20.81066 71.3752
v 33.47095 17.45394 70.82848
v 32.77896 19.29122 71.10934
v 31.82831 17.34376 71.08327
v 32.54553 16.76792 70.94107
v 36.65009 19.36396 70.10773
v 35.38565 19.38657 70.61504
v 34.8617 20.15208 70.76967
v 34.82311 21.04527 70.82406
v 33.74734 21.11522 71.03694
v 32.90813 21.59534 71.17525
v 25.75164 22.09004 70.38595
v 20.1535 18.14468 69.2798
v 19.93706 16.69078 69.08418
v 19.91322 17.35078 69.17181
v 20.56448 15.58018 69.03296
v 20.17978 16.10631 68.99264
v 20.85498 15.14679 69.14003
v 42.29678 15.99166 65.69893
v 40.43432 15.0153 67.01321
v 43.82619 17.79197 64.4099
v 43.45417 17.04525 64.61716
v 43.04253 19.46275 65.44666
v 43.65009 18.52965 64.71844
v 40.63946 21.47578 67.72202
v 41.95737 20.54179 66.59545
v 37.45237 23.16211 69.63616
v 39.30875 22.2979 68.77407
v 33.27568 24.07013 70.52439
v 35.54927 23.83695 70.18096
v 28.40362 23.08395 70.71349
v 30.85777 23.7944 70.71323
v 30.6201 18.33727 71.27368
v 30.72439 17.40296 71.18642
v 30.70235 19.86661 71.3549
v 30.0754 19.01986 71.36089
v 40.39444 21.1089 67.94853
v 41.11909 20.3981 67.36506
v 26.31495 19.49212 70.92539
v 23.97484 19.11619 70.37005
v 26.44139 18.29407 70.89413
v 24.27202 17.86815 70.37328
v 26.36921 15.32422 70.34657
v 28.58484 14.13708 70.37452
v 28.12721 15.8661 70.70245
v 30.07578 15.00234 70.64001
v 24.11126 14.53578 69.7196
v 21.47158 17.98851 69.64307
v 21.74883 17.16775 69.6382
v 40.4343 15.51915 67.05925
v 41.15461 16.32372 66.61002
v 29.75159 13.27804 70.46942
v 35.48062 13.52757 69.28117
v 42.12201 19.18399 66.3933
v 42.10398 19.7025 66.47871
v 37.18527 16.15827 69.11659
v 37.98444 14.84119 68.36586
v 39.40515 16.29697 67.84692
v 39.26127 15.42564 67.74261
v 23.1687 15.38979 69.60884
v 24.96408 20.48258 70.54566
v 26.34156 20.41815 70.91373
v 21.27827 18.54906 69.5989
v 40.14347 18.82794 67.92032
v 39.88009 17.59414 67.83789
v 41.79452 17.43945 66.3326
v 42.08827 18.39575 66.30938
v 37.95551 17.77468 69.10637
v 38.27385 19.08656 69.21471
v 34.0331 16.20934 70.39544
v 32.4999 15.76908 70.67554
v 31.0533 16.04237 70.89014
v 27.58741 21.2381 71.01987
v 28.70496 20.21079 71.25278
v 28.90573 17.66996 71.14152
v 29.6336 16.63596 71.03694
v 28.57036 18.80979 71.2317
v 25.00139 16.62729 70.31698
v 26.98078 17.05614 70.8148
v 22.32135 16.28547 69.59538
v -21.6293 19.21924 71.97071
v -20.84568 19.49512 71.59061
v -22.18912 20.61787 71.95807
v -22.36682 20.04677 72.17289
v -32.93126 14.20029 72.10594
v -33.2137 13.57819 71.97973
v -30.77443 13.86411 72.37685
v -30.53113 13.09502 72.12852
v -37.64541 20.28447 71.32306
v -38.38649 19.16467 70.75911
v -36.59991 19.31395 71.88864
v -36.62497 20.18292 71.92812
v -35.86308 20.7886 72.24451
v -34.96592 19.67837 72.60718
v -34.10648 20.74057 72.89675
v -34.94395 21.67131 72.54417
v -33.39296 22.3549 72.90395
v -32.84809 21.38507 73.16949
v -31.53969 22.63423 73.18438
v -31.44141 21.70746 73.38479
v -29.56593 22.37544 73.35138
v -29.96008 21.36582 73.52712
v -28.45732 20.75289 73.52296
v -27.69056 21.71772 73.33128
v -33.26681 17.47684 72.90015
v -34.66505 17.04347 72.4338
v -33.0949 16.51039 72.78272
v -33.97151 15.8679 72.35288
v -29.36447 20.00246 73.59377
v -30.49192 20.15842 73.52583
v -30.36741 16.32001 73.13211
v -31.27584 18.26113 73.26179
v -31.96622 16.35178 72.93121
v -31.06243 15.71453 72.9885
v -33.33026 19.05934 73.0582
v -33.83864 18.23818 72.90542
v -35.00398 18.2634 72.52137
v -32.22869 20.18697 73.30416
v -33.2855 20.02545 73.14377
v -31.39596 20.76451 73.46329
v -24.45027 21.63041 72.56627
v -19.92028 18.45818 71.24261
v -18.73255 17.18206 70.55743
v -18.71223 16.52848 70.49464
v -18.89403 15.9608 70.44904
v -19.2277 15.46456 70.51945
v -19.50769 15.06229 70.65372
v -38.31004 13.42175 70.13866
v -38.50896 14.32198 69.90194
v -40.42659 15.44063 68.71782
v -41.63884 16.60737 67.72445
v -42.025 17.36864 67.54405
v -41.87358 18.04419 67.79259
v -41.28539 18.86299 68.4226
v -40.16299 19.82181 69.44453
v -38.85174 20.65712 70.50976
v -37.55896 21.44345 71.43066
v -35.85485 22.38407 72.19495
v -33.98894 23.12178 72.68099
v -31.75597 23.43549 72.98766
v -29.38328 23.26417 73.10736
v -27.01107 22.62541 72.9889
v -29.17118 17.41763 73.32845
v -29.28683 16.46325 73.19863
v -29.1819 19.01052 73.50057
v -28.61524 18.17665 73.43935
v -39.3057 19.60197 70.16594
v -38.58787 20.26755 70.69886
v -22.96221 17.48038 72.25783
v -22.69173 18.75303 72.29324
v -24.87696 19.00509 72.96413
v -25.02826 17.78379 72.86815
v -28.60652 14.2576 72.59361
v -27.17166 13.60475 72.22614
v -26.69444 15.30805 72.57681
v -24.96561 14.94112 72.14038
v -22.69976 14.30631 71.35652
v -20.48712 16.92685 71.27129
v -20.37334 17.76083 71.35062
v -38.63639 14.84694 69.86881
v -37.34507 14.58518 70.50337
v -36.06844 13.9158 71.02509
v -40.32338 18.48031 69.25365
v -40.31027 18.98891 69.31818
v -35.35667 15.1438 71.62727
v -21.79906 15.18977 71.23982
v -23.59568 20.07756 72.58861
v -24.93448 19.94588 73.02777
v -20.81592 18.53753 71.6685
v -39.96253 16.77839 69.26291
v -38.01084 16.76717 70.65552
v -38.29823 17.98485 70.70635
v -40.28133 17.71118 69.21008
v -36.15846 16.75586 71.71223
v -36.51374 18.09361 71.82581
v -29.58212 15.1316 72.8854
v -30.9726 14.78497 72.71326
v -32.43688 15.15308 72.53944
v -27.11628 19.58275 73.36121
v -26.13643 20.72481 73.19675
v -28.19231 15.85034 72.99369
v -27.45091 16.93731 73.12231
v -27.08306 18.12921 73.26682
v -25.5417 16.54506 72.71659
v -23.63826 16.24055 72.16915
v -20.99459 16.08034 71.21738
v -37.51266 15.45292 70.63459
v -39.27085 15.6659 69.52652
v -45.57393 17.52186 66.01804
v 49.03267 16.49566 61.07353
v -27.99073 -52.49081 80.24327
v -22.56594 -72.16528 74.2519
v -22.93133 -75.15598 74.13471
v -21.48141 -72.65361 75.27086
v -21.83865 -75.53577 75.11174
v -23.20254 -78.25648 74.00734
v -22.08837 -78.57008 74.90373
v -13.14119 -65.79622 67.2552
v -12.76208 -63.80553 69.90948
v -11.62822 -65.98363 68.76259
v -11.95221 -64.02734 70.71339
v -11.09728 -69.13573 66.67574
v -9.62023 -70.2495 65.23285
v -12.32897 -69.36538 64.73551
v -10.69458 -70.51349 63.39734
v -14.69822 -69.74271 60.70378
v -13.35904 -69.54985 62.72149
v -11.85865 -70.85746 61.42164
v -13.05111 -71.04634 59.3135
v -17.69308 -66.24678 58.11386
v -18.38887 -63.3983 58.94975
v -17.02907 -65.76579 60.53073
v -18.1603 -63.13493 60.85928
v -7.981763 -66.38107 72.39155
v -5.794405 -66.01488 73.48262
v -4.916463 -67.95494 71.4696
v -6.924849 -68.48344 70.63894
v -4.269222 -68.41473 69.34801
v -5.965294 -68.9837 68.63847
v -8.663722 -68.86991 69.42992
v -7.531136 -69.51724 67.68684
v -9.411047 -66.23837 71.08266
v -8.980261 -63.63232 73.69617
v -10.36369 -64.05244 72.57254
v -6.72188 -64.55209 45.82631
v -6.519971 -65.05957 47.46864
v -3.589759 -64.02964 45.9306
v -3.517843 -64.53253 47.59195
v -6.323973 -65.62045 49.13514
v -3.352493 -65.13561 49.27182
v -5.376284 -67.63343 55.83471
v -5.144192 -68.01659 57.60871
v -3.192 -66.90828 55.90801
v -3.158075 -67.17261 57.62659
v -3.183187 -67.43157 59.384
v -4.911393 -68.39392 59.39802
v -3.288292 -67.59554 61.29977
v -4.720569 -68.64891 61.20321
v -7.198068 -68.35658 55.69854
v -6.554897 -68.76506 57.46918
v -6.054192 -69.14679 59.36483
v -5.642353 -69.39859 61.23487
v -9.248858 -78.23556 81.27714
v -8.145278 -74.46727 81.68721
v -11.05971 -77.13508 81.05585
v -10.04726 -74.13387 81.4144
v -9.459926 -71.34486 81.22079
v -9.000055 -68.77398 81.49914
v -10.47572 -70.95298 81.07484
v -9.879138 -68.52623 81.17056
v -13.53455 -69.02989 80.13796
v -13.8622 -71.63881 80.03789
v -12.6648 -71.06944 80.58016
v -12.37254 -68.67331 80.86527
v -8.853447 -66.10909 82.42125
v -9.776233 -66.01062 82.16354
v -10.8744 -66.08932 81.98365
v -10.97521 -68.45108 81.08128
v -12.29884 -66.59644 81.66042
v -24.71343 -59.24437 66.29868
v -23.79898 -58.73964 65.60824
v -24.06227 -58.53289 65.57491
v -25.04657 -59.01078 65.91698
v -10.84692 -63.75532 82.73384
v -12.29319 -64.95 82.22243
v -13.73148 -65.29167 81.49871
v -13.34233 -64.16945 81.37325
v -12.04867 -64.02999 81.99416
v -23.57053 -58.54811 65.15365
v -24.07893 -58.75049 64.77266
v -23.99904 -58.46147 65.27724
v -24.24797 -58.61968 65.00417
v -19.02871 -59.43814 63.39629
v -19.49958 -58.9655 63.79856
v -18.91759 -59.32239 63.98978
v -19.38532 -58.9935 64.09032
v -19.33606 -59.40626 63.02721
v -19.64161 -59.0409 63.54761
v -31.25075 -75.50543 59.542
v -30.74483 -72.34443 60.19001
v -31.58461 -72.00605 58.20892
v -31.84485 -75.08996 57.42371
v -33.00463 -65.51434 53.4156
v -33.47667 -65.25205 51.22732
v -33.14713 -68.23383 52.69144
v -33.6065 -67.85329 50.5323
v -34.50086 -69.24697 45.72988
v -34.13927 -69.94477 47.72931
v -34.06996 -67.31254 48.46458
v -34.35815 -66.51378 46.52429
v -35.01709 -64.15898 25.82932
v -34.98205 -61.74582 25.91117
v -34.57384 -62.41021 23.49083
v -34.56694 -64.72094 23.32926
v -6.715325 -61.86827 27.94808
v -6.151056 -61.94543 24.82486
v -9.862881 -63.12595 24.69893
v -10.55735 -63.06404 27.74092
v -21.3811 -53.92725 21.35713
v -22.31095 -53.21749 22.05733
v -21.28342 -54.65613 23.53362
v -20.76912 -55.56063 23.05515
v -16.72034 -66.26113 79.03043
v -16.60875 -63.72321 79.69944
v -17.93309 -64.28719 79.16371
v -18.18879 -66.75854 78.77699
v -19.96028 -65.92277 78.29032
v -19.79268 -64.98578 78.11719
v -21.13599 -65.16729 77.01325
v -21.54631 -66.01302 77.08753
v -22.27028 -64.62474 75.57993
v -21.79774 -63.86297 75.86674
v -24.11136 -67.71331 72.02742
v -24.47402 -70.9928 71.63802
v -23.30481 -68.40358 73.44213
v -23.50577 -71.46981 73.03461
v -15.74512 -70.11549 51.60881
v -12.01228 -67.52313 51.13918
v -16.13723 -69.37379 49.80415
v -12.51361 -67.23301 49.42047
v -16.54934 -68.79913 47.96156
v -12.9166 -66.88436 47.6872
v -13.41829 -66.70916 45.94653
v -16.98829 -68.63097 46.05355
v -10.59494 -66.11239 69.89001
v -11.32205 -64.16487 71.55611
v -10.04084 -69.02406 68.16992
v -8.771724 -69.95215 66.63754
v -15.19292 -70.70895 53.57985
v -14.58251 -71.12706 55.4636
v -11.40146 -67.74766 52.9887
v -10.58422 -67.95707 54.43963
v -9.450019 -61.53881 75.03541
v -10.1171 -61.2119 75.42249
v -8.860745 -60.81695 76.13732
v -9.378961 -60.72439 76.38515
v -12.12827 -62.26726 73.08403
v -11.44623 -62.11427 73.75237
v -4.860343 -68.56808 65.79187
v -4.617913 -68.69884 63.16392
v -5.544909 -69.09022 63.15231
v -6.205528 -68.89517 65.5206
v -14.41435 -66.53103 42.00541
v -10.60702 -64.49832 42.38134
v -10.93421 -64.26618 40.49137
v -14.72589 -66.4739 40.00164
v -9.354196 -66.29927 49.20375
v -9.114444 -66.74255 50.8614
v -8.578594 -67.14533 52.4259
v -7.916457 -67.70676 54.04546
v -7.251341 -69.23425 62.15314
v -7.125483 -69.19942 63.91385
v -15.67761 -63.59556 80.11302
v -14.86796 -64.76084 80.7094
v -14.36466 -63.34358 80.79934
v -14.93692 -62.34954 80.29991
v -33.97066 -62.79325 45.40604
v -33.86116 -63.71305 47.29129
v -32.83613 -61.13097 47.8702
v -32.69263 -60.12103 46.17953
v -11.08277 -64.1908 38.58826
v -14.87965 -66.38484 38.12234
v -7.458852 -62.92036 38.88862
v -7.337304 -63.19424 40.70395
v -7.122429 -62.02451 30.69416
v -10.92551 -63.34811 30.43474
v -7.381622 -62.24734 33.0456
v -11.071 -63.73222 32.70287
v -3.69948 -62.35378 39.11168
v -3.695539 -62.70535 40.86915
v -3.434481 -61.44017 33.37162
v -3.184973 -61.29568 31.0113
v -18.69435 -68.19916 37.71011
v -18.47924 -68.48806 39.56183
v -25.70831 -63.15419 70.9579
v -24.13282 -61.92598 72.56132
v -25.15106 -62.03673 71.06184
v -23.83151 -61.13825 72.22089
v -13.28644 -64.65566 24.62825
v -14.12493 -64.80802 27.62399
v -14.52829 -65.19363 30.1918
v -2.839576 -61.16958 28.24311
v -19.74047 -61.91888 28.53156
v -20.02475 -61.58407 31.5591
v -20.3872 -63.7349 30.92364
v -20.59017 -64.04041 28.17822
v -17.85539 -65.79068 27.68674
v -18.26509 -65.85305 30.31484
v -24.87259 -64.65205 71.8083
v -23.8931 -64.51653 72.80817
v -23.17389 -62.04548 73.26852
v -29.22057 -76.44919 65.40681
v -28.27463 -73.11332 65.49448
v -28.92743 -72.87788 64.01068
v -29.86325 -76.17464 63.74934
v -27.7708 -66.43812 64.3104
v -27.19772 -66.96093 65.76186
v -27.04693 -63.70764 66.13923
v -27.45946 -63.1343 64.82307
v -23.9126 -52.06316 21.17438
v -22.54245 -52.90533 20.20513
v -26.53142 -62.34158 67.8968
v -26.38441 -63.23432 69.42275
v -25.9548 -62.09404 69.61188
v -26.05651 -61.19652 68.26359
v -27.47099 -70.00215 65.53484
v -27.08944 -70.50031 67.07803
v -26.7632 -67.61306 67.25868
v -27.75657 -73.52952 67.01178
v -25.85761 -65.41727 70.28635
v -24.95999 -67.83484 70.78896
v -25.82133 -68.18027 69.54678
v -25.40382 -70.96233 70.37343
v -26.10677 -70.97921 69.14129
v -26.08937 -74.15822 70.30411
v -26.87979 -73.99017 69.12562
v -7.492099 -62.48906 35.12025
v -7.509948 -62.70445 37.04362
v -3.581037 -61.71711 35.42797
v -3.665759 -62.02257 37.31459
v -14.95691 -65.87708 34.38057
v -14.94034 -66.2059 36.29779
v -11.12261 -63.99499 34.7509
v -11.13248 -64.12823 36.70163
v -18.81649 -67.77644 36.01857
v 0.8913765 -61.24055 35.80555
v 0.9999627 -60.8101 33.78648
v -14.8317 -65.54863 32.39038
v -18.576 -66.54814 32.33461
v -18.7736 -67.18932 34.16821
v 1.155098 -60.49545 31.43172
v -4.9325 -63.11668 84.16
v -4.811584 -65.69933 82.99174
v -3.577129 -65.43022 83.08104
v -3.655126 -63.03777 84.27974
v -5.39939 -71.91336 82.13213
v -3.847959 -71.74906 82.42336
v -4.878735 -68.59302 82.09529
v -3.610478 -68.42618 82.23615
v -31.35496 -54.83613 35.79382
v -31.29945 -54.5442 34.82385
v -32.36323 -55.12954 34.57737
v -32.95548 -55.84068 35.24206
v -20.48705 -57.84695 25.43608
v -20.80118 -56.82676 25.85566
v -20.525 -58.68039 29.02822
v -20.94936 -57.59702 29.11412
v -1.502965 -67.46135 61.31779
v -1.846557 -67.75062 63.47025
v -3.372939 -67.76403 63.43222
v -1.204291 -67.13049 59.46614
v -0.9561249 -66.81966 57.75543
v -0.7350786 -66.51382 56.08824
v -3.248425 -66.20501 52.53687
v -3.224542 -66.65729 54.1829
v -0.5234252 -66.23214 54.41438
v -0.3203546 -65.91877 52.76096
v 0.5442395 -63.40904 42.72928
v -3.668811 -63.16191 42.58503
v -3.630859 -63.59843 44.2711
v 0.4478484 -63.83251 44.43277
v -3.609433 -67.98708 66.16764
v -2.179087 -67.99577 66.28495
v 0.6357581 -62.84315 41.03318
v 0.721059 -62.24978 39.36583
v 1.39453 -60.35801 28.60796
v -29.61153 -57.49465 46.29564
v -28.97048 -57.78228 45.87117
v -30.69385 -58.08999 44.96958
v -31.09067 -57.82397 45.13653
v -21.44701 -59.21504 40.17645
v -21.40851 -59.70086 42.17895
v -21.21333 -59.62881 42.09424
v -21.01893 -59.11381 40.07211
v 0.8012764 -61.71784 37.63827
v -26.62868 -59.1031 45.49194
v -25.39544 -59.64449 45.30814
v -26.67905 -59.22754 45.15958
v -25.442 -59.68227 45.05674
v -32.05595 -58.22725 43.65509
v -32.44082 -58.00415 43.67732
v -28.06621 -69.66229 64.04909
v -18.06429 -62.71331 62.35114
v -18.47429 -60.68282 62.76155
v -17.69084 -62.11861 63.65375
v -18.21886 -60.36146 63.88224
v -30.38164 -58.61275 48.12119
v -31.50261 -59.36158 48.12025
v -31.21927 -59.34307 49.96302
v -32.16809 -60.33365 49.93103
v -16.3164 -60.28936 68.48505
v -16.91377 -60.0696 68.35434
v -16.92664 -59.20375 69.93919
v -17.29435 -59.28093 69.81035
v -30.64134 -62.34816 58.42978
v -31.84637 -62.65685 56.3005
v -31.25633 -65.50709 57.62203
v -32.29269 -65.5489 55.59155
v -28.21622 -62.91763 63.53715
v -28.52027 -66.1335 62.76902
v -13.58134 -62.08373 70.68623
v -14.86611 -61.48601 70.06326
v -14.88522 -60.78709 71.1086
v -13.99359 -61.48524 71.78748
v -23.12112 -65.3596 73.93361
v -29.86425 -69.23443 60.52132
v -30.81342 -68.95621 58.72031
v -8.903228 -63.26448 83.28729
v -9.812927 -63.62424 82.90411
v -16.91732 -70.02381 56.68811
v -18.13125 -66.62971 55.73164
v -17.69984 -69.9519 54.63389
v -13.86023 -63.48561 69.23222
v -15.05307 -62.77594 68.48325
v -15.41037 -60.09995 78.99174
v -15.68833 -60.54443 79.21544
v -15.17364 -60.47662 79.16831
v -15.50702 -60.68846 79.32377
v -15.87962 -60.35123 78.89005
v -15.90432 -60.5847 79.15261
v -12.71471 -60.90461 74.11343
v -13.07336 -60.2149 74.80708
v -12.28245 -60.76503 74.51328
v -12.85455 -60.24866 75.11604
v -12.9783 -60.90269 73.59284
v -12.53 -62.33049 72.46275
v -13.47328 -61.21887 72.99117
v -12.8188 -62.29797 71.71358
v -14.32785 -66.28344 64.70583
v -14.12607 -64.42587 67.6657
v -15.27199 -63.95954 66.35664
v -17.55838 -62.10757 79.10065
v -16.94077 -62.13099 79.45103
v -16.79556 -61.17028 79.02493
v -16.4252 -61.22966 79.32143
v -8.127327 -68.97375 81.71787
v -8.279136 -71.48217 81.33123
v -7.367284 -70.83888 81.58366
v -7.197415 -68.8606 81.8156
v -8.011599 -66.41399 82.60021
v -8.02762 -64.07533 83.52529
v -7.150779 -64.34234 83.68301
v -7.128015 -66.42835 82.76632
v -7.108077 -63.27734 83.50145
v -7.851359 -62.98849 83.35172
v -6.040805 -66.18881 82.9271
v -6.124023 -68.81552 81.92207
v -6.127046 -64.05534 83.86649
v -6.26577 -63.09489 83.64621
v -6.211201 -62.25534 75.09097
v -7.248296 -63.58036 74.2315
v -7.633371 -62.6351 74.80209
v -7.064538 -61.87667 75.40965
v -8.536619 -59.71466 78.04997
v -8.658423 -59.74673 78.51171
v -8.301429 -59.79189 78.18927
v -8.539289 -59.7921 78.5579
v -8.817719 -59.94289 78.93639
v -8.615788 -59.94772 78.87898
v -9.775453 -60.40289 82.55621
v -9.783634 -60.2547 82.26817
v -10.28712 -61.32827 82.47189
v -10.14271 -61.55288 82.76725
v -9.221972 -61.37882 83.07447
v -8.927814 -61.17427 82.81569
v -9.337438 -60.46972 82.65089
v -9.184233 -60.35258 82.43581
v -9.745381 -61.6049 83.00938
v -8.786805 -60.03994 77.18097
v -9.201608 -60.18113 77.35466
v -4.299517 -60.87651 76.71652
v -4.23903 -60.42139 78.05661
v -3.675039 -60.0493 78.20634
v -3.740885 -60.00676 79.0508
v -3.002997 -59.69875 79.04594
v -3.410804 -59.77941 79.05711
v -3.424177 -59.78006 79.66477
v -3.051434 -59.57788 79.85365
v -5.389443 -62.30855 83.78693
v -3.330416 -59.5203 83.33936
v -3.902225 -60.13747 83.40117
v -3.424336 -59.99693 83.75587
v -3.881539 -60.26569 83.74296
v 25.07674 -60.85567 38.35342
v 25.22776 -61.55137 35.73615
v 24.41643 -62.97181 37.44843
v 24.86213 -63.41028 35.03355
v 25.23398 -61.91312 32.98251
v 24.6187 -63.40209 32.50624
v 25.5758 -60.06418 35.75816
v 25.70006 -60.81179 33.18264
v 25.95548 -59.26619 37.48411
v 25.65005 -61.80454 29.40963
v 24.34644 -63.39087 29.32106
v 25.81716 -60.53643 30.45336
v 27.236 -56.25354 25.07373
v 27.4894 -58.36736 24.6658
v 26.72463 -58.00991 26.31821
v 26.92591 -59.36496 25.81494
v 26.30018 -59.53916 28.16961
v 26.31872 -60.39118 27.27432
v 28.73363 -54.74625 24.24868
v 28.6039 -57.39202 23.64135
v 30.70885 -54.05494 24.13039
v 30.29028 -56.81864 23.423
v 32.51285 -54.10106 24.32869
v 31.86639 -57.09668 23.55152
v 33.36652 -58.05898 23.84691
v 33.95797 -54.97867 24.747
v 35.20067 -56.12482 25.61094
v 34.87791 -59.17976 24.64867
v 36.61207 -60.08158 26.01394
v 36.66078 -56.88466 26.93353
v -3.019308 -60.27256 83.77399
v -2.839906 -61.30423 84.05913
v -2.517791 -61.17373 83.80423
v -2.862511 -60.13504 83.47935
v -3.587817 -61.21162 84.08762
v -2.331902 -63.18578 84.41905
v -1.829909 -62.31232 84.13091
v -1.203752 -64.08658 84.45093
v -1.009111 -63.01656 84.29297
v -1.569788 -60.71285 77.27287
v -2.887624 -61.01628 76.90614
v -2.974834 -60.22047 78.14708
v -2.287982 -60.01254 78.47438
v -1.524836 -60.56139 78.3361
v -2.03036 -60.13717 79.06181
v 1.423618 -60.71185 77.42603
v 1.036693 -60.63836 78.02158
v 1.90454 -59.9517 78.33981
v 1.628263 -60.1069 78.68881
v 2.06936 -59.56203 79.48404
v 2.399068 -59.18199 80.03086
v 2.457984 -59.12734 79.77453
v 2.251747 -59.36164 79.28056
v 0.2362525 -60.94131 77.70918
v 0.7024872 -60.91913 76.9038
v 2.621004 -59.25573 79.16879
v 2.702483 -59.09692 79.78114
v 3.011573 -59.27013 79.25151
v 2.93072 -59.15547 79.75616
v 3.545952 -59.98019 78.46714
v 3.068638 -59.81852 78.25948
v 3.330992 -59.46756 79.41985
v 2.302941 -61.45391 76.88443
v 2.47952 -60.00105 78.14308
v 3.331436 -60.7076 77.20213
v 3.950126 -60.51953 77.50701
v 1.453171 -62.05065 76.18951
v 4.020012 -62.9795 84.0332
v 3.478267 -60.66539 83.92114
v 2.996352 -62.92888 84.09357
v 3.048552 -60.67789 84.03744
v 1.861522 -63.04343 84.30132
v 2.530723 -60.66799 84.05072
v 4.393523 -62.05083 83.79208
v 3.776331 -60.51309 83.597
v 1.43478 -62.1923 83.92074
v 2.154117 -60.64897 83.67988
v 2.817939 -59.82998 83.56259
v 2.659093 -59.77922 83.28682
v 3.346003 -59.75483 83.18826
v 3.24346 -59.84178 83.49158
v 3.048549 -59.26886 79.97641
v 2.748563 -59.11832 80.15914
v 3.021346 -59.6018 83.08582
v 3.049342 -59.75915 83.49233
v 3.524958 -63.49618 74.7972
v 3.037167 -62.45345 75.90087
v 5.051656 -61.35773 75.74321
v 4.061106 -61.16925 76.38963
v 2.755438 -66.18562 73.21464
v 0.2354007 -66.1701 73.93609
v 1.549585 -64.07089 74.87632
v -1.767397 -74.89623 82.57422
v 0.3466657 -73.9761 82.23676
v -2.226881 -71.54978 82.48319
v -0.7834167 -71.2123 82.32489
v 2.200673 -73.74327 82.06276
v 0.7922162 -71.00008 81.96348
v 1.931279 -70.87307 81.77653
v -0.02782042 -70.37678 82.21291
v 2.085228 -62.91114 75.5458
v -0.6605282 -60.89219 77.81634
v -0.2603545 -60.90038 76.7827
v -0.8191984 -63.03675 75.3287
v 0.4878292 -62.55077 75.64254
v -2.350552 -65.70972 83.42262
v -1.28925 -66.08645 83.61121
v -1.186473 -68.54282 82.59791
v -0.2281715 -66.25296 83.66463
v -0.21143 -68.41905 82.59044
v -2.331826 -68.46079 82.48677
v -0.1928751 -64.32416 84.45322
v 0.7665238 -64.05759 84.37416
v -0.2679619 -63.18122 84.28828
v 0.5617222 -63.01275 84.08703
v 1.750999 -65.77269 83.50703
v 0.7406666 -66.14397 83.56372
v 1.703195 -67.99851 82.06544
v 0.7122992 -68.35802 82.3458
v 9.863687 -61.32721 81.73659
v 9.921458 -60.3958 81.47262
v 9.291314 -60.9095 81.81218
v 9.452784 -60.1299 81.47004
v 9.499123 -63.01808 82.02893
v 8.899969 -61.8927 82.1217
v 11.03988 -61.56161 81.40888
v 10.67274 -60.45221 81.27081
v 10.40773 -61.53947 81.45998
v 10.27909 -60.52195 81.36981
v 11.61886 -63.57807 81.23918
v 10.44721 -63.16176 81.46471
v 12.19998 -63.03109 80.97456
v 11.54433 -61.39012 81.08968
v 13.28736 -64.22013 65.53823
v 14.55871 -62.35539 65.69214
v 14.44219 -64.14031 64.21935
v 15.37243 -62.40184 64.67733
v 11.42276 -64.18275 68.06854
v 10.08091 -64.4593 69.34619
v 10.88615 -62.80663 70.29493
v 9.698567 -63.26645 70.8012
v 10.71864 -66.11446 66.37048
v 9.023154 -65.67083 68.78014
v 12.60722 -66.16174 64.24349
v 14.54824 -65.52685 62.6899
v 8.510867 -63.5841 71.40022
v 9.929111 -69.72268 64.77969
v 8.37342 -69.37212 66.6404
v 13.37922 -70.20702 61.02803
v 11.65384 -70.04156 62.78446
v 12.33946 -62.58229 68.44598
v 13.26098 -62.82367 66.89046
v 11.74743 -61.67207 70.14291
v 13.99983 -62.15475 66.44006
v 7.560237 -61.99381 74.12872
v 7.787612 -60.53931 75.46447
v 8.305925 -61.03524 74.88602
v 8.229909 -61.98141 73.205
v 6.88871 -61.86252 74.67795
v 7.343362 -60.46645 75.87019
v 6.062324 -61.70988 75.1898
v 6.848359 -60.47785 76.19749
v 6.078094 -60.73835 76.48698
v 9.864994 -59.6659 81.30573
v 9.539872 -59.4652 81.05757
v 10.94648 -60.28633 80.93808
v 10.30974 -59.49936 80.74865
v 10.3569 -59.70978 81.0782
v 8.252936 -60.21831 76.62205
v 8.009407 -59.9747 76.64001
v 8.07595 -59.77363 77.10282
v 8.236262 -59.87763 77.30347
v 7.197348 -60.01513 77.24673
v 7.645935 -59.66383 77.60452
v 7.629892 -59.52462 77.29307
v 7.352679 -59.75706 76.94953
v 8.043414 -59.43919 77.53925
v 7.89645 -59.5376 77.17237
v 7.700365 -59.77077 76.73969
v 9.829242 -59.18366 80.79115
v 10.09829 -59.60575 81.18071
v 17.59798 -65.8209 76.42178
v 16.52299 -67.00362 77.65722
v 17.48771 -68.64616 75.90136
v 16.33697 -69.56969 77.12059
v 19.1382 -60.3589 56.28529
v 19.41111 -60.78185 54.07439
v 18.77764 -62.92083 55.34853
v 19.34402 -63.18844 53.30167
v 21.02288 -65.70744 48.49685
v 20.01839 -66.00988 50.4221
v 20.98516 -62.84763 49.38607
v 20.14703 -63.1076 51.33703
v 21.83033 -65.39388 46.51743
v 21.91829 -62.50947 47.52855
v 15.35661 -60.09478 66.50708
v 14.26249 -60.82851 67.04065
v 10.46897 -61.42862 71.80461
v 9.343125 -61.86076 72.2391
v 7.052452 -68.9659 68.20497
v 7.485625 -65.60686 70.2554
v 8.338531 -72.08701 63.45539
v 7.020322 -71.88528 65.07291
v 16.672 -60.14846 64.06853
v 17.25858 -60.60332 61.98079
v 15.86826 -62.6377 63.22878
v 16.59771 -62.86589 61.28805
v 16.79966 -66.10879 58.39778
v 16.11823 -70.91366 57.47609
v 14.79381 -70.50926 59.29424
v 15.81124 -65.95571 60.4382
v 17.60626 -62.66982 59.52944
v 22.2774 -59.58368 68.30271
v 21.14793 -58.90365 68.44331
v 21.33486 -58.84138 68.69085
v 22.28622 -59.48064 68.63427
v 2.962648 -65.38992 83.4116
v 24.13732 -60.78994 68.04926
v 25.38874 -63.33803 67.56697
v 25.93984 -61.20033 66.33979
v 26.62824 -63.38625 66.08887
v 25.67402 -66.53129 66.65968
v 26.97787 -66.58652 65.28208
v 26.23745 -70.1511 66.37766
v 27.71438 -70.10386 64.9145
v 26.73201 -73.56459 66.13531
v 28.12618 -73.43642 64.41637
v 16.16691 -58.93662 67.06077
v 16.85085 -58.53797 67.02972
v 16.63055 -58.37812 66.81593
v 16.12047 -58.78608 66.63995
v 28.32114 -76.73922 63.64555
v 26.98227 -76.86841 65.51214
v 26.67001 -60.73341 64.46044
v 27.6453 -63.02976 64.46014
v 28.17842 -66.43484 63.70643
v 29.06063 -69.94553 63.24253
v 29.41228 -73.21339 62.55109
v 38.82878 -61.48422 36.43316
v 38.5238 -59.41974 36.7326
v 37.94099 -61.04496 38.16661
v 37.53506 -59.21424 38.39772
v 22.40144 -61.43493 69.88018
v 21.67223 -59.61591 69.46516
v 21.62901 -60.71265 70.42948
v 21.20718 -59.76709 69.75761
v 39.25667 -60.07249 31.48039
v 39.04096 -59.54151 34.40921
v 39.24762 -61.98519 34.02282
v 39.52732 -62.88 31.13656
v 16.16576 -60.20222 65.38973
v 16.93829 -58.84943 65.57722
v 16.5266 -58.89589 65.98324
v 38.6174 -57.22504 34.94823
v 37.75822 -57.54625 37.12124
v 38.97054 -57.16926 31.9426
v -34.97701 -57.23241 29.15188
v -34.64531 -57.05075 31.52785
v -34.09633 -55.52135 29.53852
v -33.85003 -55.66912 31.68642
v 17.64465 -74.72256 75.3916
v 17.43164 -77.69488 74.9623
v 18.8102 -77.41564 73.87599
v 19.0823 -74.45763 74.26268
v 18.36497 -62.4688 57.62803
v 17.7152 -66.18716 56.39747
v 18.50647 -66.32428 54.34802
v 22.04985 -60.18634 48.69403
v 21.07214 -60.68059 50.21412
v 22.44046 -58.93575 49.62738
v 21.47463 -59.42531 50.852
v 22.58891 -62.2101 45.68107
v 22.94423 -59.66709 47.38486
v 4.82297 -69.95345 63.05713
v 4.187277 -70.20199 64.69689
v 5.867404 -71.72247 66.50603
v 19.22609 -59.63448 58.8616
v 18.18093 -60.24228 60.41727
v 4.668805 -65.40919 72.50766
v 5.189261 -63.35931 74.03862
v 6.380512 -63.40536 73.28606
v 6.076353 -65.15148 71.62272
v 25.52871 -76.94244 67.31278
v 25.30331 -73.69389 67.79583
v 24.4902 -66.77249 68.03377
v 24.28326 -63.52448 68.66373
v 16.18409 -60.71221 76.14699
v 16.83039 -60.93898 76.10777
v 16.41575 -60.28637 75.75341
v 15.94968 -60.14993 75.58308
v 17.65474 -60.72835 74.95627
v 16.58357 -60.08677 75.03473
v 16.85055 -60.20403 75.37846
v 17.68366 -60.82677 75.40205
v 25.32677 -60.62923 66.07246
v 23.77049 -60.36135 67.71332
v 28.84784 -62.63451 62.71782
v 29.64973 -66.21282 62.07195
v 13.22808 -59.26294 71.73503
v 12.82662 -59.30287 71.89607
v 13.0316 -58.84824 72.63898
v 13.38589 -58.82254 72.81316
v 12.10692 -59.54798 73.23259
v 12.77359 -59.02982 73.46492
v 12.59931 -59.04264 73.06816
v 12.2689 -59.62266 72.72526
v 29.55952 -76.51978 61.71028
v 29.7506 -78.92322 60.8472
v 30.70028 -76.26401 59.71275
v 30.85992 -78.67499 58.91666
v 31.71811 -76.02821 57.72373
v 31.86806 -78.40919 56.92747
v 13.21284 -58.78283 73.34683
v 12.84371 -58.90126 72.90073
v 11.54897 -60.5144 71.86661
v 11.31234 -60.19843 72.95547
v 30.45381 -63.10441 60.74907
v 31.17461 -66.35088 60.20649
v 17.14651 -62.92733 76.48797
v 16.39251 -61.84686 76.80932
v 12.60669 -60.50485 70.55699
v 12.30264 -60.1662 71.60534
v 12.50889 -59.41654 72.33294
v 31.87663 -59.76863 52.1614
v 30.94966 -58.68804 52.20727
v 31.45263 -59.45945 54.34471
v 32.24348 -60.61517 54.43435
v 35.45501 -70.38223 48.16262
v 35.20663 -67.10725 49.08511
v 34.5704 -67.83392 51.10129
v 34.77832 -71.06281 50.26863
v -33.96507 -56.73383 24.43443
v -34.84349 -56.95962 26.46139
v -33.22157 -54.95714 25.29309
v -33.90603 -55.21912 27.13936
v 19.2469 -62.52154 75.03889
v 18.1417 -62.67011 75.74576
v 17.32591 -60.96822 75.79033
v -32.6932 -56.48606 23.01362
v -32.28286 -54.64984 23.90272
v 23.5317 -66.49562 35.317
v 24.62742 -65.07582 36.36691
v 24.32992 -64.98843 34.07135
v 22.52819 -65.61839 33.6302
v 19.71582 -58.61306 60.18566
v 20.07947 -58.53792 58.87801
v 20.24044 -58.33021 59.8313
v 27.23834 -59.74319 62.53355
v 26.59287 -58.35031 61.85011
v 25.83024 -58.56059 62.71391
v 25.67399 -58.02493 62.09366
v 25.9101 -59.66916 64.2123
v 29.40654 -60.50352 60.93192
v 18.86467 -59.26748 60.98792
v 20.31487 -77.30549 72.59534
v 20.5015 -74.39732 73.02305
v 20.36515 -71.36755 73.28634
v 18.86889 -71.3225 74.23943
v 20.25558 -68.36759 73.77146
v 18.86724 -68.13462 74.79818
v 24.84597 -70.34727 67.90358
v 23.44631 -67.52425 69.37101
v 23.80899 -70.78619 69.42145
v 23.40831 -64.17836 69.75066
v 23.27537 -61.0289 68.96532
v -24.42724 -52.93615 19.86234
v -25.65045 -51.4533 20.71563
v -26.57894 -53.78711 19.93944
v -27.49227 -51.95705 20.77606
v 22.22245 -62.79037 71.20616
v 21.64107 -61.71308 71.41858
v 22.6861 -65.13245 70.94592
v 22.05688 -65.81188 72.21191
v 22.78626 -68.15182 70.70304
v 22.11052 -68.54046 71.82489
v 23.12429 -71.11516 70.69495
v 22.37402 -71.33411 71.63406
v 21.42659 -77.2589 71.57394
v 21.57713 -74.35338 72.07262
v 20.22565 -79.73898 72.22121
v 21.42001 -79.67731 71.15344
v 23.57482 -64.97562 40.37794
v 23.28516 -62.64088 41.50616
v 23.9395 -62.79816 39.6944
v 24.10722 -64.98075 38.54053
v 24.16274 -61.08417 40.56818
v 23.62642 -61.07041 42.4261
v 38.97636 -71.70974 38.26531
v 38.19083 -68.42646 39.37867
v 38.28983 -72.08294 40.24372
v 37.62162 -69.0108 41.30955
v 37.15448 -65.68456 40.78528
v 36.98218 -66.25867 42.56571
v 37.63006 -64.73469 39.31104
v 37.09206 -62.58836 41.04586
v 36.809 -63.26671 42.39631
v 9.044111 -63.0225 38.27217
v 5.265256 -62.04276 38.00395
v 5.136806 -62.46677 39.77645
v 8.85925 -63.36524 40.08569
v 23.30416 -58.38932 49.11992
v 23.67648 -59.07738 47.75612
v 23.79609 -58.20079 48.93519
v 31.68421 -59.06727 50.46643
v 30.59514 -58.37128 49.86874
v 30.25351 -58.45605 50.76133
v 29.90676 -58.10404 50.24664
v 4.980731 -62.93308 41.49109
v 4.777525 -63.43982 43.1989
v -0.6263251 -68.47276 66.1675
v -0.3359426 -68.30949 63.34243
v -2.487456 -68.27385 69.65848
v -0.3313754 -68.61186 69.63037
v 5.822107 -60.81449 28.94246
v 1.744299 -60.53431 25.28901
v 5.996106 -61.06829 25.62598
v -0.8600419 -81.64272 81.40551
v -1.123942 -78.66806 81.90258
v -4.195755 -78.98353 81.80809
v -4.403531 -81.72546 81.32478
v 4.54758 -63.9417 44.88402
v 0.3392281 -64.24249 46.10966
v 4.296291 -64.43584 46.53074
v 3.993128 -65.01909 48.13665
v 0.2195905 -64.7 47.80229
v 3.556628 -65.69699 49.69044
v 0.07786849 -65.14994 49.46288
v 3.062071 -66.30191 51.26093
v -0.1173664 -65.5732 51.11267
v 2.564762 -66.81786 52.84328
v 2.080502 -67.25033 54.46545
v 1.105413 -67.79423 57.78019
v 0.5839978 -68.01262 59.48833
v 0.01539406 -67.8073 71.84093
v -2.776336 -66.36017 73.67243
v -2.616195 -67.69246 71.84729
v -2.766692 -63.30858 75.28465
v 34.34657 -56.58736 39.56187
v 33.83101 -56.54722 39.18409
v 33.33499 -56.9296 39.87651
v 33.16478 -56.95657 39.39591
v 26.38377 -58.56569 37.21228
v 27.02801 -58.38129 37.82924
v 26.91086 -58.50997 36.92846
v 27.25536 -58.32226 37.4988
v 35.27846 -57.4011 40.09232
v 33.77666 -57.07712 40.55021
v 34.39431 -57.45439 41.97394
v 35.47686 -58.07572 41.7498
v 33.04222 -59.23574 49.08571
v 31.81739 -58.39735 49.07037
v 23.2951 -60.69874 44.61924
v 22.78515 -62.28387 43.69506
v 23.51573 -60.5087 45.1087
v 12.66885 -63.84103 34.58425
v 12.51226 -64.00729 36.60023
v 15.9538 -64.98864 34.9475
v 15.86021 -65.22506 36.82071
v 20.5955 -67.03605 36.74108
v 20.23316 -66.13596 35.20831
v 25.46354 -60.50845 38.98797
v 24.54594 -60.75398 40.93609
v 23.51243 -67.64609 38.98425
v 20.72277 -67.89027 38.42728
v 20.45632 -68.66103 40.50753
v 23.23812 -68.24867 41.13664
v 23.03071 -65.01539 42.5307
v 15.68362 -66.19047 40.60527
v 15.79324 -65.62444 38.64466
v 23.9316 -60.81364 42.79783
v 39.49155 -71.50699 35.98256
v 39.09746 -74.32684 37.42722
v 39.42683 -74.09299 35.21394
v 38.98494 -67.38802 37.07962
v 36.62535 -63.6601 43.98423
v 36.42757 -60.86958 43.88374
v 36.01488 -61.08876 45.31331
v 38.6151 -74.65479 39.40406
v 34.30402 -57.95146 45.32747
v 35.4192 -58.93492 44.8954
v 34.57247 -57.72588 43.79363
v 35.64896 -58.51538 43.46736
v 5.384346 -61.64401 36.14161
v 37.64162 -72.52801 42.40567
v 37.98619 -75.06918 41.57732
v 37.00196 -69.49156 43.34663
v 36.68543 -66.65828 44.56608
v 36.32505 -63.85249 45.80884
v 22.33249 -79.61863 70.22757
v 22.32113 -77.21016 70.73661
v 22.43794 -74.24181 71.24847
v 21.49575 -71.44373 72.4472
v 21.31027 -68.62445 72.81324
v 20.07833 -65.47934 74.49306
v 21.24079 -65.90289 73.38727
v 20.92348 -63.54587 73.8157
v 21.82421 -63.58165 72.54752
v 23.16264 -79.57109 69.3346
v 23.15282 -77.14027 69.9172
v 24.22838 -79.50073 68.17446
v 24.12783 -77.03519 68.84718
v 23.22961 -74.09066 70.41676
v 24.12077 -73.89895 69.338
v 21.27221 -62.29887 72.62321
v 16.30192 -75.1331 76.30114
v 16.31924 -72.30714 76.67862
v 15.06093 -72.75753 77.71519
v 15.00212 -75.49893 77.18068
v 16.67961 -71.02877 50.50285
v 15.94092 -71.58881 52.40352
v 18.21281 -70.80467 53.44418
v 19.07786 -70.50203 51.55779
v 19.98784 -70.03873 49.56969
v 17.50098 -70.49476 48.53316
v 20.85583 -69.52735 47.58469
v 18.33813 -69.96729 46.65251
v 13.55111 -61.10881 67.56888
v 7.437082 -63.59217 72.26587
v 9.763127 -72.2037 61.63588
v 11.26618 -72.53912 59.73982
v 12.58947 -72.54333 58.04863
v 12.85901 -60.90056 68.74934
v 2.293553 -68.27213 71.33387
v 25.70018 -79.41 66.5147
v 18.70542 -79.87776 73.54202
v 1.717641 -69.26331 69.26707
v 4.257176 -68.68325 70.54049
v 7.986372 -64.5266 45.33471
v 7.578344 -65.10887 46.96736
v 4.391424 -68.17332 54.72041
v 3.656898 -68.4136 56.31557
v 1.599147 -67.55905 56.12695
v 19.87039 -59.12486 56.8162
v 0.1105542 -68.14491 61.31483
v 1.573332 -69.0338 61.37893
v 2.257313 -68.82108 59.64603
v 8.387791 -68.26006 52.02994
v 9.088678 -67.74637 50.4213
v 6.507355 -66.48595 50.07869
v 5.860446 -67.13249 51.61406
v 28.43519 -59.17329 60.79131
v 5.65239 -69.41852 56.91549
v 4.618593 -69.71738 58.40012
v 2.944628 -68.61965 57.93202
v 1.152865 -77.95723 81.8936
v 21.00048 -58.95917 69.19414
v 20.69068 -59.19635 69.15797
v 17.28146 -58.32592 66.82514
v 16.91351 -58.24398 66.54501
v 32.47194 -66.45776 58.15247
v 31.81944 -63.51282 58.63769
v 18.81297 -65.29802 75.50615
v 32.44578 -69.54082 57.31249
v 33.229 -66.21608 55.92355
v 33.18536 -69.22551 55.11822
v 34.18369 -74.79556 51.49306
v 33.44827 -75.31172 53.58133
v 33.58417 -77.64543 52.7721
v 34.32299 -77.18306 50.70921
v 15.90731 -64.83226 30.28261
v 19.06092 -65.22142 30.97441
v 18.90513 -65.51271 27.96787
v 15.9822 -64.8979 27.30947
v 15.94778 -64.89367 32.8749
v 19.64874 -65.43163 33.50436
v 21.45022 -65.01512 31.38794
v 35.36917 -61.08493 46.99785
v 35.63574 -63.80723 47.87203
v 34.45757 -60.9262 48.78165
v 23.30761 -64.46301 31.8308
v 5.665034 -60.90201 31.78035
v 9.475175 -62.28988 32.02057
v 9.584921 -62.23631 29.28019
v 12.78424 -63.71215 32.34451
v 12.83636 -63.73717 29.70191
v 22.71008 -68.86001 43.45392
v 22.57578 -65.12923 44.48998
v 20.32087 -62.29079 73.74525
v 18.96819 -61.58429 74.58792
v 38.47468 -61.05501 28.14106
v 38.20001 -57.36403 29.10204
v 12.92623 -63.8224 26.67948
v 9.67792 -62.41076 26.10327
v 5.510772 -61.2489 34.11978
v 9.345766 -62.47561 34.33374
v 12.12409 -64.59729 40.36432
v 8.635967 -63.7139 41.85796
v 11.88113 -65.00432 42.20162
v 15.43596 -66.7383 42.6189
v 10.35295 -60.8577 72.88358
v 33.4389 -60.99126 50.45118
v 34.77575 -63.83592 49.99271
v 35.9352 -66.85026 46.71958
v 36.20565 -69.8962 45.68841
v 35.73235 -73.5686 47.30179
v 36.73379 -73.01038 44.84818
v 36.01796 -76.14199 46.5216
v 37.04646 -75.57629 44.07418
v 35.10337 -76.67634 48.67157
v 34.94441 -74.20236 49.44779
v 34.22087 -64.61217 51.87785
v 33.39955 -61.70243 52.27085
v 31.21039 -60.02686 56.6805
v 32.00461 -61.17989 56.70291
v 30.14569 -59.99668 59.00731
v 31.04953 -61.17266 58.96318
v 30.38818 -69.727 61.44164
v 31.47909 -69.63731 59.41326
v 30.57369 -72.97704 60.57174
v 31.61359 -72.81947 58.56192
v 16.05466 -59.90728 75.25195
v 16.59228 -60.19207 75.57383
v 27.22533 -79.31094 64.64946
v 8.073524 -63.06474 82.50526
v 8.373824 -64.15309 82.64699
v 6.885157 -63.68135 83.10545
v 7.014057 -64.58844 83.31052
v 5.454172 -64.23722 83.78067
v 5.497404 -63.39584 83.54456
v 9.252351 -65.8951 81.34847
v 10.38953 -65.81673 80.94772
v 10.38938 -68.74872 79.77518
v 8.921318 -68.6156 80.06757
v 10.58259 -72.19163 79.26962
v 9.094604 -72.00789 79.76786
v 9.163455 -81.46706 79.42087
v 10.99464 -81.43828 78.51182
v 11.03466 -78.77518 79.02297
v 9.386033 -78.60275 79.85872
v 10.96213 -75.56188 79.44217
v 9.418019 -75.34332 80.06425
v 2.374507 -68.93134 63.67288
v 2.562791 -69.49886 66.03652
v 3.789224 -70.37177 66.02287
v 2.711226 -69.29876 61.65272
v 5.655873 -69.76033 61.28414
v 3.513973 -69.67248 59.96443
v 6.597577 -69.62244 59.55383
v 7.790978 -69.68338 57.90313
v 9.049729 -69.64603 56.60441
v 6.613619 -69.16409 55.44886
v 10.28485 -69.41707 54.97469
v 7.56797 -68.7991 53.80389
v 11.70395 -69.24325 53.0835
v 15.0068 -72.03363 54.37725
v 17.24097 -70.99496 55.44145
v 12.51722 -68.76286 51.41652
v 13.05891 -68.40237 49.73308
v 13.77637 -67.9044 47.92417
v 10.44265 -66.51757 47.25669
v 9.779589 -67.15543 48.87209
v 11.54571 -65.42475 43.93583
v 11.04565 -65.91518 45.61357
v 14.45007 -67.52319 46.1047
v 15.02749 -67.17609 44.39759
v 0.9835902 -68.9948 63.28528
v 1.043009 -68.91674 66.07377
v 8.342754 -64.06482 43.61974
v 20.06799 -60.85083 52.02673
v 20.54838 -59.51293 52.60366
v 20.00444 -59.48103 54.61896
v 5.767716 -68.79617 69.51435
v 19.03053 -69.49647 44.841
v 3.35224 -70.19054 68.63358
v 19.80337 -69.13801 42.80589
v 21.75138 -69.17037 45.66443
v 9.278589 -61.31401 73.35989
v 17.90198 -59.72844 62.39818
v 17.35748 -59.49079 64.15662
v 13.80764 -72.28778 56.31699
v 4.688831 -71.14328 67.68728
v 4.630456 -60.97022 76.75671
v 17.34938 -80.13333 74.52306
v 22.04501 -59.48527 69.02852
v 17.46848 -71.68027 75.4544
v 16.13565 -63.66857 77.81379
v 16.49604 -64.82742 77.85117
v 15.09034 -64.65503 79.17312
v 15.33619 -65.90291 79.32294
v 13.45353 -65.41892 80.63142
v 13.47616 -64.58987 80.29459
v 11.74077 -66.28415 80.67687
v 11.89132 -69.2934 79.71155
v 12.11154 -72.48071 79.04172
v 12.37074 -75.65797 78.82465
v 12.40888 -78.75655 78.25024
v 12.43703 -81.22591 77.69628
v -34.01414 -56.54288 33.51216
v -33.12111 -55.50928 33.4669
v -21.07318 -58.06672 32.23693
v -21.55387 -57.07796 32.16934
v -21.6383 -57.25436 34.42735
v -22.11395 -56.39853 34.06381
v 34.12619 -59.2778 47.62656
v 32.98653 -58.26777 47.83833
v 21.02087 -65.08183 28.41145
v 22.69976 -64.26002 28.87802
v 36.61859 -57.48341 38.71321
v 36.74211 -59.03636 39.80884
v 36.63802 -59.5452 41.15753
v 36.64503 -60.33042 42.53041
v 39.0866 -63.736 28.25419
v 37.29296 -60.48969 39.33047
v 37.21898 -61.48813 39.9794
v 39.5806 -71.45258 33.00455
v 39.46296 -73.67239 32.74166
v 39.46799 -73.027 30.50552
v 39.53345 -71.14301 30.62361
v 38.72942 -72.20628 27.69479
v 38.90314 -70.62686 28.09896
v 39.71491 -68.20407 33.28838
v 39.70543 -68.47601 30.46683
v 39.12689 -68.43248 28.22166
v 39.26758 -66.08349 28.13148
v 39.70278 -65.61517 30.51875
v 39.43398 -64.86474 33.71133
v 37.98573 -62.95308 38.46309
v 38.9453 -64.00063 36.51063
v 34.06699 -71.72511 52.26869
v 33.92978 -68.63281 53.0411
v 33.70116 -65.56503 53.79242
v 33.29292 -62.7188 54.34145
v 33.35228 -72.26525 54.36303
v 32.80478 -63.37968 56.48637
v 32.63765 -75.72809 55.68076
v 32.77026 -78.06142 54.85406
v 32.58476 -72.64515 56.50797
v 28.57153 -79.147 62.73726
v 15.37032 -59.55639 67.15631
v 17.45158 -58.3068 66.43102
v 17.12202 -58.24686 66.27534
v 17.35345 -58.67982 65.57586
v 20.61578 -58.85321 68.71851
v 21.03464 -58.79393 68.90548
v 8.141674 -66.29556 81.9433
v 6.826495 -66.29339 82.61657
v 5.384513 -65.86626 83.07052
v 4.110031 -65.39256 83.36954
v 7.739593 -68.68171 80.85755
v 6.640067 -68.45551 81.71675
v 5.397333 -67.97395 82.24284
v 4.198447 -67.58115 82.34702
v 3.022206 -67.57258 82.06092
v 7.799883 -71.69903 80.56326
v 6.608675 -71.15098 81.31651
v 5.441856 -70.49597 81.79991
v 4.340628 -70.09904 81.97752
v 3.229152 -70.3265 81.83824
v 7.904845 -74.81726 80.83595
v 6.543936 -73.92458 81.61539
v 5.28824 -72.78431 81.93177
v 4.430657 -71.87921 81.94247
v 3.59641 -72.73971 81.97282
v 1.661847 -81.42819 81.29183
v 3.035766 -76.83915 81.87853
v 4.285206 -80.98465 81.08337
v 6.906475 -81.36684 80.32211
v 7.582516 -78.06458 80.70274
v 4.488839 -74.90749 82.00812
v 5.806437 -76.87524 81.35667
v 5.140312 -67.73139 53.1634
v 7.089475 -65.78251 48.55127
v 13.89646 -60.37328 68.01695
v 13.37268 -60.27007 69.05355
v 13.13874 -59.91127 70.3391
v 14.48254 -60.16114 67.537
v 19.21379 -66.26428 52.42605
v 16.15481 -78.06309 75.8391
v 16.10954 -80.4711 75.37309
v 14.9113 -78.40517 76.68832
v 14.88813 -80.7942 76.17279
v 15.05244 -70.09895 78.28088
v 15.27666 -67.74245 79.10447
v 13.6639 -78.63431 77.49126
v 13.68244 -81.04281 76.93916
v 13.69111 -75.66164 78.04205
v 13.61119 -72.76744 78.51937
v 13.49898 -69.90554 79.22836
v 13.43915 -67.34622 80.30949
v 34.90218 -59.18208 46.17066
v 33.76099 -58.09821 46.61577
v 9.20554 -62.72328 36.37537
v 12.31328 -64.27245 38.49972
v 23.77883 -67.1537 37.10401
v 26.5421 -59.04768 37.96021
v -28.42032 -54.92207 20.42344
v -28.97839 -52.88475 21.44298
v -29.8722 -55.59293 21.12062
v -30.13562 -53.67679 22.12968
v -4.07325 -75.2205 82.44548
v -31.33512 -56.09576 21.97236
v -31.27163 -54.21852 22.84133
v 33.89112 -53.10586 25.94258
v 35.31687 -54.14076 26.47082
v 25.67557 -59.81935 33.45907
v 25.78624 -59.25377 35.73701
v 32.69251 -52.4264 25.65058
v 30.91436 -52.38719 25.31215
v -2.501755 -59.71167 79.71333
v -2.587801 -59.72017 79.10297
v -21.02471 -58.61971 35.23141
v -20.25617 -61.20626 34.18814
v -20.46537 -59.47068 32.13406
v -19.88616 -59.81047 28.80019
v -19.95686 -59.53669 24.63751
v -20.36672 -62.25864 25.00557
v -34.15677 -59.5409 23.4327
v -32.54105 -58.47422 22.12008
v -20.84718 -55.76531 20.94354
v -21.6227 -54.68914 19.83007
v -20.42778 -57.30069 22.45475
v -23.45677 -54.83614 19.34857
v -25.73529 -55.66039 19.38315
v -27.65772 -56.59682 19.61935
v -29.12902 -57.25921 20.24726
v -30.74254 -57.73466 21.10527
v -4.596963 -61.13881 83.67111
v -4.316293 -61.27959 84.03439
v -7.188953 -60.623 76.51824
v -7.793329 -60.11393 77.30933
v -7.504974 -60.38633 77.6633
v -6.748333 -60.74113 77.16809
v -8.247874 -60.02687 78.44248
v -6.379909 -60.93513 76.15367
v -5.947468 -60.91465 77.00632
v -8.842873 -59.75252 78.08346
v -8.810918 -59.76455 78.45452
v -9.04724 -59.96582 78.22871
v -8.013253 -61.19622 76.00115
v -8.266211 -60.17052 77.16922
v -11.03791 -62.76751 82.50192
v -8.490299 -62.23258 83.14477
v -8.938348 -59.94665 78.69716
v -9.429988 -60.05434 82.24449
v -9.547477 -60.34219 82.59466
v -10.43079 -61.94479 74.29153
v -8.570083 -62.30616 74.87518
v -6.288827 -75.26866 82.12273
v -6.612057 -71.68053 81.74365
v -5.470695 -60.98147 76.15649
v -5.04116 -60.85609 77.23629
v -4.809811 -62.90236 74.99632
v -15.71281 -62.00563 79.76304
v -15.15338 -61.55907 79.83338
v -15.65481 -61.2557 79.51986
v -15.19565 -61.00275 79.47791
v -16.30928 -62.13632 79.59979
v -16.06469 -61.28833 79.42199
v -18.52903 -63.67396 78.84389
v -16.50156 -63.70601 63.91021
v -17.28315 -64.08794 62.28192
v -15.50373 -66.21507 62.49783
v -15.97937 -69.93443 58.62131
v -16.58574 -61.91922 65.07681
v -15.94096 -62.04709 66.65223
v -15.72776 -61.54472 68.22895
v -17.25329 -61.48057 64.45539
v -11.49436 -61.00572 74.94117
v -13.8517 -60.28482 74.67897
v -13.97387 -59.84615 75.57804
v -13.6272 -59.88669 75.26012
v -13.4335 -60.16418 74.62978
v -12.76088 -60.42475 75.47421
v -13.25426 -60.00264 75.56393
v -13.4873 -60.006 76.00216
v -13.80342 -59.75843 76.01057
v -13.41458 -59.90908 75.43354
v -22.58128 -66.76014 75.28757
v -22.57999 -69.43198 74.79335
v -19.00843 -61.28304 53.65326
v -19.11076 -63.93723 52.55944
v -18.96762 -61.59722 51.31887
v -19.16523 -64.04688 50.40887
v -19.61121 -63.3784 46.26258
v -19.40249 -63.84636 48.31881
v -19.40339 -66.25443 47.34236
v -19.60521 -65.79196 45.33912
v -19.91055 -65.25062 43.13556
v -20.19453 -62.74363 44.34375
v -17.53559 -60.57541 64.79002
v -18.03454 -60.1205 65.37826
v -17.49071 -60.30466 66.01392
v -16.94649 -60.74065 65.59305
v -18.66033 -60.55857 61.55217
v -18.74487 -60.86529 59.53105
v -18.89232 -63.69669 56.84032
v -19.35321 -60.83089 57.81606
v -25.2329 -59.03131 64.31217
v -25.36279 -58.89331 64.78784
v -27.04714 -60.20785 64.04182
v -28.3639 -60.74091 62.2317
v -29.06662 -62.97197 61.90673
v -29.31912 -65.98716 61.10194
v -28.93344 -69.43211 62.31836
v -29.79244 -72.64377 62.11336
v -19.20234 -59.3075 64.54839
v -19.75793 -59.0116 64.36147
v -30.59811 -75.86551 61.67416
v -28.84921 -60.55584 60.46144
v -29.81947 -62.70375 60.23593
v -30.22415 -65.75756 59.42839
v -32.92344 -74.2569 53.22697
v -33.38111 -73.81642 51.13961
v -33.02053 -76.42759 52.49847
v -33.45576 -75.93827 50.42759
v -33.15774 -62.22566 49.69407
v -34.7239 -60.4356 31.03655
v -34.52148 -59.63687 33.17465
v -34.81293 -58.68346 31.15536
v -34.47848 -58.11298 33.21297
v -26.11763 -60.85741 66.38878
v -25.60095 -60.04716 67.13557
v -34.96741 -59.24881 26.03586
v -35.05162 -61.10765 28.54456
v -35.06645 -59.08743 28.72772
v -19.56733 -59.95722 61.58033
v -19.81253 -59.46109 63.03917
v -33.57228 -59.91797 44.27495
v -32.23925 -58.37965 44.92345
v -33.44994 -58.5091 43.20186
v -34.42064 -59.97035 42.26521
v -24.27623 -77.88277 73.01167
v -23.90012 -74.69077 72.9584
v -25.42284 -77.55965 71.76279
v -24.96094 -74.34508 71.61626
v -19.06909 -63.7024 54.76369
v -18.45696 -66.71301 53.55787
v -18.83871 -66.73109 51.48395
v -19.50906 -60.26682 51.87222
v -19.88833 -60.11882 54.17154
v -20.7337 -60.59618 45.61113
v -21.05703 -59.0647 46.43285
v -20.2744 -59.71327 47.85003
v -20.01907 -61.15653 47.26805
v -20.16938 -64.67767 41.02479
v -20.35811 -62.09597 42.33298
v -21.22363 -59.90494 44.05572
v -19.70101 -60.52689 56.19773
v -21.26696 -60.31981 74.20132
v -20.76543 -59.32148 73.7451
v -21.26913 -59.47046 73.80973
v -21.80156 -60.38541 73.95263
v -22.46218 -60.1145 72.84621
v -22.51068 -60.17623 73.21172
v -21.55538 -59.31572 73.39684
v -21.26351 -59.13216 73.13795
v -27.61277 -59.8081 61.99638
v -26.51739 -59.50183 63.51508
v -17.72517 -58.66164 70.85571
v -17.35436 -58.69857 70.74702
v -16.58152 -59.26516 71.38058
v -16.51488 -59.38338 70.82207
v -17.05799 -58.79795 71.21537
v -17.35555 -58.75994 71.54474
v -32.40039 -74.65657 55.3002
v -31.99613 -77.33588 56.63109
v -32.52236 -76.87881 54.55419
v -17.72266 -58.54636 71.36642
v -17.25558 -58.69749 71.02246
v -15.81222 -60.52715 69.9974
v -15.76687 -60.00162 71.04212
v -22.42578 -62.5343 74.22746
v -21.77406 -61.85643 74.87005
v -16.25459 -60.02353 69.62971
v -16.71035 -59.25402 70.39536
v -30.83947 -58.24983 46.66013
v -34.80676 -68.5055 43.61692
v -34.54399 -65.65502 44.51125
v -22.21659 -60.34677 73.5653
v -20.42941 -63.5899 33.32319
v -20.52771 -65.55886 32.76459
v -20.33886 -65.31278 30.55011
v -20.26606 -61.80709 40.11727
v -20.2855 -64.24873 39.03312
v -20.63494 -59.42768 56.27689
v -20.7365 -59.39024 57.51425
v -21.08946 -59.27934 57.1893
v -28.94554 -59.87445 58.67431
v -27.65649 -59.07649 59.09398
v -27.90946 -58.85794 58.16404
v -27.27056 -58.69065 58.59413
v -27.97565 -59.70942 60.31916
v -30.66991 -60.43458 56.59566
v -20.3237 -59.66051 58.51403
v -26.69627 -77.33813 70.33019
v -26.41595 -60.57994 65.1474
v -33.19329 -56.71411 39.2434
v -32.74405 -56.96013 39.17743
v -32.35367 -55.83331 37.45619
v -31.94117 -56.0023 37.38077
v -23.30474 -59.26382 45.02341
v -24.29404 -59.54119 45.04443
v -24.32082 -59.28379 45.36892
v -23.46742 -58.80962 45.37923
v 29.00887 -53.58521 25.41004
v 27.32161 -54.92443 25.86238
v 37.69122 -55.1516 29.94197
v 36.70089 -54.66871 27.82788
v 38.10912 -55.30016 32.48016
v -26.7506 -64.66324 67.55973
v -26.37516 -65.40247 68.93986
v -26.37131 -68.07136 68.47546
v -26.61675 -70.80479 68.14989
v -27.53393 -77.15893 69.1086
v -26.94709 -79.8239 69.9931
v -27.75773 -79.61868 68.66164
v -20.68257 -66.02264 34.6991
v -20.71806 -66.67861 36.49916
v -20.40769 -63.65749 35.49366
v -20.31424 -63.92645 37.32644
v -20.40373 -61.25663 36.49776
v -20.30706 -61.54748 38.29789
v -20.69605 -59.25578 37.53287
v -20.57207 -59.86275 39.36892
v -21.22886 -58.32767 38.253
v -21.6386 -58.46936 38.36787
v -33.063 -57.57052 40.71392
v -33.4757 -57.33552 40.75578
v -35.42764 -66.16826 34.69075
v -35.37232 -69.09325 33.50691
v -35.32946 -69.49071 35.50306
v -35.38551 -66.72366 36.63841
v -35.47477 -63.44902 36.43734
v -35.38661 -64.02917 38.05356
v -35.35274 -61.17231 38.03652
v -34.90187 -59.32518 39.29088
v -34.76747 -58.75605 37.95912
v -35.25001 -60.50486 36.69114
v -35.40792 -62.57646 34.94296
v -33.23433 -57.78055 42.19659
v -32.81044 -57.97992 42.20098
v -22.38116 -59.21197 44.59296
v -22.80452 -58.53043 45.35889
v -21.87229 -59.09864 44.36119
v -21.86732 -58.72553 45.60251
v -22.27527 -58.61226 45.26431
v -29.46519 -57.71579 47.14322
v -28.96258 -57.27689 46.73785
v -2.398616 -61.14968 25.02619
v -7.18042 -78.82784 81.52747
v -7.822284 -81.62244 81.02402
v -3.273865 -65.68638 50.92973
v 26.61616 -56.92572 26.95703
v 26.10365 -58.79235 28.7833
v 25.81767 -59.6824 31.01948
v 37.65592 -55.7976 35.15111
v 36.71439 -56.31422 37.20122
v -30.36942 -54.9459 35.52864
v -33.32639 -56.64096 37.06533
v -28.35144 -57.47931 46.41582
v -27.762 -58.42321 45.4712
v -27.5377 -58.2472 45.91154
v -20.66213 -60.12844 41.34791
v -21.60822 -57.40413 36.54445
v -21.96273 -57.61879 36.6818
v -20.51248 -67.19685 38.07804
v -34.03523 -58.38105 41.62205
v -34.14478 -58.00508 40.20749
v -35.34301 -68.84626 31.29477
v -35.22672 -71.03185 30.67838
v -35.27608 -71.29494 32.79385
v -35.45562 -65.33196 32.30665
v -33.90858 -57.43972 38.77834
v -34.81809 -59.75335 40.64764
v -35.30972 -61.69706 39.45215
v -35.23556 -71.64789 34.70213
v -35.19601 -72.10583 36.87059
v -35.26191 -69.96043 37.67099
v -35.26835 -67.24319 38.70063
v -35.24669 -64.55917 39.91494
v -35.07212 -62.10756 41.15061
v -28.10834 -76.99358 68.07487
v -28.24657 -79.43205 67.54279
v -27.35004 -73.79715 68.09029
v -28.73097 -79.22709 66.37514
v -28.61921 -76.78731 66.97787
v -29.41197 -78.92509 64.79716
v 35.62 -56.40404 38.67372
v -30.06041 -78.58964 62.95855
v -25.64152 -80.05337 71.54201
v -29.59777 -59.41721 56.63724
v -16.9532 -65.47593 24.63494
v -20.20826 -65.47737 27.87426
v -20.35906 -67.59981 39.93553
v -34.52263 -62.34698 43.287
v -34.89394 -65.06197 42.18115
v -35.08547 -67.82949 41.13857
v -35.09045 -70.54185 40.20234
v -34.847 -71.22749 42.76315
v -35.0701 -72.70387 39.42641
v -34.85421 -73.42165 41.98307
v -34.53975 -74.11454 44.17134
v -34.51414 -71.94641 44.92919
v -32.33836 -60.8834 52.04264
v -31.4602 -59.83914 52.09692
v -30.90258 -59.89844 54.50286
v -31.88165 -60.87416 54.39181
v -31.82776 -68.64736 56.88118
v -32.55917 -68.45794 54.82852
v -32.24765 -71.64791 56.13599
v -32.79086 -71.33799 54.04068
v -20.78526 -58.87066 73.45037
v -21.37863 -59.2918 73.61799
v -30.77065 -78.21002 60.83
v -15.6457 -66.44185 79.36364
v -16.91682 -69.25433 77.88887
v -15.59537 -69.26408 78.33762
v -17.33569 -72.41988 77.26277
v -16.11995 -72.36597 78.17515
v -16.92599 -75.54542 78.62149
v -18.26325 -75.65778 77.6834
v -17.01991 -81.21118 77.8025
v -16.99642 -78.6822 78.23093
v -18.56001 -78.83766 77.35051
v -18.68683 -81.15733 76.88168
v -7.271565 -69.29862 65.31916
v -7.813786 -68.90759 59.99578
v -8.508957 -68.56461 57.717
v -9.572371 -68.19614 55.83516
v -9.51203 -65.81808 47.51776
v -9.79386 -65.34189 45.84987
v -13.97938 -66.56052 44.07372
v -10.19558 -64.89132 44.16018
v -7.152412 -63.56852 42.48419
v -19.78112 -60.03808 59.9423
v -18.30287 -69.65349 52.59157
v -13.92805 -71.19913 57.27667
v -20.33475 -67.94858 42.21593
v -18.11897 -68.57131 41.721
v -17.51788 -68.55938 44.05729
v -19.40351 -61.51553 49.17505
v -19.7558 -60.16797 49.69536
v -18.75458 -69.20663 50.63517
v -24.41322 -80.32022 72.70134
v -25.20964 -58.96835 65.33431
v -18.41753 -69.5277 77.52742
v -18.77562 -72.53352 76.71774
v -19.46428 -75.6953 76.81367
v -19.82603 -78.84304 76.55373
v -19.96861 -81.20808 76.08772
v -19.68532 -65.60081 24.70963
v -20.86656 -64.4045 24.8946
v -34.21632 -57.74352 34.89479
v -34.44344 -58.04969 36.4462
v -34.57155 -58.99142 34.53136
v -34.88861 -59.64086 35.41748
v -35.17041 -69.00949 28.3499
v -35.07104 -70.86656 27.97732
v -34.89808 -69.16039 25.2984
v -34.79284 -70.69241 25.00286
v -34.30211 -69.17724 22.52626
v -34.3529 -70.46836 22.23145
v -35.22089 -66.20568 28.68221
v -34.98328 -66.7211 25.63064
v -34.47145 -67.01167 22.9617
v -35.17751 -63.47778 28.6073
v -34.93693 -61.12555 33.8156
v -35.14713 -62.50924 31.44554
v -34.2587 -74.76531 46.23296
v -34.16478 -72.6512 46.96154
v -33.86613 -64.68349 49.18017
v -33.86032 -75.37774 48.32285
v -33.8391 -73.28751 49.0467
v -33.7362 -70.54299 49.79998
v -33.10119 -62.82891 51.76387
v -33.29333 -70.99918 51.92688
v -32.58366 -62.93681 53.99054
v -31.45392 -77.79302 58.72018
v -18.57211 -59.70962 64.85404
v -20.0242 -58.88991 64.07468
v -20.05842 -59.07183 63.65294
v -14.73784 -66.91068 80.00877
v -13.63968 -66.9739 80.87955
v -14.50875 -69.2756 79.15681
v -15.03332 -72.10357 79.19862
v -11.46092 -70.76246 80.90022
v -15.51173 -75.13235 79.55602
v -14.09604 -74.33743 80.36742
v -12.79599 -73.26581 80.84819
v -11.86866 -72.41174 81.04185
v -11.21391 -73.19634 81.22541
v -10.20575 -81.38696 80.6039
v -12.71836 -80.91329 80.03545
v -15.06471 -81.17668 78.83161
v -15.27315 -78.20811 79.17405
v -12.2359 -75.28362 80.95714
v -13.60007 -77.16712 80.17455
v -5.614969 -67.20602 54.07387
v -5.889338 -66.76066 52.41705
v -6.142064 -66.16401 50.84136
v -6.940795 -64.04549 44.17942
v -16.36919 -60.72031 66.87415
v -17.01471 -60.28635 67.03274
v -19.70665 -68.16079 44.60805
v -19.39703 -68.39437 46.56639
v -19.11535 -66.58727 49.38128
v -19.12677 -68.74348 48.56125
v -23.35476 -80.61979 73.66039
v -22.25692 -80.8924 74.5444
v -21.48961 -70.04391 75.94827
v -21.64802 -67.76738 76.72623
v -20.96828 -78.75581 75.74681
v -21.15001 -81.07618 75.31537
v -20.65442 -75.69159 75.98884
v -20.20367 -72.72829 76.13571
v -20.07798 -70.0063 76.95566
v -20.07388 -67.63734 77.93263
v -21.87205 -54.517 23.92101
v -21.25163 -56.50154 26.13844
v -27.6783 -51.67638 21.82749
v -26.21 -51.252 21.72777
v 36.10389 -53.9338 28.55049
v 34.89502 -53.37102 27.4165
v 35.90591 -55.46397 37.24758
v 34.96688 -56.02893 38.48149
v 36.71619 -54.94218 35.38701
v 37.20993 -54.34743 32.76256
v 25.97451 -59.07895 31.34307
v 25.9504 -59.23706 33.57975
v 37.01094 -54.22992 30.39061
v 26.1731 -58.75952 35.62237
v 26.18885 -57.99777 29.31004
v 26.65384 -56.19497 27.52268
v 29.16074 -53.17382 26.04447
v 31.03382 -52.09564 26.08355
v 32.64171 -52.14225 26.32165
v 27.59101 -54.47077 26.5012
v 33.67551 -52.73246 26.68563
v -31.74954 -53.77412 24.48363
v -30.83652 -53.44233 23.51591
v -29.91021 -53.08771 22.87155
v -33.14556 -54.69097 31.6498
v -32.33936 -54.70583 33.36068
v -33.41151 -54.5253 29.76284
v -33.16402 -54.41523 27.55627
v -21.35766 -57.17147 29.07491
v -22.02205 -56.7925 32.00405
v -28.94563 -52.42965 22.28226
v -24.62769 -51.78918 22.00653
v -32.54691 -54.16491 25.76909
v -22.67579 -56.04774 34.06167
v -22.98595 -52.9678 22.63149
v -21.94835 -56.76479 35.45016
v -22.38272 -56.81682 35.76204
v -22.33742 -56.22155 34.92017
v -23.01994 -55.97821 35.07762
v 28.83185 -59.65353 37.7688
v 28.97455 -59.59069 37.4488
v 28.01991 -59.05116 37.42775
v 27.87285 -59.11909 37.77235
v 30.03208 -59.81947 38.0032
v 31.15983 -59.3584 38.42793
v 30.21619 -59.77549 37.6377
v 31.36473 -59.36474 38.03602
v 32.21157 -58.6209 38.94758
v 32.38121 -58.64458 38.58656
v 32.99015 -57.54721 39.10495
v 32.8009 -57.65451 39.48659
v 27.53037 -58.5507 37.49955
v 27.3748 -58.67399 37.86035
v -18.98296 -60.2702 65.03989
v -18.37326 -60.54453 65.52267
v -17.39577 -60.53956 67.11246
v -17.26638 -60.28538 68.34838
v -20.43803 -59.46708 64.54544
v -20.62937 -59.0456 64.24397
v -21.34237 -59.42529 64.63423
v -21.41465 -59.16164 64.40569
v -22.20886 -59.10536 64.62099
v -22.12056 -59.36143 64.83073
v -23.30135 -59.32624 64.40478
v -22.86408 -58.88658 64.83987
v -22.53554 -59.48903 64.20695
v -14.48781 -62.31461 79.9943
v -14.02151 -63.36071 80.44621
v -9.33044 -60.75596 77.44463
v -9.629 -61.1655 76.50867
v -18.77953 -58.7991 71.93147
v -19.49834 -59.03126 72.37122
v -19.33182 -59.2487 72.55376
v -18.57647 -59.12033 72.15308
v -3.503072 -60.04495 80.8905
v -3.52236 -60.28309 81.56983
v -3.09219 -59.84698 81.03583
v -3.175016 -60.1203 81.63338
v -3.595827 -60.42404 82.21349
v -3.26841 -60.18099 82.3055
v -23.49178 -59.09052 45.8541
v -24.43456 -59.49522 45.69046
v -21.03769 -60.43703 58.54599
v -20.31862 -60.6752 59.94776
v -24.79571 -60.63535 57.17501
v -25.9354 -60.18028 57.46376
v -24.81836 -60.71323 57.32503
v -25.93251 -60.31744 57.63813
v -19.89127 -59.30148 73.01649
v -20.07797 -58.99009 72.82431
v -20.36643 -59.31498 72.498
v -19.71663 -59.22203 72.10677
v -24.55317 -59.91093 66.32561
v -25.2223 -60.55652 67.22493
v -19.64355 -59.84597 64.6899
v -14.19519 -60.00647 77.05182
v -14.44111 -59.77344 76.98327
v -14.47681 -60.02104 77.60603
v -14.72533 -59.84476 77.53216
v -14.99913 -59.8809 78.0835
v -14.69311 -60.14267 78.18141
v -14.74498 -60.01505 76.76556
v -15.01844 -60.04303 77.36501
v -8.365441 -62.42292 82.72427
v -7.787746 -63.06008 83.00059
v -6.28183 -63.11625 83.34608
v -7.057843 -63.32404 83.20289
v -4.919958 -61.14314 77.52625
v -4.13205 -60.6728 78.44475
v -9.093833 -60.56827 81.9099
v -8.787056 -61.43176 82.37238
v -9.130377 -60.48693 78.33958
v 2.078846 -60.93758 83.30939
v 1.396932 -62.29058 83.58228
v 4.4317 -61.94028 83.29099
v 3.841686 -60.68792 83.11337
v 3.299524 -59.99543 79.54768
v 3.578052 -60.47876 78.60747
v 0.9520329 -61.06485 78.16908
v 0.0548608 -61.33755 77.86154
v 1.568059 -60.4901 78.85346
v -0.8533188 -61.20615 78.03674
v -1.63606 -60.80735 78.6114
v -1.016304 -63.04464 83.85685
v -0.302647 -63.30885 83.85575
v 0.5691729 -63.1656 83.72967
v 11.70654 -61.65182 80.52631
v 10.94571 -60.60713 80.44923
v 9.308998 -59.51442 79.84804
v 9.610468 -59.81813 79.69005
v 8.949162 -59.74037 79.20513
v 9.189982 -59.91036 79.09267
v 8.564545 -59.84598 78.54508
v 8.803202 -59.99319 78.42377
v 7.219486 -60.38662 77.35809
v 6.139253 -60.95331 76.66138
v 17.38901 -59.02538 67.16901
v 16.42362 -59.34036 67.17893
v 17.79625 -58.62163 67.02145
v 19.83195 -59.5559 68.40742
v 19.97323 -59.05941 68.24099
v 19.3902 -59.15543 67.8133
v 19.22401 -59.4747 67.94155
v 13.43982 -59.86869 71.71968
v 13.46922 -60.34531 70.38008
v 17.55389 -61.10968 74.60042
v 18.78916 -61.80404 74.28989
v 15.58218 -60.29046 74.37569
v 14.98291 -60.18055 74.00011
v 15.3082 -59.90286 74.67595
v 14.79566 -59.84591 74.33797
v 11.43291 -60.70017 73.30408
v 10.45058 -61.27146 73.25464
v 24.84806 -59.32497 61.71602
v 24.92276 -58.85759 61.35586
v 24.42366 -59.74367 60.89435
v 24.33914 -59.95965 61.07697
v 21.4187 -59.66496 60.37041
v 22.37662 -60.14373 60.46074
v 22.40358 -59.89703 60.17128
v 21.49336 -59.32463 60.07815
v 19.25408 -59.79367 61.02701
v 18.18735 -60.11627 62.49469
v 25.38562 -58.78628 49.67736
v 26.38251 -58.86403 49.9182
v 26.37668 -58.56855 49.50763
v 25.42065 -58.56599 49.26394
v 24.5385 -58.62172 49.49188
v 24.67691 -58.36188 49.05062
v 22.50247 -60.23771 59.85856
v 23.3948 -60.19235 60.39077
v 23.60648 -60.44077 60.0832
v 24.76425 -60.09233 60.53752
v 20.04253 -62.34277 73.63595
v 23.78398 -60.67269 67.39582
v 25.25225 -60.72626 65.90745
v 17.68646 -59.82196 64.23683
v 4.029513 -60.93438 77.69476
v 4.846267 -61.16073 76.87771
v 8.444798 -61.78926 81.84368
v 7.771218 -62.90166 82.25294
v 6.762974 -63.56675 82.75713
v 16.29298 -60.41983 74.63948
v 15.67766 -59.8763 74.96494
v 15.60001 -59.85662 67.37171
v 5.458563 -63.23818 83.18106
v 12.24165 -60.07549 73.49413
v 18.60226 -59.05524 67.35428
v 18.42602 -59.2701 67.49574
v 19.57249 -59.35017 67.51765
v 18.80212 -59.2094 67.11449
v 20.33447 -59.40467 67.87788
v 22.39159 -60.15305 67.95866
v 17.73983 -59.20645 65.66789
v 14.51255 -60.10354 74.54562
v 14.14095 -59.49126 73.92141
v 13.85664 -59.81624 74.09969
v 31.0425 -59.97202 54.05892
v 30.79101 -60.34143 56.44087
v 30.49807 -59.23952 51.98305
v 25.46809 -59.36058 61.04558
v 20.46347 -59.69395 54.76933
v 20.21022 -59.39378 56.9693
v 27.4777 -58.75532 50.1212
v 27.42818 -58.37808 49.72494
v 28.51651 -58.1233 49.9526
v 28.54459 -58.57521 50.33472
v 25.6777 -59.88319 63.98851
v 15.05197 -60.19754 74.97562
v 14.32516 -59.83497 73.5622
v 8.36255 -60.66089 76.64594
v 8.367525 -61.33355 75.13622
v -1.804993 -62.30975 83.73634
v 3.021028 -60.00157 80.92089
v 2.823796 -59.70729 81.00743
v 2.835067 -60.07994 81.58396
v 3.014275 -60.15953 81.56818
v 2.941591 -59.96468 82.27915
v 3.146037 -60.08547 82.18927
v 1.98642 -59.86964 79.66481
v -2.453024 -61.32678 83.47552
v -3.731443 -60.21235 79.43707
v -9.156176 -60.45966 79.08739
v -8.990197 -60.25787 79.3571
v -9.402271 -60.18 81.82911
v -6.751978 -61.2206 77.24153
v -5.839254 -61.34969 77.15909
v -5.377941 -62.33312 83.41343
v -14.70523 -61.55976 79.58453
v -12.80613 -60.73262 75.59876
v -13.70631 -60.15501 76.37213
v -14.10683 -59.73623 76.41942
v -14.83087 -60.44586 78.73846
v -15.23901 -59.89925 78.60947
v -15.34379 -60.14393 77.9168
v -17.8363 -60.61884 66.17188
v -22.81409 -59.2892 65.10432
v -17.61416 -59.74091 69.70865
v -22.41961 -60.55157 72.46101
v -23.65316 -61.36171 71.90245
v -18.98365 -59.06224 71.58402
v -26.46438 -59.30379 57.928
v -26.58107 -59.73666 58.17255
v -30.79356 -56.36417 35.5458
v -29.38777 -56.47371 34.53471
v -29.55105 -57.12452 34.62429
v -25.69232 -61.34442 68.28768
v -29.36211 -59.60654 56.51479
v -30.66483 -60.14096 54.41173
v -26.37962 -59.93983 63.13955
v -27.3573 -60.10698 61.74964
v -20.04182 -60.40409 61.58789
v -13.17402 -64.20042 81.08074
v -21.66966 -59.53965 63.9848
v -20.27655 -59.88394 62.9573
v -22.59658 -57.62462 35.61076
v -21.99345 -58.20246 36.82786
v 32.58501 -59.00275 47.58342
v 31.3703 -58.79899 48.81914
v 24.8254 -60.89117 41.17107
v 24.19694 -60.94235 43.03024
v 28.73025 -58.64127 49.45968
v 27.56672 -58.81723 49.26618
v 33.31923 -58.94422 46.34879
v 33.81809 -58.7435 44.99857
v 34.17208 -58.57501 43.4105
v 26.49391 -58.96558 49.06564
v 25.55296 -58.94605 48.80564
v 34.16247 -58.34959 41.61864
v 27.72197 -59.61685 37.84558
v 28.81581 -60.00717 37.79842
v 32.82788 -59.11503 38.22208
v 31.7665 -59.86515 37.69592
v 30.57441 -60.34716 37.31141
v -25.25218 -59.5788 63.91568
v -24.07064 -59.25816 64.42939
v -21.84213 -60.00117 57.78481
v -21.88106 -59.53608 57.31761
v -21.48996 -59.87677 56.42994
v -10.35431 -61.46149 75.46855
v -11.71969 -61.22825 75.18308
v -21.29911 -63.72884 75.80418
v -21.17521 -61.90755 74.9433
v -24.85488 -62.00112 70.97274
v -25.68596 -62.02652 69.59711
v -20.0962 -60.74128 51.968
v -20.29163 -60.55803 54.31651
v -20.87818 -59.94523 48.05054
v -20.36922 -60.47462 49.85345
v -22.79194 -60.11917 57.59078
v -22.7751 -59.75653 57.34858
v -23.69355 -60.26607 57.21661
v -23.76046 -60.5103 57.43183
v -16.07649 -60.35748 71.62191
v -15.2421 -61.10706 71.572
v -20.82509 -60.51564 74.1813
v -20.30511 -59.49406 73.50008
v -9.780735 -60.55107 81.74868
v -9.374342 -60.47304 81.40715
v -9.271184 -60.70589 80.71336
v -9.557883 -60.57117 81.26517
v -9.408168 -60.72878 80.62192
v -8.634532 -60.25409 79.32629
v -10.26446 -61.34806 82.0527
v -10.94228 -62.60031 82.07017
v -3.836967 -60.49831 82.87873
v -3.310721 -59.81977 82.85213
v -2.58744 -60.00011 80.35117
v -2.156816 -60.39823 79.42491
v 2.517968 -60.00736 82.86376
v 2.990405 -59.71727 82.69326
v 2.655683 -59.98738 82.25017
v 9.126731 -59.61363 80.65768
v 9.609285 -59.21079 80.35943
v 8.95011 -59.64803 79.95326
v 8.677282 -59.79977 79.2578
v 15.68844 -60.93866 76.0704
v 15.45794 -60.30843 75.43521
v 21.05469 -59.70367 52.89463
v 21.87109 -59.515 51.17652
v 15.76967 -61.87906 76.84472
v 15.61746 -63.46138 77.78529
v 14.28996 -60.54787 68.32898
v 13.7774 -60.57578 69.21935
v 20.74195 -59.06157 59.03748
v 20.73166 -58.70315 59.96132
v 21.51696 -59.62305 59.65141
v 21.1885 -60.91978 70.56155
v 21.30182 -61.74286 71.47034
v 20.98558 -62.30499 72.56597
v 14.88311 -60.30788 67.75198
v 9.052259 -60.16341 81.20806
v 8.834356 -60.87629 81.55473
v 2.608889 -59.97969 81.59826
v -3.071774 -59.67253 80.46313
v -4.52761 -61.34104 83.29949
v -7.540256 -60.80882 77.73558
v -8.249603 -60.34904 78.59993
v -8.908072 -60.58212 80.00006
v -9.119235 -60.68251 79.92078
v -9.245265 -60.68416 79.88412
v -9.151496 -60.48098 81.38551
v -9.057662 -60.62169 80.68253
v -17.71695 -62.15432 78.588
v -16.8717 -61.28849 78.62224
v -15.85908 -60.40554 78.4079
v -23.30176 -58.66943 65.00716
v -17.77217 -59.08171 71.9094
v -16.84694 -59.65231 71.74133
v -18.19962 -58.57374 71.6192
v -27.17642 -59.44417 58.87496
v -26.89693 -58.76159 58.40601
v -27.66365 -59.87111 60.12293
v -26.67639 -59.33767 45.63509
v -25.49652 -59.67702 45.51222
v -21.62557 -59.33239 46.78211
v -30.99599 -59.85015 49.9345
v -30.1407 -59.02663 47.92796
v -22.54733 -58.87859 46.07068
v -28.85741 -58.32644 46.70194
v -24.24059 -59.99765 44.80592
v -25.4626 -60.04118 44.81538
v -26.76081 -59.76139 44.92788
v -27.99554 -59.13593 45.18841
v -30.8633 -58.70429 44.61442
v -32.18581 -58.79651 43.39999
v -23.9587 -57.13533 34.64595
v -24.37828 -56.37779 34.35762
v -25.27892 -57.17516 34.02099
v -25.19646 -57.74134 34.10844
v -31.96269 -56.86385 37.20044
v -32.6861 -57.61139 38.91503
v -22.16446 -59.79454 43.86213
v -21.52356 -59.9055 41.8841
v -32.89853 -58.59064 41.94961
v -33.03928 -58.18124 40.45583
v -21.59333 -59.43734 40.0414
v -21.77731 -58.78267 38.39165
v -31.21083 -60.26714 51.98055
v -11.96345 -63.92194 81.73853
v -22.63955 -60.09707 56.92331
v -20.42457 -58.88539 73.14172
v -23.7462 -55.90247 34.55438
v 26.87906 -59.42931 38.08087
v 33.31512 -58.26971 39.95839
v 31.27219 -59.71387 38.51602
v 30.002 -60.08868 38.02708
v 32.39342 -58.99179 39.12737
v 27.40774 -59.06821 36.64016
v 33.65775 -57.475 38.74119
v 34.53563 -56.41685 38.09435
v 26.77434 -59.21914 35.45451
v 26.54056 -59.28138 33.52726
v 35.29563 -55.76298 36.90149
v 26.52152 -58.91903 31.46235
v -23.32971 -53.31606 23.15691
v -22.01793 -54.84401 24.0382
v -22.261 -57.17519 31.58515
v -21.58839 -57.15377 28.91543
v -32.54468 -54.96395 31.34949
v -32.80673 -54.72926 29.72903
v -23.27145 -56.72191 33.50592
v -30.42019 -55.25207 34.46204
v -29.52015 -56.9926 33.97549
v -32.50936 -54.41678 27.77122
v 25.53969 -60.5078 39.32645
v -14.20966 -61.69571 72.01105
v -29.32933 -58.65498 45.31853
v 2.521955 -59.70189 81.0572
v 20.89532 -60.26084 69.76544
v 22.78984 -59.12732 49.96822
v 8.330472 -59.88392 78.60517
v -2.781715 -60.09765 81.03025
v -26.75684 -59.63582 57.55135
v -25.98574 -60.40428 57.15661
v -23.12822 -59.80496 44.62958
v -26.5851 -58.12227 33.60838
v -26.5333 -58.33649 33.73211
v 23.71246 -60.53833 45.33528
v 24.77545 -58.89802 48.41298
v 28.2361 -59.61972 36.82625
v -24.91885 -52.21777 22.67835
v -21.43931 -56.55019 26.24265
v -18.60749 -63.35165 78.29663
v -19.67922 -64.61283 77.75314
v -20.80462 -64.89622 76.85383
v -24.90306 -60.8122 56.9493
v -23.73033 -60.64643 56.94434
v 34.3565 -53.7136 28.0584
v 35.33343 -54.24212 28.98151
v 33.3267 -53.12368 27.49294
v 29.48911 -53.4552 26.91947
v 28.11769 -54.52162 27.325
v 27.1423 -56.21431 28.06021
v 30.92726 -52.69077 26.78764
v 26.6705 -57.91061 29.57473
v 36.01138 -54.53502 30.55862
v -27.5636 -51.91549 22.9929
v -28.59867 -52.52711 23.34434
v -31.88035 -54.12765 26.10967
v -31.09625 -53.77358 24.98445
v -29.43527 -53.07795 23.69672
v -30.19831 -53.43729 24.18573
v -25.22388 -57.7077 33.61427
v -26.64529 -58.43307 33.42773
v -24.31032 -57.1018 33.756
v -26.37784 -51.64758 22.70969
v -28.22752 -57.79796 33.83795
v -28.24447 -58.16348 33.52199
v 32.29585 -52.65123 27.00758
v 36.19069 -54.69074 33.09723
v 3.115347 -59.75882 80.27989
v 2.79951 -59.33817 80.53568
v 8.531727 -60.13966 77.59924
v 8.23816 -59.5444 77.92708
v 7.80225 -59.97892 77.9606
v 10.17758 -59.84571 80.21156
v 21.11715 -59.54264 68.10789
v 20.32278 -58.96252 68.5164
v 13.76792 -59.49614 72.95726
v 13.62113 -59.04342 73.63571
v 13.12216 -59.56727 73.75864
v 25.26324 -58.99674 62.48376
v 25.19671 -58.1089 61.74929
v 26.26352 -58.72209 61.30316
v 23.7807 -58.63931 49.45588
v 24.16858 -58.26491 49.00882
v 29.53951 -58.59165 50.72724
v 29.36536 -57.95376 50.16376
v 20.39953 -59.35002 60.32452
v 20.38757 -59.71239 68.94314
v 18.04928 -58.92886 66.55657
v 3.405731 -60.0222 82.71908
v 2.328341 -59.49521 80.42336
v -3.54169 -59.91879 80.19311
v -14.39257 -60.12123 75.91866
v -18.2656 -59.0854 70.92642
v -27.59312 -59.05201 57.71497
v -21.05906 -59.57381 72.71433
v -23.58315 -59.33088 65.50852
v -20.79371 -59.48129 63.67047
v 29.96089 -58.536 49.47023
v -2.829263 -60.51413 82.92059
v 24.15962 -59.28881 47.74271
v -13.81965 -61.5069 73.23038
v -28.19215 -58.07639 33.98335
v -14.07625 -60.70337 74.80293
v -14.81256 -60.99384 79.19759
v 28.12115 -59.42646 60.6152
v 23.36992 -60.34054 60.60485
v 29.84311 -60.18115 58.8478
v -2.95429 -60.4194 82.2626
v -2.911332 -60.3115 81.62557
v 9.258011 -61.61942 73.68787
v 29.24142 -60.10917 36.99831
v 12.45642 -63.19623 80.39152
v 14.91489 -64.83597 78.84896
v 13.48191 -64.68769 79.91792
v -27.72016 -58.71783 46.04182
v 35.74443 -55.14238 35.41523
v -31.79711 -55.12406 33.09467
v -32.95517 -61.6881 21.62611
v -33.43639 -63.37199 21.67624
v -15.5499 -65.12052 21.29305
v -18.46169 -65.32214 21.46052
v -12.24495 -64.71288 21.39445
v -9.119607 -63.50035 21.51518
v 24.8203 -62.5362 25.5635
v 23.59187 -63.60103 25.49002
v 37.5875 -62.97254 25.94372
v 36.09361 -61.8871 25.03968
v 27.76675 -60.12551 24.30897
v 26.9986 -60.87854 24.81449
v 25.99838 -61.66346 25.191
v 28.61975 -59.40273 23.40919
v 30.04543 -58.93195 23.07714
v 31.41713 -59.14602 23.12009
v 32.86481 -59.93894 23.2893
v 34.45626 -60.89448 23.89694
v 9.7575 -62.86665 22.79028
v 6.176122 -61.7278 22.19171
v 22.31296 -64.59093 25.25004
v 21.08363 -65.71361 24.98886
v 16.16409 -65.19975 24.09404
v 13.09899 -64.10667 23.48668
v 2.147994 -60.98769 21.75852
v 38.33717 -66.44138 26.32856
v 38.25389 -64.55949 26.2576
v 18.95342 -65.94796 24.60873
v 37.88673 -70.46028 26.22152
v 37.75473 -71.81359 25.89634
v 38.08075 -68.47623 26.3728
v -20.85382 -61.17038 21.86788
v -21.044 -63.03768 22.10785
v -31.74435 -60.40042 21.05791
v -20.87795 -57.69204 20.20115
v -21.48099 -56.77924 19.59082
v -20.62774 -59.06962 21.04941
v -23.01724 -56.83807 18.94069
v -25.15667 -57.3119 18.79845
v -27.05219 -57.83926 18.9844
v -28.51409 -58.52518 19.4745
v -30.04914 -59.32753 20.23996
v -1.898121 -61.47248 21.59524
v -5.492537 -62.2849 21.53812
v -20.41253 -64.61851 21.85525
v -33.11822 -69.15224 20.22404
v -33.25773 -70.21169 19.82545
v -33.27553 -67.27559 20.7924
v -33.42012 -65.28749 21.35918
v -25.62706 -50.63517 23.58808
v -26.86621 -50.56236 23.68842
v -26.74016 -50.1863 24.28127
v -25.62829 -50.41598 24.56609
v -26.25217 -50.11423 25.00103
v -26.71376 -50.06946 24.70227
v -25.77652 -50.49667 25.7734
v -25.10523 -51.13843 25.88655
v -26.78378 -50.04824 25.39479
v -27.1503 -50.06933 24.99015
v -27.46843 -50.35518 24.51213
v -27.86126 -50.84326 24.10014
v -21.69273 -52.57246 27.25889
v -21.16056 -53.36894 26.16559
v -22.71823 -52.32621 25.98728
v -22.37005 -52.55037 24.90623
v -21.67391 -53.72123 32.80864
v -21.3997 -54.00673 31.4351
v -21.84055 -53.33891 32.35411
v -21.54757 -53.62687 31.39804
v -21.95025 -54.54586 33.48795
v -22.48438 -53.5378 34.21328
v -22.88664 -54.39106 34.54239
v -26.3414 -52.24953 32.09658
v -26.54819 -52.94082 30.22061
v -26.63272 -51.64816 30.52419
v -27.23115 -51.09247 31.40824
v -27.43593 -50.43401 30.43271
v -26.58274 -51.33746 29.70111
v -26.29734 -52.91927 28.95031
v -28.50482 -50.55489 26.62179
v -28.59365 -50.58444 25.93416
v -29.2816 -50.70076 26.43876
v -29.48258 -50.42719 27.31211
v -29.01152 -50.85395 25.51709
v -29.7753 -50.98498 26.31213
v -30.51127 -51.01301 27.52135
v -31.12917 -51.73918 27.37325
v -30.29379 -51.60544 26.04491
v -29.48112 -51.35728 25.19283
v -28.98588 -51.22443 34.90963
v -29.5629 -50.90588 32.8714
v -29.82981 -52.20792 34.91489
v -30.60586 -51.52294 32.95714
v -28.30645 -49.9624 29.05474
v -27.50812 -50.54251 28.88571
v -28.01358 -50.66713 27.5852
v -27.4347 -50.93816 27.7423
v -26.6488 -50.65614 26.75663
v -27.39677 -50.57618 26.9256
v -25.99077 -50.89173 26.80593
v -26.71315 -51.52414 27.70827
v -24.54769 -52.40999 25.97857
v -24.88473 -52.60123 26.70694
v -25.46796 -51.34715 26.96642
v -28.229 -50.66652 24.95294
v -27.84558 -50.27589 25.41943
v -28.68386 -51.20033 24.61681
v -25.79913 -52.36392 35.30202
v -24.64668 -52.73731 35.02874
v -25.45074 -52.53879 33.80247
v -24.39889 -52.56957 33.83873
v -23.44364 -52.83571 34.71743
v -23.41142 -52.58008 34.05578
v -23.60721 -53.41386 35.12499
v -24.95519 -53.47977 35.50587
v -26.15137 -53.25851 35.83469
v -26.35732 -54.49429 35.61948
v -25.19234 -54.67808 35.3802
v -24.31382 -53.58636 31.53053
v -23.19684 -53.38662 30.06932
v -24.41991 -52.91177 30.19165
v -23.45383 -53.05555 28.81031
v -25.49731 -53.10655 30.57772
v -25.47946 -52.89303 31.8313
v -22.83996 -52.76226 33.03058
v -22.26334 -53.23776 31.54778
v -24.54285 -53.07637 28.5135
v -25.52297 -53.00762 29.01853
v -24.56122 -51.7453 25.00334
v -23.33672 -52.31232 26.91268
v -21.79041 -53.60548 30.5818
v -22.43377 -52.97471 33.83938
v -21.40725 -54.05116 30.10749
v -21.09517 -54.81818 29.75689
v -21.29876 -54.86843 31.56621
v -23.82054 -54.45472 35.02651
v -27.76985 -50.89027 33.71067
v -26.23885 -51.84238 34.31996
v -27.45155 -51.19859 34.90456
v -28.42927 -50.65665 32.24996
v -28.61362 -50.22479 30.83381
v -26.98046 -51.46901 28.53917
v -26.47677 -52.57007 28.16704
v -27.05344 -52.06514 35.76312
v -27.98732 -54.10886 35.74689
v -27.65353 -53.03167 36.05706
v -29.11524 -52.73182 35.66079
v -29.59328 -53.45305 35.47006
v -28.37446 -51.85854 35.64196
v -29.47841 -49.97517 28.86551
v -28.47265 -50.50753 27.17357
v -31.58867 -51.75129 29.12999
v -30.86388 -50.99861 29.20101
v -27.39844 -50.29721 26.42521
v -29.73117 -50.68153 30.91246
v -30.80965 -51.27031 31.00745
v -31.60598 -51.94735 30.93524
v -30.3915 -52.89479 34.79944
v -27.56192 -50.13535 25.92064
v -25.737 -52.78699 28.15781
v -21.03282 -54.36607 27.88632
v -21.50418 -53.60945 28.59218
v -24.42547 -51.56559 24.04571
v -22.22916 -53.3885 29.19784
v -23.97386 -52.5866 27.80692
v -22.60409 -52.58115 27.9382
v -25.23391 -52.58015 27.51806
v -26.48807 -50.23708 25.95435
v -26.02529 -51.84998 27.80914
v -31.306 -52.22072 32.8723
v -29.90844 -54.12038 35.16383
v -31.04851 -53.6643 34.32463
v -32.04261 -53.18151 32.42056
v -32.39172 -52.9418 30.53122
v -32.2015 -52.81176 28.56659
v -31.58755 -52.83474 26.79665
v -30.79704 -52.69491 25.52609
v -29.90116 -52.36542 24.62165
v -29.09245 -52.13413 24.06061
v -28.21001 -51.78741 23.62279
v -27.21788 -51.2735 23.18599
v -26.12201 -51.11 23.01368
v -24.73436 -51.70641 23.17991
v -22.94805 -52.98513 23.83712
v -21.51839 -54.25505 24.8984
v -20.99737 -55.60632 26.97538
v -21.11393 -56.02882 29.35031
v -21.59126 -56.07094 31.64964
v -22.54845 -55.61487 33.62583
v -23.44718 -55.67412 34.39344
v -24.40224 -56.07357 34.65051
v -25.81714 -56.53361 34.65443
v -27.11268 -56.26965 34.79968
v -28.6406 -55.38531 35.09754
v -27.03274 -53.82064 41.00218
v -26.32739 -55.14976 40.86028
v -26.73307 -53.82585 39.41811
v -25.69709 -55.27295 40.06175
v -28.37322 -51.90066 39.15891
v -28.64871 -51.80207 40.52039
v -27.73287 -52.75085 40.07559
v -27.64892 -52.73632 38.93971
v -28.82585 -52.0905 41.78075
v -27.85639 -52.78736 41.44986
v -26.97048 -53.42259 38.58007
v -25.93603 -53.88564 38.61985
v -26.52343 -53.74669 38.25504
v -31.6187 -53.47764 40.19603
v -31.42165 -53.78889 42.08735
v -30.82622 -52.66048 41.62016
v -30.76304 -52.30967 40.3337
v -30.53778 -53.2481 43.13298
v -30.48001 -52.84085 42.48507
v -31.04374 -53.35437 38.50221
v -30.29704 -52.30264 38.89389
v -31.25519 -54.37334 43.74297
v -30.29193 -53.35854 44.31864
v -30.8617 -54.85212 45.0041
v -29.97433 -53.77034 45.38475
v -21.85598 -56.69302 44.86605
v -21.91291 -55.90857 44.70848
v -22.59886 -56.51017 45.62222
v -22.60985 -55.75918 45.37819
v -21.31644 -56.98731 43.38314
v -21.40341 -56.21771 43.25972
v -21.223 -56.89607 41.0251
v -21.34972 -56.17195 41.08216
v -21.42288 -56.1799 38.81429
v -21.5182 -55.49805 39.14032
v -21.7954 -55.55249 37.45492
v -21.88964 -54.74923 37.71357
v -22.57742 -54.92892 36.48237
v -22.74272 -54.19658 36.86025
v -27.36749 -53.40911 44.1996
v -27.68608 -53.37174 45.35834
v -26.75456 -53.93769 44.71309
v -27.1612 -54.16403 45.68417
v -28.02811 -52.83402 43.8661
v -28.27153 -52.88061 44.84136
v -28.74688 -52.60419 43.71101
v -28.69225 -52.70475 44.39371
v -24.99495 -54.86156 42.15193
v -25.31119 -54.91756 40.88393
v -25.50761 -55.23066 41.98809
v -25.69741 -55.08978 41.23511
v -24.15609 -54.61307 42.24692
v -24.51099 -54.67046 40.3217
v -23.79837 -56.42145 46.04195
v -23.67151 -55.87714 45.78576
v -24.84228 -55.9351 46.05825
v -25.09372 -56.3027 46.24295
v -26.5627 -54.80584 35.55715
v -25.44111 -54.7286 35.56508
v -25.65611 -55.69186 35.10737
v -26.89477 -55.96173 34.99404
v -28.04092 -55.31149 35.22611
v -27.42216 -53.91788 35.96115
v -29.05689 -54.17597 35.86134
v -28.5393 -53.01009 36.62746
v -25.26022 -53.70688 36.63517
v -26.42306 -53.72514 36.47905
v -25.66408 -53.59608 37.11265
v -26.69329 -53.37584 36.98283
v -29.49555 -52.69273 37.493
v -28.24408 -52.41277 37.23124
v -29.09859 -52.21568 37.86681
v -24.00535 -54.5373 35.76951
v -24.00671 -53.99898 36.32246
v -21.92411 -57.6579 44.77208
v -21.31024 -57.98663 43.26925
v -21.17282 -57.77702 40.93975
v -21.405 -57.06411 38.67488
v -21.76818 -56.39347 37.21745
v -25.36274 -57.09578 46.0915
v -26.35014 -56.1099 46.4229
v -26.68456 -56.87683 46.32047
v -27.95677 -56.42294 46.66052
v -27.56413 -55.64521 46.73303
v -28.84483 -53.89904 46.24611
v -29.45699 -54.46676 46.20692
v -28.69743 -55.05178 46.65631
v -28.09801 -54.58158 46.58855
v -27.15002 -55.27752 46.56535
v -24.71784 -55.64245 45.81591
v -25.84936 -55.52538 46.11976
v -26.05668 -55.75545 46.30054
v -26.82909 -55.06557 46.32413
v -29.24109 -51.47885 39.42297
v -29.67067 -51.46468 40.72126
v -29.73823 -51.96139 41.81663
v -29.47042 -52.4147 42.73977
v -28.82409 -52.47063 42.80748
v -28.00598 -52.92453 42.69584
v -27.24499 -53.66597 42.4532
v -26.58159 -54.50636 41.71326
v -24.6546 -53.41949 37.39318
v -24.14912 -53.59326 36.82704
v -25.20435 -54.05091 36.15758
v -24.11153 -55.27084 35.24551
v -25.07178 -54.29925 39.40517
v -26.82194 -53.33816 37.70283
v -26.10607 -53.67242 37.63007
v -27.36803 -52.55908 37.75272
v -28.11777 -52.05585 37.85619
v -28.76815 -51.92176 38.24102
v -29.99023 -53.4893 36.94897
v -30.14723 -55.48943 45.92943
v -29.74901 -51.76008 39.20546
v -29.30612 -53.26523 45.52381
v -28.2753 -53.60123 46.03337
v -28.75408 -52.98159 45.4262
v -29.12248 -52.73835 44.56936
v -29.62178 -52.92786 44.54888
v -29.35353 -52.59137 43.66292
v -29.884 -52.77538 43.52192
v -30.01937 -52.56109 42.62044
v -30.29476 -52.18524 41.686
v -30.19871 -51.78465 40.54279
v -25.2718 -54.93018 43.40303
v -25.86722 -54.96948 42.72552
v -26.21245 -54.521 43.71497
v -25.82305 -55.12557 44.11061
v -26.31079 -54.64598 45.03211
v -25.73483 -55.06015 45.00016
v -24.85396 -55.10778 44.16633
v -26.52457 -54.81418 45.83258
v -25.7391 -55.19002 45.67708
v -24.77979 -55.28538 45.15252
v -29.17948 -55.93745 46.56538
v -27.64533 -54.37595 46.29058
v -26.79286 -54.00046 43.30817
v -26.17218 -54.75843 42.27215
v -23.71054 -54.74168 44.15982
v -23.59883 -55.43247 45.30966
v -22.71342 -54.51189 43.07572
v -22.63061 -55.08083 44.77287
v -22.87372 -54.61427 40.81767
v -23.31416 -54.13788 39.27977
v -24.20893 -53.72127 38.43413
v -27.38867 -52.82524 36.98891
v -25.23558 -53.59111 37.87809
v -23.5868 -53.6165 37.81464
v -22.73963 -57.45226 45.59306
v -24.05891 -57.26934 45.96984
v -22.57134 -55.82772 36.07167
v -22.00846 -54.9551 42.04114
v -21.85785 -55.25521 44.04671
v -21.50035 -55.7007 42.99571
v -21.56595 -55.5364 41.2344
v -22.15363 -54.6169 39.94109
v -21.67388 -54.95953 39.37603
v -22.06986 -54.21502 38.19496
v -22.56695 -53.9432 38.66774
v -22.98634 -53.80673 37.36235
v -26.12844 -54.15227 36.03602
v -21.87193 -57.32405 37.03733
v -22.60766 -56.72468 35.74108
v -22.97787 -58.44224 45.40272
v -22.13263 -58.50657 44.64102
v -25.45108 -58.469 45.73546
v -24.19842 -58.52336 45.6669
v -29.34499 -55.53408 35.06662
v -30.44405 -54.6025 36.20624
v -30.65703 -56.90039 45.55145
v -29.23452 -56.99282 46.30749
v -27.94074 -57.52642 46.25922
v -31.7371 -56.60133 44.4061
v -31.70749 -54.73972 37.89092
v -26.73771 -58.13392 45.90605
v -21.54962 -57.90032 38.53475
v -21.30035 -58.61446 40.55502
v -21.39352 -58.91424 42.76244
v -24.12328 -56.05424 34.87875
v -28.22988 -56.64951 34.48075
v -26.83938 -57.09674 34.32979
v -25.56948 -56.50192 34.65499
v -32.3849 -56.15541 43.04138
v -32.66937 -55.65194 41.47288
v -32.46084 -55.23109 39.72344
v -21.87628 -57.48347 57.23262
v -23.24598 -58.05304 57.50748
v -22.64146 -58.48425 57.40038
v -21.83168 -58.26022 57.17463
v -24.21014 -57.35867 57.6942
v -22.12931 -56.64757 57.30675
v -23.63409 -55.32607 56.56877
v -24.85225 -55.02787 57.1736
v -24.32354 -55.36491 57.6408
v -22.9552 -55.40866 56.97106
v -24.43001 -55.40001 55.76415
v -25.43175 -54.68018 56.45312
v -26.08791 -54.86533 57.61694
v -25.64426 -55.33146 58.15393
v -26.57212 -54.5446 56.98297
v -29.90643 -57.32756 55.72198
v -28.79289 -56.80983 57.12299
v -29.02968 -56.11618 56.27547
v -29.70902 -56.56357 54.96269
v -27.80027 -56.20303 57.83711
v -28.17618 -55.58729 57.16084
v -28.97953 -55.67252 55.65732
v -29.48681 -56.02824 54.45872
v -28.31876 -55.18945 56.60255
v -26.30421 -56.50896 46.37552
v -25.50476 -57.20276 46.07952
v -25.9606 -57.46192 46.05179
v -26.6886 -57.2025 46.2259
v -24.85924 -56.83509 46.14471
v -26.00268 -55.87909 46.52414
v -28.76346 -54.15792 49.97662
v -28.08373 -54.01418 49.12163
v -28.85279 -54.72086 48.51509
v -28.2774 -54.25805 48.2332
v -27.2984 -53.95601 47.91883
v -27.69427 -54.46201 47.38279
v -28.21641 -55.10767 47.15225
v -29.79486 -55.69638 49.32686
v -28.77806 -55.84615 47.28751
v -29.54886 -54.57495 50.83974
v -30.52815 -56.14604 51.63992
v -29.95787 -55.19876 52.09951
v -30.44017 -56.92488 49.47326
v -30.93788 -57.44239 51.74846
v -29.2801 -56.85656 47.59994
v -21.7008 -54.56476 54.74343
v -22.13545 -55.59129 52.93374
v -22.64205 -55.07492 54.3933
v -22.87685 -56.06 52.8894
v -22.69615 -56.42237 51.72554
v -23.7746 -56.56706 51.54155
v -23.67496 -56.04499 53.66345
v -24.15462 -56.47453 52.16554
v -24.64909 -56.67486 51.13264
v -27.05743 -54.5656 53.2987
v -26.61084 -54.38165 54.38348
v -25.58508 -55.28194 53.51963
v -26.00924 -55.70601 52.50952
v -26.79156 -54.26846 51.67002
v -26.0139 -55.09426 51.43785
v -28.15001 -54.66658 54.29243
v -27.66998 -54.3033 55.29889
v -28.0255 -53.92941 52.71366
v -28.58624 -54.61742 53.53672
v -27.5189 -53.62156 51.48197
v -25.60601 -54.95056 48.97795
v -26.32405 -54.7275 49.46323
v -26.07907 -55.11762 49.72136
v -25.52134 -55.40612 49.56461
v -25.79416 -54.57714 48.45625
v -26.65594 -54.32081 49.12664
v -26.98602 -54.02288 48.6833
v -26.09563 -54.38715 48.01954
v -25.41324 -55.97931 50.31013
v -26.19371 -55.17924 50.39499
v -26.7326 -54.48888 50.46669
v -27.25055 -53.9295 50.44163
v -27.80314 -53.76159 50.15833
v -20.03278 -56.48961 55.48007
v -20.35554 -55.51191 55.74295
v -20.98355 -56.03399 56.54733
v -20.81969 -57.04577 56.48758
v -20.99667 -54.7959 55.51915
v -21.46708 -55.55522 56.32954
v -20.12535 -55.142 54.60558
v -20.6818 -54.5409 55.00135
v -19.67332 -56.24891 53.90834
v -22.6591 -54.82175 48.09349
v -22.58897 -54.89753 49.03385
v -21.62373 -54.77606 48.23088
v -21.7207 -54.71317 49.08482
v -20.76327 -55.25182 48.74079
v -21.1287 -55.12492 49.63346
v -22.10081 -55.37134 49.99714
v -20.24206 -56.00977 49.80327
v -20.56129 -56.06031 50.8929
v -21.40873 -55.98909 51.46919
v -19.928 -56.66762 51.10799
v -20.34151 -55.83814 52.02385
v -21.05703 -55.42108 52.75272
v -19.76834 -56.459 52.37725
v -20.31946 -55.30671 53.33268
v -20.91928 -54.63845 54.17258
v -21.88148 -55.47549 47.22465
v -22.5202 -56.30225 46.3691
v -23.06314 -55.7298 46.65532
v -22.83088 -55.2446 47.20934
v -19.83111 -57.7996 55.03369
v -20.85179 -58.04549 56.48037
v -19.52927 -57.63324 53.1813
v -19.63483 -57.4911 51.52679
v -19.82606 -57.33401 50.15426
v -20.21571 -56.77843 48.64149
v -20.98506 -56.13006 47.57246
v -25.72647 -57.25603 58.13006
v -25.44034 -56.2127 58.20345
v -26.4282 -56.2341 58.3646
v -26.96621 -56.89241 58.32405
v -24.06826 -56.13998 57.77361
v -22.42989 -55.85219 57.27931
v -24.47993 -55.94176 54.08625
v -25.10961 -55.19757 54.65952
v -23.78513 -55.56818 54.7402
v -22.7644 -55.25179 55.64332
v -22.04684 -55.34782 56.0397
v -26.05629 -54.388 55.48023
v -27.07949 -54.32788 56.21866
v -26.84486 -55.62083 58.18361
v -27.23097 -55.12205 57.61462
v -27.52835 -54.82096 57.08591
v -27.69804 -54.60715 56.57907
v -30.5665 -57.62854 53.80203
v -30.23892 -56.60138 53.3989
v -29.86722 -55.86491 53.27848
v -29.09206 -55.38129 54.0602
v -29.46766 -55.32333 53.34083
v -28.71551 -55.15276 55.05268
v -28.23043 -54.76354 56.02203
v -24.36217 -55.30334 48.51195
v -25.03788 -55.08821 48.44371
v -24.97754 -55.42491 49.03545
v -24.47096 -55.83749 49.5215
v -25.06038 -55.64881 49.48124
v -24.94831 -56.20322 49.94728
v -24.43953 -55.18023 47.93341
v -25.25901 -54.87947 47.92331
v -23.60511 -55.03768 48.00676
v -23.52488 -55.11699 48.80475
v -23.36102 -55.73791 50.0529
v -23.65617 -56.90252 46.01887
v -23.82387 -55.82497 46.53321
v -24.75996 -55.68633 46.61649
v -25.77074 -55.29316 46.82851
v -27.1149 -55.52071 46.74977
v -26.77208 -54.89612 47.00241
v -27.54889 -56.21684 46.65753
v -28.04039 -56.93037 46.55009
v -23.75186 -55.29297 47.21402
v -24.63312 -55.26179 47.26532
v -25.52225 -54.92002 47.35568
v -26.41262 -54.45537 47.46412
v -28.33151 -53.59369 51.01071
v -28.89063 -53.96007 51.8766
v -29.30317 -54.67812 52.74065
v -24.62873 -56.44195 53.12789
v -25.11714 -56.6577 52.05647
v -25.20701 -56.04784 51.09728
v -20.79367 -58.06888 47.46877
v -20.15928 -58.58923 48.76756
v -19.60382 -59.16941 52.55181
v -19.8717 -59.24146 54.63201
v -24.19689 -59.4487 57.47184
v -23.05042 -59.41027 57.34858
v -22.12535 -59.06995 57.14719
v -25.30788 -59.0771 57.64877
v -26.30783 -58.51021 58.03194
v -25.41346 -58.34073 45.77932
v -26.27274 -58.27105 45.83686
v -27.2516 -57.95896 46.06367
v -24.54026 -58.22034 45.78964
v -23.42989 -58.00835 45.80542
v -30.88652 -58.41447 49.76446
v -31.19184 -58.92008 51.88466
v -29.7179 -57.8375 47.86676
v -27.77402 -57.80002 58.0289
v -29.7167 -58.42565 56.45114
v -28.49753 -57.58138 46.62042
v -30.73557 -58.84881 54.23668
v -21.85005 -57.44734 46.43683
v -21.1297 -58.96289 56.56766
v -19.79336 -58.92809 50.53685
v -25.11432 -54.66091 60.382
v -24.06119 -53.93618 60.45662
v -24.26648 -54.34989 59.79784
v -25.11465 -55.03046 59.41858
v -19.61392 -57.54354 63.50655
v -19.83014 -56.89411 63.3446
v -19.93718 -57.33777 64.02408
v -20.04988 -56.68597 63.82667
v -19.57606 -58.09532 63.59935
v -20.01932 -57.91726 64.16298
v -20.40066 -58.49234 64.2262
v -19.77597 -58.64465 63.67529
v -23.05561 -57.94762 65.0683
v -22.01368 -57.99061 64.80428
v -22.47652 -57.30452 65.03476
v -21.43016 -57.36958 64.72515
v -22.04233 -56.60388 65.00677
v -21.11733 -56.7694 64.70236
v -21.68244 -55.76869 64.96602
v -20.93819 -56.0882 64.66433
v -23.60648 -55.11845 64.28903
v -22.65471 -55.4645 64.89864
v -22.11023 -54.56264 64.49385
v -22.77729 -54.07047 63.90427
v -19.71947 -57.75842 59.84836
v -19.6241 -57.1021 60.61669
v -19.1137 -58.23663 61.51782
v -19.20101 -57.51964 61.78165
v -20.45664 -56.82314 59.74252
v -20.19822 -56.72422 60.3038
v -19.65802 -58.87475 59.61887
v -19.17389 -59.06455 61.38053
v -20.80416 -58.35281 58.11284
v -20.99187 -57.3405 58.29912
v -21.37213 -56.50737 58.5621
v -21.13228 -56.13171 59.9418
v -21.83387 -55.81021 58.95538
v -20.5945 -56.23327 60.60921
v -19.88863 -56.4331 61.12522
v -19.52682 -56.76767 61.99894
v -23.99495 -54.4005 59.60239
v -24.8816 -55.16837 58.96616
v -23.27901 -55.60689 58.13554
v -22.99565 -55.0481 58.88085
v -22.67878 -55.65339 58.24472
v -22.67321 -55.19427 58.91629
v -20.07505 -56.04913 61.92871
v -20.1175 -56.2104 62.5409
v -19.62047 -56.95301 62.78477
v -22.08402 -55.44049 59.54792
v -21.25943 -55.30509 61.22405
v -20.72264 -55.54305 61.30692
v -21.11978 -55.63335 61.00908
v -21.56155 -55.5234 60.70677
v -22.02301 -55.27389 60.18647
v -21.72357 -55.10363 61.00298
v -21.26594 -54.84644 61.43326
v -20.85666 -55.10023 61.58738
v -20.44125 -55.58017 61.79936
v -20.93305 -55.06155 63.14967
v -20.87243 -55.15401 63.86359
v -20.78594 -55.70324 63.30739
v -20.7551 -55.58198 63.73124
v -20.64644 -55.76925 62.79571
v -20.73956 -55.01595 62.60335
v -20.93289 -54.51274 62.41514
v -21.08811 -54.51839 63.03495
v -21.21367 -54.66838 63.94421
v -23.1851 -57.95908 57.50647
v -24.2069 -58.14034 57.62957
v -24.22808 -57.13543 57.73761
v -23.32841 -57.05433 57.56144
v -24.10124 -56.29312 57.82112
v -23.37261 -56.29507 57.6628
v -23.76208 -55.48539 58.25515
v -20.39794 -56.41024 64.27249
v -20.5859 -55.86073 63.9888
v -20.90483 -55.49405 64.33244
v -25.05545 -58.09278 57.79696
v -24.94719 -57.05831 57.92974
v -24.6803 -56.18988 58.02867
v -24.15494 -55.33364 58.4459
v -21.42475 -55.04986 64.5829
v -25.77319 -57.79847 58.04694
v -25.54931 -56.85184 58.15364
v -25.17467 -56.04931 58.27251
v -24.52235 -55.2207 58.67647
v -20.4688 -56.14581 63.52853
v -26.34646 -57.56336 58.36786
v -26.06378 -56.73714 58.47972
v -25.62365 -55.99984 58.62706
v -20.29895 -56.2481 63.04668
v -26.52616 -57.26487 62.58737
v -26.09338 -55.77894 61.71721
v -26.87065 -57.05844 60.54671
v -26.21856 -55.89317 60.41037
v -25.4661 -56.11246 63.40618
v -25.64113 -55.49397 62.58402
v -27.25995 -58.01495 60.5163
v -26.97638 -58.40297 62.48446
v -25.65244 -58.41293 64.10075
v -25.23116 -57.67527 64.25533
v -24.51508 -56.55107 64.37392
v -24.29909 -54.62313 63.42258
v -24.54358 -54.2478 62.46951
v -24.89536 -54.36111 61.46899
v -23.80734 -53.61838 61.28816
v -23.49517 -53.53603 62.16907
v -23.25932 -53.69078 63.07815
v -22.17694 -53.99711 61.21189
v -21.86072 -53.85514 61.61829
v -21.82952 -54.09879 61.41642
v -22.04513 -54.26473 61.11556
v -22.528 -54.2107 60.67786
v -22.36956 -54.46045 60.5986
v -23.01071 -54.46865 59.87819
v -22.82262 -54.66718 59.75477
v -22.73668 -53.89075 60.82308
v -23.22606 -54.22799 60.05278
v -22.38123 -53.63836 61.43105
v -22.04431 -53.53909 61.99159
v -23.17161 -53.49335 61.05595
v -23.51259 -53.90469 60.35424
v -22.8767 -53.29143 61.82807
v -22.59087 -53.36303 62.62662
v -22.17249 -53.61987 63.34261
v -21.73417 -53.74078 62.50068
v -21.54746 -53.91653 61.93734
v -21.60643 -54.18174 61.52569
v -21.86543 -54.44681 61.15947
v -22.2211 -54.66665 60.61068
v -22.65256 -54.84531 59.66339
v -19.32908 -58.87353 62.79624
v -19.24265 -58.24811 62.78866
v -19.3331 -57.65063 62.82509
v -23.72299 -54.5288 59.37349
v -23.4654 -54.68764 59.19774
v -20.40625 -57.05649 64.42507
v -20.61718 -57.63213 64.46455
v -21.11349 -58.21968 64.52059
v -23.22598 -54.86484 59.03187
v -23.25767 -56.58833 65.0493
v -23.75909 -57.47631 65.03621
v -24.21783 -58.10401 64.89562
v -22.09199 -57.94077 57.41343
v -22.28598 -57.02155 57.49258
v -22.48202 -56.28779 57.74647
v -20.34925 -55.85636 61.30013
v -20.96879 -55.83506 60.88103
v -22.4451 -55.02237 59.72589
v -22.03745 -54.87256 60.7387
v -21.61019 -54.63117 61.283
v -21.28192 -54.3569 61.67467
v -20.99578 -54.64664 61.88203
v -20.70519 -55.03546 62.07166
v -20.4461 -55.68078 62.31401
v -21.50337 -55.7082 60.30621
v -21.23953 -54.16298 62.20374
v -21.35224 -54.04553 62.85873
v -21.68316 -54.15063 63.80477
v -26.86787 -57.59144 59.07527
v -26.52942 -56.80513 59.1458
v -25.98213 -55.99848 59.21582
v -26.09194 -59.27336 63.66465
v -24.84176 -58.94415 64.41721
v -20.81739 -59.48402 58.21383
v -21.89534 -59.05579 57.49578
v -27.29277 -59.31109 62.19756
v -21.09114 -59.05144 64.17308
v -20.26167 -59.1112 63.72625
v -23.73469 -58.69761 64.7646
v -22.86014 -58.74094 64.71616
v -21.97996 -58.93428 64.46912
v -19.73418 -59.4305 62.89496
v -19.50266 -59.85326 61.45837
v -19.86772 -59.89714 59.69349
v -22.95452 -59.14498 57.44972
v -24.00257 -59.45411 57.46308
v -24.99388 -59.51256 57.5179
v -25.91483 -59.1297 57.80796
v -26.53719 -58.69477 58.23671
v -27.10046 -58.54416 58.97801
v -27.56629 -58.95658 60.35871
v -16.80417 -58.79629 68.4602
v -16.84458 -58.03323 68.64921
v -17.17982 -58.5255 69.82152
v -17.28236 -57.86973 69.94621
v -16.9832 -57.1969 68.96625
v -17.59282 -57.22189 70.16619
v -17.38958 -56.57726 69.26027
v -17.96986 -56.8 70.33807
v -17.82784 -58.15457 71.02551
v -17.88075 -57.67274 71.08856
v -18.07113 -57.15896 71.18964
v -18.30565 -56.79433 71.25176
v -22.07282 -57.40823 64.92228
v -21.83751 -56.67282 64.95557
v -21.19633 -57.57057 64.64365
v -20.9782 -56.94073 64.66439
v -21.55259 -55.75173 65.07117
v -20.75077 -56.10937 64.79901
v -20.37786 -57.6952 64.46732
v -20.20517 -57.12378 64.53907
v -20.08373 -56.40033 64.8073
v -17.41352 -57.20316 66.76467
v -18.01661 -57.26031 65.97587
v -18.07347 -56.4454 66.2433
v -17.56214 -56.41618 67.10828
v -17.37535 -58.10379 66.5917
v -18.01425 -58.05519 65.82892
v -17.36822 -58.92662 66.40288
v -17.99795 -58.83282 65.6319
v -18.81361 -56.49245 65.57792
v -18.76081 -57.29539 65.35471
v -18.74849 -57.98204 65.17254
v -24.53136 -59.18997 71.89803
v -23.30543 -58.99686 72.62643
v -23.90575 -57.70317 72.0628
v -22.88499 -57.70553 72.81979
v -25.29676 -57.22268 69.73141
v -25.12898 -57.08539 68.291
v -25.36909 -58.4206 68.06045
v -25.69096 -58.75509 69.42139
v -24.4677 -57.04587 66.98515
v -24.67492 -58.16087 66.79557
v -23.7013 -57.10963 66.01279
v -23.8484 -58.0079 65.8307
v -23.99303 -55.51157 67.22591
v -23.43197 -55.92027 66.15889
v -24.32153 -55.18076 68.58881
v -24.24949 -55.10923 70.04417
v -24.93313 -57.45341 71.10495
v -23.771 -55.40366 71.33304
v -23.06135 -55.87205 72.18761
v -22.3236 -56.23922 72.88494
v -23.01837 -54.01907 67.72886
v -22.86884 -54.71051 66.42873
v -22.86653 -53.47221 69.03797
v -22.8008 -53.28603 70.30251
v -22.53835 -53.64903 71.37969
v -22.2176 -54.35787 72.11574
v -21.74067 -55.03424 72.80089
v -19.60265 -55.53262 65.84308
v -19.97087 -55.96056 65.20692
v -20.23201 -55.24158 65.98653
v -20.52554 -55.62066 65.22706
v -19.07932 -55.97452 65.71584
v -19.55222 -56.15565 65.30567
v -19.13889 -55.48727 66.76117
v -18.40111 -55.87511 66.4342
v -20.20976 -55.39598 67.19262
v -17.94482 -55.8964 67.42297
v -19.05917 -55.71262 67.93119
v -19.94394 -54.89163 68.50006
v -17.8042 -55.96574 68.50176
v -19.08552 -56.13044 68.98745
v -20.02472 -54.79581 69.6232
v -19.17011 -56.07306 69.90982
v -20.04155 -55.05592 70.43626
v -17.9806 -56.2072 69.58474
v -19.41298 -56.27141 70.87438
v -18.46297 -56.52979 70.56808
v -20.14424 -55.48498 71.18202
v -19.23252 -56.17179 71.68515
v -18.63572 -56.5124 71.3969
v -19.93416 -55.75897 71.97256
v -19.21384 -56.27443 72.27926
v -18.77859 -56.50452 71.90736
v -19.81396 -55.96151 72.64614
v -21.52432 -56.55186 73.26205
v -21.79406 -57.6095 73.20089
v -20.85012 -57.50142 73.29201
v -20.72569 -56.78624 73.28979
v -21.14552 -55.6346 73.19762
v -20.51115 -56.04967 73.19583
v -20.40836 -55.54708 72.87332
v -20.89491 -55.20748 72.95296
v -19.9014 -56.36547 72.96181
v -20.02723 -56.90694 73.06738
v -20.0868 -57.4146 73.06922
v -17.23511 -56.44179 68.11608
v -16.98552 -57.21177 67.74417
v -16.9276 -58.11504 67.51267
v -18.53227 -57.53407 71.93653
v -18.57703 -57.09952 71.97884
v -18.65458 -56.73638 71.95099
v -19.35605 -57.43007 72.51067
v -19.32418 -57.01024 72.52242
v -19.25399 -56.5978 72.47616
v -19.36742 -57.93905 72.47258
v -18.53864 -58.00829 71.87896
v -22.37933 -55.42966 65.5112
v -21.87713 -54.81677 65.8399
v -21.31117 -55.15769 65.51732
v -22.74136 -56.34174 65.3649
v -22.97347 -57.21223 65.31267
v -23.07312 -57.99081 65.21922
v -22.22293 -58.07029 64.8636
v -19.5529 -57.8327 64.6464
v -19.47453 -57.25462 64.82032
v -19.48565 -56.54232 65.10969
v -21.17923 -54.73662 66.3994
v -21.05291 -54.17559 67.77599
v -20.73255 -53.60135 69.06865
v -20.57196 -53.44194 70.12848
v -21.61868 -52.90809 69.40771
v -21.49834 -52.91817 70.37136
v -21.86247 -53.53912 68.07346
v -21.96668 -54.16692 66.62853
v -21.40885 -53.3181 71.11018
v -21.35832 -54.05563 71.80671
v -21.14221 -54.70641 72.4775
v -20.6326 -53.97218 70.88619
v -20.68772 -54.57283 71.51318
v -20.57771 -55.11378 72.22089
v -22.00936 -58.5731 73.11459
v -18.76703 -58.64544 64.98031
v -19.61821 -58.4395 64.53397
v -16.91767 -58.92094 67.32081
v -20.48791 -58.27554 64.42318
v -20.11516 -57.99133 73.01093
v -20.9403 -58.19592 73.23656
v -25.43745 -59.07714 70.7851
v -21.34284 -58.16737 64.59976
v -20.48924 -58.90121 64.42416
v -19.63417 -59.14762 64.54624
v -17.98694 -58.56282 71.04287
v -17.30575 -59.16557 69.77264
v -18.70626 -58.50299 71.82078
v -20.18943 -58.74028 72.81434
v -21.04228 -58.97356 73.03461
v -22.22472 -59.65335 72.91879
v -25.67608 -60.54961 70.2928
v -25.8413 -60.06493 68.92896
v -24.72788 -59.0779 66.5164
v -23.79112 -58.73458 65.65992
v -23.00596 -58.6838 65.12132
v -25.4867 -59.50724 67.64821
v -24.86194 -60.64478 71.59541
v -23.57889 -60.27764 72.4183
v -19.45666 -58.62569 72.37576
v -16.8777 -59.5718 68.40401
v -16.99664 -59.7366 67.17493
v -17.45261 -59.78939 66.2095
v -18.05861 -59.67811 65.45501
v -18.81505 -59.45217 64.89088
v -21.38381 -58.79767 64.54682
v -22.21676 -58.72564 64.78473
v -18.08699 -54.82289 73.21754
v -18.26229 -55.6966 72.62003
v -19.09255 -55.32361 73.16634
v -18.88341 -55.74434 72.76618
v -18.46687 -56.58475 72.20447
v -19.11374 -56.41324 72.52836
v -19.64836 -56.21914 72.9981
v -19.27451 -57.43617 72.46036
v -18.56695 -57.53087 72.07144
v -19.89067 -57.47728 72.96397
v -15.15128 -57.31356 78.85649
v -15.36218 -57.78524 79.1188
v -15.1483 -57.93509 78.8453
v -14.97174 -57.85995 78.56932
v -15.51712 -58.41106 79.16702
v -15.12428 -58.42266 78.78864
v -14.82733 -58.46453 78.26685
v -15.63638 -59.08472 79.08289
v -15.10411 -59.01916 78.65189
v -14.76384 -59.0222 78.00912
v -16.38751 -57.18682 73.68481
v -16.04204 -58.34289 73.28613
v -16.34596 -58.03619 72.9341
v -16.92656 -57.27975 72.90494
v -15.68873 -58.88911 72.85578
v -16.28506 -58.43036 72.54967
v -17.0066 -57.75136 72.37887
v -15.43368 -59.37384 72.36418
v -16.21771 -58.95254 72.14051
v -16.99021 -58.35543 72.00626
v -14.76335 -58.08138 75.89292
v -14.41885 -58.57222 76.20959
v -14.43744 -58.94406 75.13791
v -14.70434 -58.76898 74.54602
v -14.28362 -58.93784 76.10791
v -14.29556 -59.22922 75.00105
v -14.49966 -59.23455 74.10007
v -14.17715 -59.40755 75.90844
v -14.116 -59.66174 74.84393
v -14.21653 -59.78248 73.77872
v -17.8311 -53.84373 77.14748
v -18.85249 -53.78838 75.71973
v -18.73639 -54.29506 77.14318
v -19.62328 -55.04369 75.62963
v -19.84055 -55.93782 76.83791
v -19.20556 -55.06465 77.39882
v -16.98417 -53.62229 77.32887
v -17.97942 -53.4661 76.052
v -20.25291 -56.62464 75.15283
v -20.49333 -57.42121 76.33028
v -20.76693 -58.36319 74.68707
v -21.00223 -59.25496 75.69841
v -20.38816 -58.41376 77.2543
v -20.97928 -60.34527 76.62201
v -19.68094 -56.88029 77.69709
v -18.90744 -55.57819 78.03516
v -18.13 -54.53541 78.14033
v -17.03395 -54.09756 78.09673
v -16.27575 -53.97523 78.01877
v -17.88198 -58.12133 79.28124
v -18.14583 -59.25578 79.2632
v -17.1263 -58.85543 79.43554
v -16.76429 -57.59449 79.51347
v -16.88998 -56.32037 79.45153
v -17.59459 -57.04459 79.26117
v -18.34701 -60.50513 79.12584
v -17.39969 -59.85807 79.32314
v -16.00253 -56.40868 79.56418
v -16.11823 -55.53788 79.49397
v -15.53159 -55.81338 79.33844
v -15.56905 -55.1702 79.17701
v -16.15535 -54.9626 79.0861
v -15.64275 -54.64825 78.88258
v -17.0779 -55.55616 79.20196
v -17.98487 -56.68948 78.99887
v -18.60865 -58.09316 78.92468
v -18.99887 -59.48622 78.86819
v -19.34212 -61.21381 78.63889
v -14.92028 -55.66913 78.577
v -14.7649 -55.92922 78.00292
v -14.87379 -55.58242 77.92142
v -14.9152 -55.25542 78.33095
v -15.0924 -54.86942 78.12091
v -15.0572 -55.47134 77.58706
v -15.03728 -56.06839 77.23274
v -15.72727 -55.4659 76.10337
v -16.19494 -54.70154 75.89361
v -15.90242 -54.54012 76.49992
v -15.58513 -54.89221 76.80954
v -15.61326 -54.33047 77.42139
v -16.03412 -54.05648 76.85979
v -16.5582 -53.94414 76.02414
v -18.82876 -54.23214 74.18863
v -19.52642 -55.02893 73.97656
v -17.61545 -54.30621 74.15176
v -18.26194 -53.59344 74.66051
v -17.57965 -53.38198 75.1937
v -17.1027 -53.98393 74.98968
v -16.60837 -54.9705 75.07831
v -16.93488 -55.32751 74.27534
v -17.20334 -55.76197 73.41894
v -17.58164 -56.22489 72.73665
v -17.74177 -57.05299 72.29484
v -20.05958 -56.2434 73.86382
v -17.79557 -57.8126 71.93291
v -20.41891 -57.75751 73.68316
v -14.69286 -57.56976 78.0563
v -14.60821 -58.08254 77.85126
v -14.73502 -56.97345 78.2244
v -15.13887 -56.66753 78.8615
v -14.73248 -56.38329 78.21968
v -15.05952 -56.13093 78.78883
v -15.31014 -55.97486 79.11079
v -15.42492 -56.38266 79.23029
v -15.56649 -57.03922 79.35834
v -15.84747 -57.83144 79.36051
v -16.22909 -58.58145 79.34369
v -14.48023 -58.6301 77.47272
v -16.47511 -59.38066 79.27112
v -14.44319 -59.15094 77.1304
v -16.25836 -56.41716 74.6666
v -16.00452 -55.91063 75.43533
v -15.51923 -57.11633 75.30155
v -15.50168 -56.50271 76.04147
v -15.46424 -57.80944 74.53119
v -15.27138 -58.56865 73.70855
v -15.00856 -59.10084 73.29179
v -14.69413 -59.65635 72.86277
v -14.95076 -57.26322 76.5881
v -14.99836 -56.61826 76.98927
v -16.3493 -53.64664 77.27816
v -17.11974 -53.4444 76.21821
v -15.7845 -53.98568 77.87671
v -20.4482 -61.21302 77.83863
v -19.84081 -59.22966 78.23737
v -19.20754 -57.66168 78.44078
v -18.51212 -56.19867 78.55191
v -17.60037 -55.01672 78.69453
v -16.46435 -54.52808 78.55909
v -15.83762 -54.30323 78.4678
v -15.45615 -54.32011 78.29043
v -15.25153 -55.53179 79.04247
v -15.18116 -55.01012 78.82369
v -15.28197 -54.5582 78.61978
v -15.47211 -55.98673 76.64639
v -15.31194 -55.22154 77.22107
v -15.32516 -54.63334 77.83717
v -15.74471 -59.78156 78.86992
v -15.1553 -59.62535 78.39526
v -16.63117 -60.29561 79.04827
v -19.59587 -63.11795 78.25481
v -18.43448 -61.90435 78.78832
v -20.82154 -63.334 77.36697
v -21.28703 -62.4589 76.09065
v -21.20284 -60.89511 75.2233
v -20.90863 -59.65156 74.36063
v -20.44873 -58.80972 73.56032
v -19.98209 -58.47733 72.9898
v -18.59926 -58.28908 72.05392
v -19.36362 -58.37493 72.48661
v -17.81452 -58.3978 71.84214
v -16.9522 -58.95195 71.82549
v -14.35358 -60.50805 72.33827
v -15.29142 -60.11367 71.90316
v -14.01983 -60.19283 74.8232
v -13.91872 -60.56984 73.48911
v -14.21944 -59.81664 75.87328
v -14.51965 -59.57375 76.939
v -14.80816 -59.52216 77.72461
v -16.17502 -59.56062 71.81532
v -17.53831 -60.9736 79.047
v -14.79005 -58.88148 78.10419
v -14.96768 -59.03969 78.56654
v -15.05751 -58.51644 78.70257
v -14.96104 -58.21908 78.44166
v -14.51517 -58.82214 77.5726
v -14.71685 -58.06867 77.99565
v -14.69599 -59.29982 77.92427
v -14.88963 -59.43345 78.44981
v -9.396376 -55.72194 81.93964
v -9.48094 -56.72694 82.12906
v -9.25303 -56.45731 81.52354
v -9.361259 -56.86323 81.79036
v -9.184371 -57.3227 81.24802
v -9.344861 -57.55882 81.70656
v -9.508467 -57.69553 82.09592
v -9.182733 -58.31898 81.03622
v -9.351625 -58.4977 81.60815
v -9.588695 -58.70755 82.01385
v -9.204531 -59.23281 80.89374
v -9.358224 -59.39063 81.49437
v -10.01684 -59.53176 77.08401
v -10.82966 -59.69673 76.38783
v -11.12854 -58.86579 77.04482
v -10.32988 -58.69566 77.67871
v -11.88702 -59.78642 76.21806
v -12.9157 -59.61314 76.3625
v -12.11984 -59.02904 76.83918
v -13.0975 -59.07655 76.96109
v -9.408388 -58.2937 79.17126
v -9.721406 -57.37663 79.65729
v -9.034448 -58.15046 79.7891
v -9.280471 -57.16204 80.16256
v -10.22235 -57.65085 79.13024
v -9.832177 -58.54374 78.4946
v -10.8134 -57.87686 78.5377
v -11.55883 -58.02561 77.99576
v -12.46391 -58.18518 77.6994
v -13.41902 -58.21644 77.62997
v -10.04594 -56.44985 80.09831
v -9.504045 -56.21056 80.51944
v -10.62146 -56.73708 79.70336
v -11.25109 -57.01789 79.29435
v -11.97106 -57.20548 78.84985
v -12.80482 -57.30612 78.47131
v -13.70386 -57.25778 78.20066
v -10.3262 -55.59932 80.44763
v -9.697026 -55.36135 80.80259
v -10.93738 -55.88736 80.11221
v -11.57934 -56.09914 79.80051
v -12.27272 -56.3132 79.42073
v -13.05273 -56.37952 79.0244
v -13.91285 -56.36701 78.63074
v -15.23365 -57.46251 78.9795
v -14.95409 -57.22045 78.41323
v -15.18559 -58.39262 79.10579
v -14.53781 -57.15454 78.05621
v -14.26408 -58.05911 77.64174
v -15.15779 -56.31917 78.73081
v -14.76735 -56.29693 78.42464
v -15.43847 -56.34943 79.22421
v -15.26269 -55.00626 79.11217
v -15.03773 -54.7062 79.39015
v -14.88105 -54.95362 78.98383
v -14.79702 -54.68473 79.27672
v -15.44562 -54.91566 79.50528
v -15.17027 -54.70739 79.61618
v -15.09804 -59.2058 79.06571
v -13.99707 -58.86825 77.13769
v -15.01912 -59.68343 78.9939
v -14.40072 -59.28229 77.336
v -13.84634 -59.36092 76.76662
v -9.770032 -55.82146 82.50605
v -9.820936 -56.84249 82.46677
v -10.02811 -54.09669 82.1629
v -10.2374 -54.1663 82.39893
v -10.02575 -54.43733 82.56236
v -9.663967 -54.31632 82.20963
v -9.692481 -54.15219 81.79426
v -10.0015 -54.03889 81.89684
v -9.29651 -55.39058 81.40366
v -9.18969 -56.21797 81.07213
v -9.090179 -57.17278 80.7532
v -9.916132 -57.96306 82.37583
v -9.019557 -58.18666 80.44889
v -10.03006 -59.11198 82.27568
v -9.021483 -59.1461 80.1991
v -13.14876 -62.23345 81.94032
v -13.02606 -61.13842 82.05362
v -13.86096 -61.07411 81.56317
v -13.99296 -61.99679 81.40552
v -12.90485 -59.53796 82.23816
v -13.76382 -59.54888 81.76679
v -12.02777 -60.74973 82.42912
v -11.90895 -59.19262 82.58745
v -10.93606 -59.94935 82.51483
v -10.82218 -58.58019 82.6237
v -14.4666 -59.27858 81.17194
v -14.41944 -57.84673 81.36507
v -14.93526 -58.8762 80.45785
v -14.99545 -57.60786 80.62482
v -13.65628 -57.99299 81.93844
v -12.78071 -57.94651 82.3631
v -11.80122 -57.68102 82.67336
v -10.73852 -57.2608 82.76541
v -14.24389 -56.62754 81.43365
v -14.94147 -56.48744 80.7589
v -13.48251 -56.70469 81.97474
v -12.65697 -56.64465 82.39323
v -11.74548 -56.43547 82.71207
v -10.72895 -56.12558 82.83858
v -15.08927 -54.85561 80.14589
v -14.67816 -54.61048 80.08689
v -14.39435 -54.8278 80.83264
v -13.94357 -54.47308 80.7001
v -12.33005 -54.79714 82.14873
v -11.62987 -54.71366 82.43375
v -12.1154 -54.2536 81.88728
v -11.50334 -54.20555 82.15455
v -10.83926 -54.58283 82.62626
v -10.81726 -54.17575 82.35092
v -10.65421 -54.12988 81.99007
v -11.29708 -54.19996 81.76577
v -11.86319 -54.25001 81.5006
v -12.38445 -54.26573 81.23023
v -12.68449 -54.29247 81.58718
v -12.93845 -54.29274 80.93766
v -13.26822 -54.3626 81.21298
v -13.62525 -54.391 80.50674
v -14.39364 -54.55038 79.94566
v -14.20029 -54.55798 79.67323
v -13.41848 -54.39347 80.1851
v -12.74841 -54.24269 80.58864
v -12.19049 -54.13766 80.88895
v -11.65823 -54.08174 81.14464
v -11.09204 -54.02588 81.41386
v -10.47753 -53.98441 81.68272
v -10.20207 -54.10737 81.36346
v -10.85027 -54.22035 81.08215
v -11.45087 -54.31579 80.78668
v -12.01518 -54.43637 80.50442
v -12.62238 -54.57372 80.20942
v -13.32012 -54.71673 79.82016
v -14.12461 -54.86093 79.34245
v -14.5245 -60.64706 80.97925
v -14.90763 -60.06456 80.30288
v -14.88981 -60.73257 80.13814
v -14.58325 -61.41407 80.78851
v -12.10281 -61.91368 82.30189
v -11.01963 -61.07958 82.40447
v -15.05328 -59.54272 79.62057
v -15.019 -60.12384 79.52665
v -15.12776 -58.5253 79.72221
v -15.26681 -57.42836 79.8222
v -15.41164 -56.37823 79.96859
v -13.65775 -54.82086 81.40948
v -12.98378 -54.8232 81.82537
v -10.12726 -60.13817 82.22578
v -8.94634 -59.06701 79.49477
v -9.656352 -59.63325 81.94283
v -9.159461 -59.13671 78.76118
v -9.556072 -59.33932 77.96545
v -9.916537 -54.69099 81.0592
v -10.59052 -54.88572 80.75763
v -11.21274 -55.07454 80.45847
v -11.82236 -55.24644 80.1704
v -12.46849 -55.45034 79.83137
v -13.20748 -55.54604 79.43568
v -14.06417 -55.60189 78.97065
v -14.87257 -55.5845 78.69275
v -15.27067 -55.61757 78.93198
v -15.52632 -55.5807 79.36816
v -9.832013 -55.06945 82.56918
v -9.47426 -54.89861 82.11837
v -9.412733 -54.72 81.60824
v -15.38505 -55.55399 80.10697
v -14.74185 -55.61549 80.82381
v -12.52257 -55.66535 82.33176
v -11.70107 -55.52989 82.62438
v -10.78008 -55.29973 82.7886
v -14.00439 -55.68523 81.45836
v -13.27465 -55.71121 81.95506
v -10.55469 -60.48299 75.84232
v -9.74158 -60.27077 76.65915
v -11.7411 -60.39434 75.59332
v -12.84015 -60.08721 75.87274
v -13.76659 -59.77002 76.50698
v -14.29636 -59.63879 77.16576
v -14.60044 -59.66695 77.77328
v -14.79336 -59.806 78.30899
v -14.92621 -60.08368 78.87617
v -14.12928 -62.79092 81.05202
v -14.60566 -61.97365 80.44089
v -13.26358 -63.31707 81.70126
v -12.09016 -62.98974 82.1105
v -11.02462 -61.98569 82.2741
v -10.23108 -60.89159 82.12861
v -9.757457 -60.24159 81.83447
v -9.019358 -59.80595 79.26471
v -9.096709 -59.83651 78.4957
v -9.101637 -59.93055 80.02715
v -9.260881 -60.02203 80.72857
v -9.455331 -60.07512 81.37751
v -9.32472 -60.03173 77.60705
v -14.84802 -61.21146 79.89529
v -14.94186 -60.57883 79.38248
v 14.08041 -55.10976 75.2043
v 15.04395 -55.53991 75.06306
v 14.23972 -56.00739 74.52031
v 14.84042 -56.00306 74.64909
v 14.41687 -56.98127 74.21678
v 15.04326 -56.82592 74.53401
v 15.46724 -56.67953 74.98259
v 15.01485 -57.95023 74.46194
v 14.40736 -57.99553 74.1163
v 15.48378 -58.03885 74.99523
v 9.230645 -57.07161 80.34721
v 9.053009 -57.65145 79.96415
v 9.24294 -57.708 80.23504
v 9.476414 -57.56884 80.51318
v 9.646548 -58.22178 80.53563
v 9.239753 -58.21785 80.12764
v 8.946632 -58.24018 79.65431
v 9.81411 -58.84619 80.48795
v 9.259885 -58.76738 79.98521
v 8.908273 -58.8013 79.42404
v 11.83179 -57.18364 75.47787
v 12.47998 -57.3497 74.75848
v 11.89824 -57.9144 74.65259
v 11.30645 -58.03147 74.89404
v 11.02985 -58.68189 74.33047
v 11.85935 -58.4234 74.20538
v 12.68916 -57.93175 74.16124
v 10.81716 -59.38737 73.77193
v 11.77642 -59.08385 73.7338
v 12.69027 -58.63917 73.77642
v 9.724076 -57.79363 77.61744
v 9.717594 -58.50603 76.20631
v 9.350661 -58.72637 76.71942
v 9.198017 -58.32161 77.64774
v 8.878491 -58.82198 77.55099
v 9.09226 -59.10241 76.43539
v 9.477022 -59.04798 75.52598
v 8.636542 -59.23171 77.54022
v 8.757622 -59.50941 76.32811
v 9.124105 -59.62061 75.14609
v 13.27048 -53.87772 78.93378
v 14.04751 -54.57264 79.10541
v 14.17544 -54.24535 77.79787
v 14.92812 -55.15532 77.93013
v 14.78611 -55.9621 79.07512
v 14.20735 -55.28423 79.45272
v 13.21378 -53.76799 78.0327
v 12.18563 -53.44109 79.14492
v 15.61623 -57.08905 77.42552
v 15.41975 -57.84142 78.5993
v 15.77404 -60.12101 77.98476
v 15.86946 -59.1005 76.89742
v 14.95725 -58.91776 79.46532
v 15.39488 -61.14352 78.82435
v 14.32434 -57.13618 79.83701
v 13.6703 -55.78085 79.97762
v 12.97851 -54.76623 79.85749
v 12.10481 -53.9966 79.7288
v 11.20529 -53.48744 79.91982
v 12.00322 -58.24854 81.05975
v 10.87069 -57.50881 81.12479
v 11.19407 -58.84581 80.97125
v 12.23153 -59.46084 80.97612
v 11.8098 -57.1159 81.02137
v 11.09059 -56.29122 81.12469
v 11.52679 -59.92264 80.86786
v 12.46802 -60.90612 80.81236
v 10.12883 -56.23833 81.11877
v 10.38909 -55.37022 81.14842
v 9.722444 -55.57 80.87718
v 9.924969 -54.90101 80.88248
v 10.72016 -54.63655 80.96225
v 10.23586 -54.29005 80.61043
v 11.45414 -55.54162 80.95775
v 12.29673 -56.83168 80.85592
v 12.82577 -58.31934 80.83907
v 13.10903 -59.80044 80.73969
v 13.43974 -61.71177 80.46715
v 9.432435 -55.42108 80.08974
v 9.612637 -54.99907 79.86342
v 9.594048 -55.32062 79.45431
v 9.44333 -55.62788 79.55534
v 9.835821 -54.68984 79.63132
v 9.82937 -55.32293 79.07237
v 9.793424 -55.79171 78.83205
v 10.92589 -55.4874 77.78642
v 10.70379 -54.93286 78.3708
v 11.05565 -54.61073 78.17619
v 11.41061 -54.85011 77.63441
v 10.59942 -54.19188 78.99254
v 11.12284 -53.98929 78.52635
v 11.7267 -54.05916 77.74426
v 14.68628 -54.4837 76.08562
v 15.37142 -55.18322 75.90115
v 13.30243 -54.67233 76.00745
v 13.84902 -54.04852 76.58208
v 12.5633 -54.38786 76.84732
v 13.01853 -53.8434 77.18829
v 12.53238 -55.65155 76.11655
v 12.00156 -55.24995 76.86201
v 12.97409 -56.02246 75.33018
v 13.39829 -56.47872 74.60678
v 13.58824 -57.3335 74.0978
v 15.76105 -56.68042 75.92982
v 13.58626 -58.19074 73.87567
v 15.68257 -58.35662 75.86973
v 9.114653 -57.24448 79.40024
v 8.976858 -57.88153 79.09837
v 9.222623 -56.41763 80.38578
v 9.213821 -56.63396 79.59081
v 9.307533 -56.08493 79.62964
v 9.29257 -55.86721 80.29368
v 9.516791 -56.1166 80.73138
v 9.425121 -55.73757 80.61526
v 9.774548 -56.79057 80.87029
v 10.00582 -57.56952 80.94977
v 10.34968 -58.47697 80.87595
v 8.833817 -58.44785 78.79751
v 10.67435 -59.2677 80.77769
v 8.722674 -58.96926 78.56655
v 11.58755 -56.53307 76.34005
v 11.24373 -55.98102 77.10291
v 10.62471 -57.05338 76.83007
v 10.52844 -56.56364 77.49012
v 10.6077 -57.68262 76.07851
v 10.43613 -58.3052 75.35571
v 10.16465 -58.88232 74.73071
v 9.83625 -59.5369 74.17162
v 9.820367 -57.01294 78.11725
v 9.796277 -56.36875 78.51556
v 12.34498 -53.58817 78.2188
v 11.43702 -53.33133 79.08299
v 10.69588 -53.52721 79.62921
v 14.13949 -59.59261 80.2172
v 14.56233 -61.72565 79.81284
v 13.68481 -57.89367 80.39931
v 13.05151 -56.32571 80.46089
v 12.19662 -55.09627 80.37073
v 11.34365 -54.19403 80.34815
v 10.62895 -53.81812 80.31007
v 10.27279 -53.85526 79.94167
v 9.528472 -55.32115 80.58713
v 9.713923 -54.77843 80.38774
v 9.941129 -54.24239 80.17829
v 10.39601 -55.9845 78.0845
v 10.26414 -55.28461 78.63503
v 10.1486 -54.48421 79.31135
v 9.38678 -59.32635 79.82623
v 10.04986 -59.41122 80.36367
v 10.86666 -60.0229 80.6508
v 12.52827 -62.18316 80.59841
v 13.52864 -63.49499 80.19365
v 14.87591 -63.65154 79.36391
v 15.6223 -62.54092 78.2323
v 15.86479 -61.27262 77.24998
v 15.86083 -60.36022 76.33067
v 15.70532 -59.66255 75.67236
v 15.34259 -59.42703 75.02921
v 14.77215 -59.28094 74.4593
v 14.13421 -59.05653 74.04706
v 13.33982 -58.94635 73.76674
v 12.46052 -59.41224 73.56783
v 10.60602 -60.34073 73.31603
v 9.479296 -60.54269 73.74303
v 8.619772 -60.44455 75.00836
v 8.412114 -60.04457 76.38542
v 8.517356 -59.65701 77.54919
v 8.682644 -59.4825 78.47929
v 8.992042 -59.38884 79.24664
v 11.65599 -59.92015 73.37859
v 11.69678 -60.88172 80.74869
v 13.45563 -58.44133 70.26466
v 13.51891 -58.21123 71.51783
v 13.56941 -57.68656 70.35581
v 13.68245 -57.68449 71.57993
v 13.80044 -57.06507 70.52603
v 13.93852 -57.29654 71.74851
v 13.6545 -57.96698 72.64301
v 13.78514 -57.55443 72.64214
v 13.97913 -57.19702 72.68349
v 19.40607 -58.16647 67.78687
v 18.50935 -58.04034 67.3351
v 19.27223 -57.65525 67.67949
v 18.40449 -57.65265 67.28465
v 19.10377 -57.0131 67.61807
v 18.24126 -57.20638 67.24467
v 17.556 -57.86214 67.02867
v 17.49452 -57.55257 67.0197
v 17.39164 -57.24891 67.03384
v 14.24486 -57.50776 68.27489
v 14.39167 -56.61047 68.44843
v 15.13259 -57.02411 67.69801
v 14.98139 -57.73203 67.61095
v 14.18594 -58.43057 68.2206
v 14.91659 -58.36531 67.59266
v 15.9144 -57.29017 67.27042
v 15.79649 -57.73586 67.20734
v 15.73851 -58.15726 67.18337
v 20.99201 -56.33034 70.05695
v 21.18288 -57.64299 70.02637
v 20.69867 -56.77985 69.08589
v 20.76588 -57.78451 69.19138
v 20.77694 -56.05458 71.31151
v 21.31907 -57.65854 71.17939
v 20.22012 -55.84781 72.63369
v 21.01745 -57.77227 72.5299
v 20.26525 -58.04944 73.79841
v 19.3571 -56.01074 73.69563
v 18.26739 -56.53603 74.33683
v 18.90777 -58.26618 74.60488
v 17.62303 -58.23496 74.95256
v 17.29876 -56.94217 74.86173
v 20.392 -55.64537 69.03935
v 20.31759 -55.04003 70.11024
v 19.8227 -54.54945 71.37991
v 19.10724 -54.10856 72.60382
v 18.35894 -54.34927 73.46819
v 17.64072 -55.08313 74.04282
v 16.92362 -55.75353 74.59149
v 16.72332 -56.49881 67.6155
v 17.59986 -56.18861 67.97591
v 17.11048 -56.86451 67.24855
v 17.99005 -56.53659 67.34283
v 16.17575 -56.79569 67.42419
v 16.61334 -57.01861 67.24004
v 16.22453 -56.22471 68.38717
v 15.49519 -56.40603 67.89928
v 17.27643 -56.54411 69.24284
v 14.76044 -55.98215 68.64124
v 15.71301 -56.21571 69.38747
v 16.79341 -55.96421 70.37402
v 14.34341 -56.14451 69.64541
v 15.38986 -56.1507 70.40495
v 16.25657 -55.52205 71.15257
v 15.2797 -56.54659 71.44861
v 15.9041 -55.83204 71.99892
v 14.21989 -56.74024 70.84604
v 14.31334 -56.96328 71.9937
v 14.9973 -56.68499 72.39642
v 15.6455 -56.1391 72.7928
v 14.25607 -56.91423 72.79956
v 14.68282 -56.57244 73.15962
v 15.20316 -56.18688 73.56438
v 14.26767 -56.84521 73.30694
v 14.44675 -56.60495 73.74928
v 14.89805 -56.38195 74.25957
v 16.42068 -57.21516 75.02341
v 15.57444 -57.31679 75.01052
v 15.62751 -57.82552 75.02632
v 16.5645 -57.98568 75.02559
v 16.24261 -56.32555 74.90892
v 15.51693 -56.68527 74.90728
v 16.02983 -55.76082 74.61951
v 15.49157 -56.03479 74.58848
v 14.8314 -56.84577 74.53398
v 14.81717 -57.31487 74.65623
v 14.82105 -57.73963 74.70296
v 13.95349 -56.69633 69.36295
v 13.72322 -57.54869 69.19949
v 13.6629 -58.495 69.13987
v 13.76619 -57.79301 73.55888
v 13.85943 -57.43377 73.49564
v 14.06956 -57.07222 73.39697
v 14.19842 -57.72081 74.20256
v 14.23056 -57.32459 74.15816
v 14.3035 -56.90956 74.0249
v 19.91408 -56.4325 68.18021
v 18.92619 -56.07976 67.77583
v 19.66752 -55.63648 68.33527
v 20.11471 -57.2906 68.23491
v 20.25608 -57.99322 68.4041
v 16.64876 -57.89735 66.99265
v 16.64831 -57.59136 67.03753
v 16.62095 -57.34608 67.10934
v 18.68 -55.57304 68.60214
v 18.30711 -55.05555 69.80515
v 17.68489 -54.38161 71.02144
v 17.00049 -54.05644 72.06232
v 18.06569 -53.49639 72.49084
v 18.77745 -53.94022 71.40091
v 19.47988 -54.41486 70.18307
v 19.76326 -55.02142 69.07542
v 17.54486 -53.80844 72.98429
v 17.00432 -54.52768 73.57928
v 16.40789 -55.16953 74.21101
v 16.68646 -54.40251 72.67199
v 16.35184 -55.07191 73.23798
v 15.85289 -55.55708 73.9244
v 13.41157 -59.12605 70.26409
v 13.3872 -58.81016 71.50618
v 13.54958 -58.46065 72.6917
v 14.8554 -59.00316 67.61035
v 14.13869 -59.20111 68.24461
v 19.42077 -59.73584 74.60303
v 18.00377 -59.44105 74.91449
v 21.37481 -59.26263 72.31411
v 21.44832 -58.89989 71.00368
v 21.15327 -58.66914 69.9605
v 20.76733 -58.6087 69.19123
v 13.80301 -58.38734 73.60449
v 14.25482 -58.37837 74.2147
v 20.2256 -58.65611 68.49222
v 19.4426 -58.65228 67.87794
v 16.74885 -58.89682 74.99471
v 15.69197 -58.69749 67.18744
v 16.60334 -58.40612 67.01287
v 13.6438 -59.27288 69.16855
v 17.53684 -58.33316 67.05552
v 14.87779 -58.40387 74.68697
v 15.69692 -58.48857 74.97339
v 20.74641 -59.66214 73.60283
v 18.53316 -58.48796 67.38934
v 19.36735 -59.05535 67.90667
v 20.0571 -59.12276 68.45623
v 18.49491 -58.87539 67.43778
v 17.4533 -58.69459 67.11572
v 15.60298 -59.29304 67.24548
v 16.4956 -58.88085 67.12321
v 14.82178 -59.68104 67.65582
v 14.1664 -59.92243 68.28095
v 13.66038 -59.97048 69.18965
v 13.37274 -59.77496 70.32195
v 13.34196 -59.34086 71.62361
v 14.53692 -59.26258 74.18221
v 13.99796 -59.07081 73.61404
v 15.16329 -59.33226 74.60911
v 18.4802 -60.76435 74.69061
v 17.16297 -60.083 74.91362
v 19.86723 -61.17276 74.19237
v 20.94489 -61.10057 73.13041
v 21.37074 -59.94895 70.70573
v 21.40838 -60.57987 71.8787
v 21.05113 -59.51556 69.83646
v 20.59949 -59.21286 69.11471
v 15.9668 -59.45494 74.87755
v 13.60995 -58.96548 72.8577
v 18.26329 -56.22579 66.50713
v 18.52129 -56.18682 66.99748
v 18.85494 -55.94146 66.82018
v 18.69808 -56.01072 66.30781
v 17.93384 -56.54974 66.65084
v 18.28377 -56.55 67.13593
v 17.80024 -57.09174 66.67187
v 18.18905 -57.09787 67.15571
v 18.19066 -57.76426 67.12718
v 17.73492 -57.68867 66.63504
v 20.49061 -57.88424 68.2521
v 20.33347 -56.9833 68.2379
v 19.46091 -57.64387 67.77022
v 19.40511 -56.8633 67.78882
v 20.25552 -56.24545 68.22397
v 19.38198 -56.25221 67.88257
v 20.18389 -55.6735 68.14738
v 19.37315 -55.74634 67.93282
v 20.10199 -55.14016 67.79663
v 19.4965 -55.3935 67.68929
v 18.23417 -56.42675 62.94756
v 17.53631 -56.75821 64.75292
v 18.18983 -55.72211 63.85261
v 17.75653 -56.00439 64.92269
v 18.7054 -55.58838 63.21056
v 18.88859 -55.75107 62.5285
v 18.09181 -57.57839 62.66864
v 17.53822 -57.71903 64.49577
v 19.30885 -57.18462 61.05056
v 19.57334 -56.25079 61.18539
v 19.96704 -55.67973 61.28904
v 19.40956 -55.32657 62.46584
v 20.32634 -55.32179 61.52789
v 19.07017 -55.42992 63.28568
v 18.52535 -55.54264 64.12468
v 18.12085 -55.7492 64.95296
v 20.00482 -55.12489 62.67332
v 20.85948 -55.28377 62.02784
v 19.47252 -55.32968 63.46173
v 19.07946 -55.62943 64.27977
v 18.73089 -55.7371 64.94952
v 20.08232 -54.9626 64.02311
v 20.28335 -54.991 63.5699
v 19.94226 -55.15201 63.82791
v 19.86024 -55.4244 64.23714
v 20.48868 -54.78685 63.76157
v 20.77749 -54.96661 63.17947
v 20.06644 -55.16744 64.55055
v 20.25967 -54.74174 64.33688
v 19.78922 -55.55331 64.77236
v 19.88493 -55.17512 66.21613
v 19.56324 -55.47488 66.3438
v 19.80417 -55.15289 66.77414
v 19.52019 -55.39746 66.78805
v 19.56712 -55.55497 65.84753
v 19.88602 -55.18753 65.65816
v 20.20353 -54.82881 65.46511
v 20.25252 -54.84464 66.06807
v 20.22765 -54.83229 66.7366
v 21.84598 -57.13126 60.16135
v 21.98588 -56.30925 60.2473
v 22.8242 -56.46356 60.53919
v 22.80775 -57.42486 60.49706
v 22.74188 -55.66866 60.57913
v 22.05618 -55.72632 60.35865
v 22.07768 -55.22109 60.74156
v 22.60692 -55.06456 60.91749
v 22.04646 -54.97745 61.36048
v 22.39179 -54.78759 61.51816
v 23.59463 -57.35283 60.85463
v 23.516 -56.42406 60.87693
v 23.35266 -55.59652 60.86347
v 23.08221 -54.90163 61.14383
v 22.72056 -54.58849 61.71109
v 24.22069 -57.12768 61.23273
v 24.07172 -56.31817 61.22722
v 23.87575 -55.53356 61.20426
v 23.52356 -54.78919 61.40662
v 23.04583 -54.4085 61.91734
v 24.62351 -56.2996 61.70831
v 24.75789 -57.06333 61.70057
v 24.35327 -55.50841 61.65809
v 23.94366 -54.78947 61.78343
v 23.41457 -54.2616 62.12675
v 24.97398 -56.96908 66.05177
v 25.3546 -56.62 63.82015
v 24.60423 -55.33669 64.79773
v 24.88604 -55.33565 63.41745
v 23.80512 -55.84722 66.51659
v 24.08253 -55.1773 65.65536
v 25.35332 -58.58761 66.14587
v 25.62748 -57.83009 64.01102
v 23.38346 -57.60352 67.72964
v 23.68296 -58.84327 67.73125
v 22.80545 -56.32843 67.58308
v 23.03909 -55.02321 66.40601
v 22.27693 -55.38252 67.29743
v 23.53294 -54.53185 65.49815
v 23.91619 -54.30796 64.38855
v 24.21402 -54.41511 63.25794
v 22.51383 -54.39044 66.21207
v 21.87609 -54.71311 66.96465
v 22.91507 -54.03935 65.31033
v 23.19751 -53.87799 64.26907
v 23.51286 -53.91962 63.31567
v 21.33253 -54.01347 64.14169
v 21.12438 -54.1952 64.00233
v 20.97309 -54.1486 64.36411
v 21.11746 -54.07359 64.61449
v 21.66781 -54.17455 63.58813
v 21.46349 -54.41278 63.49568
v 22.03875 -54.34264 62.97282
v 21.82961 -54.58486 62.86488
v 21.91329 -53.94752 63.77081
v 22.29152 -54.13245 63.13038
v 21.59771 -53.82211 64.41808
v 21.35965 -53.99883 65.01746
v 22.26353 -53.72506 64.00022
v 22.58753 -53.9361 63.29412
v 21.97388 -53.70814 64.76672
v 21.67909 -53.95102 65.47119
v 21.25614 -54.21808 66.0724
v 21.03326 -54.2349 65.48227
v 20.86637 -54.25296 64.97113
v 20.77576 -54.26489 64.49374
v 20.85914 -54.33956 64.02785
v 21.20849 -54.56697 63.47831
v 21.59576 -54.84319 62.83673
v 17.52233 -57.66153 65.84663
v 17.54923 -56.98717 65.96408
v 17.66734 -56.38443 65.90892
v 18.04617 -56.06498 65.80873
v 18.58406 -55.92055 65.66431
v 19.15111 -55.85614 66.09415
v 19.14911 -55.90055 65.53448
v 19.18209 -55.73509 66.61176
v 19.07337 -55.73405 67.31262
v 19.29539 -55.54136 67.09836
v 18.84973 -56.01598 67.4677
v 18.72264 -56.4223 67.51909
v 18.72087 -56.99421 67.44093
v 18.75606 -57.72383 67.40884
v 20.96054 -54.88551 67.64822
v 20.81605 -54.55588 67.22856
v 20.08783 -54.88173 67.39304
v 21.24784 -55.55747 67.9894
v 21.48977 -56.34051 68.14874
v 21.65758 -57.36367 68.22606
v 21.86706 -58.4012 68.2792
v 19.61262 -55.23452 67.35425
v 20.96645 -56.13867 60.25868
v 20.72831 -56.89992 60.1149
v 21.17297 -55.6767 60.475
v 21.41869 -55.33666 60.85802
v 21.60188 -55.13147 61.39932
v 21.43876 -55.11158 62.16064
v 20.91083 -55.34624 62.63995
v 20.24253 -55.09919 63.06997
v 19.73606 -55.25234 63.62585
v 19.52917 -55.71267 64.24376
v 19.26873 -55.75833 64.91312
v 20.8977 -54.68167 63.54509
v 21.221 -55.05594 62.94384
v 20.5765 -54.47939 64.1235
v 20.47442 -54.4707 64.67574
v 20.15914 -54.75992 64.88912
v 19.88483 -55.13998 65.10235
v 19.60095 -55.5701 65.30421
v 20.54363 -54.50283 65.24277
v 20.65286 -54.5214 65.84175
v 20.75722 -54.52316 66.54387
v 21.83098 -54.89507 62.06504
v 22.1499 -54.64386 62.13313
v 22.39553 -54.42134 62.29225
v 22.67067 -54.21004 62.45913
v 22.96003 -54.04968 62.61737
v 24.96527 -56.42845 62.41157
v 25.12251 -57.2532 62.48479
v 24.67012 -55.56859 62.27847
v 24.23698 -54.78371 62.27838
v 23.6789 -54.1415 62.48864
v 23.23237 -53.91943 62.77654
v 21.56933 -54.28846 66.6854
v 22.11133 -54.04807 65.97312
v 22.45348 -53.86288 65.10378
v 22.69131 -53.75405 64.20487
v 22.99564 -53.81136 63.3973
v 23.77701 -59.86675 67.68034
v 22.15295 -59.37062 68.24371
v 19.13404 -58.5145 60.9162
v 20.48051 -58.16193 60.07
v 25.35921 -59.76055 66.07563
v 18.40672 -58.51061 67.13956
v 17.81219 -58.34534 66.62211
v 20.82666 -58.82272 68.23125
v 19.85254 -58.61175 67.91229
v 19.08274 -58.58312 67.50627
v 17.55381 -58.45406 65.78084
v 17.57922 -58.80876 64.3871
v 18.07243 -58.92702 62.52439
v 21.61285 -58.42791 60.12774
v 22.62057 -58.81495 60.39447
v 23.5178 -58.8576 60.71822
v 24.29848 -58.53339 61.1594
v 24.82744 -58.16168 61.67376
v 25.22056 -58.09544 62.46111
v 25.72613 -58.89318 64.04258
v 21.42993 -56.64151 60.01598
v 21.13743 -57.33764 59.87792
v 21.88214 -57.67871 60.1537
v 22.40733 -57.34382 60.33292
v 23.38904 -56.68297 60.77698
v 21.93891 -55.94489 60.22421
v 23.48872 -54.77608 59.65343
v 22.9571 -54.87957 60.0798
v 23.94499 -54.63822 60.79717
v 24.61157 -54.39557 60.35329
v 24.36946 -54.78735 58.90975
v 25.39134 -54.34706 59.68465
v 25.17727 -54.81265 61.52493
v 25.81819 -54.51793 61.00071
v 26.43309 -54.43218 60.36828
v 29.38904 -57.50377 59.76794
v 29.55979 -56.60898 59.03288
v 28.68929 -56.21846 60.15221
v 28.15924 -56.91467 60.96932
v 27.77248 -55.67458 60.87584
v 27.15259 -56.18353 61.50155
v 29.5987 -56.00098 58.50663
v 28.86973 -55.73058 59.53554
v 28.07385 -55.32556 60.31074
v 27.9285 -57.17466 49.96792
v 28.33226 -57.53169 50.12153
v 27.64425 -57.8127 49.94805
v 27.11594 -57.66064 49.7689
v 26.3179 -57.23823 49.55953
v 27.48869 -56.6747 49.83352
v 29.73521 -54.7339 53.6921
v 30.01324 -55.5344 52.22647
v 29.16127 -54.65264 52.73763
v 29.46542 -55.11005 51.80227
v 28.62227 -54.7588 51.33915
v 29.07977 -55.27746 50.90982
v 29.59979 -55.84606 51.08983
v 30.79205 -56.4643 53.40598
v 30.08095 -56.63162 51.48808
v 30.31448 -55.03724 54.72815
v 30.98005 -56.6441 55.78505
v 30.46539 -55.5113 56.12275
v 31.1152 -57.99791 53.61009
v 31.14304 -58.04137 55.9107
v 30.33891 -57.55024 51.80518
v 21.53687 -53.79009 57.69734
v 22.67144 -54.24582 57.49273
v 22.654 -54.76111 55.9101
v 23.42592 -55.10753 55.93841
v 23.58589 -55.46503 54.54138
v 24.31368 -55.75951 54.59394
v 23.63142 -54.94061 56.96815
v 24.31775 -55.40209 55.73544
v 25.05054 -56.10191 54.54788
v 27.48518 -53.97895 56.70687
v 26.32975 -54.87779 55.97044
v 25.87379 -54.85517 56.85899
v 26.83942 -54.13391 57.93214
v 27.47394 -54.30683 55.15799
v 26.66106 -55.12082 54.94482
v 28.4212 -54.25579 58.10796
v 27.72056 -54.24763 58.9848
v 29.15373 -54.42874 57.30612
v 28.69874 -53.88802 56.22819
v 28.35739 -53.88092 55.10112
v 26.64089 -55.33802 52.66327
v 26.32697 -55.47993 53.25533
v 26.90617 -55.33639 53.43968
v 27.27657 -55.10032 53.10714
v 26.98409 -55.14125 52.08806
v 27.76316 -55.00394 52.73247
v 28.19341 -54.81047 52.2323
v 27.33867 -54.99149 51.48965
v 26.16315 -55.82791 53.79256
v 26.74771 -55.16962 53.92177
v 27.43183 -54.62881 54.0209
v 28.12066 -54.2594 54.04667
v 28.78815 -54.22382 53.84905
v 20.0231 -55.71297 58.04226
v 20.52036 -56.17068 59.29604
v 20.23452 -54.81779 58.44493
v 20.79316 -55.41167 59.60513
v 20.77041 -54.0418 58.49012
v 21.28867 -54.89911 59.58378
v 20.3013 -54.45736 57.08549
v 20.70619 -53.8558 57.41466
v 20.01167 -55.42287 56.57744
v 23.96087 -54.85675 51.17931
v 23.06404 -54.43902 51.3463
v 23.71657 -54.83197 52.31587
v 23.00149 -54.38191 52.35482
v 22.16301 -54.46867 51.90402
v 22.47999 -54.42567 53.11702
v 23.27911 -55.16389 53.41968
v 21.35914 -54.82165 52.85331
v 22.02048 -55.17404 53.87765
v 22.69263 -55.25415 54.23707
v 21.02686 -55.36549 54.0197
v 21.36241 -54.83264 54.8224
v 21.95416 -54.61135 55.41822
v 20.42986 -55.3891 55.21788
v 20.71025 -54.56643 55.91633
v 21.14983 -53.87152 56.6173
v 23.33037 -55.25804 50.2063
v 24.23303 -55.26981 50.29198
v 24.49195 -55.92687 49.75012
v 23.96724 -56.4708 49.50481
v 19.89459 -56.84527 57.60126
v 20.41618 -57.09105 59.11943
v 19.88832 -56.61827 55.99984
v 20.28782 -56.48078 54.51014
v 20.82488 -56.30632 53.06851
v 21.4782 -55.97594 51.52976
v 22.4385 -55.54924 50.50702
v 24.80304 -56.76408 61.59735
v 26.049 -56.6413 61.84739
v 25.69834 -55.89988 61.84973
v 24.75227 -55.67233 61.64919
v 23.57368 -55.44011 60.91513
v 22.42691 -55.26653 60.29093
v 24.75656 -55.40031 57.03196
v 23.61822 -54.96529 58.03041
v 25.39276 -54.96034 57.72391
v 22.58391 -54.3441 58.9031
v 21.89183 -54.55915 59.27986
v 26.18647 -54.26625 58.7317
v 27.06993 -54.31596 59.63189
v 26.25619 -55.42772 61.64455
v 26.83559 -55.12413 61.076
v 27.25497 -54.96989 60.61304
v 27.54823 -54.76783 60.14222
v 30.42047 -57.84765 58.05261
v 30.35135 -56.71526 57.60042
v 30.16187 -55.90091 57.3905
v 29.82234 -55.25576 57.38292
v 29.39206 -55.20191 58.06761
v 28.77905 -55.07745 58.93375
v 28.12072 -54.88466 59.72161
v 25.29454 -55.64539 52.14349
v 24.94657 -55.85982 53.22302
v 25.81604 -55.71839 52.69164
v 26.08474 -55.60842 52.00767
v 25.49574 -56.20939 53.56002
v 25.82082 -55.70975 53.17875
v 25.72092 -55.59748 51.06027
v 26.54409 -55.47707 51.24994
v 24.87205 -55.34873 51.09988
v 24.56389 -55.33931 52.30903
v 24.15366 -55.72289 53.32685
v 25.25154 -56.22842 49.67105
v 25.06208 -57.18713 49.36772
v 26.19016 -56.27975 49.76133
v 27.17331 -56.03587 49.94231
v 28.16923 -55.66752 50.23136
v 28.58895 -56.1813 50.17328
v 28.98627 -56.71053 50.25249
v 29.36006 -57.2543 50.43655
v 25.12418 -55.63765 50.28534
v 26.01342 -55.75141 50.30164
v 26.87424 -55.52809 50.45621
v 27.73387 -55.08394 50.69665
v 29.20474 -53.96542 54.75948
v 29.55219 -54.23465 55.64487
v 29.79573 -54.75633 56.64887
v 24.87492 -55.81731 56.30636
v 25.30624 -55.7902 55.51405
v 25.84565 -55.98125 54.70103
v 22.10328 -57.75348 50.35081
v 21.20014 -58.03666 51.88186
v 20.05957 -58.21163 55.2725
v 19.95948 -58.2039 57.18152
v 23.09487 -59.02116 60.5083
v 22.13881 -58.89128 60.22244
v 21.19059 -58.48324 59.81898
v 24.0018 -58.80823 60.90614
v 24.92249 -58.17598 61.48104
v 26.60037 -58.25737 49.7289
v 27.48463 -58.1827 49.96903
v 28.42854 -58.00041 50.20351
v 25.69323 -58.1848 49.50522
v 24.64641 -58.03231 49.33829
v 31.18601 -59.10785 53.94193
v 31.02024 -59.29218 56.2599
v 30.49182 -58.44928 51.95687
v 26.49718 -57.62205 61.67225
v 28.73256 -58.5512 60.41614
v 29.45383 -57.94117 50.58461
v 30.18921 -59.10675 58.54386
v 23.28084 -57.41399 49.46349
v 20.50101 -58.19937 59.05942
v 20.51769 -58.12019 53.60981
v 30.0583 -54.92447 43.18695
v 30.31822 -54.9772 41.8776
v 29.08343 -55.79467 42.44616
v 29.60614 -55.52222 41.39768
v 28.61184 -56.0617 41.20142
v 29.12005 -55.7855 40.9972
v 31.084 -54.06157 43.70022
v 31.19743 -54.30242 42.41694
v 29.87413 -54.86835 44.78959
v 30.74462 -54.36868 45.11363
v 29.13494 -55.67941 44.52318
v 33.50923 -55.7139 44.27003
v 33.07533 -55.04784 44.04356
v 32.72337 -55.09132 45.47488
v 32.87939 -55.60946 46.12325
v 32.20105 -55.0527 46.14464
v 32.097 -55.06997 46.85005
v 33.51432 -55.86808 42.62888
v 33.01963 -55.21249 42.61013
v 33.84406 -56.47065 44.35806
v 33.85344 -56.54235 42.45691
v 33.38139 -56.45654 46.15834
v 32.15301 -55.54172 47.91716
v 32.71349 -56.42943 47.76908
v 31.44024 -54.82375 48.11425
v 31.84416 -56.58745 48.85607
v 31.34648 -55.71874 49.00909
v 30.69513 -54.85882 49.1841
v 23.6708 -56.81517 48.17826
v 23.62066 -56.18074 47.92327
v 23.07957 -57.09245 47.32518
v 23.09545 -56.42245 47.11994
v 23.10673 -56.99726 45.59893
v 22.97634 -57.65344 45.73611
v 23.63444 -57.2947 43.54417
v 23.50047 -58.02316 43.41338
v 24.24429 -56.99181 41.52386
v 24.14784 -57.74663 41.39636
v 25.09416 -56.61669 40.15118
v 24.96391 -57.29873 39.88821
v 26.16616 -56.8682 38.86759
v 26.14725 -56.27216 39.21453
v 28.4904 -54.82816 47.2218
v 27.73935 -55.32395 47.66298
v 28.61229 -54.82599 48.39026
v 27.92684 -55.3754 48.66485
v 29.27378 -54.35345 48.00889
v 29.2897 -54.46217 46.97061
v 29.78206 -54.18232 47.70622
v 30.04637 -54.24674 47.03472
v 27.92001 -57.14183 43.43288
v 27.21581 -56.63495 45.01196
v 28.2745 -56.85358 44.56178
v 27.58329 -56.70118 45.34606
v 27.37008 -57.02454 42.60009
v 26.31547 -56.54899 44.60806
v 24.60995 -56.78965 48.7418
v 25.66969 -56.83938 49.20736
v 25.51299 -56.52314 48.91778
v 24.53256 -56.31685 48.44538
v 30.14589 -57.72289 38.74825
v 28.948 -58.11034 38.24044
v 28.84954 -57.34153 38.49762
v 30.12188 -56.80262 39.05026
v 31.35485 -57.19074 39.20326
v 31.2739 -56.22528 39.50195
v 32.33374 -56.84226 39.67559
v 32.07558 -56.03637 40.09731
v 31.70843 -55.45226 40.46898
v 31.34622 -55.02486 40.80699
v 32.03854 -54.96601 41.54219
v 32.4738 -55.4497 41.28532
v 27.67549 -58.20064 37.97096
v 27.56307 -57.47969 38.16196
v 23.30923 -57.77937 47.4649
v 23.04959 -58.40066 45.87536
v 23.50621 -58.8211 43.43974
v 24.18214 -58.67469 41.36174
v 25.03391 -58.10355 39.72864
v 23.56539 -58.31696 47.56393
v 23.23601 -59.06581 45.85078
v 23.64332 -59.52475 43.40827
v 24.31269 -59.42139 41.33364
v 25.21978 -58.85835 39.54864
v 26.1919 -57.85532 49.42303
v 27.3968 -57.70508 49.76278
v 27.12877 -57.22092 49.71189
v 25.91758 -57.32067 49.38485
v 28.57838 -57.37508 49.99009
v 28.29144 -56.88821 50.03245
v 26.79564 -56.78159 49.59801
v 27.89756 -56.41125 49.90462
v 29.89872 -55.29628 49.88673
v 29.31633 -54.92855 49.66004
v 28.93237 -55.86684 50.11808
v 28.49448 -55.54293 49.82217
v 27.60222 -56.15507 49.66503
v 26.57226 -56.51715 49.35332
v 26.45926 -56.3575 48.96751
v 25.48243 -56.28166 48.61391
v 27.39364 -56.0097 49.2505
v 31.86994 -53.89816 43.91266
v 31.85543 -54.19196 42.75608
v 31.50182 -54.40809 45.24426
v 30.41318 -54.4922 46.12162
v 31.0686 -54.59325 46.1931
v 29.56902 -54.76101 45.87228
v 28.70687 -55.31329 45.72341
v 28.47611 -56.1781 44.24154
v 28.4607 -55.93764 45.12437
v 28.20698 -56.51965 42.62389
v 27.89227 -56.78531 41.35553
v 28.25433 -56.03312 40.43811
v 27.31231 -56.09917 40.78167
v 29.02371 -55.81389 40.38135
v 29.73 -55.45587 40.56113
v 30.44565 -55.04792 40.91002
v 31.13868 -54.69944 41.3592
v 31.67864 -54.59876 41.851
v 32.90668 -56.02277 41.10003
v 33.17099 -56.62653 40.73085
v 30.86222 -56.75272 49.64447
v 30.46624 -56.01503 49.80901
v 32.41512 -54.57836 42.70931
v 30.031 -54.36059 49.1129
v 29.57423 -54.34196 48.70404
v 28.90112 -54.86619 49.0753
v 30.67177 -54.27217 48.15201
v 30.12961 -54.18742 48.00102
v 31.2613 -54.55626 47.09942
v 30.65222 -54.29406 47.11744
v 31.68805 -54.8255 46.15446
v 32.22123 -54.6608 45.28805
v 32.48237 -54.39108 43.9478
v 27.27872 -56.14357 46.20659
v 26.9067 -56.38098 46.36362
v 27.14472 -55.92953 47.09764
v 26.93035 -56.27184 47.24763
v 27.18879 -55.94594 47.95985
v 26.67275 -56.22829 47.81987
v 26.19643 -56.16723 46.85324
v 27.28535 -55.9406 48.732
v 26.51823 -56.20202 48.51041
v 25.77347 -56.01922 47.95488
v 29.40344 -56.43306 50.15057
v 29.73202 -57.02637 50.03518
v 28.17356 -55.4292 49.28345
v 27.81105 -55.57811 46.47041
v 27.93321 -56.03315 45.55769
v 25.22632 -55.89968 46.76773
v 24.62463 -55.89734 48.0574
v 24.64599 -56.02421 45.57312
v 23.89359 -55.76904 47.29622
v 25.64911 -56.76882 43.30609
v 26.58556 -56.46785 41.84116
v 28.75388 -55.74775 39.79456
v 27.71434 -55.627 39.85435
v 26.65505 -55.64575 40.20897
v 27.33385 -55.60662 39.22692
v 26.21321 -55.72786 39.63472
v 26.53072 -58.17834 38.31495
v 26.3206 -57.53099 38.56185
v 24.17366 -58.05199 48.38493
v 25.07948 -57.92995 49.02951
v 24.80841 -57.3524 48.98321
v 23.89547 -57.48318 48.29762
v 24.1954 -56.32394 44.56003
v 23.8842 -56.82326 43.86079
v 23.2917 -56.5559 45.40558
v 23.41103 -55.97696 46.49352
v 24.97831 -56.39655 42.39648
v 24.44403 -56.44673 41.79887
v 25.74942 -55.99229 41.08794
v 25.3161 -56.17245 40.49486
v 29.73103 -56.16096 39.09225
v 28.49121 -56.58543 38.6293
v 30.76029 -55.5681 39.76709
v 27.34466 -56.74032 38.44613
v 27.25881 -56.11901 38.80052
v 29.48357 -55.72876 39.44689
v 28.42965 -55.75223 39.28574
v 29.66582 -55.52759 39.96955
v 28.33672 -56.08491 38.86478
v 30.54347 -55.15292 40.32132
v 24.5501 -58.47647 48.48974
v 23.9086 -58.76328 47.77506
v 26.38189 -58.41148 49.35854
v 25.35698 -58.435 48.98875
v 33.70298 -57.51489 45.70481
v 33.12937 -57.62484 47.19196
v 32.31079 -57.73574 48.36754
v 24.55751 -60.18244 41.23282
v 25.43619 -59.61802 39.37199
v 26.77502 -58.79167 38.12217
v 31.16627 -57.70567 49.34537
v 29.88807 -57.73932 49.82454
v 28.69595 -57.98616 49.78774
v 27.52988 -58.26144 49.60536
v 23.43442 -59.76772 45.68845
v 23.89231 -60.25436 43.25014
v 27.76058 -58.91569 37.86384
v 28.96369 -59.08815 37.92982
v 30.04097 -58.92495 38.2486
v 31.28183 -58.50008 38.70504
v 32.35542 -57.91106 39.27062
v 33.22583 -57.43022 40.22105
v 34.06396 -57.3277 42.07061
v 34.05928 -57.42924 43.99249
v 29.23446 -55.97775 39.09951
v 30.56609 -51.87807 27.73189
v 30.3621 -51.74954 28.40652
v 31.55906 -51.58822 28.02706
v 31.76513 -51.80143 27.65454
v 30.97264 -51.48996 28.88032
v 31.47193 -51.45093 28.46952
v 30.0264 -52.19019 29.47577
v 30.71144 -51.73532 29.62044
v 31.55477 -51.49868 29.19314
v 31.98384 -51.46353 28.71092
v 32.44046 -51.68224 28.33999
v 32.7374 -52.03464 28.00862
v 26.73077 -54.2633 30.44056
v 27.82257 -53.75111 29.33082
v 26.51655 -54.76886 29.47803
v 27.68436 -53.92923 28.6905
v 25.71506 -56.04391 35.63607
v 25.9785 -55.66887 35.25701
v 25.77514 -56.1664 34.51713
v 25.96722 -55.87765 34.46388
v 25.6986 -56.85356 36.17149
v 26.29295 -56.90824 37.21434
v 26.07288 -55.97705 36.75061
v 30.586 -54.18624 35.68362
v 31.31824 -53.38549 35.18715
v 30.79469 -53.67067 34.35752
v 30.49079 -54.6106 34.08437
v 31.85389 -52.9488 34.2443
v 31.01042 -53.35453 33.6461
v 30.50088 -54.26263 33.13467
v 33.26118 -51.93993 30.47683
v 34.11785 -52.18012 31.52809
v 34.18658 -52.27225 30.73139
v 33.60581 -52.0619 29.95456
v 34.11523 -52.41205 29.80252
v 34.69313 -52.60853 30.82876
v 34.85896 -52.56958 32.2417
v 35.47955 -53.21777 32.71373
v 35.24899 -53.18826 30.87426
v 34.65587 -52.98791 29.68237
v 32.41284 -54.0488 38.28126
v 32.74314 -54.80493 38.72246
v 33.62857 -54.13044 37.79503
v 33.12462 -53.52437 37.051
v 32.83229 -52.43901 33.10213
v 32.30664 -52.15025 31.56593
v 32.0008 -52.60566 32.77028
v 31.76244 -52.32116 31.4762
v 32.03893 -52.04912 30.70278
v 31.48647 -51.99948 30.55529
v 30.79194 -52.05776 30.49235
v 31.00657 -52.46827 31.30289
v 29.36987 -53.29898 29.5629
v 29.6264 -53.78274 30.3903
v 30.06319 -52.60717 30.40502
v 33.34264 -52.1048 28.95467
v 32.76661 -51.73744 29.19777
v 33.8013 -52.57302 28.7767
v 29.18393 -55.35303 38.30626
v 29.25389 -55.09857 36.81114
v 28.15471 -55.57541 37.72497
v 28.19065 -55.39324 36.4322
v 27.01957 -55.48631 37.14351
v 27.2704 -55.32043 36.42223
v 26.94964 -56.00481 37.75061
v 28.24834 -56.28823 38.38423
v 29.43402 -56.39864 38.8706
v 29.87026 -57.82368 38.62637
v 28.64703 -57.73568 38.27254
v 28.13691 -55.69759 34.64677
v 28.53238 -55.29566 33.0071
v 27.40528 -55.65692 33.37036
v 28.09767 -55.2521 31.9883
v 29.40158 -55.25712 35.14948
v 29.35561 -55.02668 33.6866
v 26.53859 -55.61169 34.58122
v 26.89443 -55.39593 35.61145
v 29.93393 -55.16628 32.59681
v 29.23892 -54.86706 31.99687
v 28.29393 -53.93396 30.08712
v 29.27251 -53.02473 28.70604
v 26.32809 -55.806 33.69304
v 26.31794 -55.53027 36.26496
v 26.05969 -56.08139 33.26553
v 25.82586 -56.78634 33.10249
v 25.66813 -56.91685 34.77223
v 27.33286 -57.20872 37.84484
v 30.10364 -54.30746 37.46564
v 31.47183 -53.48451 37.32174
v 30.9947 -54.04168 38.09654
v 32.33516 -53.29356 36.14
v 32.8461 -52.93506 34.77267
v 31.25856 -53.08534 32.36074
v 30.56237 -53.83817 32.2101
v 30.25639 -55.04464 38.73122
v 31.0049 -57.5239 39.01283
v 30.52699 -56.26748 39.22284
v 31.6206 -55.5713 39.31037
v 31.93535 -56.77127 39.35508
v 31.45122 -54.67301 38.86928
v 33.84047 -52.3544 33.03381
v 32.90342 -51.98969 31.12616
v 35.17583 -53.62628 34.93016
v 34.6295 -52.92722 34.12609
v 32.17791 -51.94025 30.16349
v 33.61814 -53.20819 35.30556
v 34.20452 -53.57284 36.11992
v 34.73289 -54.20693 36.79272
v 33.01093 -55.68067 38.94846
v 32.36864 -51.78233 29.6466
v 30.16161 -54.73149 31.94942
v 26.28563 -55.37495 31.81331
v 26.01912 -56.03875 31.13283
v 29.29866 -52.9773 28.10844
v 26.8695 -55.37426 32.42397
v 28.79737 -54.44763 31.07153
v 27.48619 -54.63719 31.0479
v 29.76979 -54.32636 31.23746
v 31.36508 -51.73932 29.78659
v 30.2714 -53.17854 31.29308
v 33.9216 -54.91126 38.18118
v 32.4403 -58.08425 38.8825
v 33.3709 -56.57536 38.95356
v 34.18674 -55.63407 38.25879
v 35.01916 -54.92001 37.03341
v 35.50356 -54.32296 35.39247
v 35.86162 -53.92308 33.13386
v 35.65776 -53.95576 30.80112
v 34.98059 -53.69197 29.34821
v 34.12901 -53.17413 28.44572
v 33.08364 -52.61853 27.70375
v 32.06505 -52.15744 27.289
v 30.79276 -52.18428 27.21966
v 29.44106 -53.13985 27.36898
v 27.94216 -54.18548 27.83497
v 26.86392 -55.42402 28.56043
v 26.26616 -57.12004 30.2375
v 26.15347 -58.11713 32.20789
v 26.10502 -58.33991 34.29481
v 26.36044 -58.11784 36.15789
v 27.046 -58.09961 37.17797
v 27.95786 -58.57166 37.58443
v 29.06937 -59.12442 37.73467
v 30.36667 -59.30817 37.94601
v 31.47696 -58.89363 38.3462
v -9.142285 -58.60128 82.51753
v -9.189156 -57.88422 82.68577
v -9.2959 -58.23949 82.06809
v -9.35902 -57.58418 82.24522
v -8.943048 -58.14179 80.57073
v -9.175368 -58.0424 81.1126
v -9.019398 -57.46442 80.97803
v -9.235604 -57.41224 81.42989
v -7.312811 -60.64411 83.88316
v -6.495496 -60.81828 84.02271
v -6.417125 -59.80613 84.23559
v -7.262068 -59.65636 84.08815
v -9.345369 -57.46679 81.81372
v -9.286305 -58.07715 81.59525
v -3.232901 -58.22763 82.41891
v -3.221865 -58.0997 81.9138
v -3.216075 -57.40675 82.26994
v -3.25069 -57.57077 82.64236
v -5.329157 -59.24683 78.66529
v -5.438036 -58.36272 79.46348
v -4.539859 -58.88049 79.41518
v -4.680302 -58.08426 80.1827
v -6.755047 -59.29524 78.58627
v -6.810335 -58.47514 79.36555
v -6.123596 -58.50914 79.22325
v -6.036419 -59.39353 78.42237
v -3.982718 -57.72255 81.11485
v -3.865065 -58.48302 80.48292
v -7.586038 -58.97015 79.15295
v -7.626829 -58.22829 79.86765
v -8.40498 -58.44681 79.95499
v -8.498484 -57.71683 80.5135
v -7.699833 -57.34676 80.70025
v -8.598868 -56.92662 81.04939
v -6.882696 -57.5229 80.42216
v -6.203992 -57.53652 80.38064
v -5.537831 -57.45538 80.60412
v -4.777544 -57.25819 81.11212
v -4.019793 -56.95301 81.70658
v -7.788262 -56.4035 81.3737
v -8.708621 -56.22781 81.40919
v -6.986595 -56.53874 81.36997
v -6.280094 -56.58578 81.45654
v -5.58308 -56.51544 81.61913
v -4.800785 -56.35155 81.86816
v -4.01285 -56.17981 82.18479
v -7.894795 -55.71184 81.73035
v -8.804037 -55.61275 81.64403
v -7.070931 -55.80143 81.85718
v -6.345679 -55.83624 81.99435
v -5.593887 -55.79768 82.12288
v -4.810695 -55.71675 82.26538
v -3.991594 -55.65184 82.47707
v -8.019061 -54.99662 82.0456
v -8.892191 -54.96674 81.88552
v -7.201494 -55.06055 82.23499
v -6.427283 -55.06303 82.41986
v -5.650712 -55.05426 82.546
v -4.805641 -55.0457 82.62941
v -3.957108 -55.05948 82.77647
v -3.263017 -56.453 83.06905
v -3.331471 -57.15375 83.16812
v -3.209269 -56.8919 82.58994
v -3.258009 -57.1552 82.79086
v -3.329747 -57.76293 83.0722
v -3.310464 -58.41767 82.85274
v -9.469357 -56.41363 82.18022
v -9.325951 -56.89338 81.73254
v -9.444201 -56.99316 82.29983
v -9.393399 -57.06423 81.95255
v -5.656935 -60.6349 84.07653
v -5.553899 -59.6483 84.29543
v -8.12737 -60.10329 83.62209
v -8.123304 -59.18995 83.81992
v -8.820487 -58.50002 83.29526
v -8.785814 -59.30804 83.11748
v -4.793931 -60.11032 83.96947
v -4.690096 -59.1978 84.19073
v -3.984887 -59.42649 83.72371
v -3.887743 -58.60641 83.92786
v -4.649939 -58.16827 84.42434
v -3.835637 -57.71864 84.14508
v -5.53449 -58.47963 84.51475
v -6.405298 -58.57333 84.44034
v -7.303191 -58.4331 84.29019
v -8.193303 -58.07104 83.98221
v -8.893781 -57.5732 83.4276
v -4.683874 -57.19257 84.60679
v -3.812629 -56.86527 84.31527
v -5.570176 -57.4108 84.66734
v -6.462993 -57.4674 84.56417
v -7.389493 -57.35477 84.38641
v -8.273596 -57.10606 84.04297
v -8.977585 -56.78386 83.47762
v -4.718416 -56.41676 84.66865
v -3.820312 -56.18951 84.40005
v -5.648675 -56.56047 84.72013
v -6.56442 -56.59992 84.60362
v -7.488254 -56.51707 84.39889
v -8.358347 -56.3574 84.02761
v -9.051066 -56.15937 83.47668
v -4.771063 -55.56415 84.62657
v -3.834462 -55.44193 84.39437
v -5.729925 -55.65473 84.65643
v -6.65222 -55.68544 84.53075
v -7.574864 -55.65594 84.29366
v -8.428201 -55.57901 83.91954
v -9.110047 -55.48837 83.41868
v -3.43513 -57.42297 81.80338
v -3.417469 -58.16249 81.33144
v -9.123709 -56.81988 81.35043
v -3.434507 -56.77575 82.18468
v -9.257174 -56.20825 81.67337
v -3.400738 -56.15319 82.53207
v -9.32573 -55.66645 81.86983
v -3.393294 -55.66682 82.75834
v -9.3627 -55.0856 82.04494
v -3.381407 -55.10763 82.98785
v -3.271632 -55.79989 83.27684
v -3.262906 -55.21347 83.43301
v -3.402338 -55.33207 83.96517
v -3.422367 -55.97763 83.90076
v -3.42279 -56.59636 83.80533
v -3.415225 -57.33279 83.70404
v -3.403838 -58.06575 83.52806
v -3.424985 -58.82155 83.34489
v -9.442014 -56.50382 82.79816
v -9.302586 -57.14469 82.76311
v -9.534408 -55.96579 82.86539
v -9.522177 -55.81487 82.32476
v -9.588326 -55.374 82.889
v -9.552974 -55.25131 82.43471
v -9.004684 -54.22066 82.90528
v -9.406928 -54.37451 82.69607
v -9.456964 -54.4659 82.92543
v -9.061354 -54.40254 83.15054
v -8.34094 -54.21677 83.13923
v -8.406918 -54.37185 83.44942
v -7.600326 -54.35139 83.74762
v -7.543091 -54.18641 83.40349
v -6.724769 -54.32338 83.9736
v -6.693442 -54.15779 83.61309
v -6.616378 -54.15059 83.17671
v -7.438153 -54.19382 82.99453
v -8.239186 -54.22314 82.76734
v -8.925037 -54.22005 82.54031
v -9.312736 -54.29964 82.45322
v -3.908024 -54.20634 83.76598
v -3.443316 -54.34549 83.67744
v -3.466375 -54.30889 83.37724
v -3.926901 -54.19812 83.34357
v -4.886798 -54.15164 83.77484
v -4.880244 -54.12249 83.31705
v -5.780066 -54.12735 83.26962
v -5.823619 -54.13942 83.73141
v -5.826954 -54.28273 84.10196
v -4.862828 -54.24777 84.14865
v -3.868241 -54.26197 84.13512
v -3.460613 -54.37448 83.96973
v -9.384183 -54.56266 82.23943
v -8.93921 -54.39021 82.17123
v -8.149674 -54.41032 82.423
v -7.318594 -54.39752 82.63464
v -6.522694 -54.37899 82.81184
v -5.715343 -54.36462 82.92812
v -4.857573 -54.39444 82.98378
v -3.929064 -54.47043 83.06174
v -3.372755 -54.57178 83.20005
v -3.258545 -54.67728 83.56348
v -3.391219 -54.73397 83.99213
v -9.594213 -54.82227 82.91071
v -9.553244 -54.74471 82.54705
v -3.85837 -54.73634 84.30479
v -4.832018 -54.77663 84.43395
v -5.796882 -54.82774 84.42638
v -6.709802 -54.862 84.29677
v -7.610221 -54.87468 84.04791
v -8.439742 -54.86603 83.70614
v -9.115758 -54.85782 83.30483
v -6.673687 -61.78231 83.76767
v -7.460653 -61.57865 83.62977
v -8.20942 -60.99331 83.367
v -8.807266 -60.15827 82.88086
v -9.146304 -59.44475 82.31703
v -9.249601 -58.94553 81.25607
v -9.124979 -58.89914 80.68601
v -8.869967 -58.95207 80.06399
v -7.570323 -59.63671 78.5303
v -8.348649 -59.21542 79.34544
v -6.733376 -59.9679 77.9623
v -5.941524 -60.08276 77.81452
v -5.169219 -59.97342 78.07738
v -4.371971 -59.64894 78.83099
v -3.794142 -59.29589 79.88349
v -3.457161 -59.03001 80.77567
v -3.277007 -58.98965 81.43365
v -3.223948 -59.09321 82.05817
v -3.296956 -59.32226 82.61556
v -3.576941 -59.67917 83.1003
v -4.17052 -60.3022 83.49718
v -5.85099 -61.60141 83.83714
v -4.957407 -61.05006 83.75893
v -9.278809 -59.0885 81.83636
v -8.289053 -59.85148 78.89262
v -7.568877 -60.22973 78.06406
v -6.740391 -60.54737 77.5032
v -5.864433 -60.67001 77.39127
v -5.015294 -60.53834 77.73193
v -4.233914 -60.1704 78.55876
v -3.756082 -59.79005 79.58445
v -3.523724 -59.53268 80.44921
v -3.36727 -59.53975 81.15188
v -3.334283 -59.70678 81.79807
v -3.424376 -59.88348 82.41987
v -3.736229 -60.1482 82.95938
v -4.341763 -60.8431 83.38092
v -5.161645 -61.72492 83.59053
v -6.070261 -62.38407 83.60862
v -6.880679 -62.58405 83.51248
v -7.641311 -62.35382 83.37094
v -8.332394 -61.73442 83.1021
v -8.847322 -60.86168 82.65031
v -9.153779 -60.12084 82.13571
v -9.228744 -59.86795 81.60367
v -9.165071 -59.83654 80.94966
v -9.021494 -59.78236 80.29279
v -8.762474 -59.69589 79.62796
v 2.851899 -58.81226 83.50068
v 3.084703 -58.57049 82.98215
v 2.990396 -57.9375 83.65438
v 3.202893 -57.76464 83.14839
v 2.704773 -58.29243 81.25487
v 2.836591 -57.55801 81.73206
v 2.928486 -58.31558 81.89191
v 3.022301 -57.58561 82.28843
v 0.4902632 -61.27677 84.48572
v 0.5236642 -59.92002 84.78632
v -0.4060796 -59.97636 84.83758
v -0.4534189 -61.29301 84.5443
v 3.114678 -57.72424 82.70481
v 3.008014 -58.4686 82.44209
v -3.276672 -58.25599 82.66525
v -3.312319 -57.5596 82.95394
v -3.175879 -57.38449 82.60537
v -3.13414 -58.06932 82.22018
v -0.8431237 -59.71949 78.83998
v -1.624349 -59.348 79.56724
v -0.822918 -58.65583 79.77752
v -1.566027 -58.26015 80.65205
v 0.870803 -59.67801 78.93636
v 0.06971259 -59.85288 78.54452
v 0.02229728 -58.77483 79.50156
v 0.8012275 -58.64699 79.87782
v -2.342347 -58.67018 80.7554
v -2.303524 -57.71177 81.57535
v 1.499673 -59.16765 79.71696
v 1.465602 -58.28505 80.56544
v 2.148628 -57.87687 81.18815
v 2.121075 -58.66838 80.49461
v 1.470322 -57.4495 81.41547
v 2.26297 -57.14999 81.76705
v 0.7297428 -57.71121 80.96815
v -0.02314137 -57.81199 80.75827
v -0.7852777 -57.71428 80.98767
v -1.556138 -57.37114 81.58607
v -2.300269 -56.86118 82.19028
v 1.560321 -56.58619 82.08876
v 2.465429 -56.34242 82.19868
v 0.7879251 -56.81952 81.95624
v -0.006603623 -56.93975 81.8764
v -0.7864786 -56.88067 81.94395
v -1.594924 -56.59409 82.22081
v -2.368797 -56.19287 82.57975
v 1.63822 -55.75615 82.54335
v 2.587571 -55.70805 82.47829
v 0.7974556 -55.8481 82.61084
v -0.005705116 -55.91624 82.63316
v -0.8151744 -55.85049 82.65205
v -1.592338 -55.67078 82.76704
v -2.407557 -55.50787 82.89833
v 1.787019 -54.98144 82.90081
v 2.698012 -55.03536 82.7533
v 0.9396254 -55.01563 83.04041
v 0.08327267 -55.01545 83.12178
v -0.7448176 -54.97596 83.16622
v -1.579065 -54.90729 83.18085
v -2.485327 -54.91523 83.15863
v -3.350526 -56.25251 83.41977
v -3.227684 -56.76541 82.94405
v -3.389074 -56.89906 83.4964
v -3.329507 -57.09233 83.1378
v -3.354491 -57.54808 83.433
v -3.313476 -58.38028 83.18342
v 3.225697 -56.59156 83.09106
v 3.265616 -57.16808 83.18493
v 3.091368 -57.10217 82.57406
v 3.147958 -57.31937 82.78245
v -1.322608 -60.80296 84.50781
v -1.260866 -59.56279 84.81526
v 1.424606 -60.56561 84.33062
v 1.543084 -59.45196 84.55495
v 2.295484 -59.5753 83.95029
v 2.392192 -58.69831 84.1488
v -1.990677 -58.99778 84.62608
v -2.062838 -60.13675 84.29822
v -2.741011 -58.29635 84.1935
v -2.686653 -59.3316 83.9766
v -1.940838 -57.94093 84.86847
v -2.767458 -57.40878 84.40916
v -1.124057 -58.36663 85.07719
v -0.2548682 -58.63005 85.09465
v 0.7372674 -58.5785 84.99886
v 1.725517 -58.24296 84.73547
v 2.545564 -57.72863 84.32278
v -1.933364 -57.03114 85.03026
v -2.794607 -56.66596 84.57304
v -1.02065 -57.33435 85.22169
v -0.07543682 -57.50178 85.20955
v 0.9146038 -57.44918 85.08746
v 1.867867 -57.21391 84.84619
v 2.689051 -56.92877 84.44494
v -1.889836 -56.23957 85.11776
v -2.793226 -56.00526 84.69898
v -0.9362283 -56.45272 85.26839
v 0.03276061 -56.57234 85.22183
v 1.007695 -56.5156 85.08902
v 1.955036 -56.38367 84.85188
v 2.810181 -56.27681 84.48341
v -1.795949 -55.39199 85.08794
v -2.741692 -55.32274 84.77261
v -0.8362457 -55.52507 85.20377
v 0.1234158 -55.61937 85.14878
v 1.080171 -55.58998 84.98888
v 2.028239 -55.53557 84.75082
v 2.880375 -55.55297 84.44622
v -2.815205 -58.12101 81.63333
v -2.872865 -57.32087 82.17533
v 2.932813 -56.92439 82.12403
v -2.911564 -56.58737 82.56287
v 3.041191 -56.30304 82.49902
v -2.99581 -56.002 82.86219
v 3.098715 -55.83212 82.74608
v -3.060276 -55.45556 83.13325
v 3.158022 -55.29731 82.96996
v -3.108497 -54.98658 83.35295
v -3.365376 -55.66157 83.62679
v -3.354543 -55.12555 83.82056
v -3.321049 -55.80099 84.20847
v -3.31245 -55.27591 84.3406
v -3.308294 -56.35917 84.08932
v -3.270069 -57.01379 83.94872
v -3.192316 -57.73656 83.78893
v -3.148513 -58.66013 83.60649
v 3.28425 -56.69188 83.88541
v 3.150657 -57.23905 83.78622
v 3.283154 -56.05008 83.29324
v 3.395885 -56.21237 83.93739
v 3.33463 -55.50581 83.42556
v 3.462478 -55.59907 83.97128
v 2.857622 -54.33375 83.7224
v 2.850691 -54.42478 84.02704
v 3.314768 -54.53539 83.84005
v 3.249954 -54.42858 83.59766
v 2.118373 -54.37322 83.90319
v 2.078388 -54.38076 84.25797
v 1.193028 -54.37009 84.51156
v 1.267881 -54.26003 84.18305
v 0.2679726 -54.35657 84.7009
v 0.3711911 -54.21539 84.41455
v 0.3381788 -54.1214 83.92392
v 1.219875 -54.16129 83.76049
v 2.055818 -54.19397 83.55206
v 2.785754 -54.28493 83.37624
v 3.168618 -54.38939 83.31741
v -2.704814 -54.12697 84.06765
v -2.635858 -54.09006 83.62171
v -3.110614 -54.19655 83.65011
v -3.19933 -54.19743 84.06197
v -1.573653 -54.12781 84.18924
v -1.550487 -54.00635 83.80191
v -0.5708791 -54.14286 84.36395
v -0.5813057 -54.06053 83.9127
v -0.6445317 -54.26905 84.70619
v -1.593926 -54.20182 84.604
v -2.604168 -54.23664 84.4809
v -3.150324 -54.37106 84.40331
v 3.215185 -54.72512 83.13676
v 2.786462 -54.43053 83.05254
v 1.949693 -54.35523 83.23031
v 1.090554 -54.35205 83.41839
v 0.2300341 -54.31375 83.55387
v -0.6571515 -54.25747 83.57198
v -1.562152 -54.2676 83.5202
v -2.590678 -54.38639 83.37526
v -3.150347 -54.56424 83.53465
v -3.335132 -54.61251 83.99936
v -3.262191 -54.75421 84.43266
v 3.453143 -54.95576 83.96369
v 3.373985 -54.90038 83.50083
v -2.641608 -54.64293 84.6911
v -1.675479 -54.60863 84.8949
v -0.7389646 -54.72629 84.9938
v 0.2014696 -54.83261 84.94619
v 1.14643 -54.81493 84.7764
v 2.054783 -54.7645 84.53651
v 2.880099 -54.83813 84.28869
v -0.4215439 -62.48848 84.22597
v 0.5186163 -62.40796 84.16473
v 1.409837 -61.5008 84.04466
v 2.161396 -60.41079 83.68056
v 2.674184 -59.65814 83.20687
v 2.838947 -59.37854 81.99207
v 2.756425 -59.18843 81.39961
v 2.502775 -59.07592 80.73273
v 1.584469 -59.87027 79.12655
v 2.059321 -59.38093 79.97989
v 0.926232 -60.45067 78.3373
v 0.08528531 -60.71891 78.01842
v -0.8479947 -60.54132 78.26105
v -1.664711 -60.12082 78.97148
v -2.333191 -59.58148 80.02956
v -2.75916 -59.09638 80.94676
v -3.032904 -59.03971 81.61326
v -3.169384 -59.19073 82.14742
v -3.199214 -59.3439 82.71729
v -3.037224 -59.61294 83.29025
v -2.581762 -60.3465 83.74448
v -1.22709 -61.99553 84.21109
v -1.988389 -61.26345 84.03677
v 2.855135 -59.46296 82.63158
v 9.042172 -58.88662 79.88872
v 9.38762 -58.36469 80.50037
v 9.325105 -58.84575 80.39333
v 9.517911 -58.50854 80.67861
v 8.632232 -58.87953 79.22851
v 9.000395 -58.2536 80.01673
v 8.810658 -59.36242 79.42934
v 9.141931 -59.20428 80.13204
v 3.296178 -55.70511 83.14702
v 3.160567 -56.36517 82.76478
v 3.318661 -56.63375 83.26315
v 3.179688 -56.78511 82.97662
v 3.088802 -57.18843 82.48935
v 3.158859 -57.44908 82.85628
v 3.357688 -57.53791 83.1964
v 2.943752 -58.33452 82.16033
v 3.079485 -58.45766 82.65081
v 3.356833 -58.58393 83.0775
v 2.91116 -59.42986 81.74005
v 3.036501 -59.39278 82.35677
v 4.242443 -60.06278 78.00102
v 4.616886 -59.00125 78.7785
v 5.359125 -59.15496 78.09035
v 5.021875 -60.24433 77.30943
v 6.175207 -60.19201 77.03925
v 6.433025 -59.19934 77.92624
v 7.218175 -59.79811 77.60688
v 7.366483 -59.0965 78.24332
v 3.575276 -58.43663 80.32643
v 3.236876 -58.21282 81.00925
v 4.011912 -57.31173 80.93067
v 3.52717 -57.06088 81.48003
v 4.537821 -57.55964 80.3574
v 4.104985 -58.79842 79.59324
v 5.155051 -57.74006 79.79438
v 5.964091 -57.94204 79.34516
v 6.86059 -58.18979 79.14439
v 7.686806 -58.34235 79.25494
v 4.299922 -56.42333 81.34982
v 3.742923 -56.20719 81.82536
v 4.930186 -56.68805 80.97275
v 5.616311 -56.91296 80.61573
v 6.380261 -57.11811 80.31189
v 7.235877 -57.33953 80.06905
v 8.137328 -57.4918 79.95648
v 4.529271 -55.78709 81.67913
v 3.90065 -55.55803 82.01433
v 5.198177 -55.9777 81.40193
v 5.918159 -56.16829 81.13496
v 6.668858 -56.37401 80.89368
v 7.485194 -56.54597 80.65211
v 8.423492 -56.58432 80.38754
v 9.720194 -57.76818 80.95347
v 9.285802 -57.63861 80.4463
v 9.636951 -58.48554 81.12113
v 8.830001 -57.55372 80.05927
v 8.477183 -58.24257 79.47417
v 9.053808 -56.64529 80.42056
v 9.490382 -56.75256 80.67202
v 9.823824 -56.68462 81.08421
v 9.667715 -55.1796 80.85337
v 9.289008 -55.23683 80.66657
v 9.328496 -54.8808 80.8668
v 9.567468 -54.80048 81.07555
v 9.879143 -55.14703 81.31408
v 9.716917 -54.84344 81.40402
v 9.503694 -58.93671 81.03847
v 8.0401 -58.98339 78.6584
v 9.340502 -59.27047 80.86643
v 8.411419 -59.4401 78.75519
v 7.852163 -59.50739 78.1618
v 3.599965 -55.81615 83.63
v 3.628905 -56.71638 83.6423
v 3.955423 -54.53113 82.95456
v 3.550251 -54.59591 83.07549
v 3.827049 -54.70759 83.44607
v 4.141407 -54.52894 83.32587
v 3.827624 -54.52058 82.65652
v 3.514447 -54.63756 82.61275
v 3.376773 -55.39943 82.49499
v 3.314753 -56.05196 82.34248
v 3.181893 -56.92113 82.03444
v 3.669261 -57.7188 83.52367
v 3.014837 -58.16509 81.58699
v 3.734425 -58.89139 83.41694
v 2.936018 -59.27056 81.11814
v 6.857554 -62.75734 83.12403
v 7.7919 -62.29327 82.59724
v 6.761046 -61.40682 83.44701
v 7.702854 -61.24418 82.9973
v 7.629852 -59.61145 83.4468
v 6.697381 -59.55693 83.82103
v 5.589783 -60.80447 83.74499
v 5.576804 -59.08807 83.98754
v 4.508556 -58.35698 83.86254
v 4.502975 -59.77599 83.70772
v 8.493824 -59.2571 82.91753
v 9.176913 -58.80742 82.326
v 8.513892 -58.03152 83.17797
v 9.286259 -57.91699 82.52229
v 7.61913 -58.04525 83.67012
v 6.683834 -57.91556 83.98253
v 5.625847 -57.60691 84.09426
v 4.542464 -57.14094 83.96816
v 9.291277 -56.81701 82.66644
v 8.473639 -56.84743 83.28493
v 7.590247 -56.78509 83.69685
v 6.65262 -56.67572 83.94583
v 5.642166 -56.47072 84.04581
v 4.545584 -56.16014 83.94585
v 9.628914 -55.12865 81.98612
v 9.42744 -54.76347 81.92102
v 8.938321 -55.13383 82.56477
v 8.707597 -54.64511 82.40586
v 6.340166 -55.05318 83.54247
v 6.187851 -54.57176 83.23763
v 5.594145 -55.02317 83.63499
v 5.511575 -54.56404 83.32868
v 4.683917 -54.93435 83.64082
v 4.706076 -54.53365 83.36811
v 4.49151 -54.44137 82.91589
v 5.276467 -54.41103 82.84649
v 5.945778 -54.40979 82.71854
v 6.628613 -54.40548 82.55622
v 6.888479 -54.592 83.10298
v 7.380989 -54.42148 82.34148
v 7.728673 -54.58767 82.85026
v 8.358775 -54.58519 81.94318
v 9.164379 -54.66649 81.53896
v 8.875719 -54.73708 81.11177
v 8.046134 -54.63212 81.49229
v 7.158248 -54.54787 81.78666
v 6.427516 -54.49697 82.0306
v 5.726066 -54.48504 82.23656
v 5.053591 -54.47326 82.37156
v 4.332448 -54.46997 82.51788
v 4.204481 -54.68245 82.24003
v 4.891707 -54.79248 82.05088
v 5.571873 -54.86971 81.91605
v 6.285409 -54.92223 81.72655
v 7.028481 -55.00687 81.50281
v 7.916504 -55.0821 81.25502
v 8.732815 -55.13926 80.86801
v 8.481032 -60.56521 82.51748
v 8.431931 -61.39973 82.20901
v 8.870858 -60.54142 81.84689
v 9.018412 -59.73685 82.05135
v 4.58087 -61.23074 83.52771
v 5.629907 -62.34745 83.46676
v 9.157407 -59.84373 81.40309
v 9.376171 -59.23254 81.57737
v 9.552229 -58.55548 81.74089
v 9.689049 -57.7886 81.79294
v 9.794447 -56.72066 81.866
v 8.071592 -55.11372 83.05274
v 7.169167 -55.08379 83.36288
v 3.819573 -59.98536 83.29459
v 3.111747 -59.0888 80.49966
v 3.335739 -59.45163 82.89495
v 3.334826 -59.27679 79.78797
v 3.697762 -59.66704 78.8823
v 4.037091 -55.09241 82.09698
v 4.721496 -55.28263 81.8617
v 5.40138 -55.42305 81.67464
v 6.117829 -55.53208 81.45555
v 6.870225 -55.66893 81.22672
v 7.697768 -55.78567 80.96915
v 8.574019 -55.80039 80.6317
v 9.170303 -55.93995 80.55456
v 9.565875 -55.9585 80.74815
v 9.856832 -55.85894 81.12763
v 3.642179 -55.16901 83.54876
v 3.359441 -55.02271 83.12347
v 3.420315 -54.96022 82.56492
v 9.798933 -55.8194 81.93322
v 9.1602 -55.85942 82.66344
v 6.540282 -55.74287 83.78735
v 5.630328 -55.65559 83.87418
v 4.611664 -55.49046 83.82874
v 8.321173 -55.87023 83.21743
v 7.436424 -55.81165 83.58224
v -19.35396 -41.44982 78.62794
v -18.98284 -39.26004 78.41253
v -21.04455 -40.21546 77.58858
v -20.57098 -38.54186 77.54829
v -18.32113 -36.94258 77.92923
v -19.85716 -36.46335 77.10838
v -17.52977 -34.74496 77.52711
v -18.81425 -34.46282 76.50922
v -16.804 -32.43011 77.25977
v -17.96298 -32.23825 76.27886
v -16.05684 -30.00434 76.96923
v -17.12501 -29.86791 76.06989
v -15.23086 -27.46273 76.6454
v -16.21706 -27.35652 75.81457
v -22.12143 -38.15688 76.12713
v -22.73326 -39.81311 76.13013
v -21.39052 -36.18882 76.05943
v -20.26991 -34.24184 75.67936
v -19.19788 -32.12268 75.37071
v -18.19814 -29.79574 75.1528
v -17.19943 -27.26569 74.95189
v -23.68461 -40.74606 74.20657
v -23.49543 -38.67664 74.60111
v -22.69506 -36.44404 74.71454
v -21.49611 -34.36046 74.55243
v -20.32364 -32.1838 74.33046
v -19.2685 -29.81691 74.20695
v -18.18853 -27.2406 74.05146
v -24.29813 -39.7756 73.01785
v -23.88504 -42.55148 72.2911
v -23.49778 -37.22432 73.20635
v -22.37895 -34.81966 73.13759
v -21.34345 -32.35805 73.17557
v -20.36567 -29.87636 73.26626
v -19.19451 -27.27047 73.16884
v -13.14994 -39.16307 51.26996
v -13.40042 -39.54251 49.46611
v -11.61773 -37.14225 49.23631
v -11.39809 -36.70466 50.98847
v -14.97533 -42.01656 49.76716
v -14.90445 -41.60101 51.61354
v -16.59753 -44.0976 51.9868
v -16.44748 -44.50737 50.09236
v -13.6203 -40.01897 47.67303
v -11.82541 -37.5882 47.48519
v -15.13122 -42.58471 47.93567
v -16.56814 -45.17221 48.23307
v -17.90645 -46.69223 50.44469
v -17.95778 -47.39256 48.55545
v -13.86398 -40.52846 45.8834
v -12.09133 -37.98506 45.74601
v -15.25186 -43.33163 46.09413
v -16.77819 -46.04643 46.37383
v -18.3998 -48.01963 46.76313
v -14.1141 -41.01864 44.10239
v -12.33231 -38.38726 44.01212
v -15.50191 -43.98505 44.24988
v -19.26383 -48.44002 45.29989
v -17.2278 -46.72383 44.57837
v -15.57423 -43.89753 64.4388
v -16.20848 -44.52507 63.31339
v -15.83066 -43.70454 63.08357
v -15.0309 -42.99084 64.00684
v -16.07305 -42.95958 59.64165
v -16.32456 -43.28564 61.10136
v -17.9381 -44.92088 60.09977
v -17.64267 -44.9083 61.27545
v -14.96213 -42.96231 67.51504
v -14.00381 -42.15567 67.96764
v -14.6184 -43.39661 69.57248
v -15.67961 -44.21944 69.17514
v -17.11627 -45.12247 62.27672
v -16.93487 -44.82342 63.93071
v -17.78482 -45.27435 63.27996
v -11.44009 -41.49187 70.90873
v -12.71188 -43.27475 72.86659
v -13.1346 -43.15763 71.82236
v -12.245 -41.46847 69.85937
v -9.812468 -39.62006 68.20576
v -11.18332 -39.70325 66.82932
v -7.599149 -34.38062 64.77095
v -8.644079 -36.96487 66.21214
v -9.759492 -36.93309 64.80206
v -8.270523 -34.52015 63.21001
v -11.45178 -37.17389 60.87971
v -9.535982 -34.8199 59.79818
v -8.910075 -34.62638 61.52076
v -10.49595 -37.07281 62.79631
v -12.07842 -37.58686 58.8987
v -10.10115 -35.10117 58.05423
v -12.65207 -37.78959 56.94648
v -10.67466 -35.31113 56.31543
v -13.88343 -40.66279 59.78874
v -14.21571 -40.55343 57.43541
v -15.95342 -42.88306 57.76345
v -15.78514 -44.1151 67.55621
v -15.35783 -43.57993 65.83653
v -14.71461 -42.52203 65.68398
v -12.89406 -38.19954 54.98981
v -11.01572 -35.70671 54.52844
v -16.00986 -44.26534 65.93491
v -16.31989 -44.54666 67.2161
v -16.2984 -44.49663 64.80402
v -3.608133 -40.28759 73.54128
v -6.042158 -39.34872 71.87585
v -2.745965 -36.57022 70.88549
v -4.839632 -36.61065 69.89499
v -2.013888 -34.06557 67.89861
v -3.912972 -34.09261 67.5052
v -6.731277 -36.52811 68.78636
v -5.471789 -34.40082 66.70019
v -7.748232 -39.27142 70.44633
v -7.67559 -42.30183 73.79444
v -9.370969 -41.59544 72.7952
v -10.37355 -43.61205 75.0929
v -11.43927 -43.29028 74.28047
v -4.660878 -32.88654 44.1638
v -1.508255 -32.18459 44.32719
v -4.634645 -32.48975 45.78796
v -1.550671 -31.81752 45.90675
v -4.597058 -32.10091 47.40308
v -1.589756 -31.51908 47.48869
v -4.544119 -31.77185 49.00042
v -1.622244 -31.2485 49.05412
v -4.485214 -31.47617 50.58599
v -1.648678 -31.00984 50.61201
v -4.401112 -31.2064 52.16376
v -1.653348 -30.84132 52.16835
v -4.272745 -31.00827 53.73983
v -1.641058 -30.67546 53.71478
v -4.079605 -30.95104 55.28268
v -1.602596 -30.63759 55.24518
v -1.530032 -30.61617 56.76049
v -3.850617 -30.91342 56.78765
v -1.44966 -30.70109 58.27097
v -3.615488 -30.8912 58.2785
v -1.391474 -30.78623 59.79626
v -3.401831 -30.93524 59.7915
v -1.344803 -31.088 61.33795
v -3.189221 -31.28784 61.31084
v -1.365794 -31.58749 62.98931
v -3.124913 -31.73836 62.93656
v -7.621872 -34.20625 44.06517
v -7.450372 -33.95659 45.71466
v -7.318786 -33.56595 47.37104
v -7.178551 -33.17763 49.01307
v -7.050639 -32.75585 50.63235
v -6.937013 -32.27451 52.24483
v -6.723752 -31.92956 53.86853
v -6.408203 -31.74231 55.44778
v -6.008025 -31.70638 56.96568
v -5.603611 -31.65508 58.45761
v -5.217196 -31.67739 59.94587
v -4.849778 -31.92021 61.41793
v -4.67028 -32.24758 62.92362
v -8.712208 -28.52604 81.30663
v -10.85347 -28.17297 79.79909
v -10.67644 -32.02954 81.42532
v -12.03913 -31.09736 80.20346
v -8.124315 -32.08452 82.90509
v -9.75871 -33.43631 82.5547
v -7.954189 -34.17617 84.15972
v -9.369554 -34.91203 83.55133
v -13.28394 -33.3661 80.77997
v -11.97983 -34.09184 81.64629
v -10.92346 -34.93294 82.45662
v -10.30365 -35.56516 83.14189
v -13.53324 -30.54993 79.03404
v -14.6018 -32.87637 79.68668
v -12.66549 -27.93232 78.67738
v -6.120624 -28.48367 82.11286
v -6.079371 -31.25675 83.49406
v -6.001593 -33.99616 84.99898
v -3.728138 -28.5024 82.73936
v -3.787738 -30.80184 84.0571
v -3.710911 -33.30208 85.37347
v -8.231488 -35.9764 85.16591
v -9.635742 -36.43869 84.52519
v -10.77113 -36.77513 83.64828
v -11.87346 -36.51092 82.85202
v -13.1365 -35.90703 82.19795
v -14.44093 -35.36585 81.36928
v -15.50704 -35.12305 80.07979
v -8.729162 -37.76062 85.93564
v -10.28284 -38.16387 85.22105
v -11.49273 -38.41537 84.25478
v -12.79752 -38.10672 83.58494
v -14.22018 -37.55307 82.91608
v -15.5627 -37.14152 81.96852
v -16.45396 -37.18357 80.4923
v -11.10308 -40.09475 85.32645
v -9.578306 -39.56826 86.32228
v -12.23113 -40.2456 84.44995
v -13.53268 -39.7921 83.83093
v -15.10007 -39.19146 83.10929
v -16.45117 -38.97467 81.93753
v -17.37545 -39.30917 80.57006
v -26.50467 -45.21641 64.6486
v -26.87945 -45.47845 64.41899
v -26.38392 -46.17102 64.15081
v -25.96082 -46.05056 64.12834
v -27.05807 -45.67142 63.94239
v -26.44335 -46.33326 63.88546
v -11.92003 -42.15506 85.16811
v -12.81635 -42.252 84.49597
v -14.13664 -41.17817 83.92656
v -15.72311 -40.67484 82.95447
v -16.9969 -40.74763 81.44139
v -17.89022 -41.67038 80.09588
v -15.64956 -41.57336 82.52229
v -14.35595 -42.20667 83.59093
v -25.87118 -46.54047 63.80637
v -27.03639 -45.99869 63.4479
v -26.53444 -46.39455 63.60718
v -26.16023 -46.56954 63.36071
v -19.5902 -46.57933 61.11993
v -18.95114 -46.26203 61.29495
v -19.59515 -46.62205 61.83658
v -20.22009 -46.81342 61.89578
v -18.65313 -45.99365 61.75421
v -18.52577 -45.99998 62.38219
v -19.32907 -46.37245 62.43223
v -19.47405 -46.55059 62.11874
v -26.00805 -26.59329 63.92655
v -26.73356 -26.56932 62.29235
v -26.72048 -29.47522 63.96657
v -27.54461 -29.40973 62.36053
v -20.27061 -46.80118 62.34861
v -19.83826 -46.43349 62.63047
v -18.92949 -45.82038 62.80093
v -28.06273 -29.42678 60.6507
v -28.21201 -32.22731 62.27409
v -28.77982 -32.22431 60.59398
v -27.37646 -26.57509 60.67709
v -30.75425 -43.83599 56.55543
v -30.85417 -41.07048 56.72575
v -31.51925 -43.17596 54.75486
v -31.65987 -40.70447 55.0795
v -30.1219 -38.15091 56.70925
v -31.0077 -37.99165 55.09427
v -29.6872 -35.19363 56.90219
v -30.41658 -35.16841 55.18665
v -29.31343 -32.28316 57.06574
v -30.01482 -32.2366 55.39082
v -29.01628 -29.36637 57.26172
v -29.70678 -29.29497 55.62886
v -32.63306 -40.75975 53.20846
v -32.16473 -43.1879 52.60968
v -32.00184 -37.9919 53.40122
v -31.32126 -35.17554 53.54835
v -30.86562 -32.23766 53.78188
v -30.3875 -29.28424 53.96198
v -29.31023 -26.39821 55.81681
v -29.93338 -26.35323 54.1254
v -33.02671 -41.37563 50.86906
v -32.56437 -43.9184 50.19748
v -32.59109 -38.36556 51.45806
v -31.96673 -35.3742 51.82195
v -31.52727 -32.34356 52.10229
v -31.06537 -29.32053 52.29378
v -30.5816 -26.34909 52.44969
v -32.87805 -42.63834 48.4173
v -32.69782 -39.24374 49.31453
v -32.17234 -35.85237 49.99479
v -31.83854 -32.54704 50.33249
v -31.58829 -29.38336 50.53053
v -31.14381 -26.36918 50.70257
v -32.33888 -33.06433 37.12305
v -32.97866 -31.45316 34.24787
v -32.70505 -34.43102 33.25842
v -32.15228 -35.89688 35.38519
v -32.05922 -36.59545 38.46637
v -31.84911 -37.8053 36.86236
v -32.66689 -39.14852 38.92385
v -32.2262 -39.73805 37.50102
v -32.42354 -36.83968 32.47761
v -32.29716 -37.96529 34.42699
v -31.83124 -39.17175 35.76503
v -31.97305 -40.19936 36.54392
v -32.10349 -33.3276 30.93207
v -31.70012 -35.83749 30.32272
v -32.49733 -30.44004 31.68404
v -31.14436 -32.46063 28.70628
v -30.6501 -34.9321 28.22781
v -31.44233 -29.75166 29.31209
v -29.66795 -34.00604 26.1468
v -30.0186 -31.70143 26.65886
v -30.12044 -29.2478 27.21648
v -31.58071 -27.0323 30.01309
v -30.19328 -26.87862 27.86246
v -32.65664 -27.40791 32.47208
v -33.0124 -28.20184 35.08092
v -32.63955 -28.93093 37.63751
v -31.77365 -24.71972 30.60866
v -30.41072 -24.75453 28.37597
v -32.79471 -24.84209 33.10473
v -33.17388 -25.31206 35.72376
v -32.60789 -25.7157 38.24171
v -32.10927 -26.30937 46.515
v -32.26848 -26.2255 44.11061
v -32.58083 -29.39372 46.40535
v -32.79131 -29.36702 44.08329
v -32.89439 -32.62141 46.23985
v -33.24821 -32.57206 44.03455
v -33.17148 -36.00823 45.9618
v -33.48544 -35.81073 43.86378
v -33.6248 -38.90346 43.58768
v -33.24974 -39.50217 45.39998
v -33.51413 -41.75802 43.3415
v -33.17125 -42.73977 44.78723
v -33.12766 -41.34715 39.09785
v -32.53299 -41.62089 37.68249
v -31.93353 -41.61885 36.40522
v -31.72102 -40.64603 35.2578
v -32.36118 -38.79979 32.10784
v -31.99087 -39.59401 33.94732
v -30.01342 -37.34396 27.34776
v -31.53656 -37.95877 29.9147
v -28.94804 -36.09166 25.35656
v -31.90609 -43.2927 37.82854
v -32.5349 -42.95934 39.44315
v -31.53013 -43.79604 36.10227
v -31.6158 -42.32583 34.97481
v -31.70535 -41.10897 33.75638
v -29.81755 -39.49467 28.01293
v -31.2705 -39.84591 29.85416
v -6.649261 -35.70334 31.52849
v -5.99594 -35.64697 28.58794
v -3.591752 -34.79682 31.63874
v -3.049981 -35.27116 28.6937
v -5.333025 -35.53311 25.36854
v -2.565517 -34.91387 25.45761
v -0.5025444 -34.24108 31.79187
v -0.1975896 -34.29235 28.85145
v -28.1979 -44.49275 62.93027
v -27.741 -45.89758 62.42388
v -26.92853 -46.30854 62.962
v -13.94672 -44.69151 28.23876
v -12.79818 -42.79977 28.23107
v -13.59323 -43.51458 31.29341
v -14.70232 -45.3787 31.53562
v -12.97162 -43.29149 24.57472
v -11.77265 -41.68558 24.77492
v -12.47392 -41.40449 31.218
v -11.66726 -40.81323 28.23545
v -11.13636 -39.26413 31.28213
v -10.33286 -38.8542 28.32446
v -10.6122 -40.06551 24.91092
v -9.281687 -38.56941 25.03939
v -18.42908 -48.17881 24.8231
v -17.16132 -47.82368 26.57329
v -19.45537 -48.63671 26.16943
v -18.18161 -48.4938 27.79232
v -20.99729 -48.36612 25.12452
v -19.95801 -48.00395 23.85253
v -16.70057 -47.53927 29.0371
v -17.73699 -48.39093 29.85334
v -17.06667 -47.5737 31.77173
v -18.09522 -48.50535 31.9588
v -14.91444 -30.20764 77.90735
v -14.1785 -27.72519 77.57195
v -15.80658 -32.59349 78.46921
v -16.40182 -35.02335 78.66118
v -17.2066 -37.24723 79.04804
v -18.01934 -39.51712 79.36147
v -18.39471 -41.63051 79.27699
v -19.80191 -42.04385 78.10338
v -21.11723 -40.92419 77.25457
v -22.5492 -40.56385 75.58991
v -23.26696 -41.73926 73.67484
v -23.23932 -43.64382 72.39003
v -27.80881 -43.90193 63.91923
v -22.98634 -35.25587 71.51027
v -24.16705 -37.69333 71.70815
v -22.28539 -32.47544 71.89547
v -27.69757 -43.61419 65.09582
v -20.32429 -27.27253 72.22455
v -21.44921 -29.90094 72.16386
v -14.87656 -41.26922 53.505
v -12.98739 -38.74789 53.10044
v -11.19437 -36.23513 52.74434
v -9.274569 -34.56479 50.76863
v -9.149158 -33.97316 52.44223
v -9.495909 -35.00945 49.08704
v -9.731772 -35.40589 47.39397
v -19.47226 -47.74319 50.70142
v -19.59763 -48.34052 48.93147
v -9.949956 -35.80109 45.6901
v -20.16088 -48.75197 47.39243
v -10.20209 -36.09786 44.0027
v -12.52417 -38.74137 42.31506
v -10.36753 -36.43968 42.33638
v -14.22675 -41.46194 42.34673
v -15.63424 -44.4521 42.43259
v -10.43935 -41.61006 71.7492
v -12.20743 -43.19989 73.60835
v -8.698019 -39.49874 69.27863
v -7.814781 -36.81625 67.3153
v -6.72203 -34.37819 65.97444
v -6.030507 -32.95898 63.40633
v -5.794703 -33.20608 64.51194
v -6.996252 -32.70182 60.49292
v -6.461776 -32.80165 61.99472
v -7.545592 -32.75446 58.94994
v -8.053056 -32.93861 57.37911
v -8.512367 -33.17628 55.77932
v -8.944871 -33.44644 54.13602
v -14.4998 -40.86084 55.40578
v -19.00011 -45.77545 56.20628
v -17.69095 -45.2644 56.04886
v -18.44243 -45.5569 58.13896
v -17.40081 -44.7276 58.02241
v -18.72515 -45.96531 59.87629
v -14.26855 -43.93002 73.58349
v -14.41186 -43.6955 71.63869
v -13.80657 -43.04608 70.43607
v -9.627234 -43.5327 76.31535
v -11.06249 -44.25629 76.87529
v -12.60711 -44.25792 76.07891
v -9.233479 -44.29251 77.5808
v -10.34612 -44.51563 78.05193
v -3.313772 -32.65195 64.8272
v -1.54988 -32.48375 65.06533
v -4.779116 -33.0652 64.50628
v -4.673694 -33.28809 42.55374
v -1.462719 -32.55117 42.73595
v -7.799204 -34.33701 42.43653
v -13.3817 -43.21291 83.99212
v -16.77834 -41.56926 80.90601
v -17.42324 -42.49636 79.93495
v -25.2142 -26.63245 65.59806
v -25.83311 -29.54571 65.5682
v -26.52016 -32.39843 65.48081
v -27.37527 -32.31996 63.87371
v -26.9244 -35.31086 65.01998
v -27.89147 -35.19569 63.4875
v -27.66623 -38.27298 64.52376
v -28.80444 -38.12319 63.23187
v -23.91603 -44.42312 71.23191
v -23.33214 -45.39305 70.92079
v -23.50212 -44.44327 71.54132
v -23.20575 -45.35854 71.21001
v -22.79338 -45.88875 70.65773
v -22.74208 -45.66886 71.11739
v -29.63455 -44.02512 61.48414
v -29.93028 -44.21309 59.76549
v -28.68695 -45.58787 61.19954
v -28.90109 -45.66718 59.53719
v -24.22658 -44.68124 70.74654
v -23.5186 -45.38499 70.67668
v -23.19804 -45.66389 70.34882
v -29.21842 -35.15964 58.60269
v -29.79831 -38.21776 58.38022
v -29.86744 -38.01162 60.10386
v -29.23063 -35.03272 60.35807
v -28.92477 -32.29167 58.80464
v -28.49363 -29.43369 58.9409
v -16.54024 -45.41651 69.02583
v -16.59903 -45.37408 69.6138
v -17.36129 -45.75931 69.43755
v -17.2957 -45.6229 69.75779
v -18.05329 -45.80801 69.55947
v -17.77222 -45.55084 69.92471
v -17.38436 -45.74586 68.97346
v -16.72276 -45.32977 68.45741
v -31.13011 -44.88551 54.57012
v -30.03146 -45.58422 56.22692
v -31.66336 -44.76344 52.23758
v -31.78975 -45.37186 49.73943
v -25.29353 -42.73105 70.56764
v -25.12385 -43.8728 69.90482
v -24.14815 -44.85078 70.15513
v -32.80114 -43.75265 46.32441
v -32.94157 -40.13982 47.21377
v -32.52079 -36.26707 48.04885
v -32.0834 -29.41234 48.58982
v -32.14795 -32.70287 48.40603
v -31.65932 -26.36173 48.76493
v -15.9698 -44.58602 68.59667
v -32.58073 -44.85852 44.46964
v -31.9564 -46.05704 45.86439
v -32.8804 -43.74169 43.21172
v -32.22158 -44.92444 43.21727
v -31.78138 -45.95463 44.26147
v -31.44519 -44.28648 37.86644
v -32.08995 -43.93722 39.59655
v -15.17823 -44.06746 70.58232
v -16.135 -44.6122 70.14487
v -32.0439 -40.47274 31.93083
v -31.41592 -41.6553 31.87577
v -31.30396 -42.28913 33.54843
v -24.36517 -42.62389 71.32919
v -29.763 -41.44687 28.21511
v -30.91201 -41.477 29.92416
v -28.15877 -40.33868 26.25838
v -28.38027 -42.00306 26.80939
v -9.849377 -37.3777 33.86491
v -7.160119 -35.66714 33.9734
v -7.564497 -35.33354 35.97131
v -10.21508 -37.35506 35.8979
v -10.48421 -36.72712 40.74351
v -7.835171 -34.71939 40.83566
v -4.675279 -33.55654 40.9618
v -4.299083 -34.34967 36.08836
v -3.999081 -34.59118 34.08182
v -1.39786 -32.87583 41.10358
v -1.011467 -33.38754 36.18642
v -0.7878662 -33.76073 34.21541
v -12.62693 -39.0244 40.69498
v -12.20748 -39.57172 35.78511
v -11.71884 -39.5774 33.74507
v -13.67077 -42.03291 35.71609
v -13.13433 -41.859 33.67465
v -14.30372 -41.7109 40.68289
v -26.49977 -41.50222 69.4613
v -26.30962 -43.01944 69.20797
v -15.55591 -44.59807 40.70236
v -24.65849 -40.20249 71.57703
v -9.268993 -37.26098 31.40207
v -8.546061 -36.97974 28.45684
v -14.26831 -44.12954 33.73496
v -15.55537 -45.93932 34.07537
v -7.593914 -37.14888 25.17039
v -22.52388 -47.69479 24.65168
v -21.54488 -47.0565 23.64617
v -25.33961 -39.80621 70.45319
v -22.98819 -45.89389 23.73718
v -23.81418 -46.61152 24.64449
v -29.29786 -41.20977 63.06107
v -28.27215 -41.15141 64.21559
v -29.79869 -45.07392 58.04124
v -28.8111 -46.30792 57.08808
v -18.72838 -46.32314 54.26913
v -20.36237 -47.21559 53.92027
v -19.80847 -47.43659 52.48652
v -18.21571 -46.35501 52.36586
v -21.54099 -27.09537 71.03513
v -22.43604 -29.78735 70.96115
v -25.07312 -29.54882 67.0755
v -24.31602 -26.69787 67.16769
v -25.76083 -32.32919 66.92392
v -26.37372 -35.02259 66.58527
v -24.83773 -37.35004 70.43996
v -27.025 -37.8168 66.01749
v -27.72537 -40.75235 65.48647
v -27.28525 -41.29655 68.29625
v -27.77859 -42.0828 66.77615
v -27.02153 -42.64334 68.10533
v -27.31316 -43.07858 66.70268
v -27.46545 -39.88222 67.06177
v -26.95978 -39.2572 68.46125
v -26.68014 -37.31141 67.42878
v -25.95716 -34.79456 67.82293
v -25.26408 -32.25054 68.00037
v -25.50523 -34.68895 68.75224
v -24.77375 -32.2154 68.90398
v -24.48063 -29.55644 68.14172
v -23.91244 -29.58425 69.04842
v -23.65314 -26.78347 68.23289
v -23.04355 -26.86526 69.14641
v -26.24261 -39.26358 69.52016
v -25.64865 -36.97245 69.56023
v -26.27712 -36.99383 68.61629
v -24.82627 -34.67406 69.53264
v -23.87927 -34.90454 70.25129
v -24.06041 -32.25655 69.72736
v -23.13641 -32.38317 70.59785
v -23.25121 -29.65567 69.95875
v -22.36947 -26.96163 70.04948
v -32.99572 -43.20193 41.9636
v -32.38668 -44.2274 42.10424
v -33.61327 -41.33442 41.90461
v -33.58962 -38.74195 41.88607
v -33.42399 -35.92555 41.83798
v -33.16851 -32.65232 41.85473
v -32.57648 -29.33077 41.85704
v -32.19859 -26.11278 42.04576
v -4.516973 -34.04548 37.84339
v -4.631527 -33.74707 39.4129
v -7.863669 -34.9152 39.3173
v -7.752949 -35.22182 37.74905
v -1.177044 -33.23777 37.90907
v -1.301756 -33.10395 39.4964
v -10.43844 -37.17739 37.66949
v -10.51692 -36.95944 39.22908
v -20.00861 -48.63996 38.89266
v -18.44819 -48.35493 38.5675
v -18.63231 -48.46809 40.11201
v -20.16808 -48.80986 40.53521
v 1.877371 -32.60919 39.5959
v 1.99012 -32.75227 38.01306
v -32.36814 -43.93539 40.93923
v -32.82417 -42.96518 40.76347
v -32.42669 -29.2499 39.82318
v -32.24884 -25.97382 40.14623
v -32.54155 -36.17066 40.13292
v -33.22203 -38.82114 40.35834
v -33.4721 -41.23288 40.50539
v -32.72337 -32.76151 39.81193
v -19.16601 -48.5806 41.7574
v -20.82316 -48.8517 42.26906
v -12.57938 -39.29575 39.15751
v -17.17542 -46.9888 40.99626
v -16.88679 -46.9077 39.50165
v -15.47627 -44.65293 39.16956
v -14.28414 -41.88067 39.11762
v 2.116173 -32.92027 36.32335
v -18.37989 -48.02686 36.70478
v -20.19141 -48.45264 37.3458
v -12.49625 -39.4463 37.57283
v -14.07721 -42.0112 37.51214
v -20.23732 -48.78475 43.94562
v -21.89035 -48.75525 44.01993
v -17.59946 -47.07981 42.82368
v -21.02536 -48.86417 46.12347
v -21.92532 -48.99906 45.2986
v -30.9073 -46.80703 45.24625
v 2.258516 -33.11836 34.38354
v -4.057654 -39.84822 88.17522
v -4.247882 -42.2013 88.2267
v -1.827029 -40.23013 88.30831
v -2.106408 -42.4076 88.71553
v -1.569432 -38.09418 87.27521
v -3.677401 -37.71768 87.66275
v -1.338304 -35.66259 86.51523
v -3.530663 -35.57165 86.57887
v -19.495 -48.16706 35.57487
v -20.54946 -48.28346 36.10532
v -30.87514 -44.80051 36.43383
v -30.80207 -44.57069 35.39012
v -30.54573 -44.91928 35.82306
v -31.22434 -43.57001 34.64529
v -20.20368 -48.24779 34.9775
v -20.759 -48.17112 35.51085
v -18.07015 -47.99506 34.12713
v -19.16382 -48.40635 33.81679
v -3.148183 -42.99229 76.40971
v -0.8954972 -42.60244 76.9862
v -2.84013 -44.66517 79.54546
v -1.208696 -45.06499 79.21121
v -0.7524984 -39.30987 74.6644
v -0.3697323 -36.52008 71.38885
v -0.07440571 -33.99665 68.17987
v 0.4853083 -30.93489 61.45653
v 0.3628624 -31.43259 63.09609
v 0.599931 -30.71074 59.90236
v 0.707055 -30.54709 58.36343
v 0.8025814 -30.40327 56.82555
v 0.8808543 -30.56382 55.28802
v 0.9506258 -30.88248 53.77184
v 1.042596 -31.05655 52.23702
v 1.152444 -31.14854 50.6895
v 1.26589 -31.30753 49.14385
v 1.367559 -31.60957 47.60921
v 1.459934 -31.96824 46.07486
v 1.550791 -32.28604 44.53427
v -1.044511 -30.71297 84.16545
v -0.8513668 -28.53364 82.86443
v -1.237314 -33.2393 85.39835
v 2.422272 -33.56058 31.96835
v 2.578271 -33.84175 29.00968
v 0.1061594 -34.16349 25.54916
v 2.688173 -33.81365 25.62669
v 0.1871451 -32.29094 65.29535
v 1.653865 -32.43389 42.94555
v 1.765395 -32.50882 41.25487
v -30.70409 -46.85329 46.23657
v -31.36748 -46.18042 47.53372
v -32.4559 -45.11324 47.86376
v -30.35321 -46.96996 45.71846
v -22.3402 -48.92265 44.81722
v -15.26514 -44.6632 37.59708
v -14.9408 -44.44076 35.75449
v -16.72408 -46.79881 37.99162
v -16.35471 -46.44889 36.11896
v -27.06872 -44.1079 65.40889
v -16.72914 -43.92803 53.89969
v -20.02566 -46.59251 55.11564
v -30.64671 -41.4724 58.291
v -28.48879 -46.19357 58.04972
v -30.65091 -41.23599 59.95225
v -28.23626 -46.49213 57.39923
v -16.10344 -43.55267 62.24077
v -20.62801 -46.96401 54.65458
v -24.30935 -44.69066 23.99613
v -25.0294 -45.4511 24.8589
v -25.96091 -44.04222 25.2403
v -25.54214 -43.38108 24.40699
v -17.26873 -45.10873 68.29157
v -22.96587 -44.80601 71.74162
v -17.01268 -45.12228 70.09161
v -17.99466 -45.59636 68.98313
v -28.65198 -26.50096 57.46453
v -28.02444 -26.57765 59.07477
v -16.30084 -43.21542 55.80443
v -26.8529 -42.04901 25.00006
v -27.16507 -42.97716 25.84817
v -28.8238 -35.02065 62.02372
v -29.69049 -37.92805 61.78326
v -30.18621 -41.10487 61.60391
v -10.72852 -41.94131 86.05443
v -13.09791 -41.75352 68.83916
v -18.19376 -43.6273 78.94211
v -17.89034 -44.11489 78.70726
v -17.93316 -43.69461 79.119
v -17.80297 -44.11273 78.83882
v -17.6561 -44.38578 78.46958
v -17.55443 -44.28904 78.82397
v -18.35342 -43.58764 78.70434
v -18.01609 -44.02272 78.60417
v -17.9354 -44.13069 78.32792
v -14.59827 -44.59661 75.94528
v -14.42029 -44.54498 76.27582
v -15.04911 -44.67358 76.42981
v -14.91232 -44.59526 76.57368
v -15.38431 -44.664 76.75674
v -15.09561 -44.50933 76.81177
v -15.14992 -44.66984 76.2044
v -14.83185 -44.55923 75.612
v -13.23786 -44.31665 75.46868
v -13.76119 -44.12957 75.04885
v -13.99784 -44.12458 74.49593
v -15.05496 -44.36288 75.44958
v -14.38292 -44.32783 76.47756
v -15.41348 -44.61557 76.32011
v -18.38781 -43.58847 78.41312
v -17.5717 -43.81306 79.19445
v -14.27234 -41.94921 62.89503
v -13.21462 -41.41396 65.55591
v -12.77738 -39.76404 61.91697
v -11.8775 -39.4494 64.14246
v -12.43366 -40.88037 67.11491
v -14.74322 -42.06693 61.21121
v -18.7578 -42.88924 78.77006
v -18.89653 -42.96221 78.38972
v -18.02643 -42.98309 79.50849
v -18.45626 -42.85884 79.1848
v -17.58939 -43.25839 79.5485
v -7.248143 -37.68946 86.19942
v -6.1698 -37.7645 86.57713
v -6.066332 -36.37685 86.11436
v -6.858557 -35.94307 85.66243
v -8.052979 -39.32304 86.97128
v -6.68523 -39.36099 87.30451
v -8.939819 -40.90466 87.08115
v -7.387492 -40.81297 87.70407
v -7.47914 -41.67917 87.18377
v -8.994151 -41.66864 86.4621
v -10.28915 -42.57677 85.53846
v -5.138594 -37.72763 86.99155
v -5.205526 -35.88517 86.13457
v -5.426677 -39.59064 87.53534
v -5.826182 -42.20435 87.56615
v -5.877704 -41.20015 87.98296
v -4.765754 -43.21127 76.54759
v -6.033393 -43.31625 76.95126
v -6.427621 -42.18864 76.21548
v -5.565804 -42.04575 75.1346
v -4.313745 -44.43764 78.53029
v -5.565174 -44.35764 78.33068
v -4.109917 -44.82347 80.01936
v -5.197341 -44.50782 79.47141
v -3.290556 -45.56 81.11173
v -7.813849 -42.57937 76.03448
v -7.716439 -43.55235 77.62009
v -12.02849 -44.12505 84.6506
v -11.79737 -44.92983 83.95696
v -11.66065 -44.90264 84.08967
v -11.55764 -44.14153 84.78269
v -11.64831 -45.14452 83.65304
v -11.4299 -45.01149 83.98698
v -12.41092 -44.21724 84.36733
v -11.95519 -44.87997 83.89447
v -11.92188 -44.97093 83.61871
v -9.563225 -45.51633 80.14835
v -9.278581 -45.44452 80.39172
v -9.750801 -45.74802 80.97551
v -9.960081 -45.77543 80.88194
v -10.2647 -45.77933 81.32614
v -9.84169 -45.68544 81.35572
v -10.48463 -45.67519 80.93917
v -10.16802 -45.75219 80.72375
v -10.43336 -45.44289 80.20082
v -9.965282 -45.56913 80.08997
v -12.52059 -44.3925 83.86955
v -11.12579 -44.11857 84.62724
v -8.848073 -44.93556 78.99046
v -9.57528 -45.04845 78.95158
v -6.869359 -44.49514 78.50619
v -10.27544 -44.97917 79.1691
v -8.208695 -45.03741 79.36295
v -6.479425 -44.47452 79.41677
v -9.124701 -45.27377 80.76033
v -7.908146 -44.73129 79.84216
v -2.224311 -46.27982 81.33054
v -2.539955 -46.27978 82.33993
v -1.369752 -46.34385 81.09805
v -1.548538 -46.78319 83.44471
v -1.990649 -46.73493 83.18571
v -1.467942 -46.69746 82.40698
v -1.871408 -46.71126 82.35384
v -4.534711 -43.30963 87.74374
v -3.130049 -44.35192 88.32067
v -2.199224 -44.24895 88.54373
v -3.685353 -44.86606 87.82948
v -2.592679 -45.25293 88.01775
v -2.154298 -45.22729 88.02751
v -2.050267 -45.78811 87.41119
v -2.736371 -45.6934 87.50767
v -27.81272 -38.92991 25.44052
v -27.57304 -38.03324 24.16021
v -25.97118 -40.74105 24.36273
v -25.55731 -39.75888 23.18157
v -24.56725 -42.21925 23.7633
v -23.95157 -41.23989 22.65475
v -23.28034 -43.55978 23.41909
v -22.58016 -42.72205 22.32512
v -21.87757 -44.76318 23.32034
v -21.13974 -44.05695 22.15935
v -20.4193 -45.82011 23.31045
v -19.64495 -45.18319 22.04522
v -18.96363 -46.67909 23.30931
v -18.10312 -45.8274 22.12136
v -15.32743 -46.29325 27.78477
v -16.18344 -46.81213 25.19018
v -14.24801 -44.58514 24.15438
v -15.39946 -45.25252 23.21783
v -17.58386 -46.96365 23.782
v -16.68838 -45.7594 22.40353
v -15.91576 -46.72199 31.66632
v -16.85646 -47.30606 34.42817
v 17.50616 -40.08718 81.19402
v 17.48303 -42.58 81.09772
v 19.36004 -41.29506 80.13724
v 19.47532 -39.46331 80.52135
v 17.29559 -37.50312 80.81049
v 19.14968 -37.06488 80.10836
v 18.24953 -34.84825 79.42696
v 16.54413 -35.32173 79.95419
v 17.19899 -32.84326 78.53266
v 15.74309 -33.1134 79.16592
v 16.28862 -30.5729 77.76625
v 14.96078 -30.73083 78.38236
v 15.62915 -27.97483 77.29183
v 14.42511 -28.07313 77.88054
v 21.13708 -40.81992 78.36806
v 21.32908 -39.18125 78.9413
v 20.79711 -36.95656 78.9071
v 19.87141 -34.66922 78.67694
v 18.68524 -32.65492 77.94187
v 17.63818 -30.45881 77.15446
v 16.81381 -27.92745 76.65328
v 22.32632 -39.81324 77.14937
v 22.24015 -41.79793 76.62103
v 21.82593 -37.48911 77.32339
v 21.09292 -35.0906 77.41381
v 20.05717 -32.79144 77.13297
v 18.94824 -30.46554 76.50629
v 18.00206 -27.93404 76.01003
v 22.68369 -40.85822 75.35978
v 22.54402 -43.48339 74.83855
v 22.42957 -38.30605 75.70298
v 21.86637 -35.79404 75.837
v 21.07914 -33.246 75.91901
v 20.10645 -30.63482 75.67543
v 19.13099 -27.99727 75.28243
v 14.91002 -39.21051 52.75607
v 13.20822 -36.92446 52.16142
v 13.70879 -37.19884 50.49286
v 15.37594 -39.47402 51.04947
v 16.3468 -41.71943 53.40034
v 16.63274 -41.98206 51.64771
v 17.67786 -44.35773 54.1538
v 17.67256 -44.54325 52.29945
v 15.9275 -39.77329 49.36411
v 14.25531 -37.46518 48.82927
v 17.11039 -42.36266 49.93042
v 18.07504 -44.98285 50.50616
v 19.40134 -46.59166 53.00975
v 19.78929 -46.87866 51.23716
v 16.43244 -40.19113 47.6523
v 14.74088 -37.81647 47.14164
v 17.66719 -42.85172 48.21749
v 20.58069 -47.1598 49.62901
v 18.68726 -45.53607 48.7828
v 16.94102 -40.6242 45.92833
v 15.18548 -38.19989 45.44452
v 18.22161 -43.40029 46.4761
v 21.63126 -47.52863 48.12542
v 19.49636 -46.15327 47.12014
v 14.99881 -44.89741 65.58177
v 14.65867 -43.84481 65.26523
v 15.55541 -44.5124 64.37558
v 15.97292 -45.27015 64.5891
v 16.35618 -43.68063 61.12039
v 17.87669 -45.95005 61.67969
v 16.50642 -43.95881 62.5746
v 17.60109 -45.78527 62.82248
v 13.91193 -44.12689 68.76234
v 14.53858 -45.38404 70.53809
v 13.47902 -44.51588 70.89274
v 13.12314 -43.17302 69.24746
v 17.11553 -45.73111 63.76029
v 17.4278 -46.0899 64.62273
v 16.5013 -45.64871 65.15728
v 10.20371 -42.39729 72.0246
v 11.1767 -42.35696 71.1493
v 11.6816 -44.11408 73.0573
v 11.19026 -44.01413 74.23993
v 10.51323 -40.62423 67.85918
v 9.147915 -40.26824 69.35176
v 7.790236 -34.81271 65.59396
v 8.482511 -35.13492 63.99954
v 9.690313 -37.60095 65.76997
v 8.624962 -37.38786 67.35813
v 11.63673 -37.98416 61.85267
v 10.60221 -37.77071 63.79844
v 9.240775 -35.33596 62.31502
v 9.969768 -35.63941 60.59764
v 12.35995 -38.47783 59.87521
v 10.86083 -35.83395 58.93212
v 11.68521 -35.98774 57.25879
v 13.15345 -38.61124 58.00801
v 14.21649 -41.30509 61.06065
v 14.92039 -41.03809 58.8222
v 16.59103 -43.41284 59.38342
v 13.88116 -43.6475 66.88567
v 14.34661 -44.88039 66.96363
v 14.59637 -45.43793 68.82099
v 12.26688 -36.26874 55.53947
v 13.79598 -38.792 56.20062
v 15.18192 -45.38576 67.10618
v 15.31776 -45.62241 68.51614
v 15.71607 -45.34408 65.95763
v 2.372082 -40.28137 74.53271
v 1.950156 -36.87815 71.05087
v 4.531424 -39.89953 72.47376
v 4.202693 -36.90734 70.44078
v 1.822206 -34.13231 68.14012
v 3.653242 -34.3818 67.7399
v 5.446885 -34.64948 67.26602
v 6.246001 -36.8998 69.73533
v 6.904889 -39.63079 71.86903
v 7.838844 -42.42268 73.64088
v 6.19289 -42.91494 75.17049
v 9.591801 -43.99724 75.48991
v 8.400566 -44.25303 76.23235
v 7.734284 -33.18113 44.67468
v 7.491756 -32.92187 46.29373
v 4.581625 -32.6537 44.61306
v 4.426526 -32.37312 46.18893
v 7.20794 -32.7093 47.89317
v 4.25687 -32.10392 47.74798
v 6.915461 -32.48005 49.4653
v 4.061178 -31.93026 49.29047
v 6.628888 -32.24468 51.02177
v 3.867052 -31.72851 50.83126
v 6.327828 -32.03292 52.57424
v 3.651796 -31.60236 52.38139
v 5.993604 -31.82522 54.11992
v 3.446189 -31.42097 53.92522
v 5.603071 -31.68662 55.63593
v 3.262508 -31.10285 55.43781
v 5.247261 -31.38731 57.12089
v 3.081291 -30.73441 56.93443
v 4.920877 -31.06363 58.6166
v 2.864973 -30.51926 58.45885
v 4.531864 -31.01548 60.15359
v 2.60122 -30.5512 60.01807
v 4.146892 -31.18279 61.73684
v 2.331579 -30.79887 61.61789
v 3.82883 -31.69593 63.36977
v 2.100625 -31.24728 63.33082
v 10.69857 -34.20564 44.82902
v 10.37957 -33.88026 46.47525
v 10.01589 -33.59345 48.11241
v 9.615924 -33.36127 49.72329
v 9.215233 -33.11687 51.30777
v 8.756259 -32.95506 52.87098
v 8.269955 -32.77676 54.43794
v 7.750755 -32.57119 55.97367
v 7.211433 -32.3525 57.46724
v 6.717149 -32.06527 58.95639
v 6.222247 -31.90409 60.46521
v 5.687003 -32.03768 61.96767
v 5.316787 -32.33769 63.50014
v 7.116477 -28.76876 81.7645
v 8.808119 -32.37409 82.09373
v 9.456329 -28.50485 80.44315
v 10.38296 -31.57328 80.98257
v 5.99405 -32.39123 83.12477
v 5.397613 -34.54471 84.18957
v 7.583441 -33.79028 83.02164
v 6.898858 -35.30124 83.88396
v 11.35351 -33.91812 81.61974
v 9.902338 -34.51356 82.43092
v 8.657887 -35.32595 83.11679
v 7.884223 -35.94241 83.70926
v 11.99793 -31.19326 79.91029
v 12.82225 -33.59449 80.69061
v 11.36093 -28.35152 79.3905
v 4.432436 -28.63606 82.21737
v 3.96394 -31.53052 83.50298
v 3.353654 -34.34389 84.59217
v 1.992419 -28.58123 82.56956
v 1.657573 -31.02388 83.83831
v 1.134554 -33.58411 84.69857
v 5.31084 -36.42053 85.07095
v 6.809211 -36.88567 84.73655
v 8.168174 -37.15254 84.25977
v 9.458235 -36.89753 83.71944
v 10.81929 -36.38601 83.13257
v 12.25135 -35.98807 82.394
v 13.6158 -35.82032 81.42599
v 5.744432 -38.04396 86.23544
v 7.170461 -38.55346 85.53625
v 8.648594 -38.806 84.92116
v 10.18147 -38.53958 84.56729
v 11.70795 -38.0987 84.04305
v 13.10022 -37.86947 83.18517
v 14.40786 -37.87723 82.29209
v 6.078247 -39.91235 86.79957
v 7.67588 -40.40357 86.08832
v 9.103067 -40.6351 85.31453
v 10.74976 -40.22979 84.9608
v 12.40346 -39.75734 84.34606
v 13.82476 -39.70136 83.39095
v 14.94202 -40.10812 82.43365
v 25.7934 -46.11616 67.42662
v 25.42505 -46.75768 66.71922
v 25.82668 -46.8979 66.80029
v 26.30869 -46.29314 67.23571
v 26.57298 -46.42656 66.74582
v 25.94974 -47.02967 66.54621
v 8.303126 -42.38628 86.18029
v 9.546429 -42.55843 85.62149
v 11.155 -41.54641 85.13107
v 12.88161 -41.11214 84.30154
v 14.42151 -41.41392 83.16805
v 15.48923 -42.46354 82.16442
v 11.31307 -42.46095 84.80432
v 12.75311 -41.78788 83.81058
v 25.41859 -47.16425 66.34909
v 26.67661 -46.7222 66.28545
v 26.10308 -47.07627 66.30403
v 25.80284 -47.17081 65.99203
v 19.46662 -47.3942 62.87622
v 19.85982 -47.72442 63.58768
v 19.26203 -47.58295 63.43533
v 18.8474 -47.1619 62.97112
v 18.43547 -46.91304 63.34306
v 19.04404 -47.57318 63.70357
v 18.82305 -47.43198 64.02273
v 18.23482 -46.8447 63.88529
v 25.9566 -27.93265 65.63832
v 26.37676 -30.91831 65.77352
v 26.88229 -27.93724 64.14531
v 27.50044 -30.82958 64.42318
v 19.80386 -47.7722 64.08607
v 19.38293 -47.32093 64.33972
v 18.54404 -46.69405 64.33932
v 28.293 -33.61885 64.77121
v 28.41472 -30.83097 62.96252
v 29.25703 -33.6113 63.3873
v 27.7342 -27.95419 62.67182
v 31.68832 -44.71318 59.95832
v 32.91081 -43.97664 58.50385
v 31.96144 -42.24615 60.51406
v 33.13042 -41.7322 59.10145
v 31.34773 -39.44592 60.70441
v 32.44188 -39.1885 59.16428
v 30.8736 -36.54583 60.56422
v 31.91387 -36.46818 59.20565
v 30.57246 -33.60336 60.25478
v 31.60455 -33.62778 59.06833
v 30.08114 -30.82781 60.10671
v 30.98495 -30.85387 58.82845
v 33.81274 -43.83215 56.39783
v 34.10112 -41.65413 57.03936
v 33.5518 -39.11855 57.47579
v 32.88224 -36.46868 57.77539
v 32.39753 -33.68974 57.67464
v 31.79919 -30.87726 57.41042
v 31.251 -27.99695 56.86955
v 30.39387 -27.98472 58.34383
v 34.31556 -41.95993 54.66772
v 34.06908 -44.15132 54.07505
v 34.08287 -39.383 55.26475
v 33.40775 -36.62207 55.74527
v 32.90799 -33.78236 55.86689
v 32.3418 -30.91311 55.65686
v 32.08661 -27.98256 55.25419
v 34.3748 -40.00652 52.99848
v 34.25128 -42.67316 52.52612
v 33.60376 -36.98657 53.38408
v 32.99634 -33.91497 53.6536
v 32.8419 -30.91856 53.6205
v 32.89285 -27.95018 53.41675
v 35.46765 -34.46229 40.48626
v 35.89857 -37.20298 38.8221
v 35.65724 -35.86452 36.72711
v 35.52069 -33.15353 37.5684
v 35.46553 -37.49422 41.80336
v 35.5127 -39.89831 42.41827
v 35.85505 -38.87239 40.28597
v 35.74907 -40.63425 41.05189
v 36.11537 -38.17859 36.02724
v 36.48461 -39.26049 37.92589
v 36.24114 -40.39132 39.34398
v 35.93814 -41.24389 40.18435
v 35.48959 -37.30742 33.80023
v 35.249 -34.93914 34.40563
v 35.58451 -32.33485 35.00799
v 35.07851 -34.19262 32.14671
v 34.7986 -36.61152 31.63061
v 35.20834 -31.66919 32.66789
v 34.31472 -35.80817 29.62038
v 34.39816 -33.44473 30.21189
v 34.42516 -31.03279 30.66138
v 35.36885 -29.12237 33.13445
v 34.51819 -28.66612 31.07356
v 35.77181 -29.59374 35.53313
v 35.83916 -30.08932 38.1691
v 35.69664 -30.62947 40.76249
v 34.66868 -26.56586 31.45384
v 35.54403 -26.75126 33.54788
v 35.75595 -27.06009 35.98014
v 35.75273 -27.28721 38.59277
v 35.62922 -27.6067 41.07076
v 34.45114 -27.84252 49.1404
v 34.28806 -30.66979 48.93293
v 35.15332 -27.78441 46.92262
v 35.23969 -30.61324 46.85719
v 34.506 -33.63655 48.92122
v 35.36486 -33.55861 46.8798
v 34.86906 -36.86053 49.0924
v 35.69255 -36.59452 47.09597
v 35.38642 -40.03796 49.25782
v 36.03993 -39.55523 47.37043
v 35.10099 -42.74707 49.23649
v 35.87362 -42.03768 47.63224
v 35.63094 -41.87534 42.88933
v 35.18695 -42.25099 41.39321
v 35.3357 -42.5008 40.04107
v 35.89163 -41.85579 38.83587
v 36.2393 -40.18683 35.64724
v 36.40043 -40.99638 37.49976
v 34.53478 -39.17812 30.70792
v 35.28149 -39.48243 33.55492
v 33.77877 -37.92074 28.80726
v 35.13019 -44.07201 41.70589
v 35.37083 -43.34806 43.3045
v 35.13855 -44.8514 40.03749
v 35.66317 -43.59012 38.68563
v 36.16515 -42.59355 37.36132
v 34.52605 -41.3428 31.18222
v 35.64653 -41.33832 33.30896
v 11.54259 -35.60958 32.02781
v 8.416569 -34.89866 31.93736
v 11.23021 -35.92041 28.97183
v 8.245883 -35.20976 28.94505
v 8.05497 -35.23775 25.58911
v 10.78013 -36.74646 25.55053
v 5.345117 -34.06493 31.92938
v 5.375949 -34.05408 28.96392
v 27.97494 -45.46853 66.01263
v 27.56511 -46.58091 65.34837
v 26.61843 -46.9467 65.74054
v 19.25384 -45.63762 29.74581
v 19.40339 -46.16994 33.35611
v 18.28474 -44.25811 32.79878
v 18.13004 -43.57699 29.47725
v 19.0766 -43.87185 25.57876
v 17.89934 -42.27966 25.66671
v 17.07647 -42.17338 32.44059
v 16.96704 -41.47859 29.24945
v 15.80614 -39.89566 32.25982
v 15.62242 -39.37386 29.11884
v 16.62477 -40.65806 25.64314
v 15.12372 -39.1911 25.5901
v 22.72301 -49.78759 28.62552
v 24.42545 -49.90887 26.96982
v 25.48152 -51.01674 28.67276
v 23.89224 -50.9796 30.35419
v 26.08952 -49.47586 26.30125
v 27.19407 -50.44659 27.75871
v 21.94172 -49.25414 31.1816
v 23.28823 -50.69882 32.39948
v 21.72611 -49.32312 34.01598
v 23.29876 -50.27885 34.52617
v 13.59122 -30.91649 79.0607
v 13.0899 -28.2371 78.52941
v 14.31575 -33.34998 79.87226
v 15.01764 -35.68033 80.56223
v 15.76476 -37.8317 81.56023
v 16.14333 -40.30272 81.82858
v 16.32416 -42.53752 81.57904
v 17.95227 -43.09982 80.34737
v 19.35577 -41.97168 79.53467
v 20.9714 -41.65058 77.87616
v 21.78179 -42.82721 76.02262
v 21.67557 -44.55222 74.65446
v 27.36325 -44.87788 66.93768
v 22.5887 -36.12052 74.2451
v 23.29769 -38.67073 74.30046
v 21.91749 -33.58101 74.42484
v 27.00021 -44.59127 67.99386
v 21.1298 -30.85901 74.52483
v 20.27422 -28.06915 74.34115
v 15.91162 -41.6477 55.14816
v 14.43861 -38.98589 54.4764
v 12.72768 -36.63158 53.83601
v 10.89623 -34.43279 53.29376
v 11.38351 -34.71832 51.68681
v 11.85172 -35.02062 50.06184
v 12.31328 -35.34377 48.41291
v 20.91729 -47.82979 53.51804
v 21.29088 -48.05819 51.75504
v 12.67867 -35.78936 46.73646
v 21.99205 -48.26564 50.12068
v 13.09719 -36.15434 45.06589
v 15.61445 -38.54299 43.76717
v 13.47588 -36.49963 43.41705
v 17.33773 -41.03827 44.19437
v 18.62219 -43.90792 44.66937
v 9.18325 -42.29185 72.85747
v 10.43731 -44.08157 74.82591
v 8.215509 -39.85184 70.6453
v 7.590743 -37.08939 68.67558
v 6.902851 -34.62585 66.80049
v 6.151136 -33.44252 65.20849
v 6.520762 -33.20393 64.08923
v 7.030782 -33.20116 62.63332
v 7.626596 -33.30408 61.09966
v 8.28827 -33.5054 59.56916
v 9.057348 -33.66795 58.06562
v 9.724152 -33.92702 56.50959
v 10.37059 -34.1372 54.91873
v 15.47271 -41.224 56.92951
v 18.9326 -45.43755 58.20871
v 19.96345 -46.36794 58.54416
v 19.00233 -46.14034 60.07301
v 17.99663 -45.33579 59.82977
v 18.91679 -46.71221 61.6784
v 12.50608 -44.16991 71.6814
v 12.90009 -44.86583 72.91296
v 12.38801 -44.98505 74.8568
v 10.43846 -44.92488 77.27697
v 8.659987 -44.76543 77.99632
v 7.44908 -44.09497 77.51934
v 7.71737 -44.99923 79.26218
v 6.809031 -44.64595 78.8733
v 1.948534 -32.28856 65.39099
v 3.727898 -32.59863 65.33324
v 5.232434 -33.03703 65.2084
v 7.957667 -33.36728 43.05936
v 4.740706 -32.85603 43.00952
v 11.02321 -34.43952 43.19978
v 10.20643 -43.52521 85.27374
v 14.24015 -42.2132 82.64849
v 14.95841 -43.29242 82.05906
v 25.02672 -27.98266 67.17041
v 25.36182 -31.00895 67.16799
v 27.8739 -36.58406 66.15266
v 27.13489 -33.70073 66.15711
v 26.90964 -36.62109 67.5418
v 25.99313 -33.83447 67.39674
v 28.10287 -39.51394 67.52477
v 29.0921 -39.53221 66.33054
v 22.40331 -45.22248 73.63665
v 21.94835 -45.27189 73.91447
v 21.67276 -45.97627 73.24565
v 21.52223 -45.91712 73.44044
v 21.16029 -46.43042 72.93028
v 21.10094 -46.24553 73.30978
v 29.94158 -45.25777 62.9637
v 29.3411 -44.96123 64.63612
v 28.67229 -46.27534 64.21495
v 29.2233 -46.67764 62.55839
v 21.8641 -45.95711 73.02628
v 22.61895 -45.36296 73.15076
v 21.58353 -46.19967 72.71582
v 30.85131 -39.6833 62.12955
v 30.32559 -36.55867 62.12387
v 30.62199 -39.51735 63.63757
v 30.04408 -36.41539 63.6421
v 29.78392 -33.66361 61.81424
v 29.2819 -30.8187 61.51415
v 15.56927 -46.42984 70.47037
v 16.26383 -46.8279 70.7644
v 15.60133 -46.32169 70.99724
v 16.12033 -46.72506 71.12186
v 16.90789 -46.9825 70.97206
v 16.55052 -46.74014 71.36224
v 15.73562 -46.41251 69.93309
v 16.36877 -46.77924 70.37094
v 30.97518 -46.07833 59.39825
v 32.30483 -45.31127 58.06424
v 33.23198 -45.20689 55.98956
v 33.50613 -45.65144 53.77436
v 24.02993 -43.73706 73.18096
v 23.67447 -44.69737 72.45173
v 22.54766 -45.46823 72.64248
v 34.85169 -40.48631 51.13097
v 34.42377 -43.31502 50.73476
v 34.05318 -37.3115 51.22437
v 33.44661 -30.83022 51.31118
v 33.48639 -33.90459 51.33878
v 33.68221 -27.90663 51.35629
v 14.95306 -45.67785 70.02726
v 33.74174 -46.02933 50.31649
v 34.72014 -44.87266 49.09631
v 33.72464 -46.14117 48.86637
v 34.59399 -45.25883 47.69293
v 35.18677 -43.81897 47.70619
v 35.06715 -44.80635 43.52519
v 34.87561 -45.4224 41.80489
v 13.93726 -45.17615 71.9497
v 14.97805 -45.70893 71.61286
v 36.23101 -41.88275 35.51871
v 35.98395 -43.26663 35.43908
v 35.83129 -43.90979 37.22897
v 23.09422 -43.57871 73.91029
v 35.16985 -43.43581 31.39132
v 35.88207 -43.15015 33.32414
v 33.369 -42.28472 29.31319
v 34.24762 -44.28658 29.68301
v 14.17062 -37.67751 36.86327
v 11.63593 -35.59103 36.65274
v 14.15685 -37.77704 34.73218
v 11.62342 -35.72597 34.56441
v 11.29269 -34.73262 41.5929
v 13.78432 -36.8276 41.82161
v 8.136771 -33.69401 41.45684
v 8.4819 -34.33427 36.48507
v 8.487954 -34.62637 34.42694
v 4.88823 -32.99758 41.36293
v 5.209622 -33.43493 36.38272
v 5.291962 -33.67481 34.37076
v 15.88509 -38.91235 42.1288
v 16.04268 -39.91547 37.06237
v 15.95664 -40.04209 34.89407
v 17.26212 -42.37098 35.11444
v 17.56198 -42.21608 37.31509
v 17.58255 -41.36997 42.5051
v 25.55175 -42.57176 72.13399
v 24.98008 -44.0518 71.78294
v 18.74702 -44.21069 42.8716
v 23.46144 -41.33591 74.04948
v 13.88443 -37.23299 29.03334
v 14.08303 -37.58689 32.13829
v 19.83696 -46.48861 36.07269
v 18.52431 -44.52074 35.46854
v 13.2783 -37.88511 25.5867
v 27.55764 -48.50779 26.16972
v 28.57062 -49.37567 27.44869
v 24.84309 -40.88278 73.33713
v 28.72173 -47.2655 26.37179
v 29.47615 -48.03484 27.4353
v 28.82413 -42.59555 66.0762
v 27.86938 -42.57816 67.13232
v 30.19045 -46.00032 61.05402
v 29.70465 -46.9953 60.09905
v 19.94583 -46.66656 56.76193
v 19.54459 -46.59975 54.86714
v 20.99215 -47.90842 55.2835
v 21.36633 -47.90124 56.76463
v 22.1173 -30.91687 73.03207
v 21.44466 -28.05661 72.94341
v 24.11551 -28.01124 68.64477
v 24.5677 -30.97698 68.58898
v 25.24953 -33.70114 68.68653
v 26.25743 -36.18803 68.90154
v 24.43923 -38.24138 73.23676
v 27.37879 -38.7884 68.8988
v 27.51932 -42.0121 68.35754
v 26.35896 -42.37706 70.93082
v 25.86976 -43.86296 70.73172
v 26.96186 -43.19228 69.4648
v 26.25581 -44.29731 69.42782
v 27.25578 -41.02604 69.86919
v 26.69221 -40.22244 71.30031
v 26.78818 -38.17439 70.25834
v 25.74125 -35.80063 70.12286
v 24.66952 -33.51726 69.87867
v 24.06751 -33.4467 70.9063
v 25.12463 -35.64044 71.11089
v 23.86279 -30.9202 69.81396
v 23.24369 -30.89635 70.89009
v 23.38642 -27.97555 69.88847
v 22.74688 -27.9744 70.90475
v 25.94031 -40.1863 72.3664
v 26.22049 -37.79355 71.41976
v 25.44165 -37.81824 72.32929
v 24.38593 -35.67654 71.98833
v 23.53483 -35.88241 72.98696
v 23.43845 -33.47138 71.89082
v 22.79885 -33.54115 72.97912
v 22.69559 -30.91234 71.89027
v 22.13433 -28.02752 71.82021
v 34.94594 -44.73282 46.41606
v 35.40152 -43.24752 46.32018
v 36.1495 -41.69948 45.96979
v 36.18547 -39.37394 45.59208
v 35.8022 -36.59999 45.2389
v 35.55442 -33.64357 44.93679
v 35.58453 -30.67249 44.84615
v 35.42554 -27.76141 44.87564
v 8.287669 -33.91072 39.88955
v 8.407963 -34.13441 38.28419
v 11.42754 -35.15898 40.05906
v 11.52169 -35.51051 38.47408
v 5.123805 -33.21031 38.13374
v 5.00948 -33.14826 39.74114
v 14.09186 -37.4681 38.69235
v 13.98757 -37.14513 40.28626
v 22.93684 -49.59031 43.23626
v 21.54552 -48.84093 42.65608
v 23.20219 -49.80297 41.50627
v 21.80566 -48.93422 41.02994
v 35.50657 -43.10501 44.86234
v 35.1014 -44.58615 45.05656
v 35.59477 -30.73231 42.86807
v 35.52327 -27.72955 42.99131
v 35.8762 -39.48994 43.95592
v 35.63169 -36.83736 43.46963
v 35.9494 -41.66302 44.38515
v 35.48117 -33.85137 42.96568
v 21.69975 -48.705 44.40418
v 23.17357 -49.24745 44.97387
v 16.02707 -39.27326 40.5575
v 20.06704 -46.84616 43.39833
v 20.04405 -47.02795 41.82033
v 18.77395 -44.47568 41.27583
v 17.6406 -41.70076 40.90035
v 22.15317 -49.01445 39.08129
v 23.80057 -49.89824 39.88138
v 16.05186 -39.64412 38.92673
v 17.63627 -41.99817 39.23214
v 22.56436 -48.44356 46.63391
v 23.85869 -49.05638 46.67178
v 20.17439 -46.6728 45.39712
v 23.75051 -48.78687 47.79862
v 22.97299 -48.53526 48.72978
v 32.67616 -46.90676 49.51752
v 0.09160876 -42.06836 88.55048
v 0.3613855 -39.93793 87.93817
v 0.5055469 -38.04523 86.85773
v 0.6296794 -35.88365 85.60532
v 23.5662 -49.89849 38.02388
v 24.53076 -50.04076 38.64851
v 34.59342 -46.04412 40.40211
v 34.80756 -45.94362 39.40292
v 34.50305 -46.34558 39.7965
v 35.26299 -44.93235 38.58962
v 24.58308 -50.06337 37.45784
v 24.93998 -50.18058 38.01107
v 22.43338 -49.65082 36.48606
v 23.90377 -50.19359 36.34706
v 1.064522 -42.91988 76.95404
v 0.4108147 -44.97373 79.80585
v 5.311796 -34.39642 25.57613
v 33.89277 -45.03117 52.09119
v 33.08224 -46.33856 51.87214
v 32.38796 -46.85616 50.45895
v 32.04878 -46.89282 49.89558
v 24.17412 -48.89687 47.39898
v 18.82456 -44.63578 39.6319
v 18.79403 -44.62655 37.65785
v 20.19582 -46.96135 38.24867
v 20.13684 -47.168 40.24078
v 26.20535 -45.21321 68.3336
v 17.82877 -44.21357 55.9636
v 20.94321 -47.27689 57.80933
v 31.02139 -43.01853 61.78077
v 29.17573 -47.22504 61.0028
v 30.48361 -42.78049 63.34961
v 29.06087 -47.46758 60.33806
v 15.96824 -44.34339 63.59293
v 21.52054 -47.83506 57.55038
v 29.70423 -45.96666 26.76428
v 30.24203 -46.7062 27.62373
v 30.77951 -44.76033 27.27691
v 31.08032 -45.40072 28.10353
v 16.12295 -46.29367 69.71072
v 21.35982 -45.50575 73.87471
v 15.89583 -46.17268 71.46908
v 16.82934 -46.81608 70.40456
v 29.5331 -27.97052 59.7739
v 28.61529 -27.97917 61.20547
v 17.24844 -43.58435 57.6463
v 31.99756 -43.59217 28.03164
v 32.51123 -44.75536 28.69526
v 29.10904 -36.40257 64.94729
v 29.99142 -39.42057 65.05978
v 29.89731 -42.43694 64.86447
v 6.925916 -42.0823 86.81281
v 12.14701 -42.7032 70.0839
v 15.91722 -44.56045 80.94016
v 15.59187 -44.59273 81.07742
v 15.52929 -44.9348 80.533
v 15.42299 -44.913 80.64622
v 15.28143 -45.15012 80.24081
v 15.16425 -45.03471 80.56109
v 15.70564 -44.88657 80.47238
v 16.15116 -44.55991 80.72765
v 15.62896 -44.97766 80.18093
v 12.40105 -45.64083 77.26951
v 12.76527 -45.80666 77.77805
v 12.14884 -45.5949 77.58392
v 12.60752 -45.70791 77.92919
v 13.11626 -45.74032 78.11227
v 12.81423 -45.54538 78.14334
v 12.68256 -45.63325 76.95544
v 12.91825 -45.79739 77.54016
v 11.13558 -45.18407 76.76762
v 11.61168 -45.2268 76.30651
v 12.02335 -45.26509 75.75334
v 12.88628 -45.44904 76.81198
v 12.12543 -45.36119 77.78416
v 13.18883 -45.71608 77.66287
v 16.27168 -44.58786 80.40269
v 15.19582 -44.65693 81.05567
v 14.17543 -42.6585 64.17319
v 12.71479 -42.26947 66.76531
v 11.66002 -40.22212 65.26992
v 12.89072 -40.43649 63.10434
v 11.67297 -41.87706 68.28323
v 14.99648 -42.60794 62.59266
v 16.72118 -43.91574 80.98876
v 16.9637 -44.04865 80.52652
v 15.70235 -43.87591 81.63227
v 16.26651 -43.81771 81.36434
v 15.16797 -44.09821 81.58665
v 4.275022 -37.80951 86.65767
v 3.916743 -36.25144 85.50747
v 3.066354 -36.56796 85.99037
v 3.088578 -37.76419 86.95967
v 3.071334 -39.46643 87.49996
v 4.409911 -39.49417 87.28523
v 5.00244 -40.98515 87.59631
v 3.37789 -40.76921 88.04821
v 3.41182 -41.42843 87.67329
v 5.114717 -41.64701 87.13003
v 6.623837 -42.66649 86.42144
v 1.945271 -37.81764 86.98846
v 2.227312 -36.19856 85.53574
v 1.844787 -39.58045 87.83787
v 1.662123 -41.98667 88.04984
v 1.81909 -41.10751 88.31237
v 2.562131 -43.2543 77.44743
v 3.888308 -42.78006 75.93821
v 4.346951 -43.38005 76.69598
v 3.774237 -43.42904 77.9696
v 3.119559 -44.61693 79.24857
v 1.91899 -44.5674 79.26479
v 2.618407 -44.5915 80.35659
v 1.474571 -44.91013 80.69517
v 0.3598233 -45.52837 81.56063
v 5.666767 -43.73586 76.84022
v 5.317753 -44.0795 78.66467
v 8.517123 -44.45443 85.86665
v 8.004129 -44.35734 85.91042
v 8.250029 -45.18496 85.40154
v 8.429605 -45.24897 85.29041
v 8.325842 -45.47834 84.97285
v 8.014498 -45.29234 85.27975
v 8.993707 -44.58281 85.6835
v 8.624845 -45.21968 85.24976
v 8.674861 -45.35425 84.95319
v 6.609782 -45.80323 81.51298
v 6.909188 -45.96969 82.27406
v 6.307459 -45.71941 81.74292
v 6.718049 -45.90916 82.34646
v 7.119622 -46.04044 82.73375
v 6.805118 -45.90356 82.68384
v 7.341993 -45.97652 82.35378
v 7.12038 -45.9719 82.13691
v 7.410476 -45.7457 81.64895
v 7.014779 -45.81503 81.51154
v 9.294406 -44.77903 85.23785
v 7.547134 -44.33273 85.78339
v 6.143294 -45.21251 80.35462
v 6.830031 -45.35286 80.34811
v 4.318992 -44.81193 79.67587
v 7.446352 -45.44154 80.49133
v 5.449374 -45.24628 80.67945
v 3.856664 -44.65 80.46992
v 6.184431 -45.58161 82.05533
v 5.102334 -45.03978 81.08759
v -0.6253005 -46.28576 81.52624
v -0.5214838 -46.24903 82.62525
v -1.133621 -46.66402 83.29717
v -1.127485 -46.59485 82.4629
v 0.2347376 -43.06077 88.13892
v -1.32965 -44.20144 88.36495
v -0.8606768 -44.50285 87.97276
v -1.764682 -45.11967 88.00932
v -1.520589 -45.44248 87.57127
v 30.77221 -41.05285 26.36579
v 32.54139 -39.57106 27.52709
v 31.22806 -42.23987 27.34265
v 32.91905 -40.76076 28.50531
v 29.93298 -43.56455 26.60878
v 29.2269 -42.24813 25.73508
v 28.72207 -44.76102 26.16797
v 28.00885 -43.57867 25.18841
v 27.61244 -46.00922 25.7556
v 26.85126 -44.92031 24.74146
v 26.36067 -47.08106 25.67119
v 25.60884 -45.96687 24.50554
v 25.05372 -47.84943 25.68775
v 24.32815 -46.64785 24.3791
v 20.57874 -47.68013 29.54519
v 22.08709 -48.1425 27.11597
v 20.47258 -45.17903 25.35715
v 21.7561 -46.17903 24.66063
v 23.75911 -48.05705 26.10646
v 23.08557 -46.76715 24.2075
v 20.55216 -47.91478 33.70925
v 21.19238 -48.25128 36.67297
v -17.23818 -44.43112 64.01949
v -18.06265 -44.82336 63.35242
v -16.6353 -44.25323 67.21405
v -16.33953 -44.07721 65.9715
v -16.64527 -44.19087 64.87494
v -19.17385 -45.41826 62.85522
v -20.05973 -46.10907 61.15504
v -19.16081 -45.5789 59.93015
v -20.98739 -46.32503 61.96204
v -25.4776 -45.80232 63.1297
v -26.52073 -45.68219 62.78511
v -27.38661 -45.41841 62.23603
v -14.14866 -42.17198 83.15109
v -15.40075 -41.47026 82.17169
v -20.98287 -46.82353 62.53079
v -20.43852 -46.04662 62.75207
v -21.58942 -45.88673 62.9818
v -21.78475 -46.19703 62.72817
v -24.39938 -45.38285 63.13479
v -24.40277 -45.72296 63.4191
v -25.19911 -46.31137 63.62986
v -25.32237 -45.38939 63.98467
v -24.2331 -45.37722 63.65906
v -22.90784 -45.47881 63.39754
v -23.06911 -45.54519 63.11047
v -21.91897 -45.74333 62.54848
v -23.151 -45.29551 62.92371
v -17.33045 -44.54636 70.08307
v -16.42055 -44.06768 70.29442
v -22.64993 -45.17942 70.16928
v -23.86041 -44.31236 70.08244
v -18.54725 -45.10672 69.24313
v -18.68586 -45.69366 69.7181
v -19.54813 -45.02721 69.66574
v -19.42667 -45.37732 69.90451
v -21.64058 -45.15276 70.11827
v -22.23079 -45.98252 70.44772
v -21.54366 -45.65394 70.30315
v -22.12228 -45.3608 70.95562
v -20.62712 -45.91446 55.39959
v -21.13489 -46.69687 54.866
v -21.07187 -46.57988 54.10861
v -27.72076 -46.58284 57.24607
v -28.17571 -46.03263 56.81313
v -26.9291 -45.87021 56.90282
v -26.68949 -46.4731 57.00236
v -22.00386 -45.91375 55.05967
v -21.96392 -46.23973 55.31569
v -21.76303 -45.77284 55.69282
v -13.18218 -43.27581 83.46635
v -16.47693 -41.62267 80.79443
v -17.04784 -42.45996 79.86749
v -11.21824 -43.83411 76.94189
v -12.76195 -43.89137 76.20243
v -10.36362 -44.07938 78.13345
v -10.28724 -44.45911 79.2897
v -23.00785 -41.78132 73.61112
v -22.47287 -40.6321 75.40029
v -22.83088 -43.38853 72.37383
v -15.41961 -43.63897 70.84
v -14.60646 -43.42454 72.02894
v -14.52055 -43.59077 73.7459
v -19.86933 -41.90319 77.61701
v -21.07617 -40.89581 76.87185
v -20.54666 -45.2688 70.14082
v -20.40904 -45.08907 70.41825
v -19.31009 -45.0788 70.18208
v -18.69623 -45.17908 58.19509
v -28.20524 -45.18439 61.12291
v -30.66249 -44.68433 54.50014
v -29.53901 -45.41587 56.02512
v -31.22936 -44.98375 49.66523
v -31.22098 -44.48438 52.17534
v -28.63774 -46.42006 45.61044
v -27.29498 -46.42606 45.79691
v -28.64145 -46.82915 45.88628
v -27.32636 -46.81721 46.03077
v -23.53505 -45.89682 25.46749
v -24.47513 -44.75118 25.58934
v -22.52714 -46.85669 25.60895
v -21.32114 -47.54686 26.09182
v -19.9555 -47.77706 26.97343
v -18.80673 -47.70627 28.38071
v -18.36042 -47.64856 30.24947
v -19.54051 -47.59084 33.83406
v -18.74231 -47.72084 32.14514
v -30.65661 -42.31209 33.58806
v -30.31566 -43.39718 34.67389
v -30.5947 -41.60432 32.0852
v -29.06041 -41.28766 28.84931
v -30.01811 -41.32878 30.45464
v -26.70362 -43.7671 65.44178
v -26.96715 -42.9009 66.61114
v -26.67752 -42.49824 67.94424
v -25.89062 -42.80191 69.02965
v -24.89767 -43.50673 69.75842
v -31.6606 -44.27305 42.21398
v -31.54805 -44.91455 43.33271
v -20.34314 -47.94069 39.14333
v -20.63683 -47.79801 37.63612
v -22.52218 -48.21984 45.70809
v -23.63675 -47.72676 45.97303
v -23.77251 -47.93421 45.48857
v -22.9678 -48.53242 45.03989
v -30.01253 -46.38992 45.25412
v -29.74498 -46.90873 45.75196
v -29.81093 -46.46829 46.346
v -30.76682 -45.75018 47.47132
v -1.858623 -46.04133 84.5577
v -1.634988 -46.23933 84.7253
v -1.726113 -45.64999 85.36739
v -1.852246 -45.46165 85.27938
v -20.8733 -47.32234 34.97454
v -21.45271 -47.52683 36.41724
v -22.84132 -46.67078 36.0809
v -22.83607 -47.049 35.48967
v -21.50059 -47.927 35.42012
v -22.45751 -46.38505 35.48476
v -30.08579 -44.93247 36.79982
v -29.95656 -45.1162 35.78177
v -29.7359 -44.32473 35.27171
v -28.84656 -45.13306 36.45889
v -28.84514 -45.36359 35.80585
v -28.59473 -44.58308 35.61291
v -27.35281 -45.17752 36.38413
v -27.36729 -45.41855 35.88751
v -25.76948 -45.6045 35.86559
v -25.79032 -45.37861 36.28894
v -27.19084 -44.67733 35.88825
v -25.56909 -44.9363 35.93113
v -24.24002 -46.08132 35.73024
v -24.29919 -45.85906 36.18
v -23.97325 -45.49573 35.79569
v -30.92188 -44.25089 38.06053
v -2.095467 -45.323 86.09915
v -1.8425 -45.53312 86.12849
v -28.57144 -46.53813 46.26126
v -31.09531 -45.74718 44.4295
v -22.44475 -48.04042 44.24941
v -21.41524 -48.2076 46.34424
v -21.20673 -48.11288 42.5603
v -23.57787 -47.51647 45.2471
v -31.66683 -43.90622 41.04131
v -20.51689 -48.04385 40.80666
v -31.4442 -43.86027 39.69362
v -27.85514 -41.63263 27.50031
v -25.50816 -43.50869 25.95897
v -26.64879 -42.4424 26.5746
v -25.96431 -46.57888 45.85962
v -26.00618 -46.92807 46.05753
v -24.70972 -46.9404 45.73793
v -24.811 -47.32049 45.86463
v -25.68836 -45.44871 56.7667
v -25.48847 -46.02159 56.72669
v -24.33586 -45.20663 56.37994
v -24.23256 -45.71503 56.40351
v -23.04124 -45.3331 55.8199
v -22.98429 -45.71153 55.91488
v -20.20292 -46.82385 52.6272
v -19.86714 -47.16362 50.81689
v -20.04072 -47.71863 49.01422
v -20.58269 -48.08749 47.53357
v -24.74778 -47.13245 46.25136
v -25.9789 -46.70667 46.39724
v -27.28808 -46.5485 46.39508
v -28.37891 -45.29317 59.4507
v -19.2607 -45.33201 56.24644
v -22.87771 -45.43093 56.25384
v -24.13979 -45.39502 56.78497
v -25.42652 -45.61084 57.1517
v -26.62554 -45.9013 57.48824
v -21.42639 -45.31979 70.60409
v -20.62009 -44.95979 69.92659
v -27.73531 -45.86967 58.00246
v -18.33406 -45.08422 70.01377
v -17.47213 -44.63352 68.395
v -22.55284 -44.4653 71.59698
v -26.14528 -44.61602 64.62555
v -14.32117 -44.06916 76.40894
v -18.31396 -43.39313 78.03921
v -17.6351 -43.87731 77.97749
v -15.66767 -44.19072 76.44363
v -15.70944 -44.48811 76.99541
v -16.16761 -43.99531 77.00483
v -16.04547 -44.12197 77.22893
v -17.28798 -44.41202 78.18959
v -17.09452 -43.93548 77.7646
v -16.93958 -44.1511 77.9556
v -17.08742 -44.07394 78.58166
v -16.31926 -43.91558 77.68864
v -16.48565 -44.03999 77.59966
v -15.86162 -43.99278 77.28922
v -16.7583 -44.01576 78.1027
v -16.62484 -43.90423 77.4193
v -15.29582 -44.1768 76.92207
v -15.04377 -43.94589 75.40208
v -17.21444 -43.6775 79.04669
v -18.96616 -42.80363 77.95372
v -17.2089 -43.17881 79.42458
v -8.709089 -41.62232 86.14117
v -7.186535 -41.59636 86.7561
v -10.09705 -42.41138 85.33518
v -5.676023 -42.25133 87.13652
v -4.484247 -43.31614 87.32945
v -4.988568 -44.1263 79.52285
v -3.771939 -44.55118 80.22527
v -2.960687 -45.22819 81.49044
v -6.440689 -44.07434 79.41956
v -7.946128 -44.41873 79.82877
v -12.39262 -44.24036 83.45975
v -11.76676 -44.87408 83.22386
v -10.57157 -45.18655 81.22785
v -10.51155 -45.66703 81.67968
v -10.7623 -45.06033 81.91712
v -10.73417 -45.42406 82.0806
v -11.36812 -45.04261 82.88477
v -11.44773 -45.32906 83.33898
v -11.21323 -45.40971 82.96413
v -11.05243 -44.85434 83.68822
v -10.45879 -45.29534 82.13087
v -10.71391 -45.19145 82.62266
v -10.94918 -45.34533 82.52954
v -10.93447 -45.14922 83.12366
v -11.05116 -45.03532 82.4488
v -10.0577 -45.34824 81.57836
v -10.43404 -44.89426 80.32547
v -10.82921 -43.77646 84.42834
v -9.214352 -44.94253 80.74284
v -1.596565 -46.80812 84.21162
v -2.13392 -46.38255 83.9105
v -2.487427 -45.93356 82.83305
v -2.561036 -45.285 86.83886
v -1.943891 -45.81415 86.78131
v -3.502891 -44.47255 87.29556
v 17.69633 -45.67449 64.66701
v 16.77528 -45.27905 65.23668
v 15.49407 -45.04575 67.19492
v 15.53802 -45.28702 68.57108
v 16.02992 -45.06452 66.05208
v 18.83563 -46.26973 64.34343
v 19.35704 -46.36785 61.72723
v 19.9109 -46.8825 62.96867
v 20.61023 -47.04074 63.80205
v 25.2471 -46.40341 65.74665
v 26.30502 -46.361 65.5513
v 27.26824 -46.14484 65.07684
v 11.23828 -42.52491 84.41155
v 12.70058 -41.75912 83.66069
v 20.47885 -47.45762 64.23421
v 20.04135 -46.83231 64.37323
v 21.18759 -46.63433 64.7157
v 21.31645 -46.84663 64.51423
v 24.92824 -46.77259 66.06395
v 24.17752 -46.27021 65.7116
v 24.17416 -46.0612 65.46303
v 24.89771 -46.09593 66.38618
v 23.88538 -46.0781 65.83794
v 22.77772 -46.46747 65.11304
v 22.54406 -46.27398 65.30903
v 21.5905 -46.51888 64.37982
v 22.90736 -46.14402 64.92086
v 15.22327 -45.25928 71.867
v 16.14601 -45.79215 71.75556
v 22.36867 -45.06839 72.51801
v 21.17312 -45.98102 72.38803
v 17.43547 -46.41807 70.69167
v 18.38632 -46.34764 71.25088
v 17.49697 -46.90488 71.21165
v 18.25186 -46.7846 71.5191
v 20.72089 -46.62647 72.64375
v 20.27068 -46.15908 72.08323
v 20.15626 -46.6723 72.30852
v 20.52272 -46.24143 73.06139
v 21.6321 -46.66407 58.06242
v 22.07359 -47.53685 57.75823
v 22.0019 -47.19553 57.08082
v 29.13868 -46.87854 59.70669
v 28.58431 -47.75796 60.08807
v 27.91935 -46.71259 59.53971
v 27.69382 -47.22129 59.7732
v 22.96418 -46.64745 57.98621
v 22.92816 -47.06922 58.18542
v 22.74168 -46.63882 58.48453
v 10.19921 -43.68562 84.73012
v 14.08279 -42.15994 82.55225
v 14.69775 -43.22375 81.75381
v 8.867687 -44.48758 77.95898
v 10.58841 -44.71727 77.38417
v 7.844594 -44.62799 79.25092
v 7.619375 -44.98067 80.5097
v 20.79261 -41.83843 77.66559
v 21.37063 -42.96299 75.95821
v 21.2883 -44.37087 74.60289
v 14.1008 -44.8079 72.21912
v 13.0027 -44.57904 73.28109
v 12.60733 -44.67941 75.00714
v 18.09473 -42.94323 79.83424
v 19.40579 -41.97924 79.13548
v 19.27569 -46.53257 71.90736
v 19.09923 -46.31363 72.09985
v 18.07986 -46.41529 71.83138
v 19.23086 -45.85356 60.10161
v 28.32219 -45.98383 64.01346
v 30.59641 -46.05181 59.15366
v 31.94454 -45.16388 57.87621
v 32.86208 -45.14436 53.6947
v 32.70837 -44.86769 55.87118
v 30.34483 -46.37778 49.32921
v 30.31433 -46.674 49.57607
v 28.87732 -46.66698 49.26643
v 28.89798 -46.43532 49.02037
v 29.19936 -47.54507 28.3048
v 29.93227 -46.31486 28.45695
v 28.44488 -48.67779 28.61419
v 27.46895 -49.63406 29.25092
v 26.20601 -50.15051 30.18609
v 24.90417 -50.07772 31.38834
v 24.05482 -49.68972 32.92517
v 23.87304 -49.39964 34.70992
v 24.24468 -49.07359 36.39698
v 35.0138 -43.94524 37.19525
v 34.53953 -44.89104 38.49139
v 35.16984 -43.30405 35.54545
v 34.26837 -43.34785 32.03983
v 34.92208 -43.10039 33.7711
v 25.76695 -44.87484 68.14375
v 25.73668 -44.11966 69.24725
v 25.35975 -43.70641 70.46518
v 24.58473 -43.80168 71.57743
v 23.4952 -44.33699 72.30577
v 34.08641 -44.82512 46.33641
v 33.75525 -45.21914 47.64645
v 24.04664 -49.0256 40.14869
v 23.44508 -48.92838 41.72792
v 24.34037 -48.24216 48.42694
v 24.56233 -48.5843 47.60044
v 25.20163 -47.99239 47.9964
v 25.25366 -47.74142 48.51939
v 31.80045 -46.30983 49.53022
v 31.45583 -46.8399 49.7897
v 31.5333 -46.25927 50.34964
v 32.48295 -45.69234 51.6767
v -1.409989 -46.04757 84.63245
v -1.514279 -45.45644 85.34036
v 25.23847 -48.85977 37.64058
v 25.25369 -49.11163 38.97485
v 25.7671 -50.04551 37.96413
v 27.13156 -49.26302 38.21935
v 26.79317 -48.49268 38.85786
v 26.61355 -47.9589 38.41018
v 33.79686 -46.2635 40.59831
v 33.96955 -46.68256 39.65562
v 33.86017 -45.64449 39.35059
v 32.62694 -46.33232 39.94036
v 32.73642 -46.69536 39.54075
v 32.55628 -45.75095 39.6527
v 31.12435 -46.54117 39.69429
v 31.29563 -47.04118 39.27479
v 29.59953 -47.01148 39.46659
v 29.84555 -47.6602 38.96047
v 29.57154 -46.52201 39.14637
v 31.11003 -45.99346 39.46482
v 28.20092 -47.73032 39.15136
v 28.48646 -48.40493 38.58144
v 28.06233 -47.18431 38.78479
v 34.24397 -45.40234 41.9439
v -1.517162 -45.30661 86.16795
v 30.22083 -46.33102 49.88613
v 33.03818 -45.80273 48.90093
v 24.24405 -48.34968 46.86803
v 23.32582 -47.94215 49.13679
v 23.4765 -48.61913 45.18876
v 25.16135 -47.72296 47.7531
v 34.2724 -44.72521 45.00574
v 23.25741 -48.7951 43.42373
v 34.37458 -44.82901 43.58794
v 33.34709 -43.86267 30.59611
v 30.86751 -45.15381 28.92502
v 32.08041 -44.39978 29.56976
v 27.50691 -46.65287 48.67079
v 27.49275 -46.91423 48.88845
v 26.24325 -47.09584 48.28297
v 26.27297 -47.41943 48.46175
v 26.52785 -46.76662 59.46127
v 26.71988 -46.27857 59.27906
v 25.38671 -46.03648 58.99396
v 25.26795 -46.54259 59.12694
v 24.08144 -46.14948 58.59696
v 24.0197 -46.59687 58.71009
v 21.37871 -47.11722 55.52444
v 21.31745 -47.0936 53.73494
v 21.73248 -47.321 51.99532
v 22.40851 -47.62074 50.41204
v 26.27496 -47.08202 48.84567
v 27.49073 -46.567 49.21379
v 28.84205 -46.34792 49.57449
v 28.72459 -46.32656 62.34076
v 20.22692 -45.99222 58.53873
v 23.89036 -46.36229 58.97481
v 25.14535 -46.30152 59.37717
v 26.41928 -46.5045 59.74978
v 27.58928 -46.75213 60.09716
v 19.93574 -46.29737 72.55696
v 19.36262 -46.14333 71.69458
v 28.46167 -46.90801 60.82943
v 17.12016 -46.42801 71.7383
v 16.40046 -45.8633 69.75091
v 21.00405 -45.34045 73.75134
v 25.48459 -45.53551 67.21268
v 12.12289 -45.03432 77.72569
v 16.25548 -44.43472 79.99435
v 15.44529 -44.8815 79.7425
v 13.50389 -45.24887 77.77766
v 13.96124 -44.97599 78.44563
v 13.42128 -45.37885 78.28931
v 13.79295 -45.02599 78.63433
v 14.99794 -45.28193 79.92314
v 14.88341 -44.96968 79.39963
v 14.65598 -45.17762 79.59913
v 14.71326 -44.93819 80.33916
v 14.24631 -44.95153 79.1588
v 14.06611 -44.86178 79.22461
v 13.62304 -44.92228 78.7125
v 14.42981 -44.96823 79.77448
v 14.41865 -44.90871 78.96307
v 13.03802 -45.1391 78.28684
v 13.02625 -45.05019 76.67867
v 14.84824 -44.50354 80.85594
v 17.06163 -43.87666 80.04028
v 14.85805 -43.99147 81.28382
v 3.371889 -41.41095 87.41831
v 5.087427 -41.63166 86.90627
v 6.520192 -42.61163 86.27588
v 1.608831 -41.99007 87.73987
v 0.2265952 -43.05117 87.78031
v 2.487833 -44.24907 80.48082
v 1.164539 -44.63399 80.88219
v 0.08365709 -45.27114 81.86903
v 3.874091 -44.29341 80.49287
v 5.166153 -44.71743 81.1088
v 9.31849 -44.65597 84.7321
v 8.599595 -45.25422 84.52203
v 7.574804 -45.64187 82.55337
v 7.760127 -45.557 83.22064
v 7.318822 -46.01841 83.05376
v 7.551287 -45.91007 83.44418
v 8.148157 -45.63561 84.66314
v 8.180802 -45.43964 84.20924
v 7.960306 -45.72044 84.35291
v 7.653364 -45.20231 84.98676
v 7.754601 -45.77835 83.93185
v 7.521895 -45.67729 84.00381
v 7.275596 -45.78233 83.54696
v 7.651124 -45.5654 84.47422
v 7.918484 -45.49876 83.77944
v 6.860435 -45.75939 83.0269
v 7.533731 -45.36914 81.62056
v 7.366947 -44.04094 85.5896
v 6.172373 -45.29862 82.14728
v -1.041077 -46.40649 84.03262
v -0.5835626 -45.95134 83.04411
v -1.392784 -45.19319 86.93656
v -0.7803217 -44.24532 87.53256
v -16.68236 -45.63916 67.65182
v -17.08017 -47.00356 67.91018
v -16.69754 -46.86304 66.69102
v -16.37871 -45.50256 66.35622
v -17.09084 -48.14907 66.93208
v -17.56053 -48.15079 68.11235
v -17.7561 -49.61071 67.04796
v -18.17292 -49.36341 68.29536
v -17.55684 -45.84173 68.81682
v -17.91457 -47.07347 69.00227
v -18.34633 -48.06864 69.1245
v -18.92448 -48.89286 69.19414
v -24.0582 -46.71126 63.36365
v -24.15064 -45.9423 63.50936
v -22.70296 -46.10436 63.24091
v -22.52876 -46.80649 63.08561
v -24.02395 -47.47535 63.27721
v -22.5151 -47.44574 63.06134
v -22.66201 -48.04508 63.11362
v -24.08883 -48.17811 63.26566
v -21.27202 -46.32475 62.84788
v -21.02124 -46.8962 62.83218
v -21.02835 -47.4579 62.91404
v -21.25734 -47.96956 63.10506
v -17.45761 -47.78529 64.68706
v -18.09387 -49.08789 64.7364
v -18.70564 -48.63092 63.91355
v -18.07004 -47.61491 63.88149
v -17.15402 -46.6818 64.53371
v -17.80087 -46.70849 63.74825
v -17.03868 -45.57249 64.22051
v -17.79979 -45.78209 63.45542
v -19.41999 -48.23892 63.36762
v -18.85146 -47.51803 63.29548
v -18.6527 -46.8154 63.15955
v -18.82326 -46.09803 62.9566
v -25.24483 -44.62526 69.61112
v -25.62111 -46.12624 69.53548
v -24.25467 -45.23125 70.01954
v -24.67163 -46.39824 70.04681
v -26.20707 -44.1061 68.93233
v -26.47119 -45.91254 68.76164
v -27.08695 -45.83249 67.63928
v -26.99026 -43.89462 67.86581
v -27.19271 -44.13566 66.54677
v -27.19613 -45.93435 66.39104
v -26.87862 -44.68237 65.393
v -26.92162 -46.13841 65.27576
v -26.24882 -45.26711 64.53293
v -26.33415 -46.36637 64.34502
v -26.67229 -47.73042 65.11077
v -26.2529 -47.63285 64.14826
v -26.99789 -47.84039 66.14877
v -26.95116 -47.88605 67.37399
v -26.37761 -47.80365 68.51633
v -25.64724 -47.71203 69.34682
v -24.83178 -47.64526 69.99038
v -26.02258 -48.83097 63.93353
v -26.41057 -49.23074 64.83273
v -26.59572 -49.61232 65.85754
v -26.56861 -49.75181 67.1172
v -26.03267 -49.46404 68.36115
v -25.36197 -49.05118 69.17346
v -24.69258 -48.66891 69.86634
v -21.43756 -48.31755 63.30251
v -21.31131 -48.74402 63.58512
v -22.67951 -48.88128 63.68581
v -22.8247 -48.50761 63.21371
v -20.57659 -48.3224 63.28741
v -20.2338 -48.69788 63.4897
v -21.0134 -49.23216 64.31452
v -19.70079 -49.38922 64.05656
v -22.50393 -48.84156 64.57628
v -20.6258 -49.41866 65.26972
v -19.2222 -50.01354 64.93839
v -22.2289 -48.5778 65.50435
v -18.95295 -50.52081 66.02354
v -20.2834 -49.67093 66.28773
v -21.73902 -48.45018 66.36971
v -20.2697 -49.85213 67.15179
v -21.6766 -48.48568 67.06712
v -18.90359 -50.62708 67.08829
v -19.14109 -50.17264 68.29468
v -20.29135 -49.35848 68.07239
v -21.84179 -48.43238 67.97578
v -19.621 -49.35636 69.13183
v -20.60849 -48.90896 68.92793
v -21.84767 -48.4528 68.90437
v -20.13521 -48.86301 69.53107
v -20.92314 -48.53077 69.48724
v -21.99633 -48.26239 69.48013
v -22.57786 -46.85921 70.20149
v -22.12815 -45.97472 70.20563
v -23.17598 -45.79511 70.21734
v -23.63759 -46.68244 70.28008
v -23.83676 -47.62128 70.24281
v -22.81633 -47.61259 70.12582
v -23.83874 -48.32027 70.00729
v -22.92788 -48.14492 69.96702
v -23.10058 -48.47424 69.69729
v -23.84145 -48.62229 69.84924
v -21.92197 -48.00027 69.72262
v -21.74697 -47.59937 69.92731
v -21.48093 -46.93768 70.10594
v -21.05455 -45.99453 70.14824
v -17.78784 -49.4572 65.83911
v -17.09994 -47.99576 65.71965
v -16.76035 -46.74036 65.52851
v -16.52948 -45.48865 65.1831
v -18.75978 -46.051 69.5716
v -19.10288 -47.07898 69.74375
v -19.47948 -47.91774 69.75203
v -19.85926 -48.52729 69.67062
v -20.3325 -47.04064 70.05492
v -19.92237 -46.05103 69.9453
v -20.64573 -47.75396 69.93696
v -20.87045 -48.20886 69.74746
v -25.16848 -48.413 63.48319
v -24.26036 -48.75459 63.33138
v -25.13052 -48.95094 63.48833
v -25.2503 -47.52286 63.56972
v -25.3291 -46.57769 63.71909
v -25.3425 -45.77454 63.91519
v -20.00523 -46.38763 62.74925
v -19.7366 -46.91367 62.84897
v -19.82783 -47.47063 62.98755
v -20.21167 -48.0117 63.15567
v -24.27515 -49.34908 63.81963
v -24.3587 -49.74319 64.75925
v -24.09646 -50.21187 65.68135
v -23.75306 -50.20027 66.73988
v -25.74374 -51.01135 66.88689
v -25.85927 -50.87649 65.59473
v -25.84879 -50.28954 64.58768
v -25.50022 -49.56646 63.80891
v -25.36354 -50.4813 68.20911
v -24.83683 -49.80841 69.00872
v -24.32422 -49.14043 69.60609
v -23.60379 -49.88993 67.76857
v -23.50123 -49.35032 68.53658
v -23.41805 -48.8509 69.15968
v 30.58325 -48.55319 28.92107
v 31.50597 -47.76028 28.79576
v 31.50578 -49.03104 29.16973
v 32.25438 -48.25597 28.92456
v 32.72802 -49.07769 29.25303
v 32.842 -48.54845 29.03684
v 30.73671 -47.1151 28.6358
v 29.90119 -48.14995 28.54675
v 31.66074 -49.65753 29.61389
v 32.7147 -49.63383 29.65297
v 33.78079 -49.63456 29.77246
v 33.70841 -48.96329 29.35188
v 33.5252 -48.24077 29.1006
v 33.06859 -47.58368 28.95975
v 32.41274 -46.9275 28.90761
v 31.66662 -46.13828 28.9136
v 28.0341 -51.79782 30.73656
v 29.14426 -50.79092 29.93691
v 29.63369 -51.01907 30.4937
v 28.74782 -52.19391 31.1768
v 26.94003 -52.35485 31.84925
v 27.94092 -52.95602 32.21823
v 27.25257 -51.24862 30.45661
v 28.46531 -50.44922 29.60817
v 26.04533 -51.59208 31.5672
v 26.64709 -50.68442 30.27283
v 27.89168 -50.07326 29.38742
v 25.40691 -50.88128 31.40553
v 26.31957 -52.14228 35.30012
v 25.96641 -52.31376 34.28196
v 26.78507 -52.85488 34.24823
v 27.24679 -52.85893 34.87499
v 27.5674 -52.47881 35.86199
v 26.84277 -51.76337 36.34699
v 25.42447 -51.33356 35.5928
v 25.00211 -51.51912 34.30219
v 26.12116 -50.97955 36.77836
v 24.67538 -50.3535 36.08493
v 24.28728 -50.60052 34.50244
v 25.59757 -49.94425 37.33954
v 32.51825 -50.99871 36.10416
v 31.99284 -50.78615 34.92924
v 32.93157 -50.57803 34.77291
v 33.65566 -50.69005 35.20679
v 34.0235 -50.07463 34.39446
v 33.04226 -50.17179 34.11817
v 31.92301 -50.34155 34.04804
v 35.41937 -48.30043 30.59028
v 35.11222 -47.47021 30.10176
v 35.49856 -47.18966 30.83051
v 35.77148 -47.61868 31.62262
v 34.83115 -46.58727 29.93058
v 35.43644 -46.43019 30.9092
v 35.80764 -46.55949 31.97833
v 35.75544 -45.32121 32.5109
v 35.27631 -45.35249 31.11943
v 34.48887 -45.6213 29.91514
v 35.51773 -44.14152 33.15752
v 34.86807 -44.25069 31.54209
v 33.94719 -44.6439 30.17638
v 35.84861 -47.06687 37.31787
v 35.19599 -45.83347 37.99096
v 34.97036 -47.67837 38.51362
v 34.40729 -46.50619 39.02541
v 35.92128 -48.57528 36.69286
v 35.20463 -49.09316 38.05991
v 35.7676 -49.9797 36.18705
v 35.20352 -50.47629 37.54496
v 36.22495 -46.25115 35.72051
v 35.69289 -44.98255 36.56842
v 36.21211 -47.77716 35.04372
v 35.96866 -49.19641 34.8362
v 35.17746 -49.46075 33.44163
v 34.07677 -49.35105 33.40476
v 34.99547 -49.81726 31.98741
v 34.06397 -49.94656 31.9725
v 33.84825 -50.03321 30.48903
v 34.65954 -50.022 30.80745
v 32.76297 -50.04171 30.17678
v 33.01469 -50.04458 31.78645
v 32.98973 -49.41991 33.29596
v 31.93302 -50.09251 31.6578
v 31.74421 -49.9698 30.1899
v 31.97258 -49.53336 33.2401
v 30.84694 -49.79674 31.65869
v 30.81874 -49.79765 30.50887
v 30.88125 -49.4188 33.09825
v 29.56194 -49.34278 29.0441
v 28.9708 -49.16318 28.75855
v 30.2309 -49.53149 29.4524
v 30.62703 -49.71786 29.9572
v 34.77771 -49.58776 30.12473
v 34.63955 -48.71558 29.66271
v 34.40013 -47.8133 29.37518
v 33.97541 -46.95948 29.24733
v 33.40785 -46.14312 29.2263
v 32.75385 -45.32556 29.38292
v 30.25282 -51.11928 37.76484
v 28.93494 -51.44492 37.34004
v 30.27423 -51.52273 36.91278
v 29.2363 -52.01245 36.5904
v 28.0326 -51.89518 36.79342
v 28.43078 -52.35498 36.34974
v 27.54229 -51.19415 37.2519
v 28.57298 -50.8188 37.98345
v 30.1558 -50.29848 38.45906
v 28.30467 -49.87689 38.41017
v 27.03718 -50.43007 37.77922
v 29.97478 -49.16342 38.69306
v 28.25006 -48.51544 38.49762
v 29.7855 -47.8535 38.88236
v 29.37906 -52.43845 34.84356
v 28.79843 -53.09128 32.88429
v 29.76636 -51.58755 33.50691
v 29.18943 -52.167 31.93711
v 30.60132 -50.98396 34.81717
v 30.45843 -51.52062 35.90236
v 28.3165 -53.0301 35.28404
v 28.22523 -53.50864 34.02558
v 30.1788 -50.75017 32.56139
v 30.43386 -50.16616 34.03121
v 29.86439 -51.09005 31.20296
v 27.19059 -53.21689 33.50307
v 26.06447 -52.45957 33.20903
v 25.13795 -51.51981 32.95251
v 24.48815 -50.76564 32.85503
v 32.19263 -51.20123 37.32859
v 34.40319 -51.25602 36.70826
v 33.91864 -51.28773 37.6606
v 34.85343 -50.78035 35.55747
v 35.15415 -50.11633 34.52158
v 32.12246 -50.84227 38.29538
v 32.05996 -49.80582 38.84497
v 31.8581 -48.56842 39.06187
v 31.41662 -47.2848 39.27243
v 33.8271 -48.07622 39.34636
v 33.0402 -46.83902 39.59869
v 34.12626 -49.36672 38.99921
v 34.15151 -50.61496 38.54963
v 35.88094 -48.42263 33.15565
v 36.07513 -46.93866 33.19977
v 35.50624 -49.168 31.41399
v 36.06777 -45.56497 33.96392
v 35.74458 -44.39685 34.87648
v 26.84901 -49.16143 38.13515
v 33.15857 -52.36131 41.91666
v 31.43775 -51.65353 41.66728
v 32.83495 -52.24759 40.86991
v 31.74508 -52.05583 40.71012
v 30.40303 -51.93638 40.88776
v 30.89119 -51.81786 40.59565
v 33.99179 -51.97631 41.00449
v 34.29032 -51.98986 42.14872
v 34.09616 -51.54062 43.3642
v 33.16518 -51.58197 43.18538
v 31.90272 -51.17402 43.0764
v 35.05268 -48.15522 44.63905
v 35.1786 -49.15002 43.72312
v 35.17984 -48.10236 42.74903
v 35.1914 -48.99944 42.36419
v 34.94195 -49.20053 45.35176
v 35.01443 -49.4474 44.54427
v 34.83576 -48.20541 41.16225
v 34.80975 -49.028 40.9923
v 35.07602 -47.10569 43.09633
v 34.78071 -47.34298 41.4139
v 34.89382 -46.91093 44.80677
v 34.57798 -46.44758 41.66082
v 34.80471 -45.94433 43.34006
v 34.57083 -45.72806 44.9118
v 34.58943 -46.92022 46.46006
v 34.24266 -45.83375 46.38704
v 34.75039 -47.9542 46.4866
v 34.73587 -49.09486 46.61773
v 33.85586 -46.14683 47.7812
v 34.09686 -47.16279 47.89173
v 34.2301 -48.1086 47.87767
v 34.26308 -49.12769 47.86069
v 34.1495 -50.17836 47.75462
v 34.57619 -50.11859 46.64565
v 34.7619 -50.03526 45.54351
v 34.8724 -49.94832 44.55519
v 35.13103 -49.91323 43.45877
v 35.13109 -49.86561 42.24432
v 34.78518 -49.91858 41.0195
v 33.95931 -51.13995 47.54906
v 34.34296 -50.98087 46.55715
v 34.53316 -50.70774 45.58328
v 34.63776 -50.41349 44.62204
v 34.97195 -50.47966 43.41589
v 35.00824 -50.5686 42.27866
v 34.71861 -50.67086 41.16228
v 32.57909 -52.24679 46.99434
v 31.56725 -51.75018 47.5575
v 31.32476 -51.79466 46.48381
v 32.25595 -51.77263 45.9737
v 33.35116 -52.27254 46.34829
v 33.07399 -51.78495 45.53754
v 33.77026 -51.63233 45.39069
v 33.82398 -51.98223 46.02866
v 29.9682 -51.76352 43.21324
v 30.28062 -51.40593 43.98128
v 29.49997 -52.12322 44.16362
v 29.85045 -51.65018 44.60107
v 29.27991 -52.43226 42.3743
v 28.78199 -52.6312 43.97889
v 30.1549 -50.36192 38.46382
v 30.42899 -51.33799 38.7738
v 29.00307 -51.40345 38.58258
v 28.76729 -50.70573 38.36507
v 29.62528 -51.84861 39.08785
v 29.00315 -51.7603 38.86216
v 29.89554 -49.50648 38.62963
v 28.49447 -49.93822 38.42403
v 29.62367 -48.50899 38.7823
v 28.18589 -49.00066 38.5999
v 29.55356 -47.68868 39.13951
v 28.10603 -48.30293 38.94518
v 31.11162 -47.33262 39.28819
v 31.12632 -48.21114 39.0321
v 31.25335 -49.02326 38.86979
v 31.52807 -49.91528 38.72773
v 31.90365 -50.92773 38.81303
v 32.66131 -47.05417 39.62912
v 32.66142 -47.91586 39.38095
v 32.71259 -48.75533 39.17403
v 32.87344 -49.52591 39.03122
v 33.17887 -50.51429 39.03907
v 33.29636 -51.09259 39.627
v 32.23526 -51.34285 39.47495
v 31.17226 -51.59697 39.46997
v 30.24287 -51.89737 39.58431
v 29.43952 -52.24858 39.74183
v 28.83959 -52.09662 39.31135
v 28.30745 -51.83749 39.04099
v 27.88749 -51.47141 38.72394
v 27.47691 -50.98889 38.45254
v 27.09134 -50.40265 38.32175
v 26.89491 -49.76183 38.41668
v 26.81749 -49.16815 38.60412
v 25.04695 -51.85798 45.4681
v 24.74878 -50.93372 45.95411
v 23.97057 -51.23866 44.43083
v 24.36751 -52.02355 44.03281
v 23.6445 -51.33446 42.77259
v 24.17494 -51.96418 42.48586
v 23.9719 -51.23499 41.15855
v 24.53307 -51.75676 41.04132
v 24.69122 -51.09863 39.73299
v 25.25476 -51.6001 39.74337
v 24.50752 -49.99398 46.35296
v 23.69393 -50.33923 44.79731
v 23.28204 -50.4267 43.05841
v 23.50489 -50.41136 41.34447
v 24.209 -50.36132 39.823
v 23.5654 -49.46449 45.04853
v 24.3628 -49.12548 46.66043
v 23.18826 -49.54832 43.26907
v 23.37685 -49.58323 41.55919
v 24.02388 -49.59105 39.99609
v 29.218 -48.27532 48.85001
v 30.65038 -48.04227 49.36996
v 29.05436 -47.39503 48.97699
v 30.50175 -47.2206 49.45224
v 27.83895 -48.63055 48.39027
v 27.68683 -47.69791 48.55154
v 27.95698 -49.46183 48.24072
v 29.36552 -49.05903 48.73403
v 30.76517 -48.76719 49.29369
v 28.07911 -50.2646 48.10654
v 29.46021 -49.79066 48.61319
v 30.86351 -49.49465 49.21134
v 28.16363 -50.93868 48.01703
v 29.49917 -50.39906 48.5131
v 30.89769 -50.23579 49.09416
v 28.27487 -51.60881 47.86968
v 29.49368 -50.92181 48.39163
v 30.84872 -50.92173 48.88985
v 28.51619 -52.09581 47.21299
v 29.47835 -51.31767 48.11238
v 30.70942 -51.29618 48.59977
v 34.54213 -51.2784 41.23838
v 34.8046 -51.18133 42.28952
v 34.69003 -50.95577 43.42677
v 34.33883 -50.78815 44.70012
v 33.75741 -51.12115 44.47402
v 33.04731 -51.12642 44.44518
v 31.92192 -50.91932 44.46566
v 30.91248 -50.71114 43.90801
v 30.84584 -50.76731 43.17271
v 30.59885 -51.20586 42.41515
v 30.0259 -52.14868 41.41157
v 29.21305 -52.50782 40.56722
v 29.8997 -52.20155 40.21143
v 30.62789 -51.86426 40.08013
v 31.58481 -51.81603 40.06316
v 32.55347 -51.72514 40.13033
v 33.52561 -51.52383 40.25882
v 34.17639 -51.2701 40.45232
v 34.04502 -48.48569 39.87225
v 34.08256 -49.23326 39.76053
v 34.01188 -47.68287 40.11016
v 33.91796 -46.89643 40.38431
v 33.10422 -46.61095 48.96045
v 33.2132 -47.49269 48.97363
v 33.37753 -48.31405 48.92328
v 33.4559 -49.19611 48.85258
v 33.4324 -50.1828 48.69811
v 34.17535 -50.13472 39.84335
v 33.30911 -51.13004 48.43853
v 34.20071 -50.85762 40.13092
v 33.15191 -51.96169 48.04177
v 33.7749 -51.88716 47.15039
v 34.07734 -51.59848 46.34915
v 34.2556 -51.21984 45.53861
v 30.11725 -51.54418 46.0926
v 29.52505 -51.41686 46.16606
v 29.71102 -51.31894 45.19473
v 29.32102 -51.61304 45.36208
v 30.34922 -51.4142 47.01417
v 29.46106 -51.39194 46.85583
v 29.10456 -52.05159 45.94963
v 30.50981 -51.404 47.82143
v 29.48921 -51.49724 47.53193
v 28.77238 -52.15624 46.55308
v 31.98804 -47.83913 49.54565
v 31.90108 -47.04655 49.58678
v 32.08125 -48.53159 49.54344
v 32.15741 -49.30409 49.48401
v 32.18019 -50.15894 49.32951
v 32.11389 -50.99534 49.05529
v 31.92119 -51.65308 48.58635
v 30.85711 -51.29955 45.55674
v 30.39515 -51.20755 44.62093
v 28.16272 -52.95057 44.98918
v 27.80747 -53.05663 45.87051
v 27.47194 -53.55397 43.56062
v 27.05365 -53.69402 44.62957
v 27.93981 -53.18283 42.45013
v 28.5316 -52.88078 41.369
v 28.67089 -52.55128 40.06451
v 27.96056 -52.25119 39.63762
v 27.40522 -51.99153 39.3605
v 26.82808 -51.69106 39.06539
v 26.31007 -51.35215 38.82557
v 25.79777 -50.84582 38.67299
v 25.50646 -50.25975 38.67609
v 25.36255 -49.68103 38.77678
v 26.54637 -49.11351 48.01606
v 26.40827 -48.14469 48.18422
v 25.26973 -48.67356 47.66768
v 25.39856 -49.61879 47.41641
v 25.57743 -50.57543 47.08876
v 26.6739 -50.01935 47.86118
v 25.86623 -51.51022 46.68926
v 26.85372 -50.9281 47.68626
v 26.22301 -52.38858 46.20507
v 27.08042 -51.82203 47.34058
v 26.62364 -53.21888 45.4875
v 27.42492 -52.61685 46.69405
v 25.76938 -51.95321 39.81569
v 25.03188 -52.12377 40.95865
v 24.67259 -52.40556 42.24879
v 24.82448 -52.63406 43.67103
v 25.44948 -52.65045 45.03313
v 26.76751 -53.49294 42.73805
v 26.39208 -53.71449 43.75409
v 25.79938 -53.35811 43.04674
v 25.8798 -53.08797 42.12667
v 27.26021 -53.14938 41.66806
v 26.27185 -52.71496 41.11219
v 26.99404 -52.48424 40.24549
v 27.90645 -52.84976 40.76741
v 25.97744 -53.33584 44.45933
v 25.4003 -53.12428 43.29139
v 25.29366 -52.78185 42.06595
v 25.64157 -52.46574 40.93177
v 26.37657 -52.26627 39.97972
v 23.08646 -49.37906 49.17051
v 23.08115 -50.81451 49.957
v 22.00421 -48.9113 50.51469
v 22.34531 -50.35516 51.28082
v 21.31113 -48.54701 52.13554
v 21.84669 -50.0774 52.74517
v 21.04603 -48.35922 53.94198
v 21.63122 -49.91702 54.31057
v 21.29906 -48.1788 55.74003
v 21.80076 -49.69453 55.96968
v 25.29082 -47.18909 58.82221
v 24.18945 -47.11787 58.45642
v 24.25933 -48.0612 58.33893
v 24.97741 -48.5332 58.53185
v 23.15099 -47.50834 58.01053
v 23.52198 -48.63039 58.03549
v 24.10171 -49.65521 58.16275
v 26.13325 -49.51654 58.85082
v 24.81521 -50.78869 58.37407
v 26.51005 -47.56355 59.18475
v 27.59098 -49.51047 59.52724
v 27.79807 -47.86646 59.64887
v 27.30835 -51.40249 57.13477
v 28.16655 -51.07312 57.79176
v 27.44544 -51.31441 58.22136
v 26.558 -51.86563 57.6357
v 28.05556 -51.07683 56.5481
v 28.84546 -51.31683 57.30191
v 29.10129 -51.28804 58.58235
v 28.44576 -51.21985 58.9542
v 29.60238 -51.77254 58.15617
v 31.74415 -48.49254 58.79313
v 30.75082 -49.44232 59.77938
v 31.63513 -50.68628 59.05395
v 32.38857 -49.87592 58.11866
v 29.97697 -50.48388 60.07605
v 30.78749 -51.33406 59.50378
v 32.01079 -51.6115 58.12847
v 32.52856 -51.0612 57.24873
v 31.19214 -51.881 58.67828
v 28.44689 -47.64983 48.79792
v 29.48277 -47.334 49.18148
v 29.4694 -48.61322 48.86934
v 29.96436 -48.14647 49.13462
v 30.61084 -47.28378 49.56337
v 30.82979 -48.31604 49.40623
v 30.64083 -49.10881 49.19592
v 28.77434 -49.52434 48.45258
v 30.39245 -49.99379 48.93011
v 27.39401 -48.19565 48.41626
v 27.3394 -49.96043 48.00011
v 26.19997 -48.84999 48.01053
v 32.92895 -52.57696 52.61539
v 32.377 -52.88196 51.68464
v 33.16199 -51.66383 51.65026
v 32.59897 -52.23623 51.10408
v 31.6069 -52.42512 50.62317
v 32.13159 -51.82785 50.21577
v 32.61237 -50.93616 50.44834
v 33.46094 -50.16001 52.97783
v 32.96292 -49.69075 50.98341
v 33.12502 -51.78608 53.72681
v 33.22665 -49.47882 55.17479
v 32.91448 -51.04671 54.98388
v 33.74215 -47.9825 53.42421
v 33.37488 -47.71958 55.58249
v 33.12904 -48.18399 51.37323
v 33.43738 -46.3219 53.61703
v 33.18174 -46.15329 55.79586
v 32.89789 -46.77518 51.57372
v 25.97156 -53.09183 55.29461
v 26.48874 -52.96513 53.92692
v 26.81846 -52.34643 55.22912
v 27.0644 -52.40625 54.10767
v 26.67723 -52.71523 52.99194
v 27.29986 -52.42558 53.19973
v 27.48812 -51.67992 54.89858
v 27.6863 -51.85705 54.0831
v 27.89525 -51.99492 53.39445
v 30.43722 -51.54726 54.93502
v 29.90373 -51.47845 55.97067
v 28.98989 -51.38331 55.17364
v 29.24637 -51.42754 54.40351
v 30.3404 -52.13306 53.73991
v 29.35438 -51.7375 53.64699
v 31.16194 -51.62286 56.15139
v 30.65703 -51.83653 56.92714
v 31.44901 -52.05747 54.47245
v 31.72554 -51.64299 55.4016
v 31.28338 -52.69919 53.63889
v 29.14398 -52.12379 51.69002
v 29.81385 -52.3881 52.18809
v 29.35348 -52.17012 52.47261
v 28.83154 -51.97288 52.35982
v 29.70834 -52.09687 51.14953
v 30.47602 -52.61068 51.84
v 31.15249 -52.73035 51.33477
v 30.24941 -52.04737 50.56279
v 28.58755 -51.55466 52.96585
v 29.39247 -52.09415 52.9375
v 30.21873 -52.6142 52.8464
v 31.04403 -53.14794 52.79111
v 31.91277 -53.36509 52.55099
v 22.53065 -51.17679 56.1142
v 23.59316 -52.29487 56.12574
v 23.88069 -51.7094 57.44929
v 23.16746 -50.58499 57.37823
v 24.78101 -53.12315 56.02766
v 24.83048 -52.55828 57.38806
v 23.67523 -52.68426 54.71384
v 24.92763 -53.37321 54.80031
v 22.48438 -51.40489 54.65931
v 25.92283 -53.4657 49.5433
v 25.97529 -53.0569 50.70355
v 25.24175 -52.93696 50.58862
v 24.84232 -53.09021 49.77777
v 24.02266 -52.4485 50.38556
v 25.02865 -52.6893 51.2884
v 26.12424 -52.84838 51.87959
v 23.47472 -51.78279 51.28529
v 24.72057 -52.50517 52.08732
v 26.04746 -52.94576 52.69968
v 24.39787 -52.45001 52.92645
v 23.0865 -51.37777 52.37872
v 25.82878 -53.11205 53.43418
v 24.04659 -52.53747 53.7743
v 22.73567 -51.30777 53.49926
v 25.4888 -53.32004 54.15245
v 24.66542 -49.78393 48.1012
v 26.18024 -50.75566 47.73969
v 24.12894 -51.4226 48.98695
v 25.33668 -52.17546 48.55904
v 27.15619 -51.69222 47.84646
v 26.61721 -52.74158 48.61433
v 22.08415 -47.99408 57.19388
v 22.55828 -49.29623 57.34599
v 28.82694 -49.67105 60.11287
v 29.47943 -48.10269 59.8659
v 27.78373 -51.14223 59.26545
v 28.68877 -50.93653 59.91241
v 26.7108 -51.32602 58.62624
v 25.65691 -51.87273 58.08595
v 27.34391 -51.30661 55.78098
v 28.01134 -50.9851 55.14291
v 28.79162 -51.11629 55.79504
v 26.64444 -51.92567 56.42619
v 25.8688 -52.55203 56.93588
v 29.48922 -51.56564 56.69891
v 30.11285 -52.15525 57.58941
v 29.41169 -51.1554 59.74376
v 30.0337 -51.51678 59.40664
v 30.46602 -52.01552 58.94868
v 30.73791 -52.33123 58.36906
v 31.0739 -47.15883 59.06679
v 32.3247 -46.40159 57.72009
v 32.62756 -47.75327 57.42536
v 32.88338 -49.23306 56.87358
v 32.79662 -50.68115 56.20151
v 32.11728 -51.67377 56.35988
v 32.23652 -51.61394 55.63583
v 31.77707 -51.81727 57.19918
v 31.32866 -52.15134 57.91724
v 27.66697 -52.21037 51.07865
v 28.71399 -51.85282 51.0896
v 28.43138 -51.59691 51.88041
v 27.48011 -52.19224 52.29303
v 28.06661 -51.92615 52.72678
v 28.35625 -51.59058 52.34155
v 28.05514 -52.51522 50.05394
v 29.11909 -51.98 50.31256
v 27.05799 -53.20791 49.75313
v 26.81819 -52.71979 50.88058
v 26.79272 -52.56563 52.05053
v 28.10391 -51.2262 48.05021
v 29.1893 -51.01005 48.4581
v 30.25938 -50.98117 48.94
v 31.64395 -50.34062 49.48489
v 31.29284 -51.1748 49.42559
v 31.87404 -49.4162 49.69579
v 31.96377 -48.40615 49.94332
v 31.83541 -47.19385 50.1561
v 27.71257 -52.46445 48.80471
v 28.72283 -52.0059 49.15163
v 29.69117 -51.63927 49.52995
v 30.70211 -51.73535 49.81901
v 32.25133 -53.11341 53.37817
v 32.32106 -52.60505 54.12896
v 32.20635 -52.01986 54.85893
v 28.0806 -51.12993 54.53825
v 28.27907 -51.29659 54.00927
v 28.37398 -51.3599 53.46364
v 20.98936 -50.1908 63.91593
v 21.14205 -50.71785 63.76522
v 21.88828 -50.30336 64.33756
v 21.83787 -49.81009 64.48951
v 20.86587 -49.64405 64.0246
v 21.84529 -49.31579 64.50945
v 20.69738 -49.05224 64.0515
v 21.78625 -48.7849 64.54632
v 20.61209 -48.40596 64.01946
v 21.71496 -48.19267 64.59524
v 21.63213 -47.54893 64.59743
v 20.57985 -47.82561 63.94947
v 23.95004 -47.26059 65.51183
v 23.88508 -47.99622 65.4458
v 24.95438 -48.04294 65.83964
v 25.05807 -47.35991 65.8418
v 23.89687 -48.63465 65.37524
v 24.92354 -48.74178 65.82117
v 23.9308 -49.20797 65.33373
v 24.95656 -49.41274 65.82501
v 24.98603 -50.06185 65.83296
v 23.93638 -49.74893 65.31164
v 24.9999 -50.7234 65.76003
v 23.87445 -50.2598 65.27811
v 19.94778 -50.26867 59.60978
v 19.93699 -51.35698 60.49351
v 19.47652 -49.81878 61.58432
v 19.78419 -50.7177 61.91293
v 21.19048 -50.92546 59.13241
v 20.64587 -51.44044 59.84232
v 19.4853 -48.87546 59.63958
v 19.23966 -48.79436 61.46481
v 19.20635 -47.57741 59.75945
v 19.12196 -47.72859 61.55715
v 20.38707 -47.5939 58.29386
v 20.84034 -48.7297 58.30804
v 21.42344 -49.72711 58.30354
v 22.24426 -50.46326 58.28091
v 22.92802 -50.99458 58.47967
v 21.98516 -51.21805 59.23683
v 21.072 -51.68419 60.05444
v 20.26362 -52.12913 60.94446
v 20.16364 -51.49725 62.13361
v 23.39939 -51.23969 58.83977
v 22.49696 -51.41475 59.50563
v 21.49532 -51.8997 60.37087
v 20.7603 -52.51607 61.22242
v 20.53096 -52.07039 62.1996
v 22.7118 -51.84761 61.00983
v 21.89407 -52.276 61.26894
v 22.17978 -51.90828 60.73759
v 22.85725 -51.67859 60.39678
v 23.52022 -51.46617 60.74549
v 23.56645 -51.33558 59.93429
v 23.37125 -51.32917 61.58456
v 22.57446 -51.74407 61.7302
v 21.73851 -52.17643 62.01475
v 23.30794 -50.5163 63.61601
v 23.59686 -50.58146 64.26624
v 22.9913 -50.46579 64.11798
v 22.62616 -50.71523 63.73338
v 22.88988 -50.88683 63.03507
v 22.17591 -51.17713 63.31532
v 23.52785 -50.60834 62.88045
v 23.93009 -50.81107 63.61432
v 24.34536 -51.15729 64.46583
v 24.48045 -47.51026 58.61028
v 24.82471 -48.32901 58.53907
v 23.68585 -48.445 58.13678
v 23.31546 -47.65951 58.18725
v 23.99967 -49.13066 58.18691
v 25.04989 -48.98936 58.54757
v 25.27632 -49.65158 58.57669
v 24.34681 -49.76171 58.25747
v 25.51551 -50.42593 58.65873
v 24.71634 -50.38671 58.37833
v 25.63651 -51.03783 58.98293
v 25.0084 -50.90923 58.69835
v 25.66977 -47.43737 59.03215
v 25.93708 -48.24891 58.94691
v 26.07284 -48.89805 58.93
v 26.20869 -49.6034 58.93108
v 26.36877 -50.55501 58.94544
v 26.26074 -51.21647 59.23305
v 27.02086 -47.54047 59.53289
v 27.23523 -48.28596 59.47221
v 27.2846 -48.89902 59.4488
v 27.32197 -49.63115 59.43007
v 27.3699 -50.68788 59.38843
v 27.02756 -51.32533 59.49541
v 28.0446 -47.57759 60.06236
v 28.20669 -48.27612 60.02339
v 28.28148 -48.96827 60.00482
v 28.29221 -49.67535 59.97215
v 28.18635 -50.52164 59.87992
v 27.84627 -51.23966 59.83748
v 28.57883 -49.55629 63.84126
v 28.72538 -50.49625 62.87376
v 28.9252 -49.2024 62.20673
v 28.83313 -50.0641 61.79327
v 28.06387 -50.54943 64.38348
v 28.47237 -50.9338 63.61069
v 29.07536 -48.26487 62.46021
v 28.67337 -48.3078 64.04492
v 28.62772 -47.25262 64.10616
v 29.02544 -47.38771 62.47259
v 27.46026 -48.21122 65.16422
v 27.43707 -47.29573 65.15408
v 27.34742 -49.18064 65.14127
v 27.1043 -50.08749 65.22249
v 26.95112 -51.03178 65.17086
v 27.7752 -51.51044 64.43699
v 28.31775 -51.67197 63.48135
v 28.62707 -51.38859 62.44627
v 28.72901 -50.95967 61.42113
v 26.77453 -51.91944 64.98181
v 27.44066 -52.41836 64.26416
v 27.91558 -52.55881 63.2917
v 28.25661 -52.27137 62.21763
v 28.43722 -51.74879 61.1414
v 25.84133 -51.72707 61.84177
v 25.44876 -51.71196 62.48111
v 25.14075 -51.43325 62.02971
v 25.36427 -51.26033 61.50417
v 26.08825 -51.54062 61.15048
v 25.57231 -51.09003 60.81005
v 26.1986 -51.4012 60.44802
v 25.65182 -51.14906 60.11683
v 26.68996 -51.60527 60.72251
v 26.55981 -51.86152 61.52189
v 26.30354 -52.10215 62.27646
v 25.75889 -52.31208 62.98137
v 27.20601 -52.32271 61.9433
v 27.3191 -51.85481 60.99763
v 26.85906 -52.78912 62.7249
v 26.37201 -52.89435 63.56759
v 26.01484 -52.43978 64.11113
v 25.27036 -51.93305 63.36685
v 24.80883 -51.37929 62.67137
v 24.6149 -50.98126 62.06453
v 24.89547 -50.57427 61.48679
v 24.91346 -50.73373 60.58114
v 25.12123 -50.78262 59.8036
v 19.7735 -48.6082 62.97984
v 19.77706 -47.8647 62.94997
v 19.95636 -49.37638 63.04585
v 20.25927 -50.04415 63.15086
v 20.50283 -50.69795 63.14125
v 20.7307 -51.27187 63.05205
v 21.4617 -51.09494 63.62193
v 21.05657 -51.6122 62.95346
v 22.12963 -50.64869 64.09411
v 22.82057 -50.35297 64.51622
v 22.7656 -50.01314 64.80897
v 22.85152 -49.55947 64.8938
v 22.88209 -49.10075 64.94469
v 22.84596 -48.63321 64.98434
v 22.81314 -48.04436 65.03656
v 22.81212 -47.32786 65.05341
v 25.83162 -51.83089 65.17813
v 25.98978 -51.25009 65.46983
v 24.83369 -51.26506 65.44209
v 25.99735 -50.4694 65.64708
v 25.9855 -49.68591 65.73473
v 26.08904 -48.91318 65.69516
v 26.15848 -48.11764 65.65284
v 26.22891 -47.36834 65.62157
v 23.77121 -50.66087 64.98701
v 22.04162 -47.67015 57.78693
v 22.42536 -48.56395 57.71859
v 22.86051 -49.37363 57.81799
v 23.39935 -50.02956 57.9748
v 23.92716 -50.63003 58.16331
v 24.30069 -50.99582 58.60434
v 24.5008 -50.99478 59.02541
v 23.56885 -51.27846 59.24017
v 22.7355 -51.53501 59.82413
v 21.83316 -51.94191 60.58632
v 21.19997 -52.53549 61.33967
v 20.94796 -52.29267 62.17224
v 24.42674 -50.90614 59.69328
v 24.18187 -50.8765 60.55112
v 24.06906 -50.91992 61.51613
v 23.2025 -50.81057 62.23746
v 23.91354 -50.41185 62.13614
v 22.59413 -51.34316 62.45568
v 21.8373 -51.68928 62.75262
v 24.00692 -50.7919 62.73749
v 24.60613 -51.39837 63.51637
v 25.29722 -51.79522 64.37379
v 25.15016 -50.9228 59.17904
v 25.72045 -51.13515 59.48995
v 26.23646 -51.318 59.7626
v 26.77027 -51.46128 59.98194
v 27.39165 -51.5728 60.2014
v 28.70288 -47.63036 61.06545
v 28.7855 -48.32306 61.10251
v 28.76625 -49.05214 61.00204
v 28.71942 -49.81693 60.81423
v 28.55901 -50.62322 60.55882
v 28.21305 -51.38192 60.33033
v 27.82862 -51.72218 60.46937
v 26.45399 -52.50278 64.65841
v 26.98862 -53.03113 63.99202
v 27.40599 -52.99312 63.10675
v 27.80831 -52.63054 62.16095
v 27.88652 -52.08946 61.17122
v 15.38565 -46.43185 67.35236
v 15.50271 -47.95723 67.55843
v 15.49389 -46.72567 68.85593
v 15.80574 -48.20633 69.01058
v 15.82175 -49.69566 67.81934
v 16.21011 -49.68124 69.11594
v 16.30893 -51.4476 68.13201
v 16.64857 -51.15518 69.23409
v 16.38815 -47.1402 70.09914
v 16.59426 -48.40724 70.19579
v 16.87821 -49.59763 70.171
v 17.2212 -50.76138 70.12624
v 24.09518 -47.84036 65.56746
v 22.71323 -47.9782 65.03667
v 22.62233 -47.08696 65.17009
v 23.94075 -46.87232 65.67117
v 24.18954 -48.78071 65.48479
v 22.82156 -48.74598 64.96973
v 24.20956 -49.65053 65.44273
v 22.89412 -49.4092 64.94149
v 21.37182 -48.18463 64.49088
v 21.31518 -47.34109 64.60564
v 21.50211 -48.79645 64.46307
v 21.63009 -49.32667 64.44185
v 16.8549 -49.48557 65.43162
v 17.90494 -49.34062 64.77457
v 18.15424 -50.66475 64.95394
v 17.20193 -51.15099 65.78478
v 16.75449 -47.80978 65.27238
v 17.75066 -48.01187 64.69907
v 16.74061 -46.43518 65.23674
v 17.70901 -46.75152 64.65616
v 19.21694 -50.05952 64.46837
v 19.02219 -49.12136 64.4201
v 18.84554 -48.19276 64.38174
v 18.83987 -47.14924 64.34669
v 23.74595 -45.7838 72.3278
v 22.61311 -46.45404 72.53771
v 23.93935 -47.5779 72.23034
v 22.84379 -47.92514 72.50867
v 24.85586 -45.26527 71.67404
v 24.97105 -47.29501 71.5703
v 25.71654 -47.12338 70.5209
v 25.59824 -45.08144 70.53288
v 25.81718 -45.31131 69.29729
v 25.97207 -47.18599 69.29446
v 25.96104 -47.35939 68.15872
v 25.81894 -45.78057 68.18733
v 25.76616 -47.5695 67.17577
v 25.5949 -46.29632 67.21218
v 25.96956 -49.25614 67.93736
v 25.81227 -49.0826 66.99122
v 25.91873 -49.39474 69.07661
v 25.49318 -49.45197 70.27917
v 24.68898 -49.43665 71.27666
v 23.69656 -49.37843 71.91637
v 22.72587 -49.35915 72.34723
v 25.68854 -51.16037 67.73492
v 25.64634 -50.63269 66.86077
v 25.50584 -51.563 68.7846
v 25.04255 -51.70982 69.91753
v 24.23542 -51.48245 70.79366
v 23.38888 -51.11917 71.45177
v 22.58323 -50.78012 72.02444
v 22.36183 -50.56312 65.67102
v 21.01111 -50.80431 65.08889
v 21.61899 -49.85562 64.52882
v 22.85558 -49.9423 65.02003
v 19.61116 -50.8858 64.61452
v 20.45974 -49.95176 64.33033
v 20.33241 -51.48637 65.95488
v 18.66993 -51.78572 65.23874
v 21.84932 -50.75714 66.69157
v 17.95506 -52.41716 66.27838
v 19.76803 -51.97578 66.98157
v 21.38212 -50.9707 67.74524
v 19.21713 -52.04077 68.04108
v 17.50001 -52.86684 67.46829
v 20.83784 -50.85695 68.68509
v 18.96971 -51.86943 68.89823
v 20.45899 -50.81671 69.47952
v 17.36897 -52.63172 68.42085
v 18.87892 -51.58806 69.66387
v 17.53028 -52.16616 69.26144
v 20.17973 -50.89723 70.15417
v 18.90473 -51.1303 70.37178
v 17.87248 -51.57806 69.99374
v 19.97724 -50.54771 70.8045
v 18.9578 -50.58151 70.97385
v 18.25012 -51.01566 70.59541
v 19.78017 -50.16422 71.40599
v 21.79014 -48.29636 72.5041
v 21.51136 -47.12417 72.46233
v 20.72625 -48.41464 72.23544
v 20.507 -47.40919 72.21375
v 21.74674 -49.34525 72.46977
v 20.68673 -49.20668 72.2303
v 21.69326 -50.40704 72.29742
v 20.63532 -50.00388 72.12286
v 20.69601 -50.79305 71.8204
v 21.66152 -51.25116 71.90933
v 19.70144 -49.66894 71.6644
v 19.71453 -49.08283 71.75972
v 19.70603 -48.45479 71.82279
v 19.52134 -47.50758 71.85709
v 16.48571 -51.47762 66.93001
v 16.03697 -49.56707 66.44719
v 15.95625 -47.67545 66.13451
v 15.96115 -46.27448 66.09027
v 17.50204 -47.54981 70.9157
v 17.66155 -48.58658 70.95157
v 17.76456 -49.47332 70.87076
v 17.94101 -50.34542 70.77798
v 18.71393 -48.54675 71.37584
v 18.53389 -47.60885 71.41248
v 18.76715 -49.25668 71.28288
v 18.82354 -49.94301 71.24352
v 25.33589 -50.07885 66.12987
v 25.11412 -51.02524 66.05027
v 24.14286 -50.453 65.4735
v 25.38836 -48.90844 66.21714
v 25.29627 -47.75805 66.31895
v 25.03122 -46.70741 66.31837
v 19.98502 -48.31953 64.25829
v 20.04125 -47.45141 64.29629
v 20.15648 -48.89712 64.23435
v 20.33735 -49.4475 64.25468
v 23.77495 -51.28695 66.15862
v 23.40945 -51.75809 67.12396
v 22.93865 -52.18772 68.05169
v 22.36347 -52.38905 68.96103
v 24.04903 -53.42895 69.36427
v 24.6167 -53.25688 68.39301
v 24.9793 -52.64132 67.51431
v 25.12792 -51.85497 66.71284
v 23.47238 -53.00502 70.15567
v 22.90274 -52.43935 70.81734
v 22.26876 -51.8656 71.4271
v 21.97165 -52.08139 69.72781
v 21.62157 -51.63498 70.44092
v 21.11652 -51.33144 71.13918
v 19.63548 -50.43578 74.20534
v 19.53344 -49.65992 73.58273
v 20.21466 -49.74205 73.86401
v 19.97264 -49.54763 73.5181
v 19.36563 -48.98187 72.92222
v 19.96743 -48.92259 73.20212
v 20.41696 -48.85676 73.65433
v 19.928 -48.06369 72.86579
v 19.1997 -48.13227 72.42245
v 20.48604 -47.86767 73.40922
v 19.14605 -47.30038 72.12247
v 19.96189 -47.24435 72.6094
v 20.52153 -47.05293 73.22255
v 14.3888 -48.08321 79.38211
v 14.42972 -47.55013 79.43933
v 14.04798 -47.59947 78.99523
v 14.1528 -47.38145 79.13968
v 14.36899 -47.01154 79.38887
v 14.03706 -46.96374 79.04537
v 13.82781 -47.06008 78.73745
v 14.32673 -46.45044 79.42479
v 13.94799 -46.44784 78.99494
v 13.64139 -46.46271 78.49577
v 14.04913 -45.80877 78.98544
v 14.46228 -45.83734 79.44685
v 13.66502 -45.80691 78.42859
v 17.11919 -49.32541 74.448
v 16.25009 -48.33302 73.95607
v 16.74219 -48.31795 73.52751
v 17.49313 -48.92751 73.56934
v 15.62028 -47.66293 73.18893
v 16.51418 -47.91504 72.98054
v 17.45019 -48.43282 72.83529
v 15.24012 -46.97569 72.53441
v 16.28426 -47.2711 72.40263
v 17.27285 -47.67302 72.31842
v 15.11231 -46.21952 72.06305
v 16.15429 -46.61346 71.95991
v 17.16502 -47.02484 71.96217
v 14.41497 -48.43521 76.82848
v 13.83645 -47.77078 77.11814
v 13.82298 -47.63002 75.94386
v 14.23245 -47.95721 75.43712
v 13.44556 -47.13899 76.90316
v 13.39886 -47.17919 75.52374
v 13.73091 -47.4037 74.44759
v 13.05504 -46.40849 76.55053
v 12.90373 -46.41369 75.18547
v 13.2515 -46.55765 73.88184
v 12.72551 -45.53357 75.02321
v 12.94125 -45.73923 76.46605
v 13.05533 -45.55696 73.54388
v 20.69132 -48.50274 76.10162
v 20.18839 -48.53244 77.56439
v 20.18519 -49.92314 76.1452
v 19.8234 -49.58603 77.52806
v 20.71319 -46.90459 77.53842
v 20.33855 -47.58021 77.94756
v 19.40967 -50.69882 77.56779
v 19.63491 -50.95458 76.49088
v 21.08707 -47.15313 75.7099
v 21.06199 -45.72861 77.21524
v 21.25104 -45.93253 75.44178
v 21.31073 -44.56221 76.87137
v 21.36941 -45.08395 75.103
v 21.38763 -43.76361 76.52048
v 20.83092 -42.83139 78.01256
v 20.7583 -43.65466 78.25237
v 20.66852 -44.76546 78.52541
v 20.44897 -46.06326 78.68297
v 20.11879 -47.28592 78.68626
v 19.7837 -48.41467 78.5482
v 19.41484 -49.44714 78.46164
v 18.993 -50.46986 78.41537
v 17.33252 -46.74591 80.5476
v 17.01215 -45.87387 80.50809
v 15.8217 -46.68639 80.23541
v 16.08586 -47.56078 80.55601
v 17.31386 -48.03704 80.4678
v 17.72152 -47.35983 80.38879
v 16.85629 -45.03542 80.35857
v 15.7607 -45.87842 80.08765
v 16.86481 -44.47319 80.21422
v 15.85073 -45.26156 80.06974
v 15.83672 -48.47514 80.58906
v 17.00805 -48.82855 80.42635
v 15.74467 -49.27982 80.47919
v 16.67725 -49.68922 80.2859
v 18.00608 -49.03827 79.7523
v 17.54497 -49.94918 79.64604
v 18.32015 -48.18717 79.87487
v 18.56048 -47.20471 79.98527
v 18.55378 -46.13961 80.15305
v 18.41104 -45.04399 80.23325
v 18.25956 -44.10088 80.16338
v 18.182 -43.49552 80.01313
v 15.30514 -49.83143 79.68746
v 15.14716 -49.73016 79.18929
v 15.65035 -50.09012 78.98112
v 15.87483 -50.23055 79.361
v 16.37229 -50.51915 78.79779
v 15.936 -50.23508 78.28593
v 15.4493 -49.82014 77.95696
v 16.75436 -50.73854 76.42876
v 17.60972 -51.28254 76.37658
v 17.03825 -50.85279 77.13676
v 17.59323 -51.14408 76.90882
v 17.60121 -51.00591 77.70634
v 18.1538 -51.28064 77.21121
v 18.43144 -51.63158 76.52294
v 20.48301 -49.41592 74.56167
v 20.12547 -50.39641 74.75849
v 19.5967 -51.24568 75.28949
v 19.25029 -51.26945 74.90124
v 18.69005 -51.93461 75.5098
v 19.21416 -51.76122 75.72346
v 18.15584 -50.80911 75.05247
v 17.68929 -51.41426 75.64209
v 18.46845 -50.00729 74.42947
v 18.56482 -49.32504 73.6402
v 18.46405 -48.81535 72.81964
v 20.85115 -48.34346 74.36113
v 18.24225 -48.0223 72.2501
v 20.98307 -47.11615 74.20605
v 18.13628 -47.25636 71.90569
v 21.02407 -46.23719 74.04169
v 14.0856 -48.29501 78.80192
v 13.84705 -47.75166 78.5663
v 14.35536 -48.86528 79.00888
v 14.6029 -48.73458 79.58612
v 14.75905 -49.35653 79.18019
v 14.86368 -49.34307 79.72347
v 15.07823 -48.84966 80.09112
v 15.11232 -49.31318 80.06754
v 14.95406 -48.24152 79.99401
v 14.90045 -47.66747 79.9072
v 14.83586 -47.02634 79.78526
v 13.59879 -47.15067 78.21143
v 14.89076 -46.33712 79.76402
v 13.33377 -46.46956 77.75842
v 15.03752 -45.73279 79.78629
v 13.28074 -45.85866 77.65344
v 16.92587 -50.15455 75.27464
v 16.70383 -50.61778 75.91263
v 15.74907 -49.46413 76.06251
v 15.83513 -49.94683 76.55292
v 15.60217 -48.78946 75.40416
v 15.32326 -48.04818 74.6137
v 14.67104 -47.48353 73.60888
v 14.16551 -46.73263 72.96517
v 13.9945 -45.84143 72.51376
v 14.77817 -49.10962 77.36734
v 15.09663 -49.53712 77.72196
v 18.84146 -51.20655 77.49758
v 19.15573 -51.53343 76.66609
v 18.3105 -51.01463 78.1459
v 19.58237 -42.75631 79.31577
v 19.67579 -43.55036 79.42545
v 19.71387 -44.5551 79.50351
v 19.70486 -45.83605 79.50538
v 19.51279 -47.12959 79.38393
v 19.19979 -48.27613 79.22578
v 18.82837 -49.24027 79.10175
v 18.30607 -50.19904 79.02443
v 17.63963 -50.79024 78.76172
v 15.57852 -49.74339 80.10303
v 16.2531 -50.24902 79.96143
v 16.96646 -50.53957 79.39186
v 16.0255 -50.21477 76.93049
v 16.38561 -50.48058 77.59518
v 16.91673 -50.73561 78.24175
v 14.13197 -46.22486 79.54102
v 14.48164 -46.18852 79.94499
v 14.28037 -47.07567 80.00538
v 14.46877 -46.84602 80.17593
v 13.67848 -46.29436 79.12932
v 13.84163 -47.15574 79.63258
v 14.15151 -45.39252 79.26254
v 14.50698 -45.38968 79.79147
v 13.68075 -45.45982 78.75319
v 8.15478 -48.46559 85.06479
v 8.442059 -47.63622 85.01641
v 7.952893 -47.89634 84.70766
v 8.188918 -47.52166 84.85542
v 7.918033 -47.29964 84.45932
v 8.249774 -47.04837 84.7237
v 8.657931 -46.96485 84.89087
v 7.927931 -46.64056 84.23856
v 8.299062 -46.4338 84.58855
v 8.783457 -46.2766 84.79731
v 7.881591 -45.99099 83.98312
v 8.218371 -45.84839 84.42104
v 8.711108 -45.61282 84.68707
v 8.16784 -45.30902 79.47112
v 9.15527 -45.25787 78.43788
v 9.572383 -46.34042 79.20239
v 8.677107 -46.23227 80.18378
v 7.79909 -45.50846 80.60833
v 8.333571 -46.28261 81.08208
v 10.55485 -45.44136 77.88093
v 10.74315 -46.25994 78.81596
v 11.95549 -45.57442 77.92716
v 11.93846 -46.34428 78.65674
v 7.617745 -45.82453 81.63505
v 8.048528 -46.52269 81.9362
v 7.592594 -46.06305 82.60676
v 7.823756 -46.7687 82.82825
v 8.446141 -47.32867 82.42583
v 8.018153 -47.53032 83.19495
v 8.923367 -47.16534 81.73356
v 9.435992 -47.09684 81.079
v 10.28397 -47.15164 80.23251
v 11.19807 -47.2129 79.68449
v 12.20217 -47.21014 79.37788
v 8.79275 -48.1397 82.90994
v 8.216237 -48.28667 83.5733
v 9.444229 -47.96338 82.32761
v 10.08704 -47.89873 81.70372
v 10.8897 -47.93595 81.10471
v 11.69641 -48.06898 80.48978
v 12.46118 -48.13249 79.94202
v 9.075654 -48.98221 83.32396
v 8.40558 -49.05235 83.91428
v 9.726262 -48.9135 82.7597
v 10.38021 -48.88135 82.19955
v 11.07885 -48.9134 81.63837
v 11.84691 -48.95758 81.09131
v 12.63801 -48.95804 80.57694
v 9.427346 -49.76624 83.77559
v 8.720721 -49.79094 84.26093
v 10.08294 -49.75826 83.2824
v 10.70878 -49.78033 82.75724
v 11.32627 -49.82981 82.20673
v 11.97304 -49.87732 81.66797
v 12.72204 -49.8196 81.22282
v 14.5629 -47.99327 80.7256
v 14.02785 -48.06895 80.14147
v 14.61055 -47.10443 80.64256
v 13.43246 -48.01404 79.81779
v 13.23327 -47.14548 79.37156
v 14.0782 -48.96194 80.54783
v 13.52978 -48.89676 80.26187
v 14.55438 -48.95873 81.05857
v 13.94822 -49.82206 81.01754
v 13.48857 -49.73198 80.87799
v 14.23816 -49.77154 81.46742
v 13.55641 -50.42716 81.69385
v 13.34364 -50.44178 81.45589
v 13.71456 -50.28194 81.93611
v 14.68462 -46.20754 80.50121
v 13.04212 -46.33037 78.80709
v 14.75186 -45.30066 80.37288
v 12.99598 -45.57111 78.3431
v 8.746187 -48.39267 85.35314
v 8.927685 -47.6063 85.18767
v 8.291986 -49.36548 85.32021
v 8.788973 -49.1932 85.51803
v 8.737001 -50.12975 85.42487
v 9.061315 -49.84559 85.57281
v 8.13214 -49.66977 84.83372
v 8.558793 -50.21815 85.01118
v 7.909154 -48.97497 84.56147
v 7.861346 -48.27892 84.27106
v 7.810129 -47.58391 83.98968
v 9.184196 -46.82415 85.04361
v 7.760748 -46.84811 83.703
v 9.394056 -45.99983 84.95446
v 7.731328 -46.08863 83.39021
v 9.391888 -45.09743 84.87
v 12.7796 -42.73549 83.99802
v 12.73614 -44.11085 84.38947
v 13.78524 -44.18646 83.6073
v 13.97717 -42.93702 83.03508
v 14.72364 -45.75977 81.27924
v 14.85626 -44.88732 81.00216
v 12.41299 -45.6073 84.64904
v 13.37845 -45.66087 83.91649
v 11.52749 -44.53067 84.87968
v 11.30034 -45.83549 85.15376
v 10.37288 -45.25328 85.04629
v 10.15956 -46.30072 85.24328
v 14.06804 -45.94183 83.12259
v 13.66847 -47.21289 83.29813
v 14.47884 -46.33087 82.28802
v 14.22932 -47.47618 82.50092
v 12.93483 -47.02436 84.05501
v 12.0236 -46.96228 84.723
v 11.01175 -47.05621 85.24776
v 9.914705 -47.29636 85.40005
v 13.25681 -48.39196 83.46983
v 13.87676 -48.56803 82.73631
v 12.52439 -48.25043 84.14197
v 11.67831 -48.1727 84.73023
v 10.7464 -48.17418 85.22099
v 9.745687 -48.25862 85.53873
v 14.36308 -48.76351 81.93068
v 13.90598 -49.68086 82.24887
v 13.38256 -49.58651 82.97407
v 11.39084 -49.28487 84.73165
v 10.58438 -49.23435 85.18727
v 9.715684 -49.19645 85.57879
v 13.31941 -50.39124 82.48914
v 12.73213 -50.41394 83.05946
v 11.1092 -50.23112 84.63998
v 10.45322 -50.17307 85.07351
v 9.744164 -50.05513 85.44366
v 9.461916 -50.42775 85.12206
v 10.1536 -50.46173 84.71691
v 10.80509 -50.48753 84.28361
v 11.74195 -50.31803 84.1893
v 11.41273 -50.53716 83.81908
v 12.29869 -50.36184 83.65455
v 11.97477 -50.58154 83.30642
v 12.4765 -50.61246 82.75041
v 13.04433 -50.63487 82.23682
v 12.80825 -50.59909 81.85068
v 12.21715 -50.57033 82.32594
v 11.67085 -50.49962 82.8707
v 11.11128 -50.46349 83.39664
v 10.5075 -50.42152 83.87543
v 9.843325 -50.41223 84.28133
v 9.145665 -50.4136 84.68594
v 14.36551 -44.63374 82.79742
v 14.63481 -45.17937 82.01117
v 14.80276 -44.35297 81.61508
v 14.55451 -43.67209 82.23494
v 11.44604 -43.32097 84.59831
v 10.34322 -44.25154 84.8698
v 14.66881 -46.76982 81.44279
v 14.57923 -47.78687 81.66563
v 12.80173 -49.48518 83.62838
v 12.13998 -49.37334 84.22353
v 1.448429 -45.80109 81.55777
v 2.696303 -45.52995 81.10015
v 2.927696 -46.68682 82.30359
v 1.731866 -46.71822 82.79284
v 4.011092 -45.48774 81.13873
v 4.039326 -46.59341 82.3857
v 0.3880409 -46.15329 82.47641
v 0.7649027 -46.91701 83.53448
v -0.204065 -47.26038 84.26546
v -0.3663993 -46.56142 83.56741
v 5.251092 -45.69023 81.70934
v 5.282481 -46.75705 82.63464
v 6.198451 -46.06012 82.64352
v 6.37889 -46.97029 83.2272
v 5.35413 -47.58172 83.66417
v 6.585267 -47.78149 83.91466
v 4.202764 -47.36676 83.6438
v 3.014224 -47.35266 83.76127
v 1.898111 -47.44165 84.04958
v 0.8719108 -47.50299 84.63849
v -0.1908817 -47.92255 85.00611
v 5.573048 -48.48453 84.47759
v 6.824518 -48.59101 84.45409
v 4.256719 -48.3055 84.68896
v 3.089631 -48.26741 84.8968
v 1.966952 -48.32193 85.11237
v 0.8323999 -48.46801 85.2987
v -0.3153206 -48.60377 85.5442
v 5.655462 -49.37796 85.01845
v 6.85757 -49.32618 84.89243
v 4.274091 -49.38027 85.23001
v 3.098097 -49.35528 85.48486
v 1.960377 -49.31542 85.71454
v 0.7748968 -49.28049 85.8783
v -0.4354922 -49.27708 86.04455
v 6.863163 -50.20409 85.17587
v 5.735784 -50.30502 85.42223
v 4.335525 -50.35067 85.68993
v 3.104117 -50.37145 85.91605
v 1.936555 -50.32114 86.10289
v 0.7090655 -50.20671 86.27351
v -0.5272781 -50.13232 86.36966
v -1.931616 -48.57003 86.44802
v -1.957542 -47.91072 86.60843
v -1.702846 -48.0353 85.84045
v -1.912171 -47.80193 86.14757
v -1.906939 -47.25045 86.53483
v -1.863723 -47.32776 85.96539
v -1.551526 -47.45881 85.48959
v -1.803216 -46.41867 86.42432
v -1.75485 -46.5715 85.71453
v -1.484813 -46.84515 85.1134
v 7.979914 -48.29844 85.42283
v 7.947448 -47.7664 84.79028
v 7.96118 -47.51713 85.16959
v 7.866502 -47.60354 85.68031
v 7.783619 -47.1964 84.4458
v 7.903182 -47.09166 85.02287
v 7.811516 -46.98189 85.62461
v 7.586726 -46.50914 84.01591
v 7.786967 -46.44662 84.61864
v 7.764429 -46.30715 85.2093
v 3.35446 -42.99512 87.98265
v 3.30752 -44.47681 88.21464
v 4.676224 -44.56378 87.90502
v 4.863502 -43.13535 87.62334
v 1.801281 -43.35714 88.18343
v 1.880123 -44.71333 88.34915
v 6.213273 -43.77741 87.19201
v 5.982386 -45.07545 87.53574
v 6.99471 -45.89561 86.97235
v 7.170168 -44.80201 86.56863
v 0.4041985 -44.12465 88.18562
v 0.4880728 -45.31376 88.32066
v -0.8027253 -45.17754 87.84702
v -0.928414 -46.12839 87.97807
v 0.3799612 -46.56349 88.49811
v -1.109104 -47.15061 88.04189
v 1.816612 -46.16026 88.48924
v 3.222592 -46.08121 88.3389
v 4.627713 -46.14478 88.06612
v 5.90343 -46.39078 87.71896
v 6.970365 -46.97264 87.15771
v 0.1947409 -48.02549 88.59106
v -1.23198 -48.25444 88.09396
v 1.72201 -47.83979 88.55794
v 3.182489 -47.74964 88.36681
v 4.578367 -47.76427 88.04858
v 5.854579 -47.8507 87.7771
v 6.927895 -48.04359 87.26116
v 0.1072253 -49.07466 88.50877
v -1.253884 -49.1787 88.09221
v 1.648046 -48.99297 88.45929
v 3.153955 -48.95942 88.2021
v 4.466778 -48.89426 88.01981
v 5.799195 -48.8759 87.74782
v 6.89009 -48.87541 87.25993
v 0.07961755 -50.19115 88.28219
v -1.161495 -50.23858 87.97482
v 1.64881 -50.08186 88.23462
v 3.097836 -50.05445 88.06587
v 4.411092 -49.96637 87.90202
v 5.753182 -49.8442 87.64755
v 6.836498 -49.69454 87.17043
v -1.002977 -47.51585 84.92512
v -0.9495513 -46.96799 84.55928
v 7.041457 -46.42333 83.39708
v 7.227028 -47.1768 83.87544
v 7.458962 -47.90549 84.27029
v -1.140585 -48.13297 85.4136
v 7.67277 -48.597 84.62293
v -1.349447 -48.71152 85.86689
v 7.756972 -49.26681 84.91656
v -1.471493 -49.35744 86.24391
v 7.726816 -50.07179 85.12416
v -1.519213 -50.15723 86.44952
v 7.45789 -50.62821 85.44527
v 6.78558 -50.89186 85.65294
v 5.713736 -50.97734 85.98336
v 4.388697 -51.09896 86.24372
v 3.157462 -51.20136 86.42541
v 1.937038 -51.23891 86.53607
v 0.6026074 -51.19695 86.57478
v -0.6587361 -51.07217 86.48952
v -1.505415 -50.84983 86.5528
v -1.915143 -49.34632 86.73636
v -1.840439 -50.14095 86.88448
v -1.746762 -50.92823 86.91711
v -1.690393 -50.8195 87.31063
v -1.767337 -50.10139 87.44165
v -1.799379 -49.20475 87.48815
v -1.809361 -48.43721 87.39038
v -1.79121 -47.71953 87.31267
v -1.71654 -46.94228 87.27
v -1.594061 -46.10661 87.20009
v 7.654866 -48.2263 86.43914
v 7.590261 -47.45654 86.44082
v 7.972559 -49.07122 85.60753
v 7.65227 -48.93144 86.44923
v 7.603406 -49.61237 86.43125
v 7.905445 -49.77776 85.73545
v 7.469929 -50.22086 86.42326
v 7.569497 -50.51381 85.91576
v 7.556918 -46.65277 86.32075
v 7.613894 -45.87511 85.85809
v 6.874958 -51.02509 86.3164
v 6.808466 -50.55482 86.91846
v 5.744318 -50.80061 87.37071
v 5.826824 -51.24003 86.68606
v 4.462831 -51.40294 86.99525
v 4.417502 -50.93 87.62075
v 3.120447 -51.0696 87.82746
v 3.185658 -51.51933 87.15084
v -0.9186668 -51.41379 87.16064
v 0.3896559 -51.53319 87.32144
v 1.874747 -51.55288 87.25795
v 1.760139 -51.11206 87.92279
v 0.2620084 -51.21607 87.96143
v -1.059428 -51.21669 87.77012
v -5.341349 -45.29296 80.34143
v -4.277862 -45.58492 81.07459
v -5.789666 -46.45747 81.5108
v -4.797805 -46.72818 82.09882
v -6.652814 -45.26418 80.13413
v -6.97754 -46.31539 81.3584
v -3.514602 -46.05866 82.16924
v -3.987276 -47.03821 82.93398
v -2.90087 -46.59192 83.29184
v -3.2067 -47.40445 83.81894
v -8.008903 -45.41339 80.49991
v -8.217576 -46.38288 81.51067
v -9.409148 -46.57363 81.92628
v -9.231282 -45.7438 81.20892
v -8.505795 -47.2589 82.54883
v -9.680079 -47.32654 82.67044
v -7.344839 -47.21884 82.62697
v -6.228969 -47.29667 82.88894
v -5.219245 -47.47837 83.32668
v -4.282802 -47.728 83.86941
v -3.338725 -48.03911 84.45919
v -8.824611 -48.03603 83.4974
v -9.985856 -48.04452 83.34672
v -7.69786 -48.08155 83.70195
v -6.593406 -48.07571 84.04444
v -5.522511 -48.2058 84.37492
v -4.478529 -48.44209 84.70312
v -3.42877 -48.68018 85.06373
v -9.128553 -48.91832 84.27151
v -10.24551 -48.83079 83.94248
v -8.014469 -48.97188 84.60981
v -6.89158 -49.01768 84.95721
v -5.737476 -49.1165 85.22421
v -4.559812 -49.27235 85.38958
v -3.443806 -49.40128 85.54783
v -9.349588 -50.01443 84.79053
v -10.46099 -49.81174 84.33996
v -8.217101 -50.15214 85.17694
v -7.066794 -50.23086 85.51395
v -5.842106 -50.28045 85.74037
v -4.590983 -50.3055 85.84589
v -3.40718 -50.22182 85.91837
v -2.025175 -48.3531 86.28857
v -2.041834 -47.88064 85.69619
v -2.039307 -47.58267 86.50677
v -1.955335 -47.52016 86.04708
v -2.057055 -46.92569 86.5203
v -1.918429 -47.08315 85.9015
v -2.050998 -47.38475 85.31898
v -2.020967 -46.15962 86.35043
v -1.851001 -46.38208 85.62157
v -1.963332 -46.75539 84.93642
v -11.58156 -47.63688 83.88646
v -11.55871 -46.93385 84.04034
v -11.40673 -46.87544 83.53746
v -11.28371 -47.16077 83.23798
v -11.03783 -46.67905 82.85664
v -11.28927 -46.50238 83.35787
v -11.43832 -46.37062 83.95348
v -10.76194 -46.01296 82.47569
v -11.04292 -45.88686 83.01721
v -11.21376 -45.72139 83.57914
v -7.312675 -42.79126 87.08779
v -8.790725 -42.80638 86.62424
v -8.800127 -44.2872 86.95789
v -7.402118 -44.27055 87.35629
v -5.894532 -43.31315 87.37765
v -6.042878 -44.68993 87.60373
v -10.11191 -43.40845 85.90034
v -10.03886 -44.67665 86.30933
v -10.93052 -44.41801 85.01783
v -10.8867 -45.37769 85.45371
v -4.739577 -45.31922 87.76681
v -4.636393 -44.16875 87.52294
v -3.473101 -46.07415 87.63507
v -3.486264 -45.13812 87.49291
v -4.689675 -46.49759 87.87228
v -3.377685 -47.00166 87.67132
v -6.077878 -46.08138 87.76286
v -7.475824 -45.79331 87.54015
v -8.81411 -45.7664 87.09835
v -10.05662 -45.96232 86.50768
v -10.97466 -46.36753 85.67948
v -4.587802 -47.60876 87.92777
v -3.279433 -47.93021 87.74355
v -6.051399 -47.34747 87.82028
v -7.49365 -47.17537 87.58445
v -8.829212 -47.10976 87.15465
v -10.07736 -47.17035 86.64455
v -11.057 -47.32305 85.8578
v -4.519608 -48.72793 87.95174
v -3.234525 -48.87745 87.82347
v -5.997053 -48.55702 87.80602
v -7.478761 -48.43267 87.55806
v -8.810703 -48.35755 87.20107
v -10.04813 -48.32084 86.71033
v -11.09375 -48.2677 85.97383
v -4.546487 -49.88895 87.90736
v -3.288815 -49.87993 87.88986
v -5.985941 -49.76836 87.72828
v -7.434586 -49.63882 87.47108
v -8.755795 -49.54075 87.13274
v -9.999014 -49.43352 86.69984
v -11.07729 -49.25167 86.02049
v -2.344298 -46.93256 84.25817
v -2.471975 -47.61196 84.7359
v -10.47138 -46.76989 82.43279
v -10.20007 -46.03328 81.91434
v -10.7325 -47.38769 82.89891
v -2.468652 -48.19546 85.15818
v -11.00139 -48.00285 83.34672
v -2.481143 -48.75525 85.57359
v -11.22068 -48.70089 83.75523
v -2.45525 -49.34995 85.92213
v -11.44264 -49.50436 84.00187
v -2.361109 -49.97077 86.19472
v -10.68229 -50.59927 84.92234
v -11.47758 -50.28228 84.36615
v -9.633682 -50.86825 85.55744
v -8.503129 -51.12226 86.01407
v -7.306034 -51.30691 86.32677
v -5.990546 -51.38424 86.4408
v -4.643366 -51.30489 86.46767
v -3.382612 -51.08102 86.38237
v -2.433459 -50.60792 86.40033
v -2.031203 -49.14417 86.54565
v -2.072008 -49.84803 86.77753
v -2.233303 -50.70141 86.99403
v -2.308792 -49.72213 87.38351
v -2.499291 -50.46087 87.48006
v -2.222674 -48.97383 87.25309
v -2.263233 -48.23969 87.15628
v -2.377889 -47.49723 87.11462
v -2.497174 -46.73426 87.10177
v -2.533773 -45.90298 87.00919
v -11.61727 -47.53622 84.94117
v -11.54032 -46.82872 84.83765
v -11.69077 -48.46122 84.21436
v -11.65681 -48.26945 85.03007
v -11.72981 -49.23301 84.43073
v -11.66158 -49.03333 85.08402
v -11.67488 -50.15004 84.74837
v -11.59072 -49.77009 85.1702
v -11.43416 -46.10744 84.66811
v -11.26232 -45.32568 84.21693
v -11.00673 -50.24002 85.92468
v -10.9118 -50.62859 85.45496
v -9.916866 -50.51318 86.57775
v -9.835953 -50.9599 86.1234
v -8.704362 -50.64442 87.01131
v -8.677387 -51.21297 86.6292
v -7.412833 -50.76228 87.36431
v -7.446403 -51.35651 86.9884
v -3.302593 -51.44017 87.12094
v -4.654236 -51.58776 87.17357
v -6.075829 -51.50291 87.13718
v -6.054058 -50.93414 87.61178
v -4.661506 -51.04422 87.73109
v -3.386261 -50.94998 87.77041
v -16.37982 -45.50134 77.77542
v -16.68876 -46.31199 78.07117
v -16.82045 -45.42342 78.07684
v -16.94151 -46.0605 78.24199
v -16.16416 -46.45678 77.79124
v -15.83144 -45.5682 77.45052
v -16.31429 -44.62994 77.6668
v -16.78144 -44.59804 78.03892
v -15.77545 -44.70479 77.29958
v -11.88603 -48.05904 83.90975
v -11.63755 -47.47364 83.54596
v -12.02113 -47.17627 83.90816
v -11.79808 -47.09223 83.70175
v -11.501 -46.86792 83.3019
v -11.76952 -46.61123 83.59756
v -12.10748 -46.46112 83.81658
v -11.36335 -46.2161 83.08235
v -11.69797 -46.00637 83.43574
v -12.12241 -45.75821 83.67087
v -11.19594 -45.57497 82.76353
v -11.53605 -45.4385 83.16296
v -11.97738 -45.14555 83.44593
v -10.81575 -44.81688 78.48867
v -11.37374 -45.69615 79.07133
v -11.95196 -45.72359 78.13647
v -11.52151 -44.70473 77.4519
v -10.60147 -45.04314 79.55342
v -11.12564 -45.78202 80.06755
v -12.92019 -45.69803 77.50648
v -12.72516 -44.75278 76.74643
v -14.04082 -44.86174 76.69262
v -14.09973 -45.63792 77.23887
v -10.63141 -45.34521 80.57155
v -11.04494 -45.99231 80.99321
v -10.72028 -45.61379 81.48695
v -10.98839 -46.24727 81.86807
v -11.51593 -46.7661 81.4065
v -11.26442 -46.99198 82.21216
v -11.86583 -46.59262 80.58858
v -12.16101 -46.59709 79.72624
v -12.69264 -46.64029 78.90076
v -13.49345 -46.59497 78.27374
v -14.47077 -46.53676 77.84968
v -11.86969 -47.57623 81.7716
v -11.55788 -47.77666 82.5347
v -12.36829 -47.41807 81.05014
v -12.91436 -47.33575 80.40397
v -13.45703 -47.31557 79.68046
v -14.17889 -47.31036 79.04964
v -14.95316 -47.33547 78.44164
v -12.39395 -48.37846 82.19399
v -11.89408 -48.54097 82.87137
v -12.94985 -48.25023 81.57085
v -13.48048 -48.19954 80.94404
v -14.03496 -48.17088 80.30686
v -14.72731 -48.16671 79.61487
v -15.38627 -48.3111 78.95513
v -12.90464 -49.15529 82.68948
v -12.23828 -49.29993 83.21777
v -13.56767 -49.13205 82.14222
v -14.14273 -49.19467 81.61221
v -14.69988 -49.24963 80.94707
v -15.27042 -49.22039 80.25181
v -15.83611 -49.22771 79.56088
v -16.58295 -47.39685 78.20493
v -17.24388 -47.12184 78.63981
v -17.28299 -46.22015 78.68275
v -15.8477 -47.43872 78.07742
v -15.44311 -46.53129 77.63419
v -16.2175 -48.47056 78.6572
v -16.89252 -48.45023 78.68509
v -17.53057 -48.28332 79.1611
v -16.5219 -49.20438 79.15781
v -17.09182 -49.21288 79.08073
v -17.57435 -49.18143 79.44074
v -16.73508 -49.65474 79.63911
v -17.05023 -49.71973 79.67689
v -17.32899 -49.6654 79.79224
v -17.18928 -45.33064 78.58847
v -15.09317 -45.63356 77.20399
v -17.12116 -44.4886 78.53901
v -15.09396 -44.81125 76.9405
v -12.43765 -47.94977 84.19747
v -12.50636 -47.08258 84.07504
v -12.54858 -48.79165 84.32481
v -12.05638 -48.98824 84.13496
v -12.7745 -49.40271 84.24497
v -12.48616 -49.64684 84.14911
v -12.22808 -49.7421 83.86764
v -11.85973 -49.23447 83.75304
v -11.66247 -48.46675 83.51482
v -11.45993 -47.75023 83.20979
v -11.29747 -47.039 82.89386
v -12.64276 -46.23209 83.93941
v -11.10156 -46.33038 82.6013
v -12.71789 -45.36125 83.78565
v -10.91805 -45.6391 82.22654
v -12.61588 -44.56497 83.59179
v -15.68981 -42.298 82.36858
v -16.6133 -42.36288 81.2322
v -16.67531 -43.57201 81.70828
v -15.82485 -43.56563 82.58755
v -17.39571 -45.01286 79.26134
v -17.29145 -44.09607 79.09503
v -16.50868 -45.00964 82.07912
v -15.67345 -45.00911 82.8418
v -14.77676 -43.98337 83.24588
v -14.72431 -45.29333 83.45504
v -13.70146 -44.66692 83.64722
v -13.66415 -45.74425 83.85496
v -17.09715 -45.26398 81.23862
v -17.48838 -45.63871 80.42815
v -16.96861 -46.53016 81.57913
v -17.44448 -46.78627 80.77425
v -16.30289 -46.3556 82.38465
v -15.49881 -46.33396 83.09373
v -14.57002 -46.4727 83.63873
v -13.52983 -46.76181 84.00513
v -17.26734 -47.92243 81.0731
v -16.74495 -47.75304 81.8738
v -16.05894 -47.61885 82.64195
v -15.2931 -47.5501 83.26487
v -14.41637 -47.58294 83.73579
v -13.42511 -47.73256 84.13975
v -17.67995 -48.13816 79.90424
v -17.59132 -49.12925 80.17355
v -16.94894 -48.9776 81.29996
v -15.07514 -48.74131 83.37352
v -14.2928 -48.64968 83.8009
v -13.42824 -48.67219 84.19199
v -17.1306 -49.69299 80.42332
v -16.66728 -49.63658 81.32942
v -14.86486 -49.62016 83.3558
v -14.18325 -49.50256 83.75367
v -13.43121 -49.46719 84.13039
v -13.15488 -49.84127 83.82898
v -13.89556 -49.87455 83.5134
v -14.54526 -49.94359 83.10315
v -15.4459 -49.75827 82.83359
v -15.09232 -50.00849 82.5836
v -16.11456 -49.68566 82.14545
v -15.76712 -50.01513 81.939
v -16.34795 -49.96152 81.2696
v -16.77508 -49.9123 80.45798
v -16.43637 -49.88155 80.24728
v -15.95594 -50.0018 81.00905
v -15.39012 -50.05719 81.61665
v -14.72028 -50.02195 82.25979
v -14.10413 -50.00024 82.72439
v -13.41596 -49.96301 83.12592
v -12.70043 -49.88159 83.53024
v -17.20346 -43.95222 80.82229
v -17.13531 -42.93577 80.2952
v -17.3103 -43.56866 79.64834
v -17.42472 -44.48943 80.01705
v -14.54124 -42.84898 83.18393
v -13.49865 -43.71951 83.52352
v -17.52073 -46.07199 79.41525
v -17.63461 -47.07784 79.58273
v -16.42175 -48.93566 82.10807
v -15.75968 -48.85864 82.81225
v -21.46878 -48.68671 71.91371
v -22.17074 -47.95407 71.45087
v -21.17407 -48.10524 71.11375
v -21.73719 -47.80341 71.10472
v -21.08359 -47.41086 70.56289
v -21.78072 -47.22151 70.87195
v -22.39331 -47.13019 71.26801
v -20.92608 -46.55719 70.3065
v -21.79283 -46.49296 70.65369
v -22.45463 -46.28826 71.18903
v -20.63999 -45.7354 70.29739
v -21.59687 -45.77848 70.55048
v -22.29888 -45.60581 71.04141
v -17.18027 -46.70422 78.29784
v -16.73537 -46.18505 77.85503
v -17.16445 -46.1259 78.31139
v -16.85601 -45.96374 78.03613
v -17.0738 -45.61114 78.2134
v -16.71243 -45.56689 77.89993
v -16.45679 -45.67657 77.55177
v -17.00102 -45.04563 78.07291
v -16.57096 -45.03102 77.72066
v -16.23104 -45.12094 77.28564
v -17.05247 -44.40944 77.92239
v -16.55849 -44.43221 77.57108
v -16.1197 -44.51829 77.1045
v -18.86753 -47.51396 72.60892
v -19.19351 -47.40908 71.53928
v -18.40825 -46.91313 71.56373
v -17.87028 -46.79318 72.0164
v -17.23415 -46.38998 71.29589
v -18.12656 -46.58879 71.03665
v -19.11543 -46.98304 70.81173
v -16.78498 -45.7181 70.69592
v -17.75383 -46.05804 70.44346
v -18.82733 -46.33754 70.30528
v -16.47518 -44.90107 70.38342
v -17.46716 -45.27193 70.10773
v -18.53377 -45.62929 69.99841
v -16.84479 -46.95877 75.34389
v -16.22396 -46.70021 73.81591
v -16.04446 -46.37378 74.6169
v -16.32131 -46.39796 75.76394
v -15.91973 -45.85004 75.61648
v -15.60862 -45.97624 74.2688
v -15.64249 -46.20729 72.97909
v -15.08176 -45.30215 73.89188
v -15.46884 -45.24195 75.34618
v -15.12679 -45.39334 72.41892
v -14.67601 -44.43483 73.79856
v -15.1097 -44.56263 75.3031
v -14.73319 -44.40933 72.20789
v -22.93937 -47.05918 74.05738
v -22.64009 -48.44851 74.07204
v -22.64691 -47.22726 75.47556
v -22.40266 -48.31977 75.48929
v -22.91052 -45.80287 75.30701
v -22.70042 -46.38161 75.73805
v -22.22112 -49.33044 74.46812
v -21.94932 -49.26179 75.72534
v -23.16558 -45.7982 73.48112
v -23.13391 -44.71771 74.96072
v -23.25929 -43.45196 74.66951
v -23.26787 -44.58494 73.18345
v -23.24804 -42.52465 74.11845
v -23.12496 -43.79365 72.74696
v -22.68666 -41.61231 75.77075
v -22.7006 -42.66578 76.10642
v -22.72758 -43.91384 76.2292
v -22.61632 -45.06834 76.32186
v -22.43581 -46.07225 76.41434
v -22.26903 -47.11894 76.43267
v -21.95601 -48.21008 76.54204
v -21.40737 -49.20137 76.7277
v -18.84062 -45.15229 78.44167
v -19.99518 -44.49084 78.30946
v -20.31223 -45.29062 78.36847
v -19.23451 -46.00337 78.69929
v -20.25711 -46.47454 78.42072
v -20.60699 -45.85678 78.21967
v -18.63331 -44.43275 78.27672
v -19.68236 -43.72878 78.08724
v -18.46478 -43.79669 78.13567
v -19.30641 -43.14127 78.01696
v -19.00598 -46.96346 78.86117
v -19.92311 -47.33145 78.56023
v -19.61263 -48.16225 78.54489
v -18.9584 -47.70294 78.85736
v -20.64289 -47.68316 77.8975
v -20.14385 -48.59087 77.94579
v -20.98683 -46.72299 77.77502
v -21.21685 -45.79661 77.72957
v -21.17048 -44.86684 77.80051
v -20.99204 -43.91043 77.80638
v -20.62862 -43.01062 77.71264
v -20.24985 -42.35065 77.68275
v -18.41064 -48.62234 78.34816
v -18.7585 -49.02179 77.92941
v -18.10868 -48.71709 77.74963
v -18.51187 -48.93819 77.55325
v -19.04933 -49.24512 77.35052
v -18.74869 -48.93892 76.93608
v -18.34615 -48.65864 76.7114
v -19.31538 -49.28031 75.13041
v -19.58714 -49.38373 75.68654
v -20.06656 -49.56744 75.35304
v -20.02731 -49.6494 74.78831
v -20.01034 -49.62193 76.20464
v -20.57002 -49.73587 75.59226
v -20.81448 -49.9185 74.79029
v -22.74512 -47.85749 72.10486
v -22.46496 -48.76368 72.49976
v -21.18459 -49.44406 72.87759
v -22.18336 -49.46527 73.20548
v -20.96177 -49.94957 73.79211
v -21.8106 -49.91494 73.93598
v -20.03483 -49.15566 73.05913
v -19.95757 -49.70965 73.93079
v -20.13726 -48.62016 72.12339
v -20.28837 -48.14416 71.22163
v -20.2332 -47.44812 70.5026
v -22.84707 -46.82709 71.90778
v -19.96165 -46.52315 70.22456
v -22.90403 -45.76928 71.86088
v -19.60459 -45.7064 70.1212
v -22.78008 -44.89118 71.72755
v -16.80388 -46.95745 77.62311
v -16.53171 -46.37404 77.3252
v -17.58002 -47.39943 78.53288
v -17.16863 -47.54472 77.91656
v -18.02938 -47.99643 78.63293
v -17.61662 -48.12667 78.07358
v -18.23293 -47.3257 78.81733
v -18.50668 -47.80383 78.83118
v -17.94374 -46.77893 78.72425
v -17.76958 -46.21611 78.56931
v -17.61283 -45.6487 78.39586
v -16.25142 -45.8079 77.00249
v -17.56146 -45.02774 78.25349
v -15.93764 -45.23053 76.67474
v -17.6462 -44.30072 78.10322
v -15.65083 -44.63532 76.45918
v -19.06049 -48.36516 73.63242
v -19.09855 -49.17168 74.48412
v -17.96472 -47.87623 74.27988
v -18.26898 -48.58595 75.0526
v -17.52404 -47.23844 73.44945
v -16.87455 -46.8422 72.55727
v -16.28888 -46.26802 71.74113
v -15.81969 -45.45213 71.13326
v -15.48295 -44.56414 70.9591
v -17.35967 -47.7279 76.04025
v -17.83431 -48.36468 76.56056
v -21.71619 -49.89873 74.91771
v -21.32284 -49.83104 75.9291
v -20.63544 -49.81531 76.7206
v -21.39968 -41.64074 77.00744
v -21.62388 -42.44314 77.13656
v -21.90497 -43.48981 77.16435
v -22.03255 -44.62157 77.14069
v -21.95722 -45.76086 77.09686
v -21.74268 -46.91078 77.14007
v -21.32813 -48.02995 77.2767
v -20.65586 -49.02546 77.42519
v -19.80968 -49.66732 77.22662
v -18.87877 -48.29324 78.67456
v -19.25319 -48.8117 78.30569
v -19.52556 -49.27822 77.79125
v -18.61921 -48.86855 75.603
v -18.99435 -49.1236 76.14997
v -19.3347 -49.45849 76.71254
v -21.4281 -49.35099 61.21539
v -21.43334 -48.82905 61.36474
v -22.35357 -48.88665 61.54908
v -22.33491 -48.54282 61.84491
v -21.28683 -48.37258 61.52888
v -22.2474 -48.14068 62.09196
v -21.12046 -47.88789 61.66969
v -22.1458 -47.64248 62.26116
v -22.04267 -47.03674 62.39444
v -20.97124 -47.37026 61.72638
v -20.93123 -46.78241 61.83829
v -21.97052 -46.40339 62.50666
v -24.20643 -46.8364 63.07568
v -24.29116 -46.11075 63.17535
v -25.47652 -46.27451 63.19753
v -25.45614 -46.93758 63.24118
v -25.51778 -47.61175 63.18258
v -24.35434 -47.49809 62.95451
v -25.60253 -48.25158 63.03978
v -24.44981 -48.05364 62.79507
v -25.669 -48.87492 62.86583
v -24.48285 -48.55814 62.59929
v -25.72124 -49.46529 62.66785
v -24.49875 -49.00241 62.38357
v -19.15779 -49.10792 57.24734
v -19.17753 -48.46415 59.47172
v -19.37749 -50.15414 58.26072
v -19.52372 -49.38826 59.82124
v -19.90064 -50.55502 57.27976
v -20.22462 -50.09034 56.4215
v -18.7335 -47.59739 57.2931
v -18.98227 -47.4126 59.33786
v -18.65301 -46.41253 57.71613
v -19.05511 -46.50417 59.57448
v -19.37995 -46.59254 55.86877
v -19.76349 -47.68088 55.62003
v -20.33484 -48.69294 55.60126
v -21.11227 -49.47268 55.50832
v -21.0825 -50.57194 56.41872
v -21.83134 -50.02699 55.56734
v -20.40554 -51.06171 57.39368
v -19.87002 -50.95437 58.67662
v -19.93888 -50.18882 60.03805
v -21.64664 -50.89043 56.5838
v -22.41009 -50.36362 55.80897
v -20.97076 -51.39312 57.59201
v -20.41763 -51.59155 58.81072
v -20.36756 -50.87766 60.04908
v -22.51767 -50.92157 58.29369
v -22.3574 -51.03471 57.47485
v -21.83395 -51.2943 57.96315
v -21.85756 -51.43438 58.66727
v -23.12047 -50.63321 56.94268
v -23.20166 -50.46132 57.83044
v -22.57721 -50.66449 59.16442
v -23.24964 -50.16741 58.66191
v -21.79611 -51.10844 59.61723
v -23.69591 -49.50404 60.87801
v -22.90724 -49.33432 60.97622
v -23.42821 -49.24936 61.3737
v -24.15204 -49.62251 61.55661
v -23.02125 -49.49247 60.30372
v -22.24294 -49.7689 60.67033
v -23.97969 -49.58662 60.12309
v -24.45127 -50.17865 60.92851
v -25.04407 -50.39651 61.76508
v -23.35455 -46.51802 55.80886
v -22.2084 -46.69474 55.32658
v -22.53632 -47.51447 55.14987
v -23.67315 -47.34867 55.56674
v -22.82509 -48.14846 55.14872
v -23.90051 -47.99275 55.49427
v -23.15868 -48.725 55.23629
v -24.13741 -48.61169 55.5344
v -23.52859 -49.25431 55.40151
v -24.39556 -49.18311 55.67123
v -23.94711 -49.6717 55.68436
v -24.67497 -49.69618 55.89117
v -24.50405 -46.44492 56.31496
v -24.77201 -47.22063 56.03044
v -24.91896 -47.85785 55.92437
v -25.06151 -48.49185 55.91141
v -25.21849 -49.10505 55.96725
v -25.37632 -49.67807 56.12194
v -25.63948 -46.46573 56.79529
v -25.83444 -47.1254 56.51406
v -25.91289 -47.75061 56.32313
v -25.96812 -48.40317 56.23394
v -26.02472 -49.05054 56.23039
v -26.07553 -49.67638 56.30388
v -26.73855 -46.49281 57.23624
v -26.86671 -47.04707 56.98987
v -26.8677 -47.64634 56.69208
v -26.83571 -48.29628 56.51261
v -26.79587 -48.95836 56.44729
v -26.7523 -49.61539 56.47184
v -28.71821 -48.15456 60.41463
v -28.53977 -47.7421 58.55773
v -28.60054 -49.15882 59.29557
v -28.323 -48.64571 58.02073
v -28.55148 -49.61411 60.1068
v -28.46442 -49.25645 61.0503
v -28.69418 -46.82055 60.688
v -28.64869 -46.78461 58.95795
v -28.53203 -45.93344 60.94219
v -28.61299 -46.00574 59.22707
v -27.8804 -46.85606 62.16126
v -27.67983 -46.05988 62.21959
v -27.90509 -47.85767 62.13383
v -27.79924 -48.82088 62.21268
v -28.2742 -50.21083 61.15078
v -27.71289 -49.728 62.18063
v -28.37189 -50.32326 59.95469
v -28.38274 -50.04581 58.79595
v -28.10793 -49.49335 57.65778
v -27.96759 -51.0661 61.00122
v -27.56529 -50.55817 61.98419
v -28.03726 -51.11772 59.79199
v -28.02057 -50.8135 58.62562
v -27.83558 -50.23848 57.56161
v -25.56075 -50.50655 58.57436
v -25.06449 -50.34882 58.33946
v -25.12115 -50.3258 58.81935
v -25.46195 -50.55714 59.1507
v -25.57284 -50.43105 57.89203
v -25.02254 -50.34358 57.67488
v -25.55713 -50.34306 57.13384
v -24.99033 -50.29177 56.94118
v -26.16449 -50.5064 58.19226
v -26.14401 -50.34449 57.36855
v -26.10984 -50.77195 58.91573
v -25.93349 -51.02259 59.58157
v -26.83257 -50.7369 58.51591
v -26.77884 -50.37265 57.6342
v -26.7216 -51.27005 59.24324
v -26.62093 -51.42365 60.11929
v -26.47008 -51.30544 60.99646
v -25.70819 -51.03468 60.26109
v -25.17078 -50.55426 59.58987
v -24.8261 -50.11055 58.96
v -24.58697 -50.14836 58.27583
v -24.48638 -50.24012 57.52712
v -24.44941 -50.22155 56.74847
v -19.9674 -46.7327 60.95226
v -20.01049 -47.39639 60.87642
v -20.17422 -48.03908 60.92093
v -20.32954 -48.67411 60.96718
v -20.46685 -49.30968 60.97841
v -20.59293 -49.93856 60.91932
v -21.52459 -49.78594 61.03861
v -20.87274 -50.46196 60.76529
v -22.35852 -49.19784 61.24849
v -23.31253 -48.72309 62.02169
v -23.27388 -48.99011 61.686
v -23.3337 -48.37735 62.3111
v -23.31177 -47.92303 62.53134
v -23.25511 -47.39061 62.68283
v -23.15212 -46.71143 62.82776
v -23.13023 -46.06501 62.94784
v -26.89389 -49.89561 62.58429
v -26.82443 -50.60226 62.37749
v -25.66394 -49.99765 62.40631
v -26.84693 -49.15784 62.789
v -26.74949 -48.42104 62.93886
v -26.64534 -47.67523 63.01408
v -26.57976 -46.92084 62.98174
v -26.57426 -46.22782 62.85274
v -24.44851 -49.35365 62.11847
v -21.28264 -47.70285 54.90213
v -20.90243 -46.79908 55.04466
v -21.67653 -48.36908 54.93043
v -22.13563 -48.92902 55.03541
v -22.64318 -49.40954 55.21307
v -23.20547 -49.75433 55.49236
v -23.72758 -49.95741 55.89622
v -22.82465 -50.5641 56.12826
v -21.95851 -51.0104 56.80245
v -21.35068 -51.40627 57.75331
v -21.01517 -51.77952 58.79209
v -20.86082 -51.31173 59.90261
v -23.90105 -50.10585 57.46571
v -23.87656 -50.20584 56.61337
v -24.01479 -49.82418 58.29505
v -24.31978 -49.60305 59.14137
v -23.30199 -49.71685 59.39813
v -22.53177 -50.14989 59.89032
v -21.7502 -50.48738 60.40984
v -24.70654 -50.30245 59.95835
v -25.34659 -50.81803 60.84775
v -26.11861 -50.97352 61.71257
v -24.35262 -49.98885 56.08096
v -24.92215 -50.0535 56.29718
v -25.51155 -50.12973 56.45206
v -26.1094 -50.15154 56.63223
v -26.71479 -50.10711 56.85441
v -27.80883 -46.33028 57.80927
v -27.85616 -46.92496 57.56603
v -27.74393 -47.57068 57.22215
v -27.61959 -48.23724 56.94807
v -27.48677 -48.91493 56.80006
v -27.35786 -49.5974 56.7868
v -27.17946 -50.10669 57.04651
v -27.26311 -51.20408 61.6639
v -27.43296 -51.59463 60.69376
v -27.45456 -51.53055 59.62243
v -27.4849 -51.19323 58.64048
v -27.38719 -50.57282 57.74201
v -21.16985 -49.47242 46.70556
v -20.47421 -49.35896 47.9039
v -21.39378 -50.58382 47.49144
v -20.95823 -50.42311 48.55305
v -19.91443 -49.10075 49.28697
v -20.39331 -50.4371 49.77385
v -19.75838 -48.5397 51.07877
v -20.20102 -50.09713 51.39252
v -20.30341 -47.94933 52.73942
v -20.62211 -49.35772 52.90689
v -24.51571 -46.43309 55.96323
v -24.43474 -47.79691 55.57502
v -23.70325 -47.33443 55.33905
v -23.4008 -46.38294 55.51895
v -22.3341 -46.83703 54.92976
v -22.81256 -47.88494 54.9516
v -23.56575 -48.81018 55.14677
v -25.73858 -48.61221 55.88951
v -24.39604 -49.85414 55.30589
v -25.78043 -46.78474 56.35747
v -27.16883 -47.06255 56.76007
v -27.35019 -48.51081 56.56093
v -26.2994 -51.02057 53.55897
v -25.58616 -51.26347 54.35878
v -26.66441 -50.54727 55.09207
v -27.46979 -50.59191 54.50045
v -27.77568 -50.31586 53.25433
v -26.86615 -50.51136 52.72421
v -27.7899 -50.50844 55.63617
v -28.61564 -51.07232 55.05421
v -29.07325 -51.36319 53.96467
v -31.14494 -47.86721 54.445
v -31.51242 -49.33881 53.46831
v -31.0125 -49.76376 54.70221
v -30.23638 -48.43111 55.74477
v -30.35727 -50.45905 55.39708
v -29.65067 -49.43739 56.28291
v -31.13732 -50.72291 53.63626
v -31.43454 -50.31588 52.64597
v -30.67449 -51.23309 54.2878
v -26.53573 -47.47169 45.81342
v -27.22875 -48.12947 45.5952
v -27.55083 -47.27777 45.89885
v -27.73829 -47.80396 45.70515
v -28.68896 -47.22225 45.90792
v -28.64161 -47.84592 45.73232
v -28.44593 -48.45096 45.62705
v -26.33742 -48.69599 45.40285
v -28.20447 -49.09052 45.56575
v -25.39866 -47.83939 45.64326
v -24.55942 -49.04619 45.25684
v -24.01759 -48.356 45.52231
v -31.92782 -50.78949 48.60637
v -31.79629 -50.21523 47.94801
v -31.37992 -50.88758 47.85521
v -31.37589 -50.48234 47.62172
v -30.26421 -50.51976 47.32589
v -30.50801 -50.22686 47.09811
v -30.87136 -49.80359 47.04529
v -32.26087 -49.47047 48.73684
v -31.27229 -49.08986 47.1221
v -32.10302 -50.4839 49.45649
v -32.16912 -49.19332 50.49936
v -31.92408 -50.22765 50.45178
v -32.24405 -47.90913 48.96259
v -32.14618 -47.76069 50.87004
v -31.4313 -48.00038 47.18102
v -31.86731 -46.23291 51.52372
v -31.87951 -46.5089 49.25398
v -31.20389 -46.93332 47.24445
v -24.66201 -52.60637 51.63408
v -25.7446 -51.99334 51.44555
v -24.7916 -52.18848 50.50364
v -25.71074 -51.73204 50.59765
v -24.82985 -51.89827 49.75831
v -25.6952 -51.44016 49.86415
v -26.51904 -51.11306 51.24882
v -26.54401 -51.16398 50.55946
v -26.58641 -51.12019 50.01483
v -29.70547 -50.93977 50.63973
v -27.91041 -50.18937 50.6305
v -28.70325 -50.28123 51.3189
v -27.55733 -49.95072 51.26014
v -29.48022 -51.03205 49.90316
v -28.03246 -50.43405 50.21124
v -29.91277 -50.91204 52.08797
v -30.43868 -50.76651 51.56948
v -31.08851 -50.98181 50.97212
v -30.90615 -51.35807 50.28786
v -30.58243 -51.47353 49.60584
v -27.78823 -50.33 48.51388
v -27.366 -50.30818 49.1068
v -28.04304 -50.85866 49.28076
v -28.65737 -50.80812 48.79417
v -28.14729 -50.5683 47.75569
v -29.32425 -50.76233 48.26688
v -29.83489 -50.7221 47.78497
v -28.53503 -50.4873 47.24788
v -27.26192 -50.46311 49.75511
v -28.04927 -50.70491 49.77625
v -29.11506 -51.09029 49.33741
v -30.05802 -51.37282 48.88221
v -30.8197 -51.34913 48.35904
v -21.67574 -50.6149 53.22429
v -22.50977 -49.68949 54.40765
v -23.40613 -50.87329 54.465
v -22.66872 -51.71841 53.29942
v -23.75855 -52.66349 52.85688
v -24.32887 -52.00914 54.06789
v -23.20547 -52.6017 52.10293
v -22.27891 -52.3203 51.9497
v -21.21934 -51.49983 51.6496
v -24.25888 -52.23771 47.0006
v -23.15994 -51.99932 47.27672
v -23.56359 -52.14971 47.88429
v -24.38367 -52.25882 47.99643
v -22.6016 -51.599 47.7219
v -23.39113 -51.95516 48.35631
v -24.26171 -52.0256 48.75415
v -22.29307 -51.29028 48.39103
v -23.22988 -51.8099 49.0603
v -24.15565 -52.02065 49.5231
v -21.75326 -51.12315 49.14043
v -23.0072 -51.77313 49.8088
v -24.07215 -52.11369 50.31402
v -21.28802 -51.32203 50.15251
v -22.76377 -51.95444 50.72591
v -23.74334 -52.48147 51.15218
v -22.4099 -49.37606 45.73654
v -21.9626 -50.78351 46.64275
v -22.93828 -51.15697 46.2619
v -23.36407 -49.86363 45.55177
v -24.12041 -51.36353 46.1087
v -24.1617 -50.33675 45.54392
v -21.20225 -47.44279 54.08382
v -21.55694 -48.5867 54.15397
v -28.80397 -47.26136 56.63667
v -28.67887 -48.66444 56.67097
v -28.41636 -49.83117 56.51156
v -27.35492 -49.97223 56.20231
v -26.21736 -50.18784 55.59995
v -25.01795 -51.01025 54.9936
v -27.42053 -50.34281 51.84692
v -26.812 -50.29502 51.70313
v -26.26044 -50.71462 52.04946
v -25.80683 -51.50802 52.56036
v -25.12752 -52.09939 53.26541
v -28.30653 -50.62752 52.03157
v -29.37998 -51.22696 52.72651
v -28.93975 -50.45539 56.20223
v -29.63495 -51.24945 55.50686
v -29.98222 -51.70141 54.33446
v -30.02332 -51.42321 53.32191
v -30.41344 -46.59668 55.48901
v -31.43321 -46.22198 53.69218
v -31.78474 -47.71386 52.73204
v -31.89372 -49.12693 52.04179
v -31.68713 -50.13018 51.54269
v -31.47684 -50.57822 51.2746
v -31.08752 -50.59018 51.88746
v -30.92617 -50.93887 52.57845
v -30.52164 -51.26447 53.07452
v -26.36028 -51.46209 47.9822
v -25.9664 -51.02397 48.8488
v -27.17931 -50.8371 48.61855
v -27.38301 -51.00472 47.82712
v -26.8016 -51.02612 49.37253
v -26.97926 -50.45155 48.97858
v -26.59484 -51.22211 46.83667
v -27.62747 -50.78683 47.00029
v -25.46083 -51.92633 46.89177
v -25.30833 -51.89407 48.05597
v -24.97711 -51.68576 48.91471
v -25.13453 -49.98214 45.23182
v -26.72256 -49.71352 45.36079
v -28.02782 -49.78528 45.93506
v -29.21806 -49.91679 46.46446
v -29.58147 -49.45294 46.21609
v -29.9337 -48.77827 46.12263
v -30.01513 -47.95269 46.12946
v -30.03438 -47.20885 46.17409
v -25.35199 -51.16684 45.95201
v -26.80507 -50.63526 46.0855
v -27.84882 -50.31178 46.39149
v -28.91599 -50.22948 46.7792
v -31.45735 -51.42353 49.18912
v -31.62989 -51.1274 49.92712
v -31.56642 -50.82035 50.59858
v -26.80892 -50.10827 51.16521
v -27.08092 -50.18418 50.61089
v -27.15117 -50.31307 50.1979
v -30.20622 -49.88713 37.86158
v -29.89367 -49.98409 36.72264
v -28.68632 -49.3344 37.73826
v -28.80901 -49.74053 36.71292
v -28.07357 -49.53774 36.66166
v -27.63298 -49.34867 37.04992
v -31.58411 -50.1258 37.90543
v -31.07315 -50.09642 36.75068
v -30.51291 -49.50668 39.05162
v -31.64862 -49.73301 39.1357
v -29.26338 -49.11636 39.06327
v -32.54531 -46.88292 38.27628
v -32.67966 -47.8369 37.87727
v -32.90429 -48.0663 39.26486
v -32.7989 -47.24057 40.14672
v -32.84463 -48.35719 40.06243
v -32.80113 -48.20175 40.82187
v -31.68772 -46.85252 36.79689
v -31.84598 -47.73148 36.55735
v -32.20715 -45.7544 38.68024
v -31.46599 -45.89632 37.12756
v -32.45471 -45.87098 40.38609
v -31.80049 -44.72943 39.22879
v -31.2147 -44.97292 37.61871
v -32.01089 -44.79604 40.7351
v -32.40268 -46.08814 41.91461
v -31.99077 -45.10181 42.05885
v -32.70409 -47.24118 41.84248
v -32.80836 -48.24495 41.97185
v -32.14396 -46.45142 43.17297
v -31.79783 -45.61135 43.24306
v -32.45311 -47.4507 43.09827
v -32.5989 -48.40202 43.08794
v -32.74458 -49.07312 42.02847
v -32.59243 -49.27134 43.05644
v -32.65922 -48.86137 41.00087
v -32.75251 -48.79264 40.06029
v -32.86613 -48.69842 39.01056
v -32.67209 -48.60703 37.72758
v -31.96023 -48.52349 36.49395
v -32.55709 -49.76766 42.00731
v -32.4388 -50.07109 42.9804
v -32.48597 -49.38822 41.06481
v -32.57232 -49.1735 40.11107
v -32.75526 -49.14756 39.01828
v -32.63998 -49.19204 37.8019
v -32.08144 -49.22391 36.61541
v -30.86844 -50.60887 42.78965
v -30.20936 -49.87184 41.74692
v -29.56829 -49.77364 42.64588
v -30.11473 -50.11281 43.56762
v -31.4615 -50.44713 42.14186
v -31.02385 -49.92273 41.3642
v -31.82242 -50.28505 41.72075
v -31.73202 -49.97108 41.13175
v -27.68449 -49.5004 39.44465
v -27.47839 -49.4504 40.89244
v -28.16945 -49.20119 40.22656
v -27.90286 -49.20287 41.06876
v -26.80843 -49.69937 38.68393
v -26.74625 -49.95168 40.55071
v -26.64847 -48.03006 35.22541
v -25.25903 -48.28547 35.12901
v -25.54484 -48.85583 35.20294
v -26.96242 -48.76255 35.37534
v -26.27388 -49.2154 35.5892
v -25.59182 -49.1596 35.41398
v -26.31597 -47.32235 35.30021
v -24.8948 -47.65075 35.24437
v -26.01582 -46.63686 35.54405
v -24.56781 -47.00807 35.48862
v -25.89053 -45.99961 35.94771
v -24.42419 -46.38767 35.84949
v -27.37996 -45.77569 36.01118
v -27.48498 -46.42211 35.60258
v -27.74966 -47.12935 35.34012
v -28.06009 -47.8731 35.245
v -28.42418 -48.59938 35.31937
v -28.92687 -46.31166 35.69724
v -28.80979 -45.63714 36.08694
v -29.14943 -47.03467 35.40844
v -29.40211 -47.79476 35.24695
v -29.68169 -48.54946 35.3065
v -28.92118 -49.15709 35.6187
v -29.97513 -49.19443 35.59258
v -27.87373 -49.11937 35.78695
v -27.03198 -49.27108 35.98587
v -25.57492 -49.51549 35.77628
v -26.28573 -49.58159 36.1203
v -24.94313 -49.33325 35.56998
v -24.46959 -49.04506 35.40393
v -24.00276 -48.64777 35.27918
v -23.55173 -48.19366 35.30533
v -23.17149 -47.68036 35.50728
v -22.99648 -47.11744 35.83075
v -22.85954 -49.46525 43.24087
v -23.16355 -49.937 42.75476
v -21.87003 -49.69916 41.78293
v -22.20214 -50.13806 41.36303
v -21.27203 -49.72351 40.10842
v -21.68159 -50.0615 39.77007
v -21.21557 -49.53585 38.45474
v -21.67764 -49.79555 38.22921
v -21.61996 -49.22002 37.00324
v -22.1156 -49.46365 36.87925
v -21.56375 -49.17633 42.17073
v -22.62407 -48.94696 43.6783
v -20.85978 -49.23957 40.46281
v -20.75425 -49.09383 38.73934
v -21.10361 -48.85355 37.19057
v -21.33918 -48.63271 42.42986
v -22.46908 -48.45712 43.99579
v -20.58733 -48.66439 40.68598
v -20.45204 -48.548 38.95048
v -20.73512 -48.35383 37.39641
v -29.34205 -47.75528 45.61771
v -27.79746 -47.74962 45.63102
v -28.94804 -47.05184 45.63354
v -27.53354 -47.11341 45.73232
v -26.26244 -47.78778 45.54848
v -26.14 -47.22891 45.69131
v -26.44456 -48.35434 45.43896
v -27.93679 -48.2801 45.57246
v -29.47393 -48.27718 45.59496
v -26.59906 -48.9574 45.33228
v -27.99557 -48.7975 45.5207
v -29.45959 -48.74974 45.57537
v -28.03134 -49.30037 45.41961
v -26.67287 -49.51933 45.16679
v -29.46753 -49.21713 45.48285
v -28.04948 -49.688 45.1203
v -26.71134 -49.85804 44.53996
v -29.52495 -49.66453 45.24611
v -27.9882 -49.93934 44.73737
v -26.72004 -50.11791 43.88522
v -29.52336 -49.94406 44.94213
v -32.55999 -49.69122 37.92556
v -32.05367 -49.82894 36.79788
v -32.619 -49.48476 39.13224
v -31.64215 -49.65215 40.3177
v -32.3234 -49.42616 40.24511
v -30.71703 -49.48463 40.36737
v -29.75927 -48.91425 40.54158
v -28.5671 -48.91209 39.2014
v -29.08706 -48.81496 40.48902
v -27.69435 -48.95086 38.31176
v -26.99452 -49.34445 37.56858
v -26.96577 -49.56047 36.4627
v -26.32334 -49.81269 36.81741
v -27.69162 -49.41159 36.26874
v -28.51351 -49.50886 36.04808
v -29.40943 -49.64169 35.94485
v -30.35178 -49.73528 35.95518
v -31.18516 -49.6797 36.08131
v -30.4823 -46.96952 35.7508
v -30.66664 -47.72537 35.58367
v -30.28882 -46.19247 36.03944
v -30.1272 -45.41127 36.46088
v -31.30595 -46.26782 44.31187
v -31.60988 -46.94783 44.17748
v -31.91045 -47.75897 44.11075
v -32.0762 -48.58116 44.07489
v -32.08607 -49.38986 44.01427
v -30.84793 -48.44979 35.60828
v -31.96462 -50.16819 43.92056
v -31.02921 -49.1375 35.80507
v -31.97668 -50.61844 42.76601
v -31.54638 -50.73373 43.64835
v -32.18847 -50.2533 41.92767
v -32.24393 -49.77876 41.11995
v -28.12694 -49.12024 42.01767
v -27.71694 -49.41829 42.36599
v -28.51675 -49.42765 42.61009
v -28.12265 -49.59084 42.86727
v -28.83508 -49.67798 43.46075
v -28.0991 -49.71934 43.37029
v -27.3234 -49.70196 42.78745
v -29.18801 -49.88336 44.26504
v -28.04563 -49.88136 44.03088
v -26.99464 -50.04509 43.30415
v -30.28482 -46.82335 45.19513
v -30.63484 -47.43861 45.07218
v -30.83657 -48.07142 45.0486
v -30.93738 -48.72537 45.05843
v -30.95443 -49.38834 45.00244
v -30.88987 -49.98906 44.82185
v -30.65028 -50.27797 44.35106
v -29.05913 -49.19891 41.78991
v -28.42165 -48.69417 41.31914
v -26.30801 -50.44646 41.66854
v -26.02446 -50.65053 42.71066
v -25.38204 -50.78307 40.11041
v -25.39304 -51.04938 41.46333
v -25.51349 -50.40736 38.82594
v -25.79285 -50.09833 37.65414
v -25.55244 -49.91565 36.39257
v -24.76026 -49.73577 36.10009
v -24.11198 -49.53848 35.95158
v -23.48751 -49.33108 35.86232
v -22.92221 -49.10024 35.82339
v -22.40005 -48.79544 35.8523
v -21.92453 -48.41076 35.98564
v -21.59978 -47.91398 36.19331
v -24.9966 -48.13344 45.37676
v -24.8715 -47.55624 45.57156
v -23.62829 -48.07298 45.1447
v -23.77729 -48.63195 44.88743
v -25.1676 -48.7403 45.14954
v -23.97042 -49.18397 44.42121
v -25.37503 -49.36547 44.87112
v -24.29041 -49.66885 43.8638
v -25.64547 -49.83979 44.28838
v -24.6752 -50.1599 43.26517
v -25.85462 -50.29438 43.55121
v -25.06524 -50.64966 42.45362
v -22.55414 -49.62276 36.78418
v -22.05327 -49.94306 38.0577
v -22.03061 -50.30636 39.48142
v -22.53955 -50.48006 40.94926
v -23.50346 -50.36954 42.24869
v -24.23977 -50.59411 39.52794
v -23.07109 -50.50851 39.07331
v -23.3436 -50.85716 40.17622
v -24.27105 -51.06223 40.83465
v -24.37228 -50.20863 38.25661
v -23.15353 -50.11209 37.8195
v -23.80498 -49.92325 36.77555
v -24.82834 -50.01789 37.16952
v -23.90328 -50.82062 41.62945
v -22.91278 -50.80372 40.54923
v -22.49884 -50.51305 39.17667
v -22.6502 -50.08358 37.90517
v -23.19732 -49.81826 36.75394
v -24.01828 -47.00073 25.26287
v -24.95428 -47.3714 25.50695
v -24.92524 -46.103 25.13686
v -25.61552 -46.53035 25.13611
v -26.18948 -47.09563 25.53106
v -26.22877 -46.73722 25.16022
v -24.67785 -45.50138 25.31782
v -23.71776 -46.52551 25.30318
v -25.32718 -47.88099 26.06837
v -26.36983 -47.48335 26.01085
v -27.3464 -47.51844 25.77181
v -27.12852 -47.06359 25.26748
v -26.87012 -46.46268 25.01517
v -26.38239 -45.88729 25.01369
v -25.8423 -45.27535 25.17355
v -25.66775 -44.46375 25.49558
v -22.40558 -50.04997 28.319
v -23.4775 -49.52707 27.02922
v -21.81184 -49.88778 27.57311
v -22.7792 -49.13957 26.51413
v -21.10498 -50.49409 28.66546
v -21.93205 -50.80724 29.0534
v -21.94722 -48.80482 26.1689
v -20.91233 -49.56762 27.14127
v -20.14285 -50.02015 28.4134
v -20.31253 -48.91215 26.85261
v -21.54432 -48.3132 26.00196
v -19.26191 -49.23537 28.18507
v -20.95659 -50.28007 32.06286
v -21.59828 -50.74219 31.57267
v -20.63005 -50.53743 31.03194
v -21.2136 -50.86475 30.9141
v -21.75598 -49.68127 33.20332
v -22.37371 -50.22709 32.65438
v -19.85481 -49.9444 31.25021
v -20.26155 -49.62218 32.51403
v -21.17906 -49.0107 33.73787
v -19.1923 -49.0974 31.66427
v -19.89686 -48.81965 33.18502
v -21.03294 -48.27589 34.41525
v -28.32091 -48.52504 32.79483
v -29.37832 -48.99146 31.98407
v -28.35104 -48.66926 31.42363
v -27.42987 -48.58517 31.55476
v -29.62348 -48.89927 30.74418
v -28.16667 -48.40377 30.65368
v -27.12416 -48.32473 30.59471
v -29.25035 -46.27417 26.12007
v -29.85512 -45.73767 27.07222
v -29.2818 -45.30025 26.48377
v -28.7675 -45.57444 25.90273
v -28.40784 -44.80505 26.02343
v -29.32991 -44.597 26.89224
v -30.14769 -44.78387 27.95956
v -30.31903 -43.65077 29.05617
v -29.46695 -43.62027 27.7079
v -28.21424 -43.87617 26.43475
v -30.21055 -42.54522 29.91098
v -29.33405 -42.52975 28.40541
v -28.10521 -42.81181 27.00735
v -31.46818 -45.18475 33.49378
v -30.84145 -45.93907 34.60281
v -30.92201 -44.18806 34.03143
v -30.25889 -44.97131 34.95537
v -31.74688 -46.63049 33.00832
v -31.20153 -47.09385 34.16541
v -31.61734 -48.25323 32.59034
v -31.11349 -48.16415 33.72725
v -31.55467 -44.4098 31.97385
v -31.14539 -43.33276 32.75848
v -31.71125 -45.99023 31.28855
v -31.59249 -47.77578 30.85468
v -30.20613 -47.65966 28.96474
v -29.61645 -47.66333 27.28144
v -28.80049 -47.90145 27.64366
v -28.98482 -47.6048 29.50031
v -28.56015 -47.94625 26.16294
v -27.67093 -48.06146 26.23847
v -27.36705 -48.14692 27.96149
v -26.67621 -47.89209 26.55912
v -27.75112 -47.46006 29.91039
v -26.04176 -48.19347 28.17989
v -25.68723 -48.18801 26.75604
v -26.67677 -47.70293 29.91929
v -24.80898 -48.88889 27.28391
v -25.61 -48.4719 28.36016
v -26.04665 -48.03551 29.54482
v -22.70245 -47.47168 25.51574
v -23.03065 -47.87599 25.56741
v -23.82977 -48.20118 25.89451
v -24.41447 -48.5163 26.42452
v -28.45427 -47.53437 25.68876
v -28.20806 -46.74295 25.24274
v -27.78695 -46.00455 25.19612
v -27.29643 -45.29226 25.26662
v -26.84979 -44.52228 25.50745
v -26.76881 -43.56749 26.0138
v -26.21403 -49.08911 33.50869
v -24.69522 -49.79734 33.3529
v -24.50221 -49.03465 34.10748
v -26.01308 -48.57298 34.25277
v -23.30798 -49.53065 33.53257
v -23.61291 -50.00828 33.09267
v -24.19906 -48.20735 34.69677
v -22.87489 -48.90056 34.08638
v -25.80218 -47.7725 34.88057
v -23.92096 -47.3151 35.13493
v -22.47481 -48.15619 34.69131
v -25.61587 -46.76963 35.27045
v -23.92979 -46.48637 35.41876
v -25.57412 -45.92691 35.53585
v -24.55145 -50.55997 31.49411
v -24.9636 -50.02698 30.13655
v -22.76185 -51.11114 29.68496
v -23.34689 -50.67162 28.93119
v -26.25957 -49.26865 32.33151
v -26.22265 -48.93161 31.21626
v -23.06026 -50.60338 32.0921
v -22.09245 -51.10622 30.78303
v -24.97169 -48.68038 29.53852
v -26.12675 -48.27971 30.45582
v -24.02566 -49.94926 28.38901
v -21.45932 -50.99108 30.14706
v -20.69205 -50.65314 29.91567
v -19.82305 -50.05988 29.87334
v -18.8955 -49.24245 29.92958
v -28.03389 -48.44196 33.70965
v -29.71549 -48.34432 33.67667
v -30.40726 -48.72684 33.10462
v -30.90386 -49.17314 32.19855
v -30.98762 -48.86309 30.71178
v -27.98022 -48.22959 34.35644
v -27.88821 -47.5401 35.07742
v -27.64353 -46.43017 35.54029
v -27.38214 -45.59958 35.75728
v -29.70235 -46.27489 35.44925
v -29.07697 -45.32969 35.5903
v -30.04964 -47.4231 34.92201
v -30.00738 -48.14931 34.24315
v -30.52294 -46.68613 28.59922
v -30.94181 -45.29346 29.39006
v -29.75316 -47.08541 26.79996
v -31.02849 -43.87649 30.45038
v -30.87902 -42.77545 31.39176
v -22.45321 -47.37244 35.18256
v 26.15183 -37.29397 75.0181
v 16.08768 -36.83094 80.35385
v 26.80216 -19.0901 45.74056
v -24.36862 -53.26932 -2.187855
v -16.6518 -55.30391 -13.90399
v -13.8208 -28.41481 -6.326286
v 0.7051946 -13.80485 47.06852
v 15.91289 -29.21303 -6.749168
v 19.41551 -56.43904 -13.81144
v 27.05405 -55.18936 -2.087844
v 31.50846 -57.21923 59.6274
v 29.50059 -47.46538 72.16311
v 36.01268 -53.26354 38.90219
v -31.83731 -55.46376 59.81526
v -29.83607 -46.05322 72.33471
v -30.49166 -61.96704 72.84537
v -25.4421 -85.05362 41.82019
v -35.2849 -50.49116 39.20304
v 29.6417 -62.98732 72.56757
v 26.12046 -86.5852 43.02006
v -25.28779 -18.1846 47.04122
v -1.991463 -85.63699 80.04507
v -25.33281 -88.4053 65.61836
v -17.51049 -84.35514 73.5743
v 15.21089 -84.70371 73.38985
v 23.36506 -89.01314 66.20761
v -16.3085 -36.40358 80.3018
v -26.27894 -36.13179 75.08426
v -22.71045 -61.62685 40.43578
v -19.11183 -67.69919 18.59073
v -20.51431 -67.77942 40.20412
v 21.31607 -69.34418 40.68077
v 21.31139 -69.52784 19.48367
v 23.49189 -63.39606 40.73525
v -11.22304 -56.22785 72.09424
v -11.79197 -52.00071 57.41046
v -21.47757 -57.53144 57.76416
v 21.41477 -58.76689 57.64722
v 12.00393 -52.69053 57.31542
v 10.3535 -56.65751 71.88589
v -22.64103 -57.71608 40.56925
v -13.9577 -52.36966 40.65569
v -19.09681 -54.85429 11.48228
v 21.3277 -56.53143 11.70349
v 14.96556 -53.46412 40.60078
v 23.45943 -59.49196 40.71128
v -16.06039 -83.20397 -15.45624
v 19.47291 -84.38638 -14.55439
v 26.27799 -71.9948 0.9921957
v -22.96376 -69.96032 -0.06117027
v 23.50033 -64.01143 79.49564
v -0.5027254 -62.30683 88.9959
v -24.86668 -63.3391 79.93244
v -0.3335427 -36.08998 88.67563
v -0.4522706 -38.7135 88.2832
v 16.09806 -39.98417 81.82043
v -16.71941 -39.7278 81.61666
v -18.44995 -66.59887 58.69812
v 0.3783636 -67.8159 40.02865
v -0.3561213 -67.75681 58.06333
v -0.07559493 -53.97525 57.50195
v 0.424319 -54.4024 40.32272
v -11.40514 -59.55117 74.35219
v -11.40773 -61.86302 73.60609
v -0.6385761 -61.63487 75.76277
v -0.5991297 -59.73586 76.46703
v 10.20501 -62.23568 73.37799
v 10.30399 -59.94691 74.13453
v 21.39116 -62.73027 57.91815
v 1.180337 -67.96044 18.56083
v 1.199988 -55.25687 11.18183
v -21.60022 -61.53786 57.98568
v 18.04469 -67.54133 58.70073
v -0.5197974 -57.15288 74.34259
v -41.50466407934187 -104 -8.11382658667398
v -43.51997042705036 -104 -11.064811417564037
v -43.69192128946566 -104 -11.378635051515557
v -45.1806463284688 -104 -14.044109764833719
v -46.20995290949637 -104 -17.791727678324918
v -46.2985710316678 -104 -22.66409387319492
v -45.1878510937256 -104 -28.35869791044667
v -44.25425852940095 -104 -30.64260287002629
v -42.89665680371206 -104 -34.14197668128815
v -40.46158157109941 -104 -39.39284816542711
v -38.343498788481945 -104 -43.73134770684187
v -37.045983621106096 -104 -45.97582962343985
v -36.08885937957158 -104 -47.65280655247733
v -33.312106606032 -104 -51.94766464391579
v -29.99543757391469 -104 -55.94363397219086
v -26.37572442985564 -104 -58.80024778680838
v -22.429680430985268 -104 -60.910497603427814
v -18.434800559781486 -104 -62.44134442852139
v -14.517448753361682 -104 -63.44605133653059
v -10.69645780642128 -104 -64.02317541270517
v -6.996716532046928 -104 -64.26936012740416
v -6.1689755465034946 -104 -64.2752938666858
v -3.2781702959935344 -104 -64.30405617749311
v 0.2953079501986952 -104 -64.28612463735686
v 3.86878818464242 -104 -64.30262839238475
v 6.587690142823319 -104 -64.27484072541098
v 7.587021226763037 -104 -64.26747656636987
v 11.287345440749194 -104 -64.02074202290605
v 15.111951114365747 -104 -63.44005292944415
v 19.036764806593386 -104 -62.43250371110774
v 23.04306868573727 -104 -60.899733621028574
v 27.00954288042806 -104 -58.78505566742233
v 30.669082997128974 -104 -55.91683641783881
v 34.05718534361431 -104 -51.89457630741304
v 36.922657329223256 -104 -47.56071872303947
v 37.514273500136554 -104 -46.55483690109046
v 39.27638470385386 -104 -43.600198791921216
v 41.499787725079464 -104 -39.20062350075679
v 44.08762778434757 -104 -33.87890725737143
v 45.01227155795581 -104 -31.631330569719875
v 46.59358647720766 -104 -28.007354118024246
v 47.914464824275804 -104 -22.19318433177838
v 48.016345468723436 -104 -17.077009529292905
v 47.95117060162264 -104 -16.76738247093369
v 47.22603827458614 -104 -13.100740329347373
v 45.778839747423795 -104 -9.896777387716785
v 43.9646277242024 -104 -6.707620814932175
v 41.7652243547163 -104 -3.5550986900310573
v 38.931445943031385 -104 -0.18102433702151055
v 35.93979528627514 -104 3.000287080521319
v 32.86600014610773 -104 6.0393342722028915
v 32.79274931974707 -104 6.107585635914198
v 29.94543662691324 -104 9.208873846126629
v 26.929702199727533 -104 12.455252792059623
v 23.699234413366913 -104 15.806516908660631
v 20.815000844344727 -104 18.77164583093743
v 20.230808347009337 -104 19.741506987619402
v 17.108439101057737 -104 24.42605562995855
v 13.651540622179185 -104 28.944373178655184
v 13.153914639127452 -104 29.43274470155087
v 13.068189521411169 -104 35.555905538287035
v 13.674180502567337 -104 41.99242481805338
v 13.6286907746943 -104 48.89116433294889
v 13.370592899425944 -104 50.80655186464469
v 12.554989638711382 -104 55.71518099825495
v 10.705959264409165 -104 59.56457887292792
v 10.68403759541876 -104 59.59050775168997
v 7.081058998952593 -104 62.20521281176605
v 3.79818807874597 -104 63.307133825592246
v 0.7698308532042563 -104 63.71955486216656
v -2.111595291945234 -104 63.82579769057048
v -5.036755779478787 -104 63.694204906730505
v -8.000494232837836 -104 63.09531270349551
v -10.983344193548383 -104 61.8920429625051
v -13.744794204195264 -104 59.30238721443729
v -13.988047783720651 -104 58.70125651203201
v -14.90414290418685 -104 55.32556726010535
v -14.498761425993555 -104 49.82641316086725
v -14.481893145381676 -104 49.65936991928996
v -10.863173409697186 -104 35.477468937938596
v -12.812939176004262 -104 42.308127536812876
v -9.391124397490255 -104 29.223436632341947
v -11.443489170211064 -104 25.289037007655832
v -13.031108832216551 -104 20.990869729320675
v -14.014828154588718 -104 20.002447387861817
v -17.086843197953073 -104 16.065317675354972
v -20.061079070463308 -104 11.93422011919804
v -22.668944075988733 -104 8.65140593841222
v -22.847609344496863 -104 8.473443040931343
v -25.898733771332882 -104 5.75818734025753
v -29.125215717519865 -104 3.1862453123621557
v -32.48993513711088 -104 0.5301846206842504
v -35.860669545761105 -104 -2.275629409595396
v -39.03039875426388 -104 -5.249184465213197
v -27.45626194169261 -104 -7.3197769291106765
v -28.7997995068316 -104 -9.287100149704049
v -28.914433415108466 -104 -9.496315905671729
v -29.906916774443893 -104 -11.273299047883835
v -30.59312116179561 -104 -13.7717109902113
v -30.652199909909893 -104 -17.019955120124635
v -29.91171995128176 -104 -20.8163578116258
v -29.28932490839866 -104 -22.338961118012215
v -28.384257091272737 -104 -24.67187699218679
v -26.760873602864297 -104 -28.172457981612766
v -25.348818414452655 -104 -31.064791009222606
v -24.483808302868756 -104 -32.5611122869546
v -23.84572547517908 -104 -33.679096906312914
v -21.99455695948603 -104 -36.542335633938556
v -19.783444271407824 -104 -39.206315186121934
v -17.370302175368458 -104 -41.110724395866946
v -14.739606176121539 -104 -42.51755760694657
v -12.076352928652351 -104 -43.53812215700896
v -9.464785057705814 -104 -44.20792676234842
v -6.917457759745548 -104 -44.592676146464804
v -4.450963576829313 -104 -44.75679928959746
v -3.899136253133691 -104 -44.76075511578522
v -1.9719327527937172 -104 -44.779929989656765
v 0.4103860780011024 -104 -44.76797562956593
v 2.792706234296919 -104 -44.77897813291786
v 4.605307539750851 -104 -44.76045302160201
v 5.27152826237733 -104 -44.755543582241266
v 7.738411071701434 -104 -44.59105388659873
v 10.288148187445804 -104 -44.203927824290794
v 12.904690648930895 -104 -43.53222834539986
v 15.575559901693486 -104 -42.51038161868041
v 18.219876031487345 -104 -41.100596316276246
v 20.659569442621287 -104 -39.18845014988723
v 22.918304340278176 -104 -36.50694340960339
v 24.82861899735081 -104 -33.617705020021006
v 25.223029777959674 -104 -32.947117138721666
v 26.39777058043788 -104 -30.9773583992755
v 27.88003926125495 -104 -28.044308205165883
v 29.605265967433684 -104 -24.49649737624231
v 30.22169514983918 -104 -22.998112917807937
v 31.275905096007076 -104 -20.58212861667752
v 32.15649066071918 -104 -16.706015425846942
v 32.224411090350934 -104 -13.29523222418996
v 32.180961178950405 -104 -13.088814185283816
v 31.69753962759273 -104 -10.64438609089294
v 30.732740609484505 -104 -8.508410796472546
v 29.523265927336908 -104 -6.38230641461614
v 28.056997014346173 -104 -4.280624998015395
v 26.16781140655623 -104 -2.0312420960090303
v 24.1733776353854 -104 0.0896321823528563
v 22.124180875273794 -104 2.115663643473904
v 22.075346991033353 -104 2.1611645526147756
v 20.17713852914413 -104 4.228690026089729
v 18.166648911020324 -104 6.392942656711726
v 16.013003720113247 -104 8.62711873444573
v 14.090181340765122 -104 10.60387134929693
v 13.700719675874863 -104 11.250445453751578
v 11.619140178573796 -104 14.373477881977678
v 9.314541192654763 -104 17.385689581108767
v 8.982790537286942 -104 17.711270596372557
v 8.925640458809418 -104 21.793377820863334
v 9.329634446246864 -104 26.084390674040893
v 9.299307960998174 -104 30.683550350637905
v 9.127242710819269 -104 31.960475371768435
v 8.583507203676227 -104 35.23289479417527
v 7.3508202874747495 -104 37.79916004395725
v 7.336205841481145 -104 37.816445963131954
v 4.9342201105037 -104 39.55958266984934
v 2.7456394970326192 -104 40.29419667906681
v 0.7267346800048098 -104 40.569144036783015
v -1.1942160834281836 -104 40.63997258905229
v -3.144323075117219 -104 40.552244066492314
v -5.120148710689918 -104 40.15298259766898
v -7.1087153511636165 -104 39.35080277034204
v -8.949682024928203 -104 37.6243656049635
v -9.111851077945127 -104 37.22361180335998
v -9.722581158255927 -104 34.97315230207554
v -9.452326839460397 -104 31.307049569250143
v -9.441081319052477 -104 31.195687408198612
v -7.028601495262818 -104 21.741086753964375
v -8.328445339467535 -104 26.294859153213896
v -6.047235487124865 -104 17.57173188356661
v -7.415478668938737 -104 14.948798800442532
v -8.473891776942395 -104 12.083353948219095
v -9.129704658523838 -104 11.424405720579855
v -11.17771468743341 -104 8.799652578908628
v -13.160538602440234 -104 6.0455875414706695
v -14.899115272790517 -104 3.857044754280122
v -15.018225451795937 -104 3.738402822626205
v -17.05230840301995 -104 1.92823235551033
v -19.203296367144606 -104 0.21360433691341374
v -21.44644264687195 -104 -1.5571027908718564
v -23.693598919305433 -104 -3.4276454777249543
v -25.806751724973946 -104 -5.410015514803488
v -13.407859804043346 -104 -6.525727271547374
v -14.079628586612841 -104 -7.50938888184406
v -14.136945540751274 -104 -7.6139967598279
v -14.633187220418987 -104 -8.502488330933954
v -14.976289414094847 -104 -9.751694302097686
v -15.005828788151987 -104 -11.375816367054352
v -14.635588808837921 -104 -13.274017712804936
v -14.324391287396372 -104 -14.035319365998143
v -13.87185737883341 -104 -15.20177730308543
v -13.06016563462919 -104 -16.95206779779842
v -12.354138040423368 -104 -18.39823431160334
v -11.921632984631419 -104 -19.146394950469332
v -11.602591570786581 -104 -19.70538726014849
v -10.677007312940056 -104 -21.137006623961312
v -9.571450968900953 -104 -22.468996400053
v -8.36487992088127 -104 -23.421201004925507
v -7.049531921257811 -104 -24.124617610465318
v -5.717905297523218 -104 -24.634899885496512
v -4.412121362049949 -104 -24.969802188166245
v -3.1384577130698155 -104 -25.162176880224436
v -1.905210621611698 -104 -25.244238451790764
v -1.629296959763887 -104 -25.246216364884646
v -0.6656952095939002 -104 -25.255803801820417
v 0.5254642058035096 -104 -25.249826621775
v 1.7166242839514179 -104 -25.255327873450963
v 2.622924936678384 -104 -25.24606531779304
v 2.9560352979916233 -104 -25.243610598112667
v 4.189476702653676 -104 -25.1613657502914
v 5.46434526052586 -104 -24.96780271913743
v 6.772616491268406 -104 -24.631952979691963
v 8.108051117649701 -104 -24.12102961633224
v 9.430209182546632 -104 -23.416136965130157
v 10.650055888113602 -104 -22.46006388193565
v 11.779423336942047 -104 -21.119310511793728
v 12.734580665478363 -104 -19.674691317002537
v 12.931786055782796 -104 -19.33939737635287
v 13.519156457021898 -104 -18.354518006629785
v 14.260290797430434 -104 -16.887992909574976
v 15.122904150519801 -104 -15.114087495113191
v 15.43111874172255 -104 -14.364895265896005
v 15.958223714806497 -104 -13.156903115330795
v 16.398516497162547 -104 -11.218846519915505
v 16.432476711978424 -104 -9.513454919087016
v 16.41075175627816 -104 -9.410245899633944
v 16.169040980599323 -104 -8.188031852438506
v 15.686641471545212 -104 -7.120044205228309
v 15.081904130471413 -104 -6.056992014300106
v 14.348769673976046 -104 -5.006151305999733
v 13.404176870081074 -104 -3.881459854996551
v 12.406959984495659 -104 -2.8210227158156074
v 11.382361604439856 -104 -1.8080069852550835
v 11.357944662319635 -104 -1.7852565306846477
v 10.408840431375024 -104 -0.7514937939471711
v 9.403595622313121 -104 0.33063252136382726
v 8.326773026859582 -104 1.4477205602308292
v 7.365361837185519 -104 2.4360968676564303
v 7.17063100474039 -104 2.7593839198837538
v 6.129841256089856 -104 4.320900133996803
v 4.97754176313034 -104 5.827005983562348
v 4.811666435446429 -104 5.989796491194243
v 4.783091396207667 -104 8.030850103439631
v 4.98508838992639 -104 10.17635653002841
v 4.969925147302045 -104 12.475936368326916
v 4.883892522212593 -104 13.114398878892182
v 4.612024768641072 -104 14.750608590095602
v 3.9956813105403333 -104 16.03374121498659
v 3.988374087543531 -104 16.042384174573943
v 2.7873812220548086 -104 16.913952527932636
v 1.693090915319268 -104 17.28125953254137
v 0.6836385068053632 -104 17.418733211399474
v -0.2768368749111334 -104 17.45414748753411
v -1.2518903707556512 -104 17.410283226254123
v -2.2398031885420004 -104 17.210652491842456
v -3.2340865087788497 -104 16.809562578178987
v -4.154569845661143 -104 15.946343995489716
v -4.235654372169606 -104 15.745967094687956
v -4.541019412325006 -104 14.620737344045736
v -4.405892252927241 -104 12.787685977633036
v -4.400269492723281 -104 12.73200489710727
v -3.1940295808284507 -104 8.004704569990151
v -3.8439515029308096 -104 10.281590769614912
v -2.7033465767594738 -104 