# Blender 5.1.2
# www.blender.org
mtllib head_openneck.mtl
o head
v -54.434708 -402.614319 -314.852081
v -60.395447 -402.614319 -299.154053
v -72.391304 -396.993622 -308.341095
v -63.978836 -402.614319 -294.982605
v -68.308594 -401.386353 -295.000275
v -273.530365 -16.200010 -175.077911
v -262.650848 -8.678110 -189.836456
v -260.406189 -26.729403 -202.684418
v -268.748840 -31.007563 -189.945496
v -242.787155 -24.774658 -225.418472
v -254.690125 -45.976933 -217.975174
v -252.051620 -19.695963 -211.031403
v -35.102554 130.964050 -326.906219
v -42.003487 126.310570 -321.301941
v -50.046906 134.971573 -324.229858
v -42.452442 141.850571 -328.914307
v -35.671848 73.153397 -311.028778
v -36.190048 65.879631 -313.964478
v -40.231243 67.379791 -304.644531
v -37.570934 71.402603 -307.779053
v -48.851292 67.275307 -289.982513
v -56.509136 61.567547 -281.706970
v -56.716515 67.430237 -278.554047
v -50.012680 73.788521 -286.676331
v -170.612717 56.913792 -250.465530
v -176.932526 61.494267 -242.542587
v -175.242294 63.154621 -243.319092
v -169.132523 58.515926 -250.550888
v -68.430695 41.225811 -282.182404
v -69.116844 46.920601 -277.775391
v -62.506695 48.320301 -283.703003
v -63.629719 44.481026 -285.114166
v -102.883301 -208.079758 -309.476593
v -92.232063 -202.504013 -322.648071
v -92.063042 -206.512268 -317.118317
v -99.160553 -207.199463 -311.983063
v -98.132797 -204.366333 -316.779114
v -106.300598 -197.660065 -316.792755
v -110.881386 -207.784149 -308.322968
v -113.517738 -208.820068 -307.703613
v -113.798943 -199.221008 -313.075104
v -77.421745 -235.215271 -341.596161
v -78.264946 -239.038361 -340.076935
v -87.477730 -228.714127 -327.357483
v -86.229118 -225.570877 -328.814911
v -88.969223 -186.698654 -340.356812
v -87.141777 -178.925766 -343.888641
v -77.082611 -173.951920 -353.403900
v -79.326996 -179.141861 -351.158966
v -93.270729 -208.629364 -315.571198
v -93.382408 -209.402039 -316.113586
v -99.502419 -208.850418 -311.582092
v -99.164185 -208.456589 -311.531158
v -306.471344 -126.840622 12.862476
v -307.334076 -114.901291 8.215234
v -303.045044 -128.040924 13.810150
v -303.943604 -129.855118 14.785642
v -329.869049 -95.406624 41.635059
v -330.457367 -93.321663 46.827118
v -330.132416 -88.839760 43.974209
v -330.182220 -90.632286 39.989681
v -319.529022 -115.207314 18.848419
v -320.697083 -105.210320 22.671850
v -318.146729 -106.589165 16.997782
v -317.916412 -112.489517 15.821148
v -312.533691 -92.543114 27.961712
v -310.087646 -88.554672 32.710217
v -318.410217 -68.442108 35.433048
v -314.683136 -75.341919 27.608637
v -322.959564 16.845478 46.712566
v -325.245148 3.625073 48.072781
v -321.656708 2.789258 55.756481
v -320.938477 11.367158 50.668869
v -330.472687 68.597542 95.347794
v -334.546021 71.606552 89.916183
v -333.559875 71.543716 77.353180
v -330.442902 69.449577 86.801216
v -332.908661 -53.787106 61.196617
v -335.545868 -56.685272 79.638557
v -318.593506 -66.587723 53.410748
v -323.741455 -75.087143 45.718376
v -339.324707 8.148377 69.769089
v -343.513245 7.746321 77.281410
v -335.003174 28.832550 82.398323
v -335.358826 25.207388 76.523598
v -355.977051 -46.447178 108.042381
v -358.266479 -36.511242 107.544334
v -353.349518 -55.166176 96.254539
v -351.584961 -55.950077 98.448631
v -361.808533 -10.796109 124.143135
v -361.851074 -11.222210 121.954025
v -360.308014 -21.566383 116.280251
v -357.505646 -30.818434 117.644424
v -330.794556 -90.709785 53.391319
v -331.906799 -83.478676 66.527115
v -332.562958 -76.391388 59.118622
v -330.759796 -85.352844 48.333126
v -349.109741 -44.356098 88.495850
v -344.672546 -59.066891 78.315971
v -349.449005 -53.041302 84.248810
v -311.379059 -102.170197 9.786339
v -311.895264 -111.120163 9.787605
v -312.101959 -105.120277 10.944555
v -314.583649 -92.667648 13.170140
v -314.773956 -86.713181 9.742789
v -312.727234 -95.061852 7.550931
v -320.805359 -37.935265 24.302919
v -318.782318 -43.491714 14.986319
v -318.629944 -56.250061 16.358356
v -321.656555 -49.010979 21.466623
v -316.167419 -72.981201 11.426599
v -320.869904 -68.782402 17.322662
v -316.021393 -63.448570 12.098430
v -320.949371 -87.393326 31.506317
v -327.644196 -89.179070 33.928616
v -326.464813 -88.898254 37.136547
v -313.872803 -97.093964 33.620434
v -326.811127 -29.311388 50.071144
v -320.965820 -39.496269 49.808163
v -321.166656 -44.006401 50.927628
v -325.751282 -32.535854 53.646358
v -350.904053 28.573460 119.282982
v -349.197296 32.259308 123.296776
v -347.341370 37.139263 117.074295
v -349.033447 32.799709 115.888596
v -353.905243 21.662474 108.159294
v -354.245361 15.339270 102.102699
v -357.139008 5.285405 104.083679
v -357.676117 12.851393 110.654343
v -331.496521 58.794121 89.358475
v -337.209778 53.256779 94.710342
v -336.241547 57.756767 97.602119
v -330.969360 60.133820 92.630646
v -340.530396 46.902786 100.468468
v -338.161346 52.369053 105.216644
v -150.122543 97.283737 -272.568634
v -150.780502 99.755714 -275.188812
v -139.245453 103.117622 -277.956055
v -139.663559 100.371407 -275.136993
v -68.188744 -402.614319 -269.645630
v -69.520958 -402.614319 -259.758972
v -90.469490 -396.337433 -240.432587
v -79.066422 -398.446899 -279.305878
v -94.251785 -394.135040 -257.346313
v -179.973328 75.377693 -247.598541
v -183.878143 68.593246 -242.083374
v -187.260681 69.607368 -241.067932
v -183.158981 76.800354 -248.764984
v -197.369888 70.487892 -236.825043
v -203.740265 71.188133 -233.471802
v -200.812943 80.592163 -243.088409
v -194.113266 78.055000 -245.445190
v -282.321228 -189.628601 -4.492891
v -284.047668 -182.336746 11.546036
v -288.657684 -167.648773 11.845986
v -286.516418 -175.887344 1.126524
v -69.527512 59.582237 -267.768311
v -68.361244 62.708115 -268.259766
v -67.020813 62.146740 -269.268372
v -68.872917 58.411098 -269.143860
v -67.939011 73.398605 -269.323730
v -64.828766 74.167984 -270.239563
v -64.121056 67.757515 -270.483704
v -66.533531 67.323425 -269.227386
v -32.637611 85.436966 -313.427582
v -28.477097 89.411972 -318.024933
v -30.554306 78.456367 -317.736664
v -32.935558 77.914696 -314.423187
v -68.563225 -201.371002 -343.625519
v -69.506348 -205.902512 -337.701263
v -81.216881 -206.882629 -325.616730
v -79.187592 -203.827454 -331.792999
v -251.637802 -271.085358 2.806982
v -252.484879 -271.716553 -18.798937
v -245.735123 -284.176086 -11.097641
v -246.665009 -281.802399 3.926006
v -311.323669 -4.705077 -30.235168
v -310.797668 -34.644257 -42.459385
v -312.530945 -35.613865 -22.370571
v -313.005157 -8.379671 -10.271419
v -250.777924 -298.919708 42.110477
v -251.093460 -315.064392 54.536278
v -254.466537 -298.914764 68.090759
v -254.583862 -291.050537 54.659733
v -94.179008 -212.712143 -316.810913
v -94.122635 -215.096512 -317.423279
v -100.769920 -211.186096 -311.149109
v -100.243500 -210.585449 -311.387695
v -97.497520 -218.835205 -315.128510
v -103.463799 -214.733917 -311.619385
v -101.634842 -212.201782 -310.873901
v -95.326889 -216.892014 -316.602814
v -85.802200 -222.623764 -328.836029
v -84.970528 -218.361801 -328.349884
v -84.699883 -220.974457 -329.645691
v -113.611496 -379.902313 -273.332520
v -92.316879 -390.559143 -290.425537
v -104.359573 -389.733368 -257.213135
v -112.463577 -385.223999 -257.567993
v -186.149307 -249.097153 254.785339
v -170.273331 -235.231293 285.756226
v -186.466827 -222.546112 272.563354
v -189.581558 -236.955688 253.705505
v -211.389191 296.974518 -141.228043
v -232.903320 293.918945 -104.697731
v -218.352097 320.937958 -103.324501
v -209.466400 313.411255 -130.142624
v -347.417297 -102.644707 90.215118
v -350.432831 -75.656456 110.217354
v -357.066772 -74.818558 106.193695
v -350.613556 -100.145508 87.087891
v -320.809570 22.622463 24.960304
v -318.807190 0.451464 26.431316
v -322.210693 -3.293910 29.024370
v -325.149384 21.838547 25.948248
v -325.380707 -64.774956 25.203547
v -322.959473 -80.268639 17.088533
v -324.343048 -75.752159 21.540667
v -321.356812 -96.250259 21.551706
v -321.670715 -88.305595 19.342133
v -318.789856 -91.224899 16.634863
v -318.578278 -99.147110 17.348606
v -356.699890 -49.503174 127.295425
v -361.800476 -49.330093 124.988373
v -343.790314 -74.463127 111.630104
v -349.354431 -50.437431 129.402771
v -315.825562 32.818939 22.633850
v -317.861816 42.789734 28.871954
v -316.832947 49.242287 37.968960
v -315.177002 42.987946 27.461914
v -325.519165 -98.346909 80.147980
v -319.221497 -93.283066 81.263847
v -322.791534 -83.541779 94.497849
v -329.488251 -87.806664 95.031784
v -341.623718 -107.700142 56.931770
v -347.154419 -102.738663 66.602951
v -340.813354 -94.306175 65.077393
v -331.868958 -99.469971 56.259094
v -333.220795 -111.940491 45.102066
v -330.987579 -113.724922 39.955608
v -334.092987 -125.648537 40.757008
v -336.833038 -123.462227 46.829746
v -326.813934 -104.105728 33.944069
v -326.454437 -111.860390 31.664970
v -328.978790 -113.942108 35.574966
v -327.842133 -107.087204 36.195465
v -297.095612 -140.568497 16.737080
v -292.743622 -154.613693 10.118882
v -294.252960 -146.888992 21.787323
v -296.448456 -140.579285 21.902481
v -308.523621 -139.410721 23.348700
v -309.579956 -141.293320 31.651680
v -317.366150 -140.787964 29.651855
v -315.405609 -138.187302 19.413218
v -340.848969 46.940109 42.913746
v -341.808960 62.981430 47.792850
v -336.758728 54.310738 39.466358
v -337.366028 44.596195 38.701691
v -329.193604 61.663059 38.126003
v -330.023895 43.208611 31.796286
v -333.873993 63.148239 40.522564
v -360.893402 -37.023186 116.009850
v -350.409027 -60.060383 98.339386
v -354.968689 -64.933990 96.516701
v -364.109375 -42.089493 116.171402
v -348.612579 36.423508 127.678001
v -352.050995 26.623857 127.535347
v -353.032227 30.831429 129.959488
v -339.913574 60.734951 66.362740
v -344.937897 59.178886 60.766399
v -342.044830 51.855679 56.442749
v -339.567200 54.767509 60.751686
v -344.848083 61.621170 54.235493
v -342.491913 49.874821 49.951405
v -358.707703 -39.277893 100.336540
v -354.552826 -55.487766 90.753586
v -332.235748 40.506912 85.795731
v -335.153381 45.843838 87.935974
v -331.109039 52.283073 83.778397
v -329.195190 47.764034 82.624252
v -337.025940 49.152122 91.550835
v -333.629242 53.799263 87.875610
v -336.694641 -69.286789 54.835075
v -341.602386 -69.949402 67.930458
v -340.457153 -62.435303 67.792984
v -330.593658 -18.934372 49.187130
v -332.103271 -15.912220 44.967575
v -324.515167 -27.779781 46.863544
v -320.495422 35.528221 67.599770
v -325.177734 30.457773 55.482353
v -329.826965 15.937469 55.480034
v -328.155670 27.415461 67.037666
v -211.711899 -227.162476 206.994781
v -203.215561 -250.197983 220.386673
v -200.384720 -233.727844 234.506927
v -206.837311 -226.259430 221.440109
v -94.992645 -95.038773 -320.301270
v -96.982681 -110.318108 -320.176727
v -107.222244 -110.530876 -316.845154
v -102.596062 -96.523689 -318.076233
v -80.446808 -90.011795 -335.664581
v -75.709007 -102.000404 -334.426270
v -85.308144 -92.083588 -326.476501
v -83.929726 -88.229836 -329.770752
v -170.040756 147.589783 -269.794617
v -171.263565 137.943237 -273.465942
v -190.277222 127.412201 -259.343964
v -190.619522 137.434769 -256.888916
v -39.752529 -107.293472 -364.650299
v -38.659901 -102.352463 -372.836975
v -31.606083 -105.245979 -372.850250
v -34.162281 -107.202148 -368.056610
v -44.388485 -92.191170 -385.665100
v -32.764080 -93.408386 -394.915863
v -35.400555 -97.424034 -383.895630
v -41.786392 -95.967346 -381.603333
v -177.191864 65.368156 -241.973190
v -179.154587 64.879829 -240.829895
v -178.237473 67.553497 -243.011749
v -176.665192 67.825378 -243.394974
v -62.639877 -60.962856 -384.842346
v -62.832287 -65.750755 -386.572632
v -68.514679 -68.411728 -377.346558
v -67.637527 -64.114822 -377.605804
v -322.706665 -115.668770 73.613510
v -316.889465 -119.958626 63.975849
v -318.763214 -109.445908 61.327309
v -321.891052 -106.390373 69.626892
v -261.746429 302.719635 -17.603359
v -249.442062 325.853424 -12.830359
v -241.260391 313.795502 -59.118961
v -251.425110 299.876251 -54.625473
v 73.028946 -402.614319 -310.395905
v 73.221024 -402.310822 -313.016571
v 75.972382 -402.614319 -296.242767
v 88.565163 -396.637451 -305.487152
v 77.757584 -402.614319 -292.971527
v 83.881165 -400.573761 -292.784729
v 252.874069 -22.168827 -212.378418
v 254.569565 -3.149539 -200.495010
v 266.915009 -9.455555 -184.815430
v 262.136108 -25.151678 -198.925827
v 247.189072 -42.158218 -227.476639
v 232.618607 -21.402020 -236.506134
v 242.740601 -15.690665 -222.234085
v 60.902493 153.377869 -326.853394
v 67.248184 145.513641 -327.946350
v 54.040730 136.841125 -326.165649
v 46.549309 142.645874 -327.553497
v 34.023266 66.075127 -309.115417
v 30.890104 64.848969 -316.959534
v 30.606352 72.453316 -314.210785
v 31.992874 70.550499 -311.537933
v 44.819527 79.075623 -291.874573
v 49.816780 71.961655 -284.853271
v 48.704327 65.303116 -286.620880
v 42.172489 71.655708 -294.087860
v 163.274353 55.492989 -262.760498
v 169.887283 60.483124 -255.698288
v 173.431458 54.887367 -253.579254
v 165.559769 49.535538 -261.269684
v 53.867157 46.105301 -291.987793
v 60.929634 44.980537 -285.744904
v 60.569683 38.559246 -289.997162
v 55.064087 42.035294 -293.298096
v 106.099823 -205.062592 -307.149811
v 104.763535 -204.254562 -309.382843
v 105.742081 -204.496811 -308.801910
v 101.820648 -198.631683 -320.561462
v 105.901268 -200.626083 -314.668579
v 105.032822 -201.810516 -313.915039
v 101.340645 -200.476318 -318.446198
v 115.689949 -204.544540 -308.729401
v 113.211586 -203.576447 -309.410278
v 108.876938 -193.776459 -317.660248
v 115.886803 -195.117554 -313.770660
v 98.911873 -213.254395 -319.028320
v 100.313126 -215.585495 -318.330170
v 92.489944 -226.523407 -330.200134
v 91.008789 -223.560196 -331.737244
v 72.539131 -173.677948 -359.252411
v 70.210350 -169.367264 -360.339417
v 82.504295 -173.885254 -351.635590
v 84.491081 -179.041443 -349.612762
v 96.918892 -205.789032 -318.279572
v 96.761848 -205.005341 -317.697388
v 295.112457 -118.608864 4.810844
v 300.049927 -105.339119 -0.598502
v 299.714996 -117.632492 3.356148
v 296.202301 -120.730492 5.577952
v 319.322449 -80.999847 28.977457
v 318.131134 -79.853790 33.237419
v 323.044067 -80.839378 35.991631
v 323.091766 -82.485809 32.020905
v 311.481415 -97.111809 9.720023
v 314.258026 -95.745056 15.149116
v 312.916565 -105.235794 11.955884
v 311.374817 -102.660500 8.915921
v 311.244110 -57.180679 31.479309
v 312.122070 -45.717392 40.935802
v 310.220459 -62.183357 27.283501
v 303.559265 -72.316696 20.206587
v 315.821014 9.264263 47.654545
v 319.254944 9.888733 39.550194
v 317.107941 22.859594 38.275127
v 315.248505 17.306431 42.678890
v 323.419708 68.774117 82.519707
v 322.013000 71.155540 65.953011
v 329.571411 76.413292 70.305275
v 326.217621 74.287071 79.926514
v 321.199921 -16.756266 55.487759
v 321.162170 -15.323380 61.745079
v 323.007751 -24.129429 66.547066
v 319.950958 -28.518908 57.544228
v 336.631561 28.432774 80.361923
v 338.294586 13.492263 69.680214
v 330.297882 34.174080 74.906120
v 328.521667 37.805218 80.198990
v 306.603516 -106.612358 47.072803
v 309.820526 -112.193825 57.252716
v 311.783112 -101.831192 54.382038
v 308.115875 -101.983879 49.473160
v 348.467377 -48.617420 90.053314
v 353.068787 -30.437531 101.724014
v 351.517487 -40.667843 102.511009
v 346.754303 -49.623768 92.445381
v 355.423676 -15.678911 110.392891
v 352.532867 -25.027250 111.747612
v 322.968353 -72.597054 36.267986
v 330.193146 -61.611530 47.643124
v 326.438660 -68.309715 51.639729
v 323.763763 -77.395752 40.461842
v 346.872467 -46.910915 79.748779
v 341.151642 -57.446987 71.928772
v 339.274780 -52.566566 71.651138
v 344.325928 -46.273861 77.731064
v 326.631042 -47.920010 54.505882
v 330.252777 -46.708378 73.474625
v 334.621307 -55.349869 60.767498
v 305.837982 -101.627602 1.464072
v 304.404938 -93.097824 1.210277
v 305.873566 -95.892242 2.424160
v 307.132172 -78.009354 1.482176
v 307.414185 -84.007957 4.677506
v 305.611389 -86.075035 -0.984053
v 311.929108 -48.180588 7.658112
v 311.974854 -35.780804 6.071257
v 314.213928 -30.416845 15.595067
v 314.892670 -41.223953 12.843695
v 314.214905 -60.267765 8.783443
v 309.723755 -64.447441 2.757212
v 309.163391 -55.163387 3.382897
v 303.507599 -86.810585 20.007101
v 301.859711 -81.604546 25.404680
v 299.840424 -88.814240 33.683811
v 305.931580 -89.594193 25.717539
v 322.774689 -13.342314 45.596336
v 321.912598 -15.128776 49.927883
v 315.917053 -29.415976 51.313187
v 322.502838 -25.771929 45.282604
v 314.065582 -36.865421 42.981586
v 312.752747 -47.988529 36.531788
v 343.176971 41.885128 111.003654
v 345.046112 37.118511 117.638588
v 346.350159 33.461971 113.350975
v 344.634766 37.634666 109.773834
v 356.200958 7.596915 106.540260
v 354.588013 0.336101 99.613121
v 352.479980 10.944239 97.597382
v 352.896973 18.209082 104.291733
v 332.134979 62.505802 90.852196
v 333.003387 58.106926 87.833588
v 327.526062 63.965046 82.261604
v 327.075470 65.399780 85.688744
v 337.042236 51.940464 106.223862
v 341.009338 44.852901 101.555626
v 336.290314 51.720764 93.538406
v 333.932312 57.059662 98.595200
v 340.557678 40.483723 92.156395
v 335.271027 47.169716 87.202538
v 145.510925 97.931480 -285.072021
v 154.834976 93.290192 -280.266785
v 152.895615 90.630890 -278.367096
v 144.456116 95.040520 -282.550018
v 75.578079 -402.614319 -263.724182
v 75.665154 -402.614319 -264.586487
v 91.539467 -396.949829 -277.567322
v 96.371162 -393.511353 -237.869400
v 102.284599 -391.652405 -255.387192
v 172.850143 74.388924 -260.326294
v 168.553833 81.625298 -267.262634
v 172.588593 83.352509 -268.020294
v 176.755783 76.132431 -261.459229
v 181.191849 77.808319 -260.989075
v 176.894638 84.981506 -268.274994
v 184.080414 88.397881 -267.750336
v 188.398178 80.595573 -258.985992
v 280.369843 -155.855255 5.065113
v 275.623260 -170.122665 5.323802
v 274.042816 -176.538681 -10.476379
v 278.292297 -163.492188 -5.409018
v 66.630844 62.696346 -272.421173
v 65.178185 62.513470 -273.240295
v 66.202637 66.286842 -273.775696
v 67.836052 66.180893 -273.221191
v 60.073425 73.413544 -276.518158
v 55.533638 75.642990 -280.338654
v 60.203888 82.963211 -280.921844
v 65.168617 80.844841 -278.269440
v 26.705460 78.093826 -319.802338
v 25.392790 89.489937 -320.091156
v 28.555054 85.361633 -316.178253
v 28.541233 77.389168 -316.984192
v 85.481125 -204.908051 -327.410675
v 74.240982 -204.890228 -338.203766
v 73.549141 -200.828247 -343.474030
v 83.590576 -202.544235 -332.729248
v 235.328278 -269.565796 -12.206244
v 242.975739 -256.601654 -21.284124
v 241.687790 -257.145721 0.702245
v 236.093048 -267.960022 2.573546
v 307.860962 -4.827796 -5.101487
v 307.139832 -29.275991 -16.543730
v 305.374084 -27.536928 -32.527790
v 306.379669 -1.012073 -20.345047
v 243.597748 -288.990570 68.235817
v 240.173904 -304.592499 55.655125
v 239.897629 -287.526917 42.329521
v 243.776642 -280.319824 54.343723
v 103.734703 -206.986938 -312.921478
v 97.751373 -211.554352 -319.870361
v 97.760674 -209.098526 -319.128662
v 103.291283 -206.442368 -313.120575
v 89.384361 -216.311737 -331.021362
v 90.398209 -220.602005 -331.690186
v 89.239105 -218.986969 -332.393066
v 111.821754 -387.458221 -255.185822
v 104.619247 -389.646667 -287.333557
v 122.475662 -378.660004 -270.094360
v 119.755394 -383.135986 -255.471222
v 182.221939 -219.920425 271.871643
v 166.347275 -233.062592 285.276886
v 181.474579 -246.200333 254.257263
v 184.854675 -233.942703 253.038101
v 223.541534 319.434357 -109.828651
v 237.488434 292.773590 -112.454247
v 218.171097 294.462982 -149.193069
v 215.957047 311.148499 -137.193985
v 347.144562 -88.928101 77.785072
v 354.415680 -63.971817 93.336708
v 350.992432 -68.515121 100.615440
v 344.080566 -93.199875 81.120384
v 324.702148 25.472578 19.873596
v 323.246826 2.403327 24.501644
v 316.481873 3.350101 19.779730
v 319.736267 27.937847 16.670551
v 318.779236 -76.976837 11.646779
v 315.216980 -79.614235 10.505828
v 316.302612 -71.375008 8.557252
v 316.568268 -66.617767 13.286498
v 309.071869 -92.584656 5.164198
v 311.998840 -82.406479 8.383145
v 312.054749 -90.032539 9.442102
v 351.811157 -43.640991 121.836304
v 344.467865 -69.173866 104.428314
v 356.785645 -43.358353 119.404045
v 333.023651 -42.863792 118.108330
v 329.319061 -65.599777 106.164513
v 337.868103 -67.895950 105.845787
v 344.661499 -44.592831 124.095894
v 311.994843 54.758259 29.180332
v 312.669067 48.662987 19.630529
v 310.406189 38.891499 13.281520
v 310.088776 48.784119 18.333740
v 325.186890 -63.574894 103.464180
v 322.033508 -62.640438 101.043190
v 316.525635 -76.516930 88.353325
v 323.085632 -80.895561 89.061531
v 323.948975 -82.930382 45.879673
v 325.916260 -76.309624 59.665497
v 335.077301 -87.065933 58.359283
v 324.996338 -91.743889 48.997498
v 326.765594 -116.546547 33.330036
v 323.589600 -104.878746 32.406315
v 325.844177 -103.495308 37.668404
v 329.655487 -114.918594 39.483639
v 321.577972 -104.634010 27.985350
v 319.093781 -102.304184 24.245358
v 319.623871 -95.138893 26.197813
v 320.442841 -98.094971 28.535816
v 286.113342 -135.955505 14.439321
v 284.556427 -143.170868 2.852285
v 288.873932 -129.797165 9.055414
v 288.253998 -129.775848 14.368917
v 316.896667 -120.525421 11.695720
v 319.392181 -124.488892 20.487152
v 312.004547 -131.998428 21.747187
v 311.005280 -129.259369 10.573080
v 332.001129 59.665546 30.634317
v 337.367676 68.071594 39.576939
v 335.857605 52.337231 34.663479
v 332.213440 50.129974 29.947113
v 332.092712 75.773842 39.545078
v 329.213074 68.430923 31.847542
v 348.230621 31.440968 121.809090
v 345.347137 41.512363 122.063126
v 349.753601 35.654289 124.183411
v 336.969482 57.278625 48.642570
v 340.262115 64.516396 53.032619
v 334.771454 67.491669 57.746498
v 334.295074 60.633213 52.766895
v 340.469360 66.627251 46.436672
v 337.432343 55.219135 42.079998
v 353.398224 -32.989941 94.473709
v 349.355438 -48.639721 84.482170
v 327.010925 57.381329 76.467590
v 329.615112 58.791954 80.780838
v 317.709473 52.161938 68.206490
v 325.054016 52.869839 75.212135
v 317.736237 -20.146923 34.789585
v 326.453491 -5.019228 32.820683
v 326.013916 -8.910131 36.538963
v 319.558502 -20.905123 38.274696
v 324.432739 21.508312 47.625938
v 320.087646 36.732201 48.407547
v 315.542480 41.029922 59.806416
v 323.181946 32.956089 59.125027
v 195.147034 -230.135391 233.666580
v 197.604797 -246.280853 219.690231
v 205.731781 -222.703369 205.848206
v 201.249130 -222.244110 220.394608
v 107.464149 -107.138695 -317.533630
v 97.170647 -107.528534 -320.105316
v 93.256653 -91.591621 -321.501587
v 101.501846 -93.010109 -319.105652
v 82.819191 -88.910637 -328.048553
v 75.242378 -100.380577 -334.571228
v 78.170807 -87.759941 -337.021667
v 80.971649 -85.149101 -331.384155
v 211.658371 126.025955 -252.029984
v 210.372437 119.107407 -255.747452
v 193.387390 132.719498 -272.085876
v 191.904800 141.733368 -269.996124
v 24.620756 -104.227409 -380.316559
v 24.467997 -101.284142 -385.715546
v 30.689236 -101.098862 -380.264526
v 29.706995 -103.045387 -377.668640
v 26.623665 -97.660301 -391.534302
v 32.697002 -92.792847 -395.023499
v 35.956276 -96.905243 -383.559662
v 31.518156 -98.453682 -384.545898
v 172.019791 63.993305 -254.142883
v 177.337051 58.344624 -250.724548
v 67.897484 -67.710518 -375.656128
v 62.620251 -65.070724 -384.483185
v 61.906887 -60.246399 -383.312195
v 66.716858 -63.362362 -376.251801
v 244.389481 313.503967 -65.473412
v 251.340256 326.184479 -18.144245
v 263.346771 303.334564 -23.765730
v 254.070374 299.921448 -61.459538
v 107.982628 -228.397217 -299.823517
v 44.525833 -91.719109 -384.632812
v 42.071087 -95.544289 -380.994965
v -26.214100 -98.163338 -391.390686
v -30.715393 -99.051994 -384.667572
v -29.616047 -101.804985 -380.234283
v -23.618542 -101.884850 -385.641663
v -23.359463 -104.946304 -380.131226
v -28.440002 -103.763466 -377.531921
v 33.670647 -109.374481 -366.860291
v 27.459284 -107.445808 -373.928741
v 32.728394 -104.446518 -373.148438
v 35.062084 -106.370712 -368.385345
v -308.031860 -130.979385 46.960094
v -305.802094 -127.633080 45.658722
v -306.635620 -120.856537 47.445667
v -310.647308 -122.259651 51.194817
v -282.277588 -167.571793 -63.996319
v -274.530396 -176.270279 -97.117302
v -272.153687 -197.751541 -94.576187
v -278.525330 -187.222473 -62.380127
v -214.132950 -389.221985 9.948142
v -214.612015 -368.265686 5.997661
v -201.317001 -371.236237 -12.188753
v -199.597290 -392.698029 -7.385361
v -235.471085 -402.614319 43.688122
v -241.342896 -402.614319 56.971386
v -235.475571 -383.976074 41.978580
v -242.941116 -402.614319 60.226086
v -243.578568 -381.632904 58.097324
v -256.487488 -270.665924 -71.483826
v -262.307800 -254.075607 -79.371185
v -256.952209 -263.151825 -103.352524
v -251.620163 -279.349030 -95.431755
v -298.383667 107.885773 -47.687416
v -301.640778 138.760986 -32.793804
v -286.795288 150.212158 -75.596680
v -283.674133 118.804214 -92.192322
v -315.738251 117.840950 91.014847
v -314.731323 108.158081 125.998940
v -307.923767 133.048782 144.733627
v -311.035309 145.557510 109.128555
v -271.795929 -180.886414 74.277359
v -279.157104 -158.427185 60.584167
v -274.733795 -179.270111 54.005608
v -267.630341 -207.576019 68.660110
v -282.381256 -141.213058 67.201363
v -275.646118 -162.967407 81.174179
v -267.575806 -183.064484 -121.618942
v -265.315125 -206.443726 -119.622490
v -265.590179 -244.580048 -56.141548
v -259.459229 -262.002472 -49.394779
v -36.426414 -348.140686 -364.697388
v -19.382519 -349.533539 -369.662323
v -19.435499 -370.046936 -365.317841
v -36.632057 -368.940552 -360.267120
v -56.262852 -366.129028 -351.955780
v -56.590244 -383.798859 -342.999725
v -76.768852 -375.839355 -333.426758
v -76.404251 -359.575745 -340.387024
v -4.149607 -350.581848 -372.008881
v -20.251940 -328.572174 -367.971405
v -5.554947 -329.780579 -370.760864
v -18.778664 -402.614319 -334.170197
v -27.144068 -402.614319 -331.223633
v -18.964733 -399.475098 -342.438416
v -35.723930 -402.614319 -328.482391
v -35.930405 -399.127869 -337.969452
v -54.516041 20.094530 -321.153870
v -56.021591 3.755650 -333.524597
v -66.667763 -6.258281 -324.005768
v -64.038101 11.011227 -313.181061
v -191.200958 -130.058182 -283.650665
v -212.931686 -135.292389 -261.082703
v -215.930817 -116.088501 -264.436188
v -191.873367 -111.434700 -287.389771
v -238.604004 -97.195160 -240.045715
v -255.445709 -96.521599 -211.482483
v -256.740601 -72.501663 -214.691895
v -239.452271 -74.572884 -241.473679
v -284.135712 -31.661352 -157.290192
v -285.403839 -0.253747 -145.876694
v -275.126587 4.582757 -164.261917
v -168.383301 -141.003189 -296.116882
v -168.229034 -159.603012 -292.382599
v -188.552536 -167.076904 -273.925049
v -190.325272 -148.342865 -278.609985
v -19.832777 18.552584 -386.105316
v -19.691986 38.620316 -369.576996
v -11.401786 42.676968 -371.865295
v -11.556680 21.539888 -389.299042
v -104.960823 298.137573 -243.713882
v -84.345963 302.567383 -250.800095
v -77.152946 278.256866 -263.725494
v -96.954254 275.359955 -257.179047
v -251.095612 -187.903595 -169.246170
v -239.425247 -185.698654 -196.738632
v -235.535950 -210.123611 -195.045364
v -247.666412 -212.396011 -168.161636
v -12.493216 -402.614319 -335.074860
v -3.147128 -402.614319 -336.298981
v -3.027040 -399.583893 -344.241364
v -159.275192 -340.070404 -248.529373
v -138.933701 -349.515869 -271.018097
v -137.266754 -362.611969 -260.120026
v -158.351074 -354.060791 -235.097275
v -151.446808 -372.044830 -151.683060
v -140.594528 -378.631653 -130.669891
v -159.196701 -370.024780 -112.856186
v -171.594467 -361.434814 -132.831223
v -20.718279 -15.069170 -413.932037
v -21.578526 -28.680685 -425.321014
v -31.700590 -32.440731 -416.995392
v -30.209129 -19.444038 -406.704376
v -92.044113 -69.765083 -324.415070
v -92.806831 -81.554184 -322.618530
v -104.995781 -90.616020 -317.703156
v -104.826263 -80.659599 -317.837280
v -118.599655 -211.625549 -306.405579
v -120.105011 -202.206894 -310.300934
v -59.989365 -102.634140 -357.087036
v -62.223129 -98.487091 -360.853455
v -59.192841 -97.515633 -366.021698
v -52.552723 -102.428108 -364.468597
v -40.277130 -116.746544 -359.383209
v -42.014645 -122.694199 -359.639862
v -51.273453 -123.632484 -352.250336
v -48.650188 -118.293198 -352.370270
v -12.750370 -106.924927 -389.443054
v -13.049265 -103.318192 -396.604919
v -6.247405 -105.119667 -401.093689
v -6.132617 -108.828011 -393.402985
v -69.718880 -120.488533 -337.540436
v -78.620407 -116.706512 -331.431580
v -76.600876 -108.346848 -331.829407
v -67.520218 -114.577538 -338.226044
v -34.769096 -62.829128 -428.504364
v -24.188456 -63.194157 -439.475983
v -24.083704 -71.670158 -437.135803
v -34.291119 -70.667175 -426.682159
v -104.211884 -287.328125 -313.788025
v -119.427101 -277.475800 -303.450745
v -112.926903 -260.902100 -308.285065
v -99.801949 -270.802673 -316.847595
v -121.556786 -190.997498 -314.886200
v -119.685249 -176.405090 -319.792145
v -111.710045 -173.312241 -324.597717
v -113.967087 -187.954742 -318.987732
v 0.183782 -128.608063 -378.204926
v 0.337112 -135.476624 -376.470612
v -8.380247 -134.545456 -376.502930
v -8.001224 -127.917038 -377.705261
v -29.011131 -4.031980 -393.416138
v -38.505165 -10.586973 -382.895020
v -37.636528 5.672804 -370.130676
v -28.422085 13.320022 -379.703308
v -80.784805 -70.676811 -344.515900
v -75.909187 -63.177467 -353.372955
v -74.709435 -65.332535 -358.906555
v -79.351662 -72.337128 -349.889374
v -13.346414 -114.439140 -380.270905
v -14.117633 -119.954292 -377.903534
v -19.305439 -119.299660 -375.350983
v -19.071716 -113.147560 -376.855225
v -12.964092 -110.409317 -383.869232
v -18.900114 -109.069267 -379.486786
v -18.369310 -105.805229 -384.304230
v -76.117188 -69.384193 -358.597961
v -73.747581 -65.449921 -362.179962
v -70.077637 -61.905281 -368.669342
v -71.908295 -65.613899 -367.684509
v -82.506027 -79.109810 -338.687225
v -80.050423 -78.259315 -346.451538
v -78.270058 -88.190804 -342.976013
v 2.134781 -157.523758 -380.170135
v 2.387809 -164.426376 -383.393097
v -10.393845 -162.769424 -382.822968
v -9.238415 -155.799866 -380.051788
v -88.105148 -112.285889 -325.020660
v -84.247406 -127.248459 -331.098114
v -93.762154 -126.385162 -325.183899
v -53.958656 -263.473145 -347.770233
v -54.947811 -256.896179 -351.380585
v -40.224247 -257.868469 -358.060608
v -38.936535 -264.897064 -353.729675
v -89.932793 -190.179016 -336.964050
v -97.687721 -197.149368 -324.672272
v -96.865692 -194.348755 -327.849762
v -61.780563 -54.320915 -378.536469
v -63.866306 -58.198521 -379.165894
v -68.826401 -59.261925 -368.029266
v -68.195801 -254.692581 -343.588531
v -67.962669 -260.963165 -340.287994
v -11.809731 -260.859009 -363.090149
v 1.129898 -261.284485 -363.370270
v 1.252460 -266.896729 -358.598724
v -11.407481 -266.977112 -358.404358
v -211.309418 123.338928 -239.662689
v -209.760483 115.464149 -244.544662
v -223.681168 98.802330 -224.793945
v -227.246857 103.863350 -217.200226
v -137.472122 238.442215 -247.801193
v -111.720558 246.665009 -260.525360
v -110.260040 222.673950 -273.898407
v -135.690292 215.554260 -261.508636
v -162.803238 204.411469 -245.663803
v -164.699127 184.589417 -253.867096
v -189.965668 171.035934 -235.162003
v -190.563660 190.130356 -226.539719
v -151.272461 145.291687 -284.245819
v -149.125076 155.694641 -282.122162
v -251.000336 92.655838 -172.913376
v -261.720612 100.365295 -148.501389
v -238.344376 128.990387 -183.811691
v -235.205963 116.756805 -195.662872
v -70.033684 125.540932 -308.728973
v -73.791237 119.886505 -301.805634
v -85.300392 123.475502 -301.294373
v -81.548569 129.565430 -307.922424
v -27.386913 58.884518 -337.687744
v -36.767773 49.867268 -329.054840
v -36.317680 57.924900 -320.789215
v -26.654211 67.084755 -329.814423
v -95.723572 -10.411781 -299.701935
v -102.782608 -28.756708 -306.531952
v -125.167389 -35.221775 -302.085876
v -117.441139 -17.485342 -295.559875
v -220.183914 10.970952 -226.845123
v -234.259201 -1.666759 -221.874756
v -238.622452 18.569412 -205.952988
v -227.497147 23.891375 -213.121155
v -18.876188 54.194172 -355.049561
v -28.552385 31.489872 -364.158844
v -28.150694 47.178425 -349.376465
v -152.796753 127.557442 -284.670746
v -169.986862 120.013664 -275.158020
v -171.276901 128.548508 -274.812500
v -152.549866 135.877640 -284.893036
v -186.409592 111.063721 -264.015747
v -189.836060 119.979454 -265.260254
v -219.916733 59.090351 -216.470703
v -217.318893 73.669983 -224.616745
v -210.653000 72.083145 -229.534836
v -212.858521 59.704109 -221.781235
v -169.583832 78.928978 -253.964905
v -163.797287 84.356064 -260.204956
v -162.414276 82.877655 -258.712341
v -167.891388 77.863983 -252.757111
v -157.046692 88.817497 -265.903198
v -149.271515 92.710777 -270.306976
v -148.420944 91.041702 -268.778870
v -155.877060 87.208969 -264.420441
v -158.810577 92.959854 -267.967072
v -160.269501 95.063049 -270.034515
v -140.411560 95.559654 -272.941681
v -129.883667 97.043564 -274.205872
v -130.132156 95.241287 -272.741333
v -140.257675 93.838829 -271.377777
v -127.961250 101.898399 -276.278900
v -126.633827 104.807983 -279.123596
v -113.380150 104.124153 -279.203156
v -115.621628 101.074936 -276.502197
v -106.429482 95.666542 -274.569977
v -118.009018 98.249977 -275.246552
v -103.053749 98.652863 -275.163605
v -85.150841 84.599998 -271.545258
v -95.828445 91.080658 -273.132690
v -91.143600 93.773445 -273.720428
v -80.592789 87.187103 -272.002380
v -87.205528 96.542389 -276.049377
v -76.270920 89.295212 -273.275909
v -71.200760 71.447899 -269.762878
v -76.554108 77.363388 -270.399719
v -72.894806 79.874504 -270.671844
v -68.945503 81.465408 -271.832520
v -72.066658 91.840630 -276.802063
v -65.027603 83.746109 -274.802856
v -184.943985 58.947113 -237.073227
v -180.885315 55.661510 -240.211609
v -185.523895 49.254364 -236.808777
v -190.563904 52.962872 -232.714157
v -116.593903 124.262390 -294.657043
v -136.266342 120.108101 -289.534363
v -135.717041 127.372345 -291.887177
v -114.842216 131.623627 -299.059906
v -165.198547 101.301361 -275.989746
v -163.449234 98.834267 -273.866241
v -173.727890 92.627777 -265.699799
v -177.111633 93.838951 -267.144623
v -145.631851 24.236052 -270.189728
v -169.696655 24.751387 -258.108856
v -165.577942 32.227448 -258.755798
v -143.094757 30.694250 -270.309845
v -97.375610 30.979458 -279.512115
v -118.517548 25.603525 -278.067291
v -116.905807 31.620760 -277.883179
v -96.154877 35.994774 -279.015961
v -68.164742 52.908096 -274.098907
v -71.145905 49.322388 -274.474945
v -72.329170 51.481213 -272.252197
v -69.832146 54.393703 -271.398193
v -116.181183 36.796776 -277.545349
v -141.152603 36.558544 -270.509613
v -139.009293 43.041527 -270.185791
v -116.080727 42.697483 -276.248657
v -76.280479 52.309128 -271.116333
v -73.165833 54.293476 -269.981720
v -75.340027 48.673405 -273.189758
v -70.873718 56.011555 -269.424438
v -71.027824 57.824821 -267.850800
v -60.846413 96.698975 -287.399139
v -57.650970 105.671204 -297.302094
v -52.067291 97.013870 -295.356842
v -55.712925 89.265984 -286.380341
v -66.394165 56.627014 -272.955505
v -67.436287 57.513344 -271.070740
v -64.410248 61.928589 -271.742310
v -64.830788 57.469444 -274.119232
v -99.808907 101.469337 -277.890015
v -63.448002 87.693352 -278.952240
v -59.285736 80.479584 -277.553070
v -61.519978 76.752144 -273.527771
v -115.418617 49.670494 -274.464081
v -115.586082 47.738682 -275.662018
v -138.414291 48.551266 -269.952637
v -137.892578 50.837612 -269.119415
v -75.966476 55.472321 -269.208130
v -82.368355 53.667717 -271.207489
v -82.451088 55.350956 -269.736023
v -76.159218 57.084206 -267.993073
v -71.462921 59.234516 -266.481140
v -72.278831 60.307869 -264.680573
v -71.322739 61.206940 -264.819794
v -70.423134 60.552925 -266.446808
v -174.118591 72.651917 -247.791702
v -172.186569 72.302376 -247.106720
v -174.776962 67.837410 -242.854385
v -13.790710 136.493347 -330.016479
v 0.655948 136.412277 -330.158600
v 0.243044 125.181747 -329.745392
v -11.549994 124.847343 -328.555450
v -86.713226 18.673943 -286.689209
v -84.387306 26.237318 -283.374054
v -74.021614 31.422243 -284.886658
v -75.112854 24.440577 -288.811371
v -62.003731 41.106110 -289.304016
v -54.798023 48.539028 -292.640442
v -52.933262 41.570549 -301.345093
v -60.739449 35.024693 -295.540100
v -61.682495 58.246101 -277.208527
v -55.430981 55.818295 -286.990631
v -61.632786 52.550652 -281.496552
v -38.631672 77.109970 -304.220551
v -41.987839 72.823479 -299.068085
v -44.012798 79.757980 -295.757935
v -40.816696 85.256599 -302.021179
v -74.806831 45.150490 -275.476471
v -81.829010 41.196278 -277.074371
v -81.643188 45.166092 -275.390594
v -73.853020 41.516460 -278.280182
v -73.706879 36.961277 -281.289703
v -92.645973 -208.301147 -313.645660
v -11.628331 -182.292007 -384.135193
v -23.927404 -181.679031 -381.037292
v -23.782885 -175.592407 -382.434692
v -11.793925 -176.554596 -385.142670
v -45.113960 -188.502289 -370.096649
v -44.959419 -183.209839 -372.570129
v -34.284664 -182.074905 -377.546326
v -34.331997 -187.559128 -375.097626
v -68.848610 -189.905518 -352.599976
v -69.103851 -184.941208 -355.930573
v -56.547897 -183.863861 -365.792053
v -56.552464 -188.671082 -363.065491
v -33.785843 -176.128128 -379.188812
v -39.917294 -168.348343 -376.867065
v -42.893578 -172.686600 -375.706329
v -54.474701 -174.777206 -369.195312
v -51.016907 -170.834335 -370.852051
v -81.495308 -190.811249 -342.723297
v -81.813530 -196.704239 -336.909363
v -44.527496 -198.753281 -361.947327
v -44.918961 -193.735336 -366.646362
v -33.450329 -192.787079 -372.072510
v -31.526718 -198.085785 -368.363586
v -68.303764 -195.337128 -348.697205
v -56.674992 -194.125885 -358.878784
v -57.693058 -200.222427 -352.659790
v -107.061966 -207.466934 -309.123169
v -103.770790 -201.907684 -315.394165
v -102.470619 -202.666687 -315.749115
v -102.819183 -204.671310 -313.600159
v -82.695450 -210.164215 -326.208160
v -82.505753 -208.821259 -325.030060
v -93.912354 -211.275009 -316.661407
v -83.927910 -213.973648 -328.011841
v -84.588509 -216.104858 -328.125671
v -74.242752 -221.625290 -341.874603
v -73.430634 -218.198074 -341.422607
v -61.979969 -219.639664 -352.668243
v -62.954380 -223.663101 -353.325195
v -19.425432 -213.140930 -373.699158
v -20.977934 -219.125870 -375.399780
v -34.836731 -218.156235 -370.951477
v -32.723743 -212.814850 -369.556366
v 1.803863 -227.334793 -378.755554
v 1.728280 -232.646240 -379.047821
v -10.374965 -231.717941 -378.605652
v -9.787477 -226.499405 -378.235565
v 1.536736 -237.860794 -378.915161
v -11.100531 -236.820190 -378.553528
v 1.095285 -256.450165 -368.972992
v -12.203380 -255.449844 -368.605743
v -22.652020 -165.548904 -382.659943
v -23.324663 -169.780716 -382.935028
v -33.231159 -170.672791 -379.953339
v -31.939159 -166.680252 -380.233215
v -7.549801 -208.634979 -373.591309
v 2.153290 -208.911316 -373.950836
v 2.094826 -214.914062 -376.127045
v -8.288865 -214.432465 -375.613220
v 2.266324 -205.467880 -372.020020
v -7.032883 -205.244614 -371.821503
v -31.074583 -207.885269 -367.642517
v -45.347939 -208.756027 -360.133392
v -44.301842 -205.792633 -358.840515
v -30.286974 -204.893646 -366.140900
v 2.310766 -203.622391 -369.731232
v -7.079404 -203.451553 -369.641510
v -58.996601 -210.564590 -350.004272
v -71.195549 -211.061386 -338.879944
v -70.542999 -208.926758 -337.716248
v -58.024559 -207.714035 -348.825958
v -55.534817 -240.799835 -360.558105
v -55.917728 -245.339172 -358.256165
v -68.179184 -243.891998 -349.575012
v -67.503799 -239.649445 -351.453644
v -26.690619 -242.966843 -374.564545
v -26.967213 -247.633133 -371.805511
v -41.726387 -245.462036 -366.592133
v -41.469757 -240.788620 -369.290771
v 1.076173 -247.206940 -376.766479
v 1.048137 -251.752991 -373.989105
v -12.444860 -250.490845 -373.570953
v -12.208570 -245.919418 -376.377869
v -57.390285 -204.245087 -347.941101
v -105.687195 -207.512573 -309.340332
v -104.790955 -208.200089 -309.117920
v -105.959854 -208.662415 -309.120911
v -93.454765 -210.251633 -316.615967
v -99.735741 -210.015594 -311.614166
v -99.725250 -209.346878 -311.550903
v -26.504623 -253.158081 -367.268280
v -41.127071 -251.241608 -362.798737
v -64.570763 -227.568497 -352.795868
v -52.678848 -227.718155 -362.760498
v -53.868965 -232.163132 -362.563385
v -65.561028 -231.611481 -352.853455
v -79.041374 -243.800858 -337.736511
v -68.353630 -249.159195 -346.811584
v -45.133575 55.853832 -303.269531
v -47.173088 61.378902 -295.891815
v -314.803223 -48.732441 123.871933
v -307.371826 -59.296844 103.007187
v -302.452850 -60.126732 107.152603
v -308.563568 -48.382751 124.149696
v -313.761047 19.883205 3.436126
v -315.715729 17.634312 16.959867
v -314.703094 41.353714 25.262144
v -313.819519 42.413563 16.076115
v -314.217957 64.188606 82.981262
v -314.257538 74.998840 92.190323
v -313.443146 79.043106 59.009640
v -313.579590 64.793190 58.471226
v -292.126678 -110.566879 66.329247
v -300.793579 -100.101028 60.496796
v -298.218506 -110.291702 53.834225
v -289.600952 -123.487122 59.599968
v -302.049011 -92.498360 70.627930
v -294.074799 -99.715530 75.866905
v -337.242676 -16.246315 135.948502
v -341.506348 -12.020559 132.555939
v -335.183289 -46.755684 122.297394
v -329.440857 -48.449799 123.190353
v -325.624939 -125.271034 63.041782
v -331.421082 -120.355087 70.668388
v -353.757690 -95.313637 82.772606
v -353.350037 -88.825745 79.797630
v -312.892334 -134.232498 47.738567
v -310.571320 -140.391739 40.431236
v -305.851959 -137.585358 40.982044
v -311.558899 -120.867569 9.441103
v -313.402405 -116.087257 9.373556
v -312.449097 -132.412888 13.494891
v -318.277802 -124.441887 11.349556
v -309.606781 -127.220085 11.207438
v -346.703461 -81.558167 81.952896
v -348.079987 -66.219604 92.028862
v -344.053497 -77.324791 83.926910
v -362.117737 -2.200735 120.933395
v -362.170990 -9.706652 115.504951
v -345.788147 42.937851 120.429871
v -346.249237 66.188980 111.952271
v -340.917084 66.764145 111.305687
v -341.209106 63.390076 114.920700
v -347.208038 60.000645 120.656441
v -326.415344 -38.591038 34.919357
v -326.281403 -37.854439 41.633938
v -323.314545 -27.064962 43.570896
v -321.782501 -26.183554 41.249630
v -312.338867 -78.231102 -3.669452
v -310.194366 -80.124390 -15.808692
v -305.714050 -98.790718 -14.814400
v -308.433746 -96.070091 -3.705458
v -327.706116 -64.945091 37.421902
v -327.668884 -64.930077 31.919151
v -322.050049 -73.175621 24.354309
v -320.503601 -71.394165 25.892683
v -317.292114 53.011147 61.267380
v -317.874420 57.116646 74.389854
v -317.086426 54.765034 76.589333
v -316.712189 53.029263 65.116875
v -335.687622 81.582710 62.006451
v -341.235046 88.152992 81.068886
v -336.838531 88.746887 84.674454
v -331.326508 82.537453 65.319695
v -327.113861 70.729042 113.853836
v -325.472748 76.518364 98.119202
v -328.546326 84.906021 93.833031
v -332.058075 81.317024 111.615158
v -361.648651 14.147275 146.900787
v -365.337891 -17.354269 141.464920
v -356.052277 -19.421921 143.178238
v -352.731415 10.983542 149.185013
v -331.836700 -7.495584 37.991882
v -332.450531 -11.751329 41.435997
v -334.955719 11.711643 40.807495
v -334.074585 14.045649 33.969543
v -367.667114 19.179550 130.726730
v -362.844879 38.856697 132.285233
v -358.995361 39.089867 129.476654
v -362.014526 24.151968 130.696075
v -352.946472 64.909210 95.834267
v -351.662109 67.476616 80.591171
v -341.096619 70.586571 85.231796
v -341.149811 72.272331 100.297630
v -327.444427 40.382256 49.190189
v -336.393616 45.292797 54.567223
v -336.252502 37.935909 45.938889
v -328.661682 28.651585 43.396568
v -353.782349 22.375092 122.653290
v -336.339600 37.259605 89.731674
v -339.645508 42.229561 94.579659
v -328.956848 -20.341690 53.769505
v -328.107269 -22.063231 57.836643
v -327.899506 -12.267109 53.578957
v -329.292725 -14.478050 51.635605
v -343.292419 -29.360529 93.764320
v -351.380493 -18.017242 95.241066
v -350.269470 -9.530726 92.428299
v -343.116913 -16.875978 91.622955
v -313.077850 -58.988808 -13.253897
v -314.786346 -59.326111 -1.021776
v -335.382477 12.752660 131.242096
v -332.817841 5.663357 133.938568
v -338.546875 10.894437 134.882477
v -333.514008 29.383682 132.296890
v -342.743134 -19.571329 132.448196
v -341.974457 -1.166433 135.869797
v -331.201050 -70.090820 109.153206
v -327.995483 -69.111259 106.721573
v -336.066528 -48.828445 122.126251
v -312.293427 -90.331207 82.861946
v -317.501709 -100.614792 69.468246
v -310.988892 -96.941521 70.335220
v -314.947357 -80.244789 95.293755
v -338.367859 -77.244034 71.529945
v -311.350525 -107.056587 54.479149
v -307.490875 -113.781242 48.796318
v -302.290619 -115.024940 47.620220
v -306.096100 -106.271759 53.205338
v -300.534546 -132.205002 33.197132
v -297.212311 -135.002747 30.625507
v -302.182190 -124.410774 42.050594
v -304.018372 -124.769676 42.846146
v -305.016785 -139.445511 33.178886
v -304.673401 -138.653519 26.761303
v -298.032104 -135.047256 24.993227
v -300.308929 -133.690872 25.491594
v -354.109680 -26.697802 97.198006
v -350.200439 -32.005951 93.151886
v -318.634430 -20.383667 22.711378
v -319.834839 -20.941294 29.791342
v -318.076691 -82.338615 13.013597
v -315.582123 -80.738846 11.321563
v -327.694855 -89.246162 25.065409
v -326.738831 -83.221931 23.606430
v -325.668427 -85.819992 20.317558
v -324.977722 -92.563789 23.667587
v -323.548889 -52.055637 24.468777
v -328.016937 -50.246269 31.684135
v -322.483856 64.181061 100.450302
v -323.807892 53.537487 109.754997
v -320.574249 47.245049 104.312347
v -321.380066 52.768879 100.602875
v -323.609558 45.046890 111.128723
v -321.033813 37.506027 117.878212
v -324.002289 -53.997860 47.346176
v -319.896881 -55.787556 44.578785
v -352.585327 25.704050 114.115852
v -349.156158 32.179600 110.829323
v -349.649506 28.855698 104.245148
v -323.865509 -11.544856 59.852772
v -332.119904 -5.954659 85.307327
v -334.759460 -16.779335 93.867760
v -338.879272 -5.103138 85.197540
v 9.892993 338.288116 -245.926392
v 11.422343 307.765106 -264.257904
v -15.096946 308.554016 -262.426056
v -18.190701 338.169922 -244.465302
v 12.347221 276.764984 -277.682861
v -11.598254 278.932495 -275.541779
v -72.953377 229.742676 -288.992554
v -75.642326 209.423950 -296.118286
v -95.579231 207.770203 -289.227417
v -91.977051 227.821976 -281.829132
v -14.164316 -99.798729 -404.714508
v -16.514484 -95.325676 -413.465942
v -8.313243 -96.063507 -420.620850
v -6.467457 -101.124016 -410.956177
v -13.035789 -63.403465 -445.424225
v -23.769592 -55.188828 -439.137665
v -12.539838 -54.785435 -444.586884
v -13.060031 -72.347816 -443.496735
v -7.360258 -121.382378 -380.041687
v -6.877087 -116.372734 -383.000092
v -8.776613 -147.635666 -377.123993
v -18.276764 -146.288177 -377.344391
v -17.209347 -140.007782 -376.082123
v -8.629578 -141.708862 -376.093689
v -19.960995 -88.275009 -423.758545
v -10.796576 -88.684715 -431.047028
v -1.611537 -36.618793 -437.699066
v -1.516567 -45.756966 -442.642700
v -12.185474 -46.091869 -441.479004
v -11.719998 -37.320683 -436.840820
v -12.838643 205.861801 -308.813049
v 8.536310 204.755035 -310.882172
v 6.565413 186.221497 -317.823547
v -14.501266 186.759094 -316.509491
v -0.474210 78.707581 -340.384338
v -1.664137 70.204018 -347.698395
v -9.139403 69.192566 -347.160645
v -7.739068 77.679787 -339.836426
v -6.995331 84.977913 -334.792938
v -15.371405 81.238243 -332.039093
v -15.411880 88.228592 -328.599823
v -7.079098 91.958313 -331.310547
v -7.578224 -201.282425 -370.439667
v 2.344826 -201.515671 -370.574158
v 2.511559 -187.851883 -383.185333
v 2.553899 -192.431305 -379.817139
v -10.658343 -192.060745 -378.739746
v -11.416257 -187.319885 -381.866608
v 2.450137 -197.292145 -375.498718
v -9.120817 -196.871292 -375.066162
v 2.377120 -168.775314 -385.322205
v 2.395141 -172.581711 -386.173889
v -11.471063 -171.133163 -385.183807
v -11.309572 -167.127228 -384.479126
v -75.363434 358.706635 -215.476425
v -50.609470 363.949493 -217.995255
v -45.660568 335.505676 -242.405685
v -69.004883 331.968170 -239.262558
v -36.536304 187.805984 -313.924561
v -39.283154 165.681229 -323.731964
v -63.302280 173.310333 -314.801727
v -58.493523 190.361588 -308.537018
v -53.357803 152.071594 -327.531738
v -60.997250 142.680328 -322.653839
v -75.125198 148.553024 -318.850372
v -69.466209 159.300873 -318.892731
v -65.476479 135.127029 -319.853943
v -79.234825 140.086273 -316.076843
v -110.978012 107.681213 -281.419922
v -108.042297 111.873978 -285.700867
v -93.670013 109.376610 -285.530273
v -96.276512 104.601410 -280.584564
v -77.811852 111.360649 -291.912842
v -81.029274 104.380005 -284.552582
v -89.509422 115.216682 -292.505646
v -193.805191 326.520020 -140.582474
v -200.907379 342.858826 -108.103806
v -179.262039 362.634979 -116.210968
v -171.162888 342.079468 -153.982437
v -134.458618 311.881409 -217.193344
v -141.658066 333.104706 -195.121140
v -119.396744 343.441620 -204.961731
v -111.969757 320.454620 -227.657883
v -79.295967 191.706024 -302.119263
v -99.922897 190.325226 -293.789673
v -95.319366 143.013702 -310.970276
v -96.826012 136.349228 -307.919464
v -115.121071 136.288681 -300.881714
v -113.556503 143.475708 -303.741516
v -103.851913 175.712921 -298.864288
v -83.428299 176.151047 -307.495148
v -87.586792 163.042465 -311.959900
v -107.271370 163.746323 -304.484253
v -137.298264 113.264862 -286.684143
v -119.071411 116.996895 -289.695953
v -152.030594 281.141754 -219.603561
v -178.636414 269.158600 -201.118805
v -184.905151 288.468536 -183.139511
v -159.166672 300.857544 -202.393387
v -121.202805 186.171860 -283.912506
v -124.751862 172.525238 -289.335846
v -146.326218 166.242661 -277.535370
v -143.501709 179.490921 -272.276184
v -162.671677 96.208679 -272.072052
v -152.046295 104.825172 -279.649658
v -152.366684 101.500580 -277.578705
v -153.542480 113.991730 -283.109375
v -154.568237 121.152130 -284.437988
v -152.542786 108.372360 -281.930725
v -118.876915 269.678070 -247.675919
v -144.128769 260.459625 -234.444534
v -204.925430 257.014282 -177.459869
v -209.636047 277.672943 -157.981766
v -166.299118 88.018616 -261.915009
v -168.396866 89.680870 -263.241913
v -171.932266 90.601509 -264.463776
v -175.313538 83.013344 -255.566116
v -179.072632 84.065369 -256.221741
v -168.969528 112.805161 -276.089722
v -183.645065 104.164864 -266.134125
v -58.179985 123.971466 -313.009430
v -51.613579 116.122993 -310.405273
v -54.893875 111.462921 -304.579834
v -61.738903 119.089523 -307.385529
v -47.246143 121.186714 -316.230682
v -54.121246 128.374268 -319.883148
v -64.895592 113.242409 -300.141052
v -68.226067 104.479271 -289.803528
v 2.231087 151.730865 -328.585999
v -14.967854 151.195099 -332.329865
v -260.196198 -251.133972 20.107340
v -269.896790 -225.932327 14.525273
v -269.166779 -231.809723 -6.376824
v -260.010986 -252.803650 -2.336770
v -315.078857 65.583740 117.539421
v -314.617584 52.450039 134.950836
v -313.412292 62.170116 154.445511
v -314.325012 77.709251 134.650970
v -303.539856 -22.866722 168.758118
v -306.495178 -21.143908 143.013992
v -303.825500 -45.380482 132.501343
v -299.473663 -47.552006 159.955429
v -308.238281 -0.315286 151.013321
v -305.367676 1.045839 174.891754
v -283.621094 -112.094368 119.959061
v -292.407135 -93.919899 93.977509
v -288.022034 -108.773460 81.369370
v -279.121185 -131.086548 105.034294
v -31.782412 226.238480 -298.884064
v -33.104389 252.646393 -285.274658
v -11.010074 251.191116 -288.277039
v -11.131237 225.103439 -301.745911
v -53.965527 253.399750 -281.496490
v -52.868649 228.634369 -295.669434
v -69.050186 -402.614319 -206.281296
v -66.627800 -402.614319 -190.926025
v -77.666267 -400.152191 -185.868088
v -69.755775 -402.614319 -224.149551
v -84.011398 -398.809235 -216.406342
v -195.192810 -339.124359 -182.635071
v -174.474655 -353.755524 -201.206360
v -169.221542 -361.355988 -186.688980
v -190.726135 -347.612335 -166.733948
v -194.699997 212.490158 -210.682785
v -220.950851 196.247849 -184.960449
v -225.737442 220.654526 -167.246277
v -200.414505 234.711761 -194.171570
v -63.259380 305.962646 -255.840622
v -57.109646 279.976562 -268.516296
v -252.930893 232.750885 -114.062881
v -273.376709 221.784439 -76.458740
v -272.879547 250.346649 -54.050743
v -254.437302 258.494019 -91.997108
v -54.910038 395.126068 -182.937332
v -81.049706 388.933594 -180.511353
v -245.774979 177.955185 -151.838837
v -216.904602 172.453033 -201.549408
v -242.464645 149.579086 -168.056351
v -213.613983 88.228630 -236.209290
v -224.513657 75.767448 -217.677307
v -217.256485 92.708977 -231.745514
v -207.398392 84.071365 -240.072754
v -227.672806 -311.529541 -139.674118
v -238.380219 -303.018738 -111.370590
v -243.827393 -289.062256 -122.982773
v -231.237427 -297.748108 -153.230759
v -28.891462 -161.256210 -380.119049
v -36.581581 -163.230026 -377.170929
v -34.050381 -155.828659 -376.408661
v -26.787975 -154.012375 -378.830658
v -105.609001 -184.627319 -324.604431
v -102.694382 -169.485855 -330.952972
v -92.892624 -163.861633 -338.854126
v -95.845535 -178.587830 -334.702606
v -36.993427 -134.897980 -367.896454
v -28.183971 -133.284897 -372.176575
v -29.862663 -139.971146 -373.391418
v -39.605576 -142.442856 -369.174774
v -126.352150 -205.554214 -307.464630
v -128.062103 -193.303452 -311.676880
v -254.929123 62.706718 -175.504456
v -244.051682 87.619995 -188.302811
v -238.143204 83.105476 -199.552460
v -247.223694 60.259094 -187.854385
v -261.527283 36.176777 -173.455307
v -271.019257 34.218025 -159.667618
v -263.361786 65.024849 -161.140686
v -204.817291 61.049191 -226.810898
v -198.531097 62.135654 -230.917801
v -229.115265 40.572918 -206.659027
v -239.729309 38.001930 -197.767792
v -238.215271 58.896671 -199.183716
v -229.263412 57.832726 -208.015335
v -317.783875 33.312469 122.652252
v -317.819733 18.867662 131.494232
v -313.661469 17.235374 137.232422
v -315.105988 32.561634 130.082336
v -306.904388 -75.603775 96.226967
v -302.193695 -74.846703 99.548378
v -279.695557 -176.327042 38.529644
v -287.064819 -157.366684 34.158699
v -285.080048 -171.691254 24.391857
v -278.516449 -191.051300 27.331411
v -319.530579 2.442323 136.703400
v -311.218170 0.158041 139.453308
v -299.796692 -107.453857 -48.848026
v -295.552551 -125.336861 -43.493065
v -298.791687 -119.622025 -24.263981
v -302.721741 -103.423180 -29.608208
v -303.526001 -4.909664 -88.902428
v -300.572571 24.497826 -78.810822
v -291.926453 25.931211 -112.725311
v -296.375763 -4.826217 -119.122383
v -201.904617 27.204935 -230.915131
v -209.549805 19.713797 -229.632721
v -216.188354 30.392370 -218.790970
v -208.701721 35.695477 -222.244232
v -201.698303 41.622620 -225.743469
v -203.911758 50.863972 -224.253433
v -198.273102 53.788811 -228.230881
v -195.692078 47.071152 -229.375076
v -300.817780 -87.922409 -74.727577
v -294.999084 -90.693405 -100.440498
v -287.234131 -113.766808 -99.214149
v -295.321381 -110.164955 -73.820305
v -81.303802 -33.659428 -322.163422
v -84.785789 -52.848278 -326.596588
v -99.037056 -61.630077 -317.808838
v -93.920135 -42.202419 -315.531738
v -136.149231 -75.102676 -311.122101
v -162.695404 -83.254677 -304.037506
v -158.445038 -61.989674 -301.953491
v -132.068741 -55.234158 -307.804413
v -70.818481 -39.071751 -340.113159
v -68.936806 -24.539633 -332.858978
v -86.089020 -77.727676 -330.657959
v -83.921288 -67.065559 -335.335327
v -72.622505 -78.205864 -367.229980
v -71.749611 -70.308815 -370.462036
v -69.033318 -75.584999 -375.204559
v -76.686081 -83.753960 -352.194580
v -77.305214 -75.258179 -355.718353
v -74.473412 -72.435936 -363.622406
v -74.980080 -80.626617 -359.786835
v -142.886398 -114.904350 -309.929871
v -119.424049 -107.739014 -314.955048
v -127.080879 -129.368958 -313.124756
v -145.969620 -133.721603 -307.352051
v -118.168434 -87.831825 -315.139404
v -138.814850 -94.726791 -311.602753
v -15.086745 -126.585510 -376.480225
v -20.402285 -126.182083 -374.645905
v -224.770004 -180.523331 -224.788681
v -220.793915 -204.169571 -221.993301
v -115.189873 -159.473755 -321.918640
v -109.337479 -142.503250 -322.084839
v -100.326431 -140.979507 -326.408112
v -106.624557 -156.695007 -326.690338
v -135.024857 -166.637085 -311.213898
v -136.560440 -183.863678 -309.354187
v -149.033310 -190.419952 -300.279419
v -149.849304 -171.973755 -302.206085
v -24.999430 -146.042160 -377.002625
v -23.371738 -139.324188 -375.384125
v -202.429184 -275.974518 -225.394699
v -216.403259 -291.074860 -195.701157
v -224.911972 -262.695892 -194.756485
v -211.403717 -254.727005 -219.875366
v -252.046722 -118.838783 -207.113327
v -235.310303 -118.258392 -237.939758
v -94.992989 -379.950592 -307.704956
v -115.796379 -370.104065 -287.089630
v -137.975052 -333.417664 -280.108337
v -157.172852 -322.515747 -260.885468
v -216.813736 -10.292420 -244.134857
v -227.177155 -29.492138 -245.149323
v -162.604752 38.584064 -259.677582
v -177.520340 44.113327 -246.460648
v -173.164658 50.893085 -248.741837
v -159.107300 45.531731 -260.316956
v -198.041672 12.516786 -243.727509
v -180.115768 9.008639 -258.359741
v -186.903839 -0.525180 -259.648193
v -207.716660 2.550276 -243.116928
v -157.535446 51.123310 -261.222412
v 12.607930 -371.816437 -367.181641
v 12.070211 -388.682312 -357.692871
v -3.569420 -388.076080 -357.703033
v -3.142447 -371.358398 -367.096954
v -162.075699 -215.181732 -286.690399
v -157.335419 -229.801117 -287.460846
v -173.290680 -243.666107 -270.090881
v -179.124481 -226.880066 -268.131805
v -150.243164 -303.299591 -275.024780
v -165.097473 -290.481140 -264.488281
v -154.398743 -272.658142 -279.106201
v -142.575500 -285.399048 -285.839142
v -166.202759 -11.186629 -276.236938
v -136.665161 -7.876772 -284.756287
v -144.396423 -23.126654 -290.624390
v -174.006592 -27.322557 -282.048157
v -167.270126 -179.079086 -289.292114
v -186.392014 -187.142853 -270.223694
v -216.028503 -71.158371 -268.370270
v -210.547867 -48.845558 -268.584839
v -181.158463 -46.942009 -287.140289
v -187.507446 -67.715393 -289.384338
v -54.498699 -324.954102 -353.216827
v -52.955681 -305.004669 -348.101532
v -36.145470 -307.612854 -356.206909
v -36.325714 -327.568848 -362.512390
v -70.196480 -301.026764 -337.378235
v -73.261185 -320.649323 -340.339844
v -154.438751 9.644404 -270.981049
v -160.221817 0.477999 -272.438232
v -174.619446 17.249788 -257.628906
v -191.276566 20.886873 -243.655472
v -149.907639 17.467110 -270.074799
v -48.155128 -19.379948 -369.598236
v -46.868389 -3.682326 -358.730743
v -53.788208 -53.720947 -395.880219
v -52.551529 -49.255451 -394.068481
v -45.001682 40.879566 -319.567383
v -44.762787 49.285259 -310.438507
v -78.227432 13.425029 -294.244568
v -69.759407 19.847679 -297.459381
v -73.859993 3.160445 -306.717010
v -83.403885 -4.738135 -303.309570
v -2.959738 59.197353 -358.351685
v -10.697568 57.932526 -357.864685
v -251.087051 36.650352 -186.552856
v -250.428040 13.997330 -195.000320
v -37.232384 38.000954 -341.324066
v -45.721710 28.445370 -331.900055
v -251.720078 -255.464859 -137.274231
v -255.183105 -234.053986 -140.335800
v -243.955200 -237.587875 -167.896301
v -237.781845 -263.408600 -168.877167
v -269.038147 -94.589745 -179.703812
v -272.023163 -67.426712 -183.018616
v -262.901794 -163.531921 -145.728302
v -266.875549 -140.819626 -146.844086
v -258.811188 -141.524429 -173.146332
v -254.512787 -164.175201 -170.693924
v -271.959930 -117.700996 -148.661774
v -264.174347 -118.463303 -176.232956
v -75.476028 -388.417542 -322.319946
v -37.761814 -274.525787 -351.037659
v -23.423666 -275.651642 -354.337616
v -22.293785 -290.464691 -355.741425
v -36.821350 -289.308594 -351.433716
v -84.162628 -278.203888 -326.941711
v -81.916977 -264.420837 -329.382294
v -67.613869 -269.859802 -337.728180
v -68.280930 -284.190063 -336.360565
v -96.875092 52.096558 -272.879517
v -96.906181 53.794849 -270.947723
v -82.885979 56.788868 -267.935760
v -102.325256 18.905142 -282.240631
v -105.548645 10.064187 -285.051941
v -82.903328 32.027390 -280.968964
v -99.815224 25.293774 -280.578400
v -10.618554 -276.127136 -355.862366
v -8.927257 -291.219482 -358.151154
v -22.804413 92.768883 -322.695679
v -29.370430 98.390198 -317.731079
v -23.314692 101.939774 -322.609985
v -60.240513 70.091667 -273.742279
v -60.634106 63.505791 -275.094177
v -38.201256 89.158516 -306.807251
v -41.556583 98.179520 -306.593658
v -37.551003 102.655624 -312.305939
v -34.465019 93.678566 -312.148956
v 0.428312 107.613464 -328.980835
v 0.570547 99.849319 -329.996124
v -7.277997 99.035851 -329.249298
v -8.190166 106.743469 -328.127838
v -24.439751 -93.787117 -405.788025
v -21.147348 -98.250908 -398.728333
v -44.906307 -56.550205 -413.961090
v -44.367661 -50.834007 -412.021576
v -33.836906 -48.761547 -426.489349
v -34.269444 -55.739513 -428.731598
v -66.342453 -110.216682 -340.655731
v -73.488472 -97.405327 -342.555939
v -66.846611 -104.634193 -344.547211
v -43.154358 -45.002804 -409.574127
v -32.462437 -41.546856 -423.705902
v -25.391960 80.869072 -322.662415
v -36.563129 116.191132 -319.344330
v -29.948084 120.109413 -323.477661
v -46.026764 107.358353 -308.153198
v -41.939995 112.127823 -314.081329
v -49.129871 102.640717 -302.243317
v -75.334923 -128.878204 -337.341797
v -80.945427 -139.127640 -338.461212
v -69.706139 -138.703354 -346.389282
v -75.563751 -148.426682 -347.566193
v -87.973999 -150.878021 -338.975159
v -97.863052 -199.302109 -322.650482
v -44.674683 -129.588669 -360.468567
v -55.081909 -130.581696 -352.841919
v -58.810200 -138.200775 -354.501068
v -64.011276 -147.023529 -355.633545
v -26.270199 -126.632668 -371.629456
v -34.687923 -127.821144 -366.923340
v -48.859665 -166.574677 -371.152344
v -46.117321 -159.464737 -371.054688
v -79.110634 -58.539623 -341.081177
v -70.904305 -48.867508 -349.460327
v -11.450871 3.314895 -403.804749
v -3.050168 4.332878 -404.417938
v -2.617585 -11.556743 -417.822296
v -11.479398 -12.573073 -417.314423
v -51.638329 -43.178257 -389.045074
v -61.038944 -49.656628 -373.961243
v -60.104836 -41.049435 -364.896393
v -49.749214 -32.673393 -380.795990
v -38.043488 -85.849838 -403.363037
v -42.308712 -78.208488 -409.211792
v -32.683044 -79.046242 -421.950256
v -28.942259 -86.729706 -415.221588
v -58.794991 -88.086090 -379.081818
v -61.772247 -80.521278 -382.936768
v -52.230633 -78.575874 -396.127991
v -48.267555 -85.909111 -391.480499
v -66.855980 -94.078468 -361.085571
v -71.232208 -86.502266 -363.880005
v -68.072777 -83.349411 -372.233856
v -64.904121 -90.733826 -369.017273
v -66.399551 -100.757088 -350.077942
v -73.151596 -92.811890 -350.065918
v -72.574570 -89.272949 -356.759308
v -66.949432 -97.396126 -355.009796
v -54.328682 -58.078629 -398.161194
v -62.758144 -72.719383 -385.720886
v -54.524685 -63.723400 -399.590088
v -54.006359 -70.915482 -398.810028
v -139.475800 -392.875702 -75.162994
v -155.874512 -386.486847 -60.188961
v -163.971130 -371.214630 -75.762383
v -147.719147 -378.932404 -92.593803
v -153.743469 -402.614319 -54.929958
v -147.875534 -402.614319 -61.364853
v -138.177063 -402.614319 -71.686867
v -178.485870 -275.937347 -254.918869
v -165.902863 -259.289551 -272.780670
v -173.956573 -309.408569 -247.181168
v -190.831451 -293.704468 -233.144623
v -178.117645 -342.465118 -215.336502
v -198.325333 -326.386200 -197.902130
v -151.222687 -243.186295 -288.959991
v -144.118134 -218.494095 -298.094696
v -139.515198 -230.061249 -297.735931
v -114.614319 -216.785858 -305.938019
v -118.912308 -221.415237 -304.382904
v -123.541359 -214.664078 -304.784210
v -192.292206 -358.104095 -40.412498
v -200.563858 -345.005035 -53.663078
v -188.636398 -352.034882 -74.913185
v -178.028412 -363.729401 -59.049366
v -212.845291 -332.950104 -109.389313
v -200.163406 -342.404236 -132.096878
v -188.673691 -350.899689 -114.166496
v -200.918579 -342.183624 -93.377884
v -208.443771 -333.384003 -148.374420
v -221.538589 -322.764374 -125.439415
v -156.818497 -402.614319 -51.403320
v -171.425079 -380.258789 -45.329311
v -168.440506 -402.614319 -38.921940
v -168.813202 -402.472260 -38.582775
v -274.035522 -138.538589 -123.529701
v -279.198334 -116.242775 -124.876480
v -245.036179 -294.223053 -84.510567
v -231.086243 -314.446136 -98.422867
v -237.356140 -306.143372 -71.638680
v -297.296204 51.629440 -69.357010
v -286.105286 59.330448 -109.275337
v -266.459381 -237.024628 -85.556015
v -260.697693 -246.307571 -109.717598
v -270.223541 -160.626785 -122.900383
v -297.116058 -34.797272 -125.074112
v -283.357788 -64.044670 -153.827713
v -292.896759 -63.155365 -127.505653
v -291.991730 -140.714569 -37.747204
v -290.231720 -130.663376 -70.120544
v -285.753235 -150.219864 -67.421638
v -216.505203 -350.074127 -0.542903
v -225.873077 -365.866058 22.958063
v -226.546005 -347.445984 17.537865
v -225.493378 -386.266174 25.913134
v -237.424606 -302.056213 -17.264826
v -233.489288 -308.725891 -36.034210
v -226.189041 -320.696716 -22.453222
v -232.033646 -315.483978 -4.231917
v -307.648438 -34.586536 -69.555756
v -308.067200 -2.329926 -57.473068
v -307.122589 25.913372 -44.321712
v -306.407867 51.610004 -29.933554
v -306.075531 74.325661 -17.682781
v -311.283203 71.557030 21.269154
v -312.332336 98.313232 34.393723
v -307.583954 100.153877 -3.716912
v -273.901215 -216.167862 -31.195377
v -280.503723 -191.516129 -26.051744
v -274.394562 -207.142990 -62.238487
v -270.224335 -226.364029 -60.786366
v -308.364807 -62.009495 -48.939507
v -305.036652 -62.887463 -74.815872
v -211.018112 -333.967529 -69.094246
v -211.060333 -339.216064 -31.315941
v -219.188034 -327.006134 -44.404156
v -246.053436 -361.689453 55.465195
v -249.784027 -355.215302 75.671356
v -251.558487 -334.202759 66.142723
v -246.277390 -342.191925 49.320332
v -251.460434 -278.158661 27.318773
v -244.750412 -291.084778 16.150286
v -244.250275 -306.584900 28.497440
v -277.943329 -202.099808 12.026992
v -276.378387 -209.877274 -7.233860
v -293.282043 -144.872742 -12.885069
v -297.455292 -134.620804 -1.362456
v -299.325775 -125.357422 -7.649229
v -295.892181 -132.790573 -18.929798
v -307.391754 -83.140907 -31.230326
v -311.002411 -60.158207 -28.874613
v -248.010849 -339.614716 97.024055
v -247.602570 -376.174683 78.764481
v -246.444931 -363.373932 106.186310
v -251.737625 -316.967834 84.315529
v -264.908295 -232.163925 58.079132
v -271.706665 -201.205856 45.655773
v -270.442596 -216.459015 32.168980
v -262.305389 -244.684067 40.702530
v -290.023682 -157.404037 22.779291
v -286.968903 -138.482224 52.932140
v -283.155273 -157.810104 46.398632
v -293.247437 -143.660461 32.055218
v -298.075531 -127.300377 40.279869
v -140.418091 -376.708282 -192.406769
v -116.536171 -386.800873 -220.885162
v -109.488091 -389.819336 -193.841019
v -131.634171 -380.791595 -172.880676
v -130.364746 -386.350708 -108.440430
v -121.746956 -385.832458 -149.891327
v -111.590233 -392.337982 -126.665932
v -131.707932 -240.447067 -299.175262
v -124.278412 -228.505798 -302.473663
v -117.055008 -237.756027 -305.674103
v -123.618553 -251.653488 -302.402588
v -154.224365 -364.437561 -222.700089
v -147.792511 -371.805054 -209.013840
v -109.133301 -222.846268 -308.084564
v -101.367607 -229.881790 -313.527527
v -104.094704 -237.114746 -312.887695
v -112.950592 -229.104980 -306.951569
v -110.733040 -212.695038 -307.451416
v -108.622215 -210.796875 -308.104553
v -106.293831 -217.679367 -309.472473
v -126.863205 -295.894012 -296.656799
v -109.732079 -306.578979 -310.434235
v -117.948044 -357.942352 -296.048828
v -117.970772 -343.194183 -301.441711
v -72.040146 -214.441879 -340.536804
v -82.561378 -212.132233 -328.142761
v -69.976128 -207.691513 -336.188965
v -82.118736 -208.028702 -323.974731
v -303.466949 171.071213 -15.238064
v -289.664154 181.388626 -57.129692
v -315.097870 89.436211 107.867584
v -314.466919 97.148987 72.402679
v -279.752899 -98.017891 161.266434
v -286.420227 -73.601814 175.976105
v -294.189697 -71.052956 148.864731
v -288.634827 -91.809731 134.904739
v -191.408279 -360.660187 233.331497
v -194.370209 -320.509766 229.383591
v -204.614197 -330.740143 208.819473
v -202.316498 -369.726562 213.559906
v -235.976532 -291.894501 141.068695
v -243.826050 -317.984100 118.965256
v -241.010330 -346.506805 132.893234
v -230.215042 -324.203461 156.526474
v -85.669151 418.012787 -137.038559
v -110.858368 407.630737 -134.618881
v -114.618546 432.159241 -83.301155
v -88.123581 444.091339 -84.734665
v -60.658215 409.067017 316.983643
v -62.710163 444.687927 253.475616
v -93.283958 438.280518 248.271561
v -90.945694 403.883728 311.593597
v -88.148483 360.765411 364.639526
v -116.926079 353.808716 356.437408
v -113.873749 305.415649 393.747162
v -85.998558 312.087585 401.794403
v -92.564697 472.691681 109.621872
v -121.480957 461.546997 105.706833
v -122.227257 450.969482 173.860733
v -93.289696 461.157928 180.285599
v -31.498833 484.648560 114.263382
v 0.148812 486.094482 114.684456
v 0.590333 487.420410 43.150227
v -31.051128 486.072784 42.700504
v -57.058510 210.487549 453.347626
v -57.289516 262.050629 434.408844
v -84.436325 258.966339 428.792786
v -83.230736 207.431320 447.520935
v -81.752907 154.235504 459.582733
v -106.775505 149.389114 450.817352
v -104.691971 95.128044 457.305237
v -79.715706 98.975220 466.471710
v -72.656570 -58.421970 447.297150
v -96.238770 -61.762394 437.760223
v -91.939514 -110.725952 415.088013
v -68.712265 -107.618073 423.140686
v -24.916542 -54.682571 458.785217
v -0.540684 -54.403061 460.442902
v -0.576993 -3.096947 474.783325
v -26.232801 -3.331571 473.171722
v -39.568542 -329.984680 328.218658
v -40.514950 -292.635071 331.957672
v -60.980732 -295.037964 328.640228
v -59.580757 -331.745636 325.664917
v -38.335472 -402.614319 324.334503
v -38.100971 -402.614319 324.325073
v -19.855556 -363.813873 325.748779
v -38.942127 -366.300171 326.377808
v -33.177254 -402.614319 324.372528
v -19.142427 -401.301971 324.549957
v -45.047417 -184.044907 369.981628
v -45.190418 -151.578796 395.200806
v -66.976730 -152.633331 393.241150
v -67.307457 -186.918961 367.638763
v -65.768463 -217.999054 348.765594
v -87.268425 -222.697556 342.453796
v -84.731567 -259.431610 329.110809
v -62.992638 -255.117172 336.326111
v -1.400548 -249.901520 336.880219
v -1.284073 -212.783752 349.889069
v -22.838867 -212.753067 351.181976
v -21.936155 -249.800476 338.701233
v -207.462997 360.199371 -65.043442
v -185.417618 382.385345 -70.385818
v -190.408127 319.400604 315.800720
v -211.774124 304.531158 299.865997
v -209.870621 263.546875 334.672119
v -188.549561 276.125610 351.730499
v -212.794250 338.765442 253.972229
v -191.004730 356.395538 268.091309
v -198.243713 407.377563 96.832649
v -220.995026 384.023102 93.936760
v -218.383209 378.507812 148.316650
v -195.638321 401.106873 155.037476
v -218.322311 383.123108 39.066319
v -195.613693 406.432587 38.432930
v -204.979340 172.092392 379.546051
v -202.044586 124.325180 392.362396
v -180.986435 131.531464 409.473114
v -183.877625 180.980026 396.942505
v -198.666733 75.714645 399.819275
v -177.486008 81.481400 417.052734
v -188.104950 -21.876942 395.240692
v -182.034698 -70.876694 382.044373
v -163.543823 -69.661377 398.192596
v -168.842422 -18.825066 412.099426
v -178.591995 -117.769455 359.343811
v -159.635406 -118.799835 374.609131
v -172.053848 -198.324097 309.635345
v -150.306732 -233.281403 306.762177
v -153.643784 -197.271225 326.293762
v -160.347336 -345.980652 273.609131
v -158.026657 -384.384338 279.760803
v -139.357437 -380.116302 294.755890
v -141.872421 -342.044037 289.034851
v -165.322617 -271.165375 275.257385
v -146.951004 -269.488861 292.789642
v -250.513077 296.779663 221.739838
v -253.186707 315.134644 174.925613
v -269.847992 287.584808 156.504471
v -266.629974 272.690186 201.164291
v -275.613373 300.875854 68.761421
v -288.216644 269.721680 50.012524
v -288.082031 265.231720 92.440178
v -273.810608 296.752686 112.582466
v -256.344116 331.355255 35.084984
v -270.786102 303.488434 26.406460
v -220.783661 116.645653 374.119812
v -223.716232 163.136887 361.554382
v -231.080994 288.440857 283.065948
v -228.892548 250.557358 316.976898
v -198.563873 -71.399467 361.799133
v -205.569366 -24.371140 374.249329
v -217.306702 69.094894 380.590576
v -194.526016 -115.437584 342.097809
v -188.130020 -195.953827 292.611908
v -180.060699 -312.477020 250.588455
v -162.854156 -307.772278 270.101288
v -182.923706 -273.727905 252.781784
v -312.046112 94.065224 155.338272
v -304.872009 117.011032 176.455109
v -226.518158 335.303558 -61.939045
v -310.140625 129.654388 10.606331
v -310.603851 161.592926 26.888556
v -255.946686 -76.489792 258.788971
v -243.297211 -75.379738 287.366699
v -251.442856 -34.910252 303.619293
v -264.092743 -38.691227 276.099426
v -284.776794 23.779501 261.968994
v -281.947937 -10.342292 255.939804
v -270.864105 -1.479741 286.783813
v -273.927185 36.891941 292.384369
v -276.696503 73.055267 287.718140
v -265.375702 88.248573 313.509521
v -268.665283 127.258636 300.636200
v -279.925262 109.216263 274.967407
v -224.842728 -197.033768 189.285355
v -216.038879 -202.993622 210.971359
v -221.616776 -176.108887 225.678604
v -231.486069 -168.550964 202.391754
v -278.160187 -76.305206 203.264206
v -270.092102 -103.303291 187.586456
v -218.670197 -306.379944 178.987213
v -214.457718 -343.914764 187.435898
v -209.220978 -294.205963 201.075150
v -301.527588 -125.604752 4.862263
v -299.325928 -133.901672 11.251772
v -301.938873 -120.664482 -1.215565
v -317.182373 6.127904 20.789312
v -314.367432 -12.045722 4.474305
v -316.003357 -16.949829 14.490381
v -369.949158 16.287407 137.555496
v -370.035126 -13.783152 132.396500
v -369.056366 -15.349328 136.442612
v -367.847839 15.724818 142.345245
v -330.998596 -129.811752 50.946602
v -329.622406 -134.839798 44.227081
v -320.560150 -135.551819 46.807835
v -322.364044 -130.081665 54.412682
v -362.151031 42.077766 144.015427
v -354.266144 41.209587 146.520889
v -349.085541 63.423763 141.063492
v -356.453369 63.207668 137.111954
v -322.749420 43.511036 29.181839
v -324.266754 60.845749 38.249237
v -347.285583 86.856880 102.349915
v -354.192963 78.687759 120.790695
v -349.070618 80.381104 124.490334
v -342.561951 87.297432 105.376961
v -334.527069 -94.888496 96.481079
v -335.321991 -72.164284 111.893547
v -340.497253 -99.656532 94.423798
v -328.450806 -136.389969 36.306431
v -330.703796 -125.197456 35.117981
v -318.541534 20.723793 23.952641
v -322.232086 74.180260 82.051880
v -318.815216 67.477463 67.785553
v -320.308502 70.818741 61.420105
v -324.250488 80.272278 76.012077
v -320.906952 59.282829 41.889362
v -318.547882 58.822922 48.877426
v -334.994934 71.752373 128.502975
v -341.690277 78.615906 127.090530
v -341.197632 56.703197 141.189087
v -318.287109 62.542648 72.636505
v -317.485168 57.671017 62.843929
v -320.710358 65.556183 86.168182
v -346.157440 -109.495300 70.755531
v -341.968323 -115.189514 61.259064
v -331.605591 -100.923454 49.148571
v -330.158325 -102.576492 43.527267
v -326.450012 -135.251968 27.304682
v -319.440491 -140.477173 39.164242
v -323.380157 -109.117424 27.474297
v -322.411469 -119.374756 23.933119
v -327.737885 -96.798706 32.364471
v -327.682343 -93.942001 28.374056
v -324.141083 -98.207512 27.054266
v -325.442535 -101.795532 30.411280
v -365.240204 39.469910 135.056030
v -369.449066 17.003284 133.977173
v -344.976074 86.504745 78.766129
v -339.700775 79.481491 60.364056
v -347.980957 64.689827 68.674133
v -351.620758 77.513786 77.739143
v -347.220917 71.063095 63.862080
v -361.309662 61.634605 133.120300
v -357.449280 76.802711 117.658401
v -363.447845 59.811069 129.708145
v -353.653381 82.329865 97.662323
v -359.253357 73.783020 114.726471
v -350.943329 85.315445 99.778839
v -355.610474 75.571602 95.944710
v -360.875092 66.761467 109.819885
v -353.217926 61.334888 108.769142
v -352.784851 56.419464 123.703072
v -360.395020 54.639252 123.170769
v -360.566376 10.447476 129.785217
v -356.147766 20.141342 130.379578
v -357.250061 14.059008 124.954819
v -360.643250 2.959047 125.275520
v -341.609589 64.781067 72.822922
v -322.208618 47.121048 75.499916
v -326.189941 66.360092 73.073158
v -331.692871 57.822113 57.572853
v -325.123657 45.166203 60.971344
v -337.318268 70.274361 101.727066
v -334.510498 64.515808 105.747871
v -357.031555 -11.282241 99.958199
v -358.768768 -22.927795 103.265472
v -353.292114 7.273386 96.189377
v -348.786621 -2.856015 89.593544
v -355.319824 -1.971548 97.653770
v -341.358887 23.116955 87.624031
v -346.433960 2.895717 84.419022
v -349.267578 15.879754 92.797775
v -328.456787 -90.821236 30.490509
v -325.777344 -85.962997 29.269426
v -330.734436 -8.011181 48.664505
v -330.557526 15.092841 42.195816
v -333.114563 3.369637 43.905220
v -322.309784 -37.158791 46.580513
v -333.230194 -47.406986 43.330643
v -332.230103 -51.101624 46.800560
v -329.668945 -92.683403 35.960140
v -329.098816 -93.530365 32.938267
v -122.979950 111.754585 -285.042908
v -125.501320 107.879387 -281.685242
v -149.000397 356.616608 -164.251877
v -126.695129 369.880859 -171.849457
v -21.992382 367.752899 -219.496277
v -25.208420 399.662476 -184.237946
v -134.077316 395.074219 -130.096741
v -139.041519 418.140533 -79.829460
v 2.451395 458.803040 -86.474243
v 4.046959 432.386871 -139.981033
v -27.798622 430.564301 -139.676971
v -29.310606 457.144196 -86.762115
v -119.511101 461.014313 38.526848
v -90.955681 473.213928 40.027657
v -143.068802 435.367798 -23.866066
v -167.826492 417.343445 -21.717573
v -171.928055 426.886932 37.669262
v -146.098953 445.670471 38.143654
v -271.308441 192.252335 -96.560692
v -250.197617 205.414490 -133.108002
v -290.565063 212.636185 -36.466591
v -287.984253 243.107513 -13.658569
v -232.931519 350.583588 -12.279524
v -238.151794 358.899353 39.307117
v -0.142738 473.530975 186.954117
v -31.731916 472.244904 186.446075
v -148.450287 446.556976 102.190590
v -147.883347 437.526825 166.648987
v -297.245819 237.303604 27.586672
v -299.168335 231.683884 69.299767
v -241.331192 358.823730 89.817566
v -238.293167 354.312775 140.273041
v -296.899689 224.132614 110.664047
v -306.451599 188.511475 88.254890
v -303.552979 178.365189 128.464706
v -293.463745 212.979294 151.568466
v -275.291229 196.791107 251.468460
v -278.301727 223.877884 217.326767
v -289.837341 195.747101 190.596115
v -286.620941 172.423111 224.798401
v -177.364197 -353.488831 253.953033
v -157.478668 -402.614319 281.230865
v -168.401932 -402.614319 267.975555
v -175.062469 -392.075531 259.427643
v -174.967117 -402.614319 260.469086
v -31.606054 448.200714 255.839737
v -30.456125 411.983246 318.972687
v -0.615570 315.716705 410.556671
v -0.616306 366.287537 373.231018
v -29.437012 366.213837 372.526245
v -29.239428 315.752197 410.112244
v -29.328588 263.276886 436.791626
v -29.460154 212.039627 456.166687
v -0.651500 105.354767 477.154114
v -0.659811 160.701218 469.749481
v -28.955101 160.111664 468.806091
v -27.846443 105.262238 476.140594
v -99.777794 -11.099446 451.319061
v -75.585739 -7.482332 461.184662
v -0.557013 -106.300713 429.948730
v -23.109167 -105.940643 429.627045
v -22.942781 -151.339752 395.181458
v -23.064423 -183.279343 369.354095
v -20.843771 -290.878265 330.463013
v -20.421497 -327.821686 326.951111
v -143.162094 344.094391 344.910797
v -140.399567 296.963135 382.007080
v -147.037628 416.316772 232.160263
v -170.478409 401.022827 222.603668
v -168.803452 371.150330 281.101349
v -144.949936 384.340485 294.170654
v -137.880249 246.326645 408.495605
v -163.572464 237.949066 394.040955
v -160.843201 188.583694 412.909668
v -135.160324 195.883652 427.209076
v -132.642395 144.055374 439.071472
v -129.967163 91.083824 445.663147
v -127.453224 37.194057 445.814087
v -151.671295 33.489128 432.390015
v -147.528641 -17.288050 426.017487
v -124.104607 -14.352796 439.380035
v -120.066811 -64.833725 425.830078
v -115.414680 -113.446884 403.855865
v -111.826881 -157.157913 377.598480
v -134.713409 -159.594299 364.135193
v -132.839066 -196.167282 340.561890
v -110.642738 -193.118149 353.234772
v -109.415199 -227.004562 333.013947
v -106.321609 -262.947601 319.487518
v -103.449043 -300.737518 312.119537
v -124.248016 -303.354584 300.347198
v -121.633537 -340.264587 301.841461
v -101.410645 -337.259766 311.871338
v -234.613632 341.039581 189.617065
v -232.065674 319.814789 238.734604
v -258.983307 180.827744 302.484985
v -243.953735 194.466553 323.165894
v -246.572464 234.962723 297.424683
v -261.882690 218.810669 275.089569
v -252.336990 99.943199 335.508148
v -255.482178 141.985031 322.790558
v -244.706161 13.719047 338.018219
v -229.737473 18.173178 358.193054
v -234.339935 63.544655 360.020142
v -248.989716 57.559605 340.667572
v -229.067413 -73.445526 314.852234
v -236.954239 -31.111677 328.857117
v -217.529922 -150.604782 272.312073
v -206.132416 -155.196854 295.908936
v -209.337433 -114.831299 321.010162
v -222.613815 -112.527069 296.790588
v -208.757050 -208.778290 231.227600
v -212.472977 -182.853561 249.780579
v -229.411896 -222.587692 164.489380
v -226.406311 -263.620789 164.397247
v -214.649231 -259.282135 192.416260
v -220.369568 -227.975494 184.510040
v -306.421539 53.979126 194.369934
v -303.147095 30.418236 202.241196
v -295.447021 42.441162 231.580566
v -298.174194 71.030342 222.573959
v -292.673309 -48.051903 188.887909
v -285.441772 -47.523819 217.547012
v -235.359314 -112.365013 267.964661
v -247.277679 -110.367271 240.117065
v -290.774963 -17.150928 227.302124
v -293.382141 13.857345 233.612091
v -268.481903 -145.528152 129.780960
v -264.871643 -166.428955 114.907684
v -250.745941 -182.043076 144.379471
v -256.153198 -156.344391 155.680237
v -80.553062 -402.614319 -140.868301
v -87.482452 -402.614319 -133.476822
v -91.874451 -397.576996 -143.996780
v -69.638908 -402.614319 -156.799133
v -70.066765 -402.101013 -158.177429
v -241.547012 -297.678925 -49.320374
v -244.619873 -289.480865 -29.810328
v -205.085434 -353.579803 -20.701015
v -68.832855 -180.608032 -358.228455
v -67.954155 -176.841293 -359.975647
v -55.794582 -179.046036 -367.815308
v -90.792252 -194.196640 -333.135284
v -80.138306 -182.130951 -349.194092
v -81.075935 -186.282761 -346.259399
v -22.425060 -224.330093 -376.285004
v -36.621578 -222.858841 -371.662323
v -38.322651 -227.311676 -371.819336
v -39.649708 -231.926453 -371.710510
v -90.674881 -239.535400 -323.871796
v -92.771568 -246.681290 -321.997192
v -99.071579 -223.848465 -314.614014
v -88.952301 -233.475388 -325.704498
v -85.217628 -170.560165 -346.180206
v -73.353210 -165.426529 -355.256561
v -147.487549 -205.547455 -298.662933
v -102.708519 -126.410446 -320.780853
v -119.178261 -144.725525 -317.799408
v -113.099831 -126.865158 -317.054840
v -127.199615 -179.246033 -315.330688
v -123.862137 -161.975113 -316.962250
v -243.657303 -162.247955 -199.391876
v -248.039948 -140.293716 -203.065033
v -231.975220 -138.055939 -233.758179
v -229.175232 -158.082764 -228.500732
v -83.070259 99.415657 -278.959991
v -313.235626 36.647739 145.441727
v -311.590118 43.985306 167.676300
v -316.255432 45.351986 118.338120
v -316.344421 56.296829 102.806496
v -284.577606 -172.957687 -30.107582
v -287.607605 -170.466171 -5.673164
v -290.231537 -158.784622 -10.137453
v -96.087868 40.446793 -278.059662
v -166.444809 170.018295 -260.605591
v -190.075119 156.425308 -242.868088
v -182.867538 64.781998 -239.886108
v -186.875366 62.746277 -237.523682
v -181.296799 68.234383 -242.477310
v -32.867596 -121.256866 -366.419525
v -32.240925 -115.352570 -366.099304
v -177.942368 74.484398 -247.725555
v -172.881470 81.585228 -254.957626
v -57.530659 -110.092789 -349.674805
v -58.362793 -106.359474 -353.497192
v -49.536755 -105.758926 -361.695068
v -47.723789 -109.216141 -358.091339
v -317.528442 52.463669 94.204094
v -315.550018 56.956997 78.419174
v -318.930359 52.747860 90.316742
v -218.951340 -402.614319 183.002594
v -213.383774 -402.614319 194.946442
v -213.175003 -381.998138 192.026398
v -226.741470 -402.614319 167.477203
v -226.700333 -396.820953 166.860016
v -242.164032 -234.023529 135.042908
v -245.374725 -259.895294 120.316101
v -235.016144 -189.711960 168.306595
v -242.282562 -211.804947 142.452148
v -87.565186 -98.128571 -324.111755
v -60.105648 -214.928452 -351.620026
v -99.445663 -208.298523 -310.820831
v -43.702293 -202.405380 -357.761169
v -29.936510 -201.512497 -364.748169
v 263.962311 -183.306625 -103.417412
v 266.942474 -163.025467 -106.456184
v 274.234711 -154.910019 -72.911865
v 270.383179 -173.222153 -70.234322
v 184.792557 -359.454773 -1.741690
v 200.135895 -357.093750 14.366216
v 200.071960 -379.152466 18.503481
v 183.578857 -382.086121 3.161860
v 226.352112 -402.614319 51.336918
v 225.464584 -402.614319 49.717117
v 224.461349 -375.241791 47.498428
v 233.855148 -400.568329 65.001549
v 233.625031 -373.561676 62.509510
v 252.054459 -243.019562 -105.989853
v 255.019913 -236.120178 -84.810135
v 249.320023 -252.748505 -74.919479
v 246.971283 -258.956238 -95.765495
v 284.973480 154.492447 -87.943520
v 298.903381 143.301819 -43.582661
v 294.529785 113.367836 -59.374779
v 280.540314 124.279198 -105.730202
v 305.183105 136.389755 139.435715
v 311.491821 111.941727 120.238907
v 312.524170 121.775894 84.169075
v 308.376495 149.043564 102.964462
v 266.054230 -169.486938 49.852085
v 268.714569 -152.100281 69.032051
v 266.054199 -169.486938 49.852089
v 262.576599 -190.637878 41.516087
v 274.417328 -131.857132 61.384285
v 268.714569 -152.100266 69.032043
v 260.857300 -169.054001 -130.447159
v 258.270325 -191.902908 -127.420128
v 257.534485 -227.619019 -61.911125
v 251.286377 -245.110168 -53.630314
v 43.038681 -370.244934 -363.725525
v 42.315750 -350.096863 -368.377991
v 58.198505 -348.528778 -362.949127
v 59.612068 -368.768341 -358.587860
v 93.472908 -376.465942 -330.018311
v 76.017403 -383.974854 -341.149200
v 76.083183 -365.941895 -349.786987
v 93.237183 -358.561218 -337.510468
v 39.087601 -329.055206 -367.039093
v 27.009581 -350.992981 -371.401337
v 23.766405 -330.150421 -370.387238
v 50.061188 -402.614319 -329.626007
v 42.122852 -402.614319 -333.076782
v 42.817440 -399.328003 -341.428467
v 57.519497 -402.614319 -326.865845
v 58.218136 -398.964844 -336.736908
v 71.773346 -402.614319 -313.498779
v 62.333977 -7.303770 -327.085388
v 51.306526 1.900140 -336.542938
v 48.998272 17.188049 -325.497620
v 59.068817 7.931014 -318.342621
v 209.254837 -110.925865 -273.673431
v 210.850983 -128.045105 -266.637451
v 189.070587 -123.169792 -288.906403
v 186.368973 -105.727531 -294.111145
v 250.553833 -67.321533 -223.481308
v 250.853775 -89.683540 -218.710754
v 230.402588 -93.233658 -251.323776
v 228.773315 -72.396370 -254.809296
v 277.877777 7.703506 -157.087372
v 277.712280 -23.632879 -167.353378
v 267.655548 11.837781 -174.998215
v 189.681244 -157.256851 -276.965729
v 169.175858 -151.998276 -294.584717
v 168.708405 -134.235062 -298.756470
v 190.383347 -139.724701 -282.601379
v 4.322355 42.709255 -371.889832
v 12.867535 38.806877 -369.396851
v 12.823534 19.015245 -386.376038
v 4.383293 21.946011 -389.318756
v 99.838409 270.788452 -268.752319
v 104.553871 296.305481 -255.550949
v 123.531914 291.517792 -249.285599
v 119.401489 266.293915 -262.003479
v 234.662094 -193.726868 -198.552994
v 238.142517 -169.891220 -202.337311
v 247.398117 -171.633057 -176.741959
v 244.322922 -195.706879 -173.474274
v 35.687023 -402.614319 -334.273438
v 26.824860 -402.614319 -336.168121
v 27.393261 -399.703125 -343.735352
v 144.922913 -360.209198 -257.398651
v 146.406097 -346.955688 -268.812195
v 165.516296 -335.624695 -247.080368
v 164.297516 -349.474182 -233.365891
v 146.339600 -359.331512 -101.636444
v 130.895172 -369.765686 -120.429466
v 146.891220 -364.476257 -145.123550
v 164.090988 -352.654724 -125.848396
v 27.749813 -31.766670 -416.773590
v 17.559660 -28.353125 -424.920715
v 15.817021 -14.956407 -413.702087
v 25.614216 -19.273279 -406.714783
v 103.255196 -86.762344 -319.234436
v 89.216301 -76.974945 -324.362762
v 87.492729 -64.808098 -326.349823
v 101.866600 -76.245552 -319.706970
v 121.881416 -197.620407 -310.925720
v 120.634590 -207.395432 -307.240692
v 59.034241 -96.924522 -365.724915
v 61.933140 -97.935394 -360.850311
v 59.950924 -102.207367 -357.323120
v 52.468452 -101.550407 -364.509735
v 51.879204 -122.531372 -352.708649
v 43.196590 -121.551392 -359.791901
v 41.079266 -115.696609 -359.664551
v 49.041664 -117.200249 -352.980804
v 7.360808 -105.021370 -401.168793
v 13.930823 -103.107056 -396.757843
v 13.627887 -106.592110 -389.476715
v 7.041984 -108.849030 -393.310089
v 76.936180 -107.004585 -331.490570
v 79.703026 -115.372772 -330.521851
v 70.906487 -119.794411 -336.964172
v 68.341827 -113.924606 -337.784668
v 21.162823 -71.133400 -437.449371
v 21.104641 -62.706028 -439.628906
v 31.895214 -61.728981 -429.208160
v 31.663944 -69.446213 -427.624817
v 118.513542 -257.452271 -309.796692
v 125.540359 -274.158447 -304.792847
v 112.230560 -284.808563 -314.888428
v 106.986229 -268.141907 -317.888092
v 113.764473 -170.397644 -324.104736
v 121.443649 -172.766800 -319.190002
v 122.829185 -186.859161 -315.018799
v 115.534966 -184.444092 -319.205505
v 9.849728 -135.045746 -376.049194
v 8.844969 -128.052811 -377.450958
v 32.785343 4.651995 -370.557526
v 34.054790 -11.181457 -383.549438
v 23.446026 -3.906945 -393.842743
v 22.236103 13.266389 -380.004456
v 72.300697 -63.752037 -359.278076
v 72.889984 -61.159168 -354.272400
v 77.119408 -67.734978 -346.419281
v 76.234467 -70.156281 -351.145782
v 21.024086 -118.871994 -375.146027
v 15.223846 -119.518852 -377.725037
v 14.411921 -114.048607 -380.184479
v 20.521612 -112.700813 -376.879333
v 20.192633 -108.585510 -379.608612
v 13.863692 -110.033020 -383.915497
v 19.471226 -105.244354 -384.440094
v 68.391029 -60.930294 -368.209534
v 71.653175 -64.121948 -362.204895
v 73.819870 -67.896957 -359.006592
v 70.308098 -64.615959 -367.132324
v 77.002922 -76.056396 -347.897797
v 79.076538 -75.984093 -340.353302
v 76.136368 -86.397545 -344.171753
v 16.198967 -162.223923 -382.365784
v 14.803935 -155.704590 -379.732117
v 85.839607 -125.601227 -330.129822
v 88.700645 -110.050949 -324.518494
v 94.816978 -123.948959 -324.637604
v 45.387627 -256.628845 -359.695312
v 61.161247 -255.304489 -352.954834
v 61.091370 -262.800446 -348.966797
v 45.502640 -264.480011 -354.610870
v 100.908035 -194.222595 -325.726105
v 93.627991 -189.227066 -336.900726
v 92.772934 -186.097839 -339.990265
v 100.108261 -191.913513 -328.562744
v 62.668137 -57.523170 -378.259613
v 60.292988 -53.756214 -378.069366
v 66.973053 -58.281208 -367.802582
v 74.583748 -252.975342 -345.560089
v 75.227707 -259.985107 -341.892639
v 14.102310 -260.484131 -363.813873
v 14.573775 -266.608887 -358.783966
v 222.595490 103.545090 -238.112320
v 226.317154 108.669594 -231.239410
v 133.262772 217.148346 -277.207092
v 135.528519 237.591080 -265.758759
v 155.097092 230.386780 -255.414856
v 152.128174 209.539917 -268.378632
v 193.797974 169.483871 -252.542313
v 169.500351 182.198578 -270.197479
v 172.647263 200.115189 -257.074219
v 197.099030 187.499390 -239.585480
v 134.436127 165.921631 -309.767181
v 132.345215 176.137161 -306.484711
v 149.525970 170.982605 -294.449219
v 149.737213 162.392426 -297.416809
v 238.161530 133.722900 -199.935608
v 258.397308 107.130875 -164.954422
v 248.019913 99.240135 -189.459457
v 234.564636 122.079208 -211.143784
v 92.072937 123.794769 -308.194946
v 78.903069 119.960411 -307.818726
v 77.782837 126.553116 -315.016418
v 91.107285 130.776764 -314.459351
v 31.102840 56.381031 -323.305206
v 31.619724 48.024803 -330.998322
v 22.903961 57.700287 -338.193909
v 22.874273 66.196609 -330.869110
v 121.726105 -33.900715 -305.909485
v 99.245857 -27.971146 -309.439972
v 91.807404 -11.193066 -303.419220
v 113.869621 -17.540586 -299.922668
v 229.104675 23.268625 -218.395660
v 223.064026 2.688033 -233.925232
v 209.957535 14.359187 -238.223450
v 218.646606 27.761271 -225.533615
v 22.546684 30.951632 -364.381256
v 13.028491 53.909168 -355.326233
v 22.627405 46.318340 -350.019989
v 173.481171 133.976807 -287.980896
v 172.665955 125.238754 -287.852051
v 154.154831 133.489853 -297.158417
v 154.201202 142.181763 -298.590088
v 190.010452 115.759018 -275.305664
v 192.726486 124.439728 -273.707672
v 206.527924 75.113434 -242.721420
v 214.147980 77.546577 -238.068161
v 213.552612 62.314552 -230.505249
v 205.577606 62.233257 -235.850967
v 157.163712 81.729774 -271.272736
v 155.560410 80.240959 -269.901245
v 149.278854 84.194084 -274.950836
v 150.657394 85.914757 -276.434021
v 143.320328 89.994095 -280.440430
v 142.329468 88.121788 -278.898712
v 134.276794 91.258186 -281.229950
v 134.668762 93.195656 -282.776306
v 123.169899 100.437218 -285.852631
v 124.292450 97.037796 -284.663177
v 112.943848 96.771759 -284.535583
v 111.059448 99.881767 -285.756775
v 122.417397 103.671021 -288.664307
v 109.506676 103.153038 -288.405884
v 98.676933 97.427017 -284.030273
v 101.729065 94.410042 -283.456360
v 91.014252 89.837547 -281.763641
v 86.806625 92.397552 -282.200623
v 82.986473 82.375275 -278.974091
v 84.345490 80.884758 -277.674072
v 77.150932 74.860016 -275.449432
v 75.715302 76.257751 -276.794067
v 76.900146 86.471573 -279.534149
v 72.442001 88.680565 -280.614960
v 83.174194 95.320648 -284.193268
v 64.357124 73.008652 -275.214203
v 69.104721 71.312057 -275.292542
v 62.165623 66.763519 -274.943024
v 68.097061 91.085838 -284.148987
v 79.630524 98.564011 -286.969727
v 122.034019 107.005363 -291.322571
v 135.360367 104.785721 -290.306274
v 134.556686 101.790695 -287.585571
v 178.910309 62.347153 -251.414444
v 175.222824 64.042465 -253.477600
v 135.425201 130.271606 -302.292786
v 134.874374 122.198944 -299.626312
v 119.490974 125.374023 -303.535492
v 119.449821 132.702332 -307.675018
v 170.378357 92.641403 -275.953644
v 176.533569 96.093620 -276.350739
v 138.433899 21.379526 -278.708832
v 112.602127 23.006790 -284.821869
v 110.838905 28.887165 -285.025055
v 136.004196 27.768650 -279.132233
v 90.119675 39.046814 -284.304230
v 90.341347 34.197495 -285.253204
v 75.629318 39.230701 -283.265991
v 76.249222 43.918331 -281.575623
v 62.988544 53.115280 -278.793121
v 60.371243 56.181190 -278.501068
v 63.862717 57.743027 -275.311554
v 66.076172 55.389549 -275.601074
v 134.150436 33.498631 -279.429047
v 132.075027 39.840313 -279.216461
v 151.474655 42.964722 -271.548401
v 154.792389 36.401512 -270.971252
v 69.604271 47.476940 -279.839874
v 71.736496 51.707451 -277.350983
v 78.129784 48.701622 -279.745331
v 68.580582 53.728344 -276.161835
v 66.137840 50.356133 -279.144257
v 52.862019 79.550430 -284.152985
v 49.656044 88.410934 -292.564545
v 58.385502 66.755974 -276.968384
v 57.731876 60.611263 -278.676819
v 52.801353 61.783527 -282.764496
v 53.555176 68.751656 -280.965057
v 96.018288 100.359131 -286.719299
v 93.264397 103.778564 -289.019806
v 59.126347 89.049805 -286.445282
v 109.400726 48.929176 -280.220337
v 130.607819 48.999405 -277.263397
v 131.225006 47.374542 -278.345062
v 109.558708 47.254574 -281.783600
v 72.759140 56.987583 -273.892853
v 73.057503 58.134918 -272.472717
v 78.656349 56.456482 -274.262329
v 78.435814 55.036766 -275.883514
v 67.620270 57.257996 -273.699677
v 66.091927 59.524479 -272.935547
v 67.165710 60.334660 -271.847687
v 68.343506 58.909950 -272.039185
v 162.735855 76.886063 -265.617554
v 167.157364 71.415260 -260.226044
v 165.190247 70.937744 -259.479858
v 160.982788 75.831558 -264.467102
v 15.074596 136.625778 -331.080780
v 12.143909 125.273811 -330.070770
v 67.882828 27.440826 -291.563019
v 79.439552 22.576218 -289.608429
v 82.141487 15.174369 -292.626343
v 69.937393 20.106476 -295.141663
v 45.584797 39.117153 -308.179443
v 46.989540 46.233944 -300.308990
v 53.734413 38.368412 -297.358154
v 53.531673 31.780203 -302.951294
v 46.893223 53.339157 -295.191742
v 47.951283 59.175251 -290.024017
v 52.697025 55.996181 -285.514465
v 52.755363 50.274799 -289.856720
v 37.749355 78.748650 -301.334381
v 35.466972 71.604065 -304.589508
v 33.050724 76.467728 -308.498688
v 35.459301 84.873611 -306.537231
v 67.934006 43.337830 -282.494507
v 63.946953 47.522968 -282.015869
v 66.833160 39.094006 -285.160767
v 66.790543 33.793930 -288.399048
v 96.061722 -204.628540 -315.742035
v 102.181419 -204.305405 -311.086243
v 31.098469 -174.362747 -381.357941
v 31.067146 -180.405014 -380.123779
v 17.495518 -181.699295 -383.635681
v 17.796638 -175.926285 -384.557281
v 41.708118 -180.430832 -376.400543
v 52.013920 -182.016556 -371.316284
v 51.939400 -187.388367 -369.082855
v 41.575180 -185.958115 -374.034088
v 63.095501 -183.244217 -364.146118
v 74.839249 -184.869247 -354.207184
v 74.334480 -189.943344 -351.258057
v 62.794659 -188.216125 -361.842041
v 41.405151 -174.559647 -377.941467
v 56.002941 -165.483505 -369.367340
v 58.210075 -169.818420 -368.911041
v 86.058876 -190.735596 -341.950623
v 86.147148 -196.089523 -336.892944
v 40.446346 -191.268936 -371.153229
v 51.438145 -192.748123 -365.869141
v 50.701904 -197.879242 -361.484039
v 38.092861 -196.739594 -367.678772
v 62.529556 -193.691681 -358.039764
v 73.609619 -195.212204 -347.882751
v 63.254765 -199.381668 -352.262726
v 86.934723 -208.077240 -328.311646
v 86.682808 -206.686523 -327.163086
v 88.262764 -211.905518 -330.307526
v 97.472878 -207.652985 -318.925659
v 88.936600 -214.050385 -330.653046
v 67.127800 -217.473953 -354.095886
v 78.110031 -216.159302 -343.127960
v 78.991951 -219.278091 -343.737091
v 68.156898 -221.389114 -354.959137
v 39.003284 -217.059341 -371.755646
v 24.663042 -218.519089 -375.729431
v 23.895775 -212.485214 -373.825378
v 37.529156 -211.674759 -369.896942
v 13.227592 -231.544739 -378.945801
v 12.987370 -226.246841 -378.511047
v 102.326210 -205.863205 -310.118805
v 13.362925 -236.598480 -378.957947
v 13.884379 -255.174103 -369.436523
v 47.657715 -166.882980 -375.387390
v 50.480156 -171.326065 -374.151917
v 40.966995 -169.099335 -378.644257
v 39.736626 -165.270126 -378.910248
v 12.082085 -208.103683 -373.469086
v 12.501423 -214.074646 -375.590149
v 11.807088 -204.668762 -371.677155
v 50.055473 -204.567490 -358.929962
v 50.921516 -207.432007 -360.532013
v 36.498898 -206.691101 -367.718475
v 36.090488 -203.620377 -365.994385
v 12.028022 -202.826141 -369.509338
v 75.237648 -207.668701 -338.572021
v 75.887947 -209.646790 -339.952606
v 64.121353 -209.036850 -350.774597
v 63.187946 -206.375778 -349.318817
v 82.666969 -232.853897 -343.869415
v 83.735718 -236.673691 -342.344208
v 73.865349 -241.416687 -351.552246
v 73.063843 -237.122574 -353.448029
v 43.980217 -234.881561 -372.620758
v 60.036865 -234.174545 -363.800446
v 60.867023 -238.308273 -362.450775
v 44.866474 -238.987915 -371.229309
v 13.697207 -241.205933 -378.399750
v 27.426405 -237.801132 -377.238434
v 27.382757 -242.093079 -375.879730
v 13.767517 -245.678802 -376.934265
v 62.620762 -203.232941 -348.130402
v 102.808960 -205.851242 -313.335632
v 97.016914 -206.657669 -318.844147
v 102.673439 -204.936707 -313.259186
v 27.793613 -252.145477 -368.684723
v 27.569853 -246.727982 -373.235504
v 45.425026 -243.706100 -368.610077
v 45.202961 -249.530106 -364.752869
v 58.791546 -229.881516 -364.452484
v 57.431641 -225.461319 -364.715027
v 69.818108 -225.202286 -354.570892
v 70.859215 -229.228622 -354.715851
v 84.850342 -241.813934 -340.125549
v 74.277611 -246.884613 -348.848938
v 38.053463 53.683430 -309.101898
v 39.343273 59.104866 -302.909851
v 296.310608 -53.569462 101.220642
v 301.266235 -52.635166 96.938797
v 309.288605 -42.105949 118.041168
v 302.881531 -41.894501 118.405571
v 309.630676 47.144009 16.110538
v 309.924469 24.013006 7.511845
v 307.835999 26.528402 -6.444561
v 308.609192 48.491684 6.483187
v 309.613647 83.840645 50.959156
v 310.268341 79.477654 85.371178
v 309.980682 68.921227 75.785629
v 309.386078 69.778435 50.411877
v 290.847778 -101.864517 46.661137
v 293.571045 -91.728668 53.412167
v 284.694824 -101.948837 59.720669
v 281.945099 -114.633942 53.032352
v 295.070312 -84.861267 63.901470
v 286.974609 -91.576294 69.459015
v 329.966095 -40.375328 116.438103
v 336.252930 -6.511468 126.680389
v 332.000824 -10.608460 130.229782
v 324.186401 -41.962982 117.381187
v 316.209259 -108.146820 66.964622
v 315.130524 -98.898529 62.985252
v 331.671173 -111.400284 58.738941
v 335.645538 -105.129799 68.318993
v 329.405762 -105.676231 73.793808
v 325.239532 -112.524391 63.588272
v 345.202057 -76.472061 75.301216
v 344.984589 -53.889851 92.277298
v 349.683380 -58.723545 90.282494
v 348.072113 -83.729263 75.640305
v 303.411560 -130.845901 33.262959
v 305.503723 -125.187469 40.840027
v 300.538086 -121.803261 39.926056
v 298.326965 -128.040802 33.864285
v 305.863586 -110.941383 0.925820
v 307.451904 -106.098557 1.751419
v 311.732971 -113.465706 5.175999
v 308.265503 -123.559433 3.109462
v 304.577698 -117.972076 1.099584
v 331.748566 -72.505768 72.018715
v 340.998718 -61.686401 81.019699
v 343.286560 -60.198742 86.527306
v 341.414093 -72.007301 78.057495
v 355.268524 -12.132318 102.254036
v 357.495270 -3.860649 109.802475
v 342.015411 47.554520 114.437538
v 337.692383 67.494377 108.360573
v 337.222656 70.970375 104.775528
v 342.474762 70.500977 105.344604
v 343.680847 63.930355 114.093102
v 316.069641 -16.976835 27.975580
v 325.848419 -1.111349 29.299952
v 315.529449 -19.222080 32.670738
v 298.115540 -89.219109 -24.170181
v 302.726807 -71.011101 -25.314571
v 304.880585 -69.300568 -12.718389
v 300.907867 -86.703537 -12.700273
v 314.755402 -64.366180 15.610250
v 321.653778 -56.827389 23.540012
v 321.631073 -57.122032 29.201563
v 313.569305 -63.827961 17.222990
v 312.606598 59.714169 68.855362
v 313.414551 62.086220 66.500648
v 312.670868 58.205528 53.137764
v 312.108582 58.101662 57.148151
v 323.162659 87.419685 62.375282
v 328.408447 92.691109 82.334885
v 333.071411 93.264565 77.486603
v 327.301788 87.627571 57.225845
v 333.546417 90.248947 102.066742
v 324.749725 89.407631 86.866425
v 328.336334 85.661194 105.141754
v 341.369995 10.533172 140.676651
v 340.056122 -14.630468 129.252106
v 351.669861 -14.199938 138.013733
v 348.513733 15.745584 144.036743
v 329.218262 17.981682 32.153461
v 328.467560 20.393385 25.309036
v 356.591461 15.492184 124.183617
v 352.467041 25.079910 124.775833
v 352.839355 33.553108 125.057266
v 358.389435 28.812748 124.736710
v 333.359283 74.803619 95.109688
v 330.688660 76.428703 82.871063
v 337.333221 75.863152 77.924210
v 337.575470 76.893219 93.371475
v 330.709473 44.028469 37.302521
v 330.844055 51.194695 46.174011
v 321.952484 45.860794 41.278294
v 323.041748 34.694843 35.006786
v 349.004883 27.206394 116.682106
v 321.868103 -5.474619 45.192249
v 323.241302 -7.614839 43.256565
v 329.614868 -9.317007 86.703369
v 343.810913 3.357829 82.457298
v 345.332581 -3.241798 85.295731
v 338.304321 -10.348692 83.346962
v 305.781311 -50.480328 -22.910603
v 307.527588 -50.981155 -10.216308
v 330.313873 17.900417 125.307899
v 327.467590 10.892714 128.038010
v 323.359955 47.784981 112.924637
v 323.265320 37.031296 118.498177
v 329.046539 34.381927 126.236160
v 333.401947 16.134813 129.141449
v 337.782593 -13.996827 126.645409
v 336.970245 4.158234 130.484238
v 330.772949 -42.592373 116.260757
v 310.802338 -93.147415 62.628704
v 312.870636 -85.780777 74.549149
v 305.811340 -83.024536 76.349220
v 304.110840 -89.765884 63.744450
v 308.612579 -73.173447 89.094017
v 340.705475 -62.313663 75.798134
v 331.864807 -70.974136 65.130058
v 294.733887 -106.468689 40.210907
v 300.087555 -105.373116 41.341713
v 304.252686 -99.149933 47.251236
v 298.906555 -98.193726 45.940689
v 301.876770 -129.973160 15.006000
v 302.553558 -131.688370 24.021406
v 297.549530 -130.206940 25.585928
v 297.585083 -129.654938 18.538624
v 292.859009 -122.949516 25.639175
v 289.289673 -125.030060 22.957935
v 290.093262 -125.127113 16.790867
v 292.649933 -124.437447 17.010487
v 342.753357 -36.475945 83.544357
v 337.484589 -21.581121 86.959419
v 344.384399 -24.708994 86.716652
v 313.474792 -13.926958 21.074242
v 311.827515 -73.651749 4.809513
v 309.111237 -72.105827 2.782829
v 317.566071 -89.414291 18.903454
v 314.703827 -87.286751 13.514024
v 318.527771 -83.900642 15.041159
v 319.614319 -31.193483 26.727570
v 318.685638 -30.382057 33.574192
v 326.437347 -39.977745 35.392002
v 321.747681 -42.309155 23.460514
v 323.204529 75.263718 107.427551
v 321.524536 81.157913 91.252762
v 318.297028 69.040649 93.683464
v 319.543579 58.472260 103.285080
v 319.226044 49.874012 104.444275
v 316.973053 57.666103 93.768204
v 316.032532 52.265804 97.667023
v 316.327759 42.438957 111.516464
v 344.695404 37.019165 104.420685
v 345.185303 33.836559 97.625603
v 319.036835 3.240485 62.354305
v 317.644592 -4.455644 51.670704
v 341.265381 8.729180 77.070198
v 334.624969 0.781198 76.848030
v 37.918301 306.419037 -263.938721
v 37.889645 336.522888 -245.715775
v 36.580891 276.396637 -277.320282
v 113.068619 204.370163 -296.152527
v 93.807106 206.150818 -302.385895
v 95.178917 224.922485 -291.765930
v 114.568031 222.382233 -284.646912
v 8.457131 -95.767746 -420.885254
v 16.701906 -94.829575 -413.956451
v 14.944695 -99.491234 -404.990906
v 7.397171 -100.851677 -411.023956
v 20.754023 -54.795540 -439.007202
v 9.653092 -63.321667 -445.455963
v 9.353559 -54.794575 -444.503662
v 9.826108 -72.203880 -443.571045
v 7.971501 -121.294456 -379.911865
v 7.530290 -116.205254 -382.862335
v 21.155575 -140.528931 -375.414673
v 24.185844 -146.433853 -376.452240
v 13.545239 -148.288345 -376.527130
v 11.538222 -142.396255 -375.532257
v 18.856655 -87.609650 -424.224274
v 9.363583 -88.529434 -431.153503
v 9.264888 -46.035542 -441.221191
v 8.557699 -37.204861 -436.540802
v 30.238327 204.313705 -311.352142
v 27.823835 186.255753 -317.992188
v 5.562361 68.902763 -347.220581
v 6.481591 77.501747 -339.911133
v 14.985011 88.189720 -328.963104
v 14.594290 81.082146 -332.114716
v 7.183139 84.861267 -334.881897
v 7.714121 91.914833 -331.482635
v 12.694306 -200.769485 -370.287903
v 16.392071 -191.418518 -378.334625
v 17.278225 -186.650482 -381.380219
v 14.486450 -196.424774 -374.831451
v 17.479227 -170.444305 -384.625244
v 17.295755 -166.457443 -383.937531
v 64.937592 332.360260 -244.840515
v 66.381081 361.551086 -220.061539
v 90.623268 355.453918 -218.429352
v 87.543762 327.763580 -242.652069
v 74.759270 173.830704 -318.924896
v 48.783474 165.834839 -325.478882
v 50.392990 187.041122 -317.260437
v 73.085358 189.224457 -313.088928
v 97.783562 165.442108 -319.790009
v 101.436806 154.673676 -321.599060
v 84.717941 151.390701 -325.684296
v 78.222450 162.562897 -326.218689
v 72.171745 138.308670 -325.004242
v 88.089989 143.438904 -323.176117
v 92.645729 108.751747 -293.543365
v 107.227684 111.287743 -294.611786
v 108.094429 106.896858 -290.526917
v 106.533371 117.381165 -300.019775
v 92.017502 114.888206 -299.786896
v 185.881149 360.596802 -120.832878
v 206.773285 341.045593 -113.641487
v 201.357117 323.726349 -147.062531
v 180.018478 338.968231 -159.520386
v 133.082977 339.216125 -209.547974
v 154.081131 328.754150 -200.629440
v 149.063004 306.403015 -223.369720
v 128.242615 315.074615 -232.802322
v 93.791924 190.388123 -308.357880
v 113.008850 189.654236 -303.598480
v 119.623985 138.940842 -313.137024
v 104.294098 139.173370 -315.989990
v 103.494904 146.433426 -319.491302
v 119.837410 146.864761 -317.439972
v 114.147278 177.362946 -309.799805
v 115.660461 167.790390 -315.902222
v 120.977470 111.527611 -294.553406
v 119.740318 117.655052 -298.994476
v 194.765427 284.271484 -191.589737
v 189.558960 264.063660 -210.691711
v 165.945633 275.069702 -227.653381
v 171.586411 295.769470 -209.754211
v 131.238007 186.138901 -297.635437
v 149.331436 179.820389 -288.793854
v 148.437790 104.780449 -289.012543
v 160.460419 99.274162 -283.465393
v 158.259918 95.332062 -281.941956
v 147.680557 100.357307 -287.228455
v 151.509109 117.191391 -293.576263
v 153.229630 125.479523 -295.421112
v 135.130493 109.345016 -292.904907
v 134.861008 114.615898 -296.379272
v 149.899582 109.893967 -291.481812
v 139.236237 260.116852 -252.628998
v 160.556839 252.221939 -241.123322
v 212.751831 253.614044 -187.865448
v 216.991470 274.636414 -167.214401
v 160.102097 85.732384 -272.828125
v 162.696243 87.873787 -273.994629
v 167.307373 89.526138 -274.984253
v 170.881134 117.525101 -287.131531
v 186.630508 108.445251 -276.145630
v 55.097374 111.972198 -309.947021
v 52.935181 117.044365 -315.755493
v 62.668224 125.524437 -318.795380
v 65.315536 120.009300 -313.138580
v 48.864014 122.756256 -321.280853
v 57.856384 131.186691 -324.241638
v 78.738663 111.002434 -298.648743
v 79.379898 104.051491 -291.981171
v 67.917778 97.424423 -289.088409
v 66.754456 104.524490 -296.131866
v 19.051203 150.978546 -328.496796
v 259.492554 -217.205780 -10.735851
v 260.338806 -212.216888 10.144573
v 250.682846 -238.303940 17.097034
v 250.879440 -238.649414 -5.708209
v 309.698456 66.228928 149.212860
v 310.509186 56.906128 129.211548
v 311.042908 70.126045 111.484749
v 310.644379 81.867210 129.045853
v 298.327881 -39.389812 127.020866
v 301.346161 -15.774899 137.782089
v 298.857300 -18.015547 164.135132
v 294.406342 -42.229134 155.243515
v 303.586151 4.557094 145.752228
v 301.096344 5.458751 170.293579
v 280.876617 -100.201141 75.465324
v 285.575378 -86.439171 88.621758
v 276.938507 -104.722778 115.388641
v 271.866241 -122.753197 100.382050
v 34.496986 248.490234 -290.387360
v 56.884640 247.859680 -289.340393
v 54.117077 222.153091 -304.004730
v 32.266876 221.269684 -304.253601
v 77.757881 247.328796 -286.765717
v 75.111427 225.006882 -297.597229
v 56.899208 -402.614319 -190.521194
v 65.540817 -402.614319 -220.144852
v 73.999245 -396.610321 -178.622955
v 66.963387 -402.614319 -225.779129
v 85.461601 -395.692444 -212.552032
v 171.951370 -354.579163 -184.395035
v 178.574371 -347.237793 -199.438828
v 198.397705 -329.311005 -180.455338
v 192.233536 -338.117523 -164.148987
v 230.749084 219.283890 -179.667419
v 225.409958 195.461044 -199.118256
v 202.138229 209.046997 -223.560623
v 208.277863 231.259811 -206.029556
v 84.726395 300.651978 -259.673553
v 81.351242 273.429993 -272.743134
v 274.223785 251.540588 -62.680397
v 274.457733 223.439529 -86.711784
v 255.840897 233.021683 -124.901833
v 257.351257 258.596252 -101.135681
v 66.800888 393.507874 -184.513123
v 92.615128 386.703217 -182.831909
v 220.845627 171.993774 -216.129959
v 247.581299 179.940430 -166.315964
v 243.217743 153.090195 -184.152039
v 179.375412 68.948982 -254.869461
v 183.472427 69.841164 -253.436783
v 221.829239 80.575867 -231.820328
v 212.243164 93.009918 -248.407776
v 218.262772 98.449623 -243.259109
v 205.313644 88.261703 -252.414139
v 242.264450 -266.784973 -118.762825
v 235.964691 -282.796326 -106.148834
v 228.260406 -293.334961 -134.042969
v 233.017624 -278.289337 -148.931152
v 41.492756 -154.982361 -374.979065
v 44.365993 -161.924866 -375.725037
v 36.645901 -160.097809 -378.798767
v 34.170006 -153.513748 -377.559204
v 95.563522 -162.700851 -338.297760
v 105.004402 -167.121063 -330.412476
v 107.687820 -181.888779 -324.788849
v 98.540154 -176.977341 -334.799561
v 34.886147 -140.424957 -372.367432
v 31.641062 -133.323288 -371.609802
v 40.618507 -134.618637 -367.289734
v 44.790287 -142.154984 -368.171021
v 127.778938 -201.071640 -307.831329
v 129.084000 -188.414413 -311.812653
v 234.859467 88.763336 -215.676010
v 241.065735 93.848511 -204.440460
v 249.099335 69.152534 -191.664932
v 241.648849 66.269623 -203.641968
v 263.405029 41.464249 -172.743073
v 253.503677 43.110199 -187.563446
v 257.624420 72.163971 -176.457520
v 183.690125 58.692265 -247.225006
v 181.075867 63.555153 -250.781937
v 184.188232 63.338982 -248.785004
v 232.826263 64.183731 -214.208115
v 232.580399 43.291107 -211.063278
v 221.910385 44.762001 -219.930191
v 223.941345 62.310413 -222.395477
v 308.985443 22.094109 131.390778
v 312.949402 23.832211 125.425850
v 313.045258 38.181408 116.365524
v 310.590454 37.321747 124.117630
v 300.377289 -68.608772 90.014336
v 295.723694 -67.866959 93.509026
v 276.688812 -160.371002 17.805696
v 278.925171 -146.715637 27.271204
v 271.464844 -165.748154 32.387402
v 269.755493 -179.834167 21.119820
v 314.462860 7.613605 130.728241
v 306.338531 5.264460 133.667374
v 290.943268 -109.462822 -33.662384
v 287.773102 -114.825493 -53.377571
v 292.046265 -97.462936 -59.117027
v 294.986511 -93.682503 -39.365116
v 283.777832 33.690266 -125.172836
v 293.425598 32.087254 -90.943108
v 295.718353 3.086500 -100.865776
v 288.049652 3.296720 -131.135086
v 207.348984 33.436836 -231.954422
v 200.569763 22.230478 -241.224854
v 193.532150 29.069166 -243.459320
v 199.843369 38.151859 -236.072327
v 182.617645 53.009712 -246.552170
v 187.703659 48.063828 -243.036591
v 182.161453 42.599075 -247.715698
v 177.917404 48.908970 -250.240677
v 280.717407 -103.884369 -110.252686
v 287.497101 -81.405022 -111.404671
v 292.903473 -78.507706 -85.674706
v 287.607025 -100.187088 -84.709831
v 94.376427 -56.952930 -320.162872
v 79.849754 -48.864605 -329.078827
v 77.135742 -31.992184 -324.504944
v 89.506958 -39.827305 -318.149231
v 155.189270 -59.555676 -305.626343
v 159.858292 -79.739243 -307.753784
v 133.392822 -71.664345 -313.857025
v 128.474884 -52.402077 -310.790741
v 66.863075 -37.527229 -341.884430
v 65.032463 -23.780457 -334.670959
v 82.133507 -73.502937 -332.401947
v 79.542915 -62.818062 -337.152008
v 70.628906 -69.514961 -369.341187
v 71.451103 -77.455101 -366.266907
v 68.594666 -75.009491 -373.413696
v 72.746475 -71.421455 -363.244232
v 74.939285 -73.833435 -356.286957
v 74.463120 -82.422081 -353.021179
v 73.153534 -79.651283 -359.792053
v 127.615654 -124.063210 -313.507355
v 119.477036 -103.750038 -315.791351
v 142.908905 -110.016258 -311.820740
v 146.283371 -127.893799 -308.959656
v 116.778748 -84.019188 -316.932281
v 137.604721 -90.596664 -313.881134
v 16.636930 -126.405373 -376.105560
v 22.544172 -125.954292 -374.296021
v 225.571350 -166.916702 -227.966354
v 221.954163 -189.895828 -223.917084
v 102.300728 -137.730804 -325.142883
v 111.041679 -138.453995 -320.838226
v 117.683105 -155.468094 -320.605225
v 109.195686 -153.454636 -325.390594
v 150.658966 -183.447296 -300.155914
v 137.797424 -177.891464 -309.228058
v 136.399139 -160.410034 -310.942444
v 150.828766 -164.916168 -303.012726
v 31.190218 -146.270599 -375.926575
v 28.002937 -139.671478 -374.505280
v 225.901962 -248.029480 -193.891174
v 218.286270 -277.689392 -194.514404
v 204.886520 -264.529510 -224.952271
v 213.055923 -241.918793 -219.499435
v 248.781769 -109.622169 -213.810837
v 231.454346 -111.578209 -244.548431
v 108.598900 -380.150269 -303.783936
v 125.777946 -369.772919 -283.310211
v 145.256317 -330.473633 -279.622925
v 163.191315 -318.303955 -260.330261
v 204.758530 -6.985990 -255.122406
v 215.826447 -26.503500 -255.942429
v 169.771072 43.148682 -259.143402
v 176.349136 0.179333 -269.895569
v 170.227081 8.820900 -269.108917
v 188.123245 13.971345 -254.721252
v 196.232864 5.023149 -253.943405
v 27.480801 -388.392761 -357.014618
v 27.570913 -371.614136 -366.374207
v 176.428802 -236.568405 -270.284088
v 160.436417 -224.785034 -287.400208
v 164.530090 -208.882233 -286.911041
v 181.682800 -218.621780 -268.575745
v 158.793259 -268.010864 -279.577332
v 169.424088 -284.626678 -264.336792
v 156.018967 -299.368561 -275.183319
v 147.818695 -281.768127 -286.355621
v 139.909561 -23.047976 -295.755005
v 131.557831 -9.043398 -290.545959
v 159.572189 -12.071870 -282.897827
v 168.447510 -27.044147 -287.650269
v 168.540115 -171.178574 -290.671204
v 187.866547 -177.294434 -272.246582
v 175.841415 -45.700638 -292.397064
v 199.767120 -49.622952 -279.437622
v 204.853653 -71.176949 -279.896606
v 180.421936 -66.578011 -296.066620
v 49.976463 -306.852570 -355.588959
v 66.056190 -304.117188 -347.750214
v 70.517235 -324.066437 -352.073700
v 54.634518 -327.489746 -361.054535
v 81.955620 -299.687408 -337.286804
v 86.846382 -319.240570 -339.718933
v 146.932510 7.328744 -279.347260
v 152.779160 -1.203586 -280.430328
v 165.523376 16.472729 -268.624054
v 182.207260 21.697130 -255.206055
v 142.408234 14.779525 -278.613464
v 44.539661 -20.058193 -371.085907
v 42.617138 -4.856656 -360.049957
v 52.264122 -52.890438 -395.246887
v 50.612782 -48.566631 -393.907013
v 39.102863 38.629868 -323.436829
v 38.285366 47.205330 -315.423309
v 69.434517 1.380158 -311.152405
v 64.860123 15.825624 -303.595642
v 73.720612 9.946433 -299.842712
v 79.042709 -5.618053 -306.981964
v 4.706980 57.751076 -358.003174
v 243.048599 42.826744 -200.660065
v 241.319183 19.454502 -207.501541
v 31.948601 36.101528 -343.057678
v 40.337257 26.079988 -334.606689
v 241.183304 -221.428238 -170.856369
v 250.183609 -217.557266 -144.494263
v 248.328888 -235.428223 -137.929214
v 237.138382 -246.260406 -168.434448
v 264.694061 -84.751015 -187.778198
v 266.811066 -59.522697 -191.017120
v 255.246552 -127.774658 -181.900101
v 262.391479 -126.890213 -156.360306
v 257.864716 -148.646729 -154.769623
v 250.771332 -148.889679 -179.473572
v 267.806519 -105.363785 -157.730270
v 260.224060 -106.664154 -184.544266
v 91.839142 -388.920807 -319.173340
v 31.784578 -290.692596 -356.317657
v 29.949389 -275.690399 -354.852844
v 46.079044 -274.775024 -351.300323
v 47.314529 -289.453064 -351.629272
v 76.136139 -269.428345 -338.912292
v 89.799942 -263.530884 -330.678314
v 93.120613 -276.883698 -327.781586
v 78.395264 -283.561981 -337.021393
v 91.053665 51.010464 -279.622803
v 90.918907 49.345531 -281.084869
v 78.163498 53.290382 -277.331757
v 97.853973 16.457239 -288.128235
v 101.746407 7.877495 -290.681549
v 77.477859 28.644499 -287.158173
v 94.850517 22.930775 -286.396851
v 15.157837 -276.002380 -356.177765
v 16.917467 -291.283325 -358.277161
v 27.102901 98.618362 -319.844330
v 21.097582 92.908409 -323.981964
v 22.420198 102.379906 -324.031097
v 61.977901 61.470348 -275.240814
v 35.223473 103.076431 -315.476929
v 37.912121 98.177429 -310.318634
v 33.479134 88.923492 -310.537872
v 30.812761 93.748245 -315.140594
v 8.112152 98.901360 -329.522034
v 8.885067 107.000526 -328.696381
v 24.389622 -93.100151 -406.244812
v 21.642847 -97.800552 -398.988098
v 30.659653 -47.871693 -426.473877
v 41.725685 -49.680325 -412.062988
v 42.459801 -55.337406 -414.042389
v 31.250553 -54.762745 -428.943390
v 72.800903 -96.371887 -342.755249
v 66.813606 -109.662003 -340.510590
v 67.029228 -104.090935 -344.595734
v 40.189552 -43.929096 -409.553223
v 28.999598 -40.733650 -423.505768
v 22.642960 80.762772 -323.933533
v 36.382839 132.188614 -328.612305
v 43.261311 127.932564 -326.029602
v 36.801998 117.993484 -323.287140
v 30.426991 121.653900 -326.872223
v 69.543640 79.543434 -277.152008
v 44.818012 107.991150 -312.415192
v 41.832085 113.368958 -318.154358
v 55.871716 105.547478 -302.740448
v 47.503063 96.483391 -300.608521
v 46.254456 102.770515 -306.868927
v 77.025757 -127.961166 -336.607635
v 79.286400 -147.551575 -346.087616
v 72.363991 -137.717102 -345.509979
v 83.462051 -137.809311 -337.433594
v 91.082657 -149.748245 -337.712921
v 106.576927 -197.865402 -316.626923
v 105.393394 -198.653931 -317.032562
v 101.082352 -196.075729 -323.956055
v 46.627098 -128.375092 -360.317627
v 56.516781 -129.440582 -352.830658
v 61.521503 -137.187424 -353.710693
v 68.093376 -145.889542 -354.175049
v 28.886230 -126.304878 -371.255798
v 37.177414 -127.164658 -366.632568
v 53.137257 -158.338074 -369.403534
v 74.867325 -55.232765 -342.851685
v 67.667572 -47.222752 -350.696320
v 5.294162 3.423117 -403.802032
v 6.337939 -12.495094 -417.173889
v 57.336521 -40.567535 -365.719238
v 59.076939 -49.184566 -374.017242
v 49.097054 -42.727676 -389.250610
v 46.563023 -32.710659 -381.687927
v 30.660452 -77.915169 -422.959534
v 40.995365 -77.175789 -409.353485
v 37.212742 -85.038414 -403.613129
v 27.784927 -85.735748 -416.040741
v 52.387074 -77.933052 -394.092834
v 62.100216 -79.958511 -380.478882
v 58.847836 -87.513756 -377.157410
v 48.475559 -85.318199 -389.905273
v 67.610382 -82.855820 -370.898315
v 70.025421 -85.654037 -363.454285
v 66.124283 -93.373268 -360.882843
v 64.404213 -90.124290 -368.196564
v 71.084839 -88.323715 -357.006714
v 71.731186 -91.628204 -350.542847
v 66.322334 -100.352814 -350.135345
v 66.547958 -97.029045 -355.055267
v 53.143986 -57.186062 -397.127930
v 53.648998 -62.902451 -398.230103
v 63.030647 -72.071495 -383.111603
v 53.701996 -70.087181 -397.048187
v 143.113785 -358.822662 -60.963146
v 133.934067 -373.861572 -43.507454
v 120.040581 -380.234741 -58.058517
v 130.456665 -367.276245 -78.106491
v 133.563095 -396.583618 -37.119213
v 118.707344 -402.271332 -51.131302
v 182.006958 -268.170685 -254.786987
v 169.696060 -253.153290 -273.122864
v 178.604538 -303.049683 -246.398605
v 194.340988 -284.778015 -232.648743
v 183.084808 -335.810547 -213.885147
v 201.721634 -316.769379 -196.219193
v 145.722260 -213.850296 -297.984894
v 154.739380 -238.658981 -288.970764
v 141.818848 -225.849319 -297.604065
v 120.977043 -217.366684 -305.701111
v 116.839058 -212.662827 -307.193970
v 125.411690 -210.356506 -305.484131
v 170.525543 -339.378998 -62.841042
v 183.886002 -331.144409 -42.562244
v 173.606842 -345.005859 -28.231054
v 155.959167 -350.904236 -44.655106
v 179.311279 -340.104584 -105.847336
v 196.455688 -331.307648 -126.382919
v 206.719101 -319.372986 -102.431000
v 188.863113 -329.400421 -83.724533
v 208.115982 -321.853668 -143.962402
v 220.121445 -306.745636 -119.627792
v 150.171921 -367.947662 -30.492924
v 149.471344 -390.923798 -24.132450
v 268.409332 -126.119164 -133.485260
v 274.200500 -105.219116 -134.972961
v 226.150162 -296.670532 -92.474510
v 239.238571 -275.070740 -83.259010
v 229.728394 -288.656677 -69.597923
v 291.128143 58.675350 -81.628014
v 279.419067 66.538719 -122.618057
v 258.929169 -219.643158 -92.458649
v 254.849701 -227.921371 -114.426674
v 263.885559 -147.285141 -132.412064
v 278.123260 -55.003273 -162.895599
v 289.806030 -26.489035 -136.506363
v 287.035217 -54.308998 -137.805405
v 282.398743 -119.920578 -80.576408
v 284.150818 -129.599503 -46.943325
v 277.868042 -138.522018 -77.125542
v 213.016037 -355.331696 29.618788
v 202.194931 -337.882385 7.230986
v 213.593262 -335.911926 23.576006
v 213.002075 -376.834381 32.844570
v 213.733780 -306.063568 -17.265896
v 222.840790 -292.944885 -33.209919
v 226.313309 -287.253601 -15.858822
v 219.890335 -301.707550 -0.772211
v 304.510498 2.853576 -40.912128
v 303.432281 -26.366182 -53.154423
v 300.018982 -26.219179 -80.870590
v 300.905823 5.476301 -68.888245
v 300.662201 33.105228 -55.655907
v 300.791443 58.125469 -41.023502
v 308.557892 103.165894 25.541258
v 306.830536 77.036728 11.852592
v 301.229401 80.268906 -28.414505
v 303.580505 105.371216 -13.850553
v 266.399506 -191.602890 -68.900284
v 272.463013 -177.618500 -32.280083
v 265.619202 -201.032501 -36.854706
v 262.153503 -209.879166 -67.507591
v 300.743713 -53.140213 -59.513603
v 297.276276 -54.036999 -85.908928
v 196.195679 -325.262207 -22.464151
v 197.677505 -319.415741 -59.427494
v 206.468979 -311.948425 -37.055676
v 240.930786 -324.749146 68.122459
v 239.871140 -346.944427 78.773003
v 235.694275 -352.662170 59.470669
v 235.276062 -332.022369 52.152035
v 233.649292 -278.011658 15.930007
v 240.996002 -265.690582 26.094589
v 232.944565 -294.459595 29.575886
v 268.174347 -189.517548 6.041481
v 267.925171 -195.972565 -12.512685
v 291.506592 -115.175919 -16.581661
v 289.524292 -124.232735 -9.968721
v 285.308441 -133.771866 -21.168795
v 287.996857 -122.194725 -27.827377
v 299.783661 -73.894135 -41.174526
v 303.546875 -51.470448 -38.981316
v 238.385590 -368.824097 82.150902
v 237.940903 -331.885895 98.944565
v 237.650436 -356.758514 108.493652
v 240.962372 -308.148010 85.342506
v 261.527374 -203.878693 27.662714
v 262.576599 -190.637878 41.516083
v 255.120224 -221.598038 54.631355
v 252.505554 -233.083664 37.605392
v 281.858490 -146.209045 15.728527
v 279.083832 -129.099869 46.369167
v 275.047302 -147.834991 39.996555
v 285.445831 -133.114975 24.688854
v 294.477234 -115.274681 34.686699
v 290.269470 -118.013000 32.993565
v 73.167213 -402.614319 -110.643425
v 73.306725 -400.984131 -111.255791
v 84.231674 -402.614319 -96.649406
v 89.898071 -394.745148 -93.290436
v 89.024101 -402.614319 -90.321053
v 108.139938 -385.109558 -188.822617
v 119.840134 -382.864197 -217.869446
v 141.957596 -371.570068 -189.193512
v 129.089081 -375.474304 -167.252701
v 113.988419 -379.510071 -140.738693
v 116.364815 -376.211517 -94.990593
v 99.870911 -384.159943 -114.061584
v 120.304565 -233.842285 -307.300537
v 126.303017 -224.412125 -303.662415
v 135.042999 -236.176300 -299.821136
v 128.150040 -247.566437 -303.615936
v 159.439316 -359.890472 -220.971329
v 151.896164 -366.951904 -206.909210
v 108.159584 -233.690414 -315.097992
v 104.953850 -226.216843 -315.889923
v 111.839409 -218.776566 -309.795685
v 115.670670 -225.277618 -308.776581
v 106.715240 -210.100616 -312.889038
v 111.135063 -206.512772 -309.339478
v 113.047012 -208.372665 -308.687408
v 109.048706 -213.493790 -311.121948
v 133.362274 -293.121582 -297.515472
v 118.576180 -304.342133 -310.779816
v 128.071457 -356.904968 -293.463593
v 127.701324 -341.083832 -300.600250
v 76.764023 -212.814346 -342.006287
v 86.903358 -210.121674 -330.180969
v 86.259491 -205.860886 -326.018188
v 74.670471 -206.452850 -336.916290
v 68.089554 -402.614319 -115.745354
v 301.695496 174.714218 -24.838051
v 288.804626 184.650711 -68.001450
v 311.369904 93.609337 101.621086
v 310.889038 101.512733 64.860779
v 288.633575 -65.249886 144.269791
v 281.257843 -68.391327 171.970932
v 273.987579 -92.152534 157.288330
v 282.416351 -85.388000 130.459656
v 199.369690 -327.325623 209.193451
v 189.583679 -317.568634 229.548874
v 187.485519 -358.461517 233.681671
v 198.052490 -367.199005 214.086807
v 232.600571 -340.569977 134.293381
v 233.810425 -310.803680 119.881905
v 227.099075 -285.353333 141.106598
v 222.564224 -318.857758 157.233063
v 119.654480 431.154663 -84.970955
v 118.744766 405.869690 -136.943237
v 93.703850 416.587372 -138.732590
v 93.126030 443.286896 -85.873886
v 92.613365 438.423767 247.885971
v 62.012672 444.778503 253.235901
v 59.627964 409.166107 316.790344
v 89.930305 404.045166 311.282471
v 112.660530 305.697357 393.453278
v 115.728714 354.046997 356.092743
v 87.039307 360.995056 364.339447
v 85.213226 312.551392 401.306976
v 122.053886 451.118500 173.224213
v 121.942642 461.579529 104.973915
v 92.951080 472.700165 109.139984
v 93.057014 461.253937 179.855743
v 31.801699 484.639282 114.126755
v 32.246933 486.012024 42.537827
v 83.906593 259.026886 428.479156
v 57.156010 262.037140 434.036804
v 56.524643 210.523544 453.098267
v 82.429276 207.122238 447.462433
v 103.429291 95.312637 457.312988
v 105.494583 149.534256 450.809204
v 80.561882 154.261841 459.564911
v 78.438522 99.114975 466.473999
v 90.632805 -110.451126 415.042297
v 95.165703 -61.583385 437.786560
v 71.593063 -58.292244 447.314545
v 67.509079 -107.443596 423.130219
v 23.837780 -54.637703 458.792175
v 25.077480 -3.283915 473.176361
v 58.263065 -294.573883 328.620087
v 37.836620 -292.334839 331.945801
v 37.143150 -329.739136 328.230835
v 57.139267 -331.370758 325.681152
v 75.761665 -402.614319 320.094543
v 76.419693 -370.550049 320.744141
v 73.864082 -402.614319 320.466309
v 56.442242 -368.020233 324.719391
v 56.038769 -402.614319 323.073517
v 65.329346 -152.346313 393.170685
v 43.577099 -151.387527 395.153168
v 42.934654 -183.772995 369.908569
v 65.153549 -186.500824 367.527252
v 81.836906 -258.699860 329.011566
v 84.587585 -221.992752 342.299927
v 63.213516 -217.496826 348.654846
v 60.233711 -254.606415 336.258911
v 20.310923 -212.586441 351.143829
v 19.186947 -249.629669 338.676056
v 211.567780 359.261932 -69.630562
v 189.938599 381.268555 -74.096977
v 208.532791 264.229248 333.737122
v 210.602112 305.230225 298.709839
v 189.235703 319.947998 314.916473
v 187.223816 276.649719 351.051208
v 211.889420 339.478912 252.552063
v 190.097458 356.942810 266.986786
v 218.339203 379.138062 146.267441
v 221.566040 384.520599 91.458916
v 198.849304 407.701599 94.902786
v 195.605057 401.567139 153.435593
v 219.716049 383.349091 36.063728
v 197.120407 406.471283 36.085815
v 179.608246 131.977524 409.241943
v 200.591003 124.941452 391.944244
v 203.519714 172.727280 378.996613
v 182.471573 181.450226 396.601044
v 197.222504 76.327431 399.491333
v 176.146149 81.919518 416.904785
v 162.013611 -69.020760 397.964081
v 180.280853 -69.992523 381.645905
v 186.565475 -21.150845 394.921265
v 167.486572 -18.311655 411.945282
v 176.388260 -116.587662 358.821655
v 157.700928 -117.911995 374.258118
v 146.868027 -231.645355 306.398285
v 168.691391 -196.466812 309.037109
v 150.638855 -195.821121 325.842407
v 137.217331 -379.396637 294.851959
v 155.725891 -383.493256 279.892914
v 157.122620 -344.510986 273.726929
v 138.905365 -340.871338 289.110199
v 161.256836 -269.021271 275.018250
v 143.298813 -267.809296 292.590240
v 268.403076 289.060730 153.116516
v 252.393814 316.294830 172.214508
v 249.426636 297.921722 219.510117
v 265.078735 274.117767 198.446640
v 286.733582 267.100922 87.489632
v 287.830353 271.480530 44.284515
v 275.539398 302.229492 64.056786
v 272.976715 298.201630 108.479385
v 257.270477 332.115936 30.607971
v 271.459717 304.578186 21.050390
v 219.222855 117.468735 373.456970
v 222.177124 163.968628 360.746735
v 229.883652 289.327301 281.586365
v 227.520233 251.422180 315.755493
v 196.495438 -70.180748 361.157654
v 203.773361 -23.343884 373.667480
v 215.717484 69.936012 380.014526
v 192.014648 -113.913528 341.350067
v 184.393463 -193.653610 291.829590
v 158.974121 -305.834869 270.080536
v 175.745453 -310.051971 250.623276
v 178.304916 -270.966736 252.511948
v 308.802551 97.765747 150.235840
v 302.048248 120.285446 171.875305
v 230.179245 334.614563 -67.521469
v 307.011169 134.150436 1.267691
v 308.309265 165.344299 18.509483
v 248.619492 -32.598812 301.959290
v 239.975449 -72.687294 285.603699
v 252.123093 -73.175934 256.503967
v 260.833801 -35.826988 273.945587
v 268.006531 1.053001 284.709747
v 278.613098 -7.204021 253.281815
v 281.785034 26.630428 259.346771
v 271.370728 39.171741 290.348328
v 266.697968 128.970795 298.798004
v 263.300751 90.001022 311.871918
v 274.313507 75.243584 285.582123
v 277.676605 111.368935 272.611481
v 216.350296 -172.020767 223.904373
v 210.246399 -198.573334 209.446487
v 218.543045 -191.928696 187.381485
v 225.729935 -163.797989 200.150360
v 273.411224 -71.732246 199.818497
v 264.746643 -98.157799 184.123917
v 208.738419 -340.053955 188.114899
v 211.984787 -301.585571 179.216263
v 203.273666 -290.024445 201.017197
v 293.795807 -115.669388 -3.910154
v 291.260620 -123.663803 2.857228
v 294.249695 -110.740463 -10.123806
v 311.237091 12.669225 11.506155
v 312.734222 6.920775 17.400047
v 312.246429 -13.321299 13.688804
v 309.558655 -9.843793 5.232547
v 357.311951 18.767498 141.775162
v 360.828125 -12.227751 136.194229
v 364.598694 -10.247427 131.190506
v 363.530121 20.292030 137.256042
v 307.953217 -118.210823 47.609791
v 313.286285 -126.422531 39.742630
v 315.107574 -121.725952 47.506584
v 345.573944 67.556129 135.281693
v 350.620911 45.523525 141.030380
v 358.404480 46.323181 138.509964
v 352.908020 67.349564 131.332443
v 316.223206 64.957832 33.020657
v 318.845703 77.349525 47.138927
v 322.983582 77.586372 43.011780
v 319.638977 66.531631 29.235079
v 343.592072 90.972572 95.668427
v 337.450348 92.666840 73.754944
v 338.883331 91.457489 98.773010
v 340.765991 -95.360832 84.231010
v 334.050873 -92.361397 88.352112
v 322.530670 -125.840904 36.992870
v 321.549988 -126.625618 28.993340
v 323.183441 -115.430458 27.834389
v 315.338776 28.727167 15.693003
v 312.962067 26.940615 14.650572
v 320.224701 85.169350 68.395760
v 312.631134 63.874146 47.552422
v 314.523102 72.595627 59.813038
v 316.003357 76.031898 53.200329
v 313.942017 64.364487 40.260765
v 338.166534 82.715645 120.999214
v 331.345398 76.088966 122.470154
v 337.596375 61.103149 135.488968
v 313.914093 67.603203 64.782410
v 312.936981 62.928658 54.704594
v 315.379272 62.288891 80.922874
v 316.481537 70.511940 78.899506
v 339.701141 -101.981285 64.090225
v 335.401306 -107.448128 54.309135
v 322.756836 -87.137474 33.863777
v 323.420166 -85.396049 39.120979
v 324.482941 -93.024078 41.704834
v 322.957550 -94.260536 35.930294
v 312.819000 -131.230164 31.874866
v 316.611542 -99.587624 19.981606
v 315.078003 -109.200081 17.418308
v 320.765259 -85.438522 20.166376
v 320.833496 -88.277641 24.314726
v 318.428284 -92.890213 22.572941
v 355.932007 -31.271950 110.079079
v 361.076935 -0.470980 121.859573
v 364.187378 -5.788222 123.829010
v 358.854858 -36.238968 110.677612
v 361.502960 43.870987 129.490173
v 361.647552 45.118935 133.629715
v 365.625549 20.880116 132.434738
v 364.864319 21.626516 128.906784
v 339.908630 80.633156 52.451611
v 335.640350 84.438751 52.308300
v 343.060608 76.064842 56.252796
v 353.822937 80.953194 111.485062
v 350.632904 82.785904 114.659279
v 357.777100 65.829185 127.319183
v 359.939697 64.070419 123.866325
v 349.826141 86.700600 90.954742
v 345.132294 87.711044 70.232887
v 341.121063 91.016853 71.425476
v 347.166901 89.448013 93.058174
v 357.076599 71.616653 103.692757
v 349.490601 65.610535 102.002480
v 349.186859 69.487442 88.824921
v 351.265778 80.914948 89.415443
v 349.464996 60.155384 116.747528
v 356.968719 59.010834 117.102486
v 352.492371 19.268778 119.316368
v 355.981110 8.284061 119.826027
v 337.173157 70.289108 65.230438
v 325.840149 63.381630 49.702923
v 319.927643 50.688526 52.954769
v 335.612366 59.485455 109.599937
v 330.488342 62.285015 101.178436
v 330.494171 69.044640 99.185966
v 348.823639 -20.131695 91.068680
v 346.239349 -11.466058 88.591438
v 352.178406 -5.230735 93.589661
v 353.704590 -16.833942 97.106422
v 348.467285 12.886681 89.269112
v 350.493469 3.891406 90.963722
v 344.448547 21.230795 85.583290
v 321.348480 -82.440002 22.337952
v 320.621368 -80.636139 16.681204
v 318.248535 -77.518822 20.858343
v 324.809723 21.372164 33.613838
v 324.736145 -1.278046 40.191624
v 327.335724 10.139020 35.201946
v 315.114655 -29.858719 38.709648
v 325.527710 -43.757984 38.719410
v 320.444489 -80.877357 25.709009
v 322.660126 -84.184525 28.006699
v 322.108185 -85.097336 24.894297
v 158.890244 353.428375 -168.909821
v 137.327179 366.860535 -175.651169
v 38.083389 366.507812 -220.537354
v 37.242752 398.823547 -185.010147
v 141.704987 393.061554 -133.130798
v 144.006577 417.010498 -82.093742
v 35.945133 430.029663 -140.225418
v 34.268013 456.834869 -87.134880
v 120.929634 460.848633 37.626949
v 92.275375 473.066803 39.450733
v 173.459183 426.807556 35.870270
v 170.747375 416.809601 -24.030861
v 146.006500 434.837402 -25.562260
v 147.584946 445.527985 36.843639
v 271.847046 194.689453 -108.569176
v 252.690506 206.329422 -145.694290
v 290.361786 215.103287 -45.809151
v 288.179596 245.005341 -21.518723
v 235.171982 350.607391 -16.772867
v 239.335999 359.367340 35.628521
v 31.444637 472.269684 186.321472
v 148.979202 446.651031 101.134926
v 147.773544 437.749390 165.752289
v 296.580353 239.559784 20.647200
v 297.673584 234.095535 63.322514
v 241.765579 359.549164 86.735443
v 238.179459 355.132538 137.697891
v 301.337372 181.353836 123.102692
v 304.385132 191.561661 82.001694
v 294.841766 226.580582 105.464005
v 291.380676 215.400330 147.078812
v 287.899719 198.092606 186.869019
v 276.591583 225.727264 214.370361
v 273.568481 198.601166 248.984070
v 284.625092 174.695023 221.660248
v 173.821045 -351.673218 254.166962
v 155.654739 -402.614319 281.369141
v 165.835541 -402.614319 268.786835
v 172.551407 -390.967560 259.641174
v 172.774460 -402.614319 260.743042
v 30.898808 448.242920 255.724518
v 29.420229 412.032410 318.882416
v 28.281221 366.150024 372.478607
v 28.337553 315.353363 410.149811
v 28.661646 263.257782 436.575623
v 28.570303 212.468063 455.875916
v 27.724968 160.257034 468.728638
v 26.542608 105.312912 476.136353
v 98.651184 -10.916822 451.344971
v 74.447403 -7.342373 461.200531
v 21.987419 -105.893295 429.632843
v 21.326412 -151.243454 395.157837
v 20.936577 -183.142212 369.317017
v 18.106468 -290.723724 330.455475
v 17.932074 -327.693237 326.955627
v 36.941730 -402.614319 324.344238
v 36.959045 -366.116730 326.408295
v 36.752827 -402.614319 324.336578
v 17.809366 -363.717224 325.764313
v 32.669273 -402.614319 324.374878
v 17.717949 -401.258209 324.558777
v 141.950378 344.402557 344.447968
v 139.058899 297.248138 381.690643
v 167.870285 371.561493 280.235443
v 169.924408 401.420410 221.576675
v 146.444153 416.612518 231.388672
v 143.987747 384.658508 293.547089
v 159.466461 188.920578 412.719177
v 162.191193 238.311829 393.721954
v 136.496689 246.586411 408.307037
v 133.797394 196.119492 427.123474
v 131.342148 144.271271 439.068756
v 128.726685 91.304794 445.672363
v 146.299423 -16.935459 425.976379
v 150.456070 33.800816 432.377960
v 126.273720 37.423206 445.839996
v 122.989456 -14.125903 439.410156
v 118.869392 -64.542175 425.805267
v 113.949211 -113.024605 403.748962
v 130.136642 -195.064835 340.234680
v 132.530518 -158.726944 363.839020
v 109.899948 -156.550964 377.411133
v 108.198898 -192.310196 353.003357
v 106.539314 -226.043091 332.804138
v 103.235474 -261.953491 319.355530
v 118.886482 -339.355225 301.894470
v 121.011665 -302.169067 300.313660
v 100.439583 -299.838623 312.087402
v 98.801834 -336.554260 311.905975
v 234.063705 341.940216 187.464508
v 231.147873 320.724976 236.947052
v 245.131546 236.057877 295.851349
v 242.385483 195.548187 321.841553
v 257.298828 182.180878 300.777313
v 260.341644 220.182617 273.080841
v 250.477966 101.288361 334.217438
v 253.706940 143.314865 321.335846
v 232.568909 64.667183 359.134155
v 227.835403 19.408907 357.316742
v 242.561432 15.290841 336.807648
v 247.028320 58.972858 339.457214
v 226.225784 -71.328781 313.536041
v 234.514404 -29.283432 327.625000
v 206.439545 -112.871498 319.972290
v 202.584778 -152.782852 294.804504
v 213.483047 -147.633057 270.872681
v 219.257965 -110.048897 295.399597
v 203.473343 -204.959351 230.001648
v 207.759415 -179.419968 248.399765
v 208.261581 -254.489441 191.753021
v 219.049759 -257.814514 163.719208
v 222.347931 -216.638947 162.838852
v 213.781769 -222.768250 183.179031
v 292.274963 45.654491 228.265823
v 299.544952 34.118935 198.234329
v 302.958893 57.593941 190.135925
v 295.185547 74.166512 219.047119
v 288.037628 -43.356644 184.900085
v 281.230408 -43.429852 214.216568
v 231.441925 -109.239563 266.119171
v 242.833694 -106.580063 237.753952
v 287.001221 -13.440565 224.045471
v 289.967743 17.243992 230.390549
v 243.606384 -175.105942 141.498535
v 257.275726 -158.325409 111.150360
v 261.472473 -138.004425 125.968742
v 249.473816 -149.801437 152.487518
v 62.932156 -402.614319 -127.883110
v 82.657860 -391.909821 -132.604340
v 59.894665 -402.614319 -137.931335
v 63.883835 -398.790253 -149.732712
v 232.639435 -281.144470 -49.006985
v 234.784042 -273.972137 -30.531630
v 188.878815 -340.682007 -10.821462
v 61.505863 -174.014557 -367.127350
v 74.048309 -176.745941 -357.894440
v 74.755325 -180.518723 -356.324738
v 62.613480 -178.450089 -365.951843
v 85.164223 -182.047836 -347.799164
v 94.449638 -192.667480 -333.491425
v 85.881920 -186.246536 -345.103577
v 25.335123 -223.666122 -376.876862
v 40.240704 -221.766937 -372.778442
v 41.525703 -226.041550 -373.231659
v 42.692162 -230.522797 -373.273193
v 95.989555 -237.957733 -326.728149
v 98.555367 -244.962128 -324.650665
v 102.499138 -220.172745 -317.147552
v 94.155525 -231.421753 -328.452393
v 89.272514 -170.160339 -345.113007
v 91.216911 -178.447571 -343.174103
v 79.077431 -165.054916 -353.327271
v 149.114944 -199.825806 -298.480194
v 120.572495 -139.546402 -316.885162
v 103.471909 -123.176834 -320.503937
v 113.946274 -122.698845 -316.807404
v 128.589157 -174.590424 -314.917786
v 125.876007 -157.222092 -316.079926
v 230.654968 -129.445465 -238.310516
v 245.159576 -129.010834 -210.017990
v 241.400970 -148.492874 -206.011368
v 228.883286 -147.257111 -232.620071
v 309.044647 41.120434 139.935379
v 307.800446 48.037540 162.767822
v 311.742828 50.173916 112.258972
v 311.970764 61.212555 96.345863
v 279.519897 -158.090698 -12.511181
v 276.620514 -160.085846 -37.505161
v 282.220825 -146.973419 -17.683039
v 170.363983 170.489868 -274.727051
v 192.650864 157.666290 -260.495422
v 34.870224 -120.249672 -366.222382
v 33.758724 -114.338562 -366.150085
v 170.791351 73.475800 -260.430084
v 166.052429 79.842644 -266.652893
v 49.503002 -104.871429 -362.229004
v 58.430202 -105.683548 -353.872345
v 57.706276 -109.352097 -350.220093
v 47.865135 -108.224670 -358.826263
v 311.095154 61.843536 70.960953
v 312.998962 57.490730 87.380379
v 314.435516 57.804928 83.197685
v 209.678040 -402.614349 195.938568
v 215.596024 -402.614319 182.745590
v 208.598526 -379.153198 192.808990
v 222.247238 -402.614319 168.835037
v 221.820480 -393.634460 167.977875
v 234.103790 -226.882126 133.310287
v 235.939056 -252.133179 119.232460
v 228.294662 -183.833466 165.982834
v 234.851456 -204.939484 140.210754
v 86.192627 -95.215347 -324.956635
v 65.198814 -213.016891 -352.816956
v 105.115822 -204.564789 -309.806213
v 105.701317 -203.833923 -310.889435
v 102.460350 -204.131943 -312.483887
v 102.346489 -204.582123 -311.511841
v 36.076637 -200.177872 -364.382202
v 49.587822 -201.311707 -357.574005
v -77.177063 -402.614319 320.063599
v -75.173691 -402.614319 320.455322
v -58.406940 -368.285065 324.681061
v -78.386635 -370.900452 320.702118
v -57.435516 -402.614319 323.060974
v 296.402313 -115.564980 35.530544
v -319.339569 -85.135704 15.119270
v 312.399261 -76.300957 6.942173
v -313.658936 -114.588493 54.328243
v -315.116974 -109.779533 56.594810
v 303.285736 -113.692131 44.011894
v 108.584152 -204.392853 -310.434265
v 109.237740 -204.847992 -310.055511
v 104.555260 -208.013718 -312.605133
v -333.373291 32.533089 88.172707
v 333.947113 13.997577 61.808300
v 330.499084 30.556200 68.762810
v -329.148956 -31.168386 73.853676
v -327.144775 -22.159779 69.117500
v -327.363892 -23.850761 63.131985
v -326.207794 -35.314327 65.104874
v 317.567749 -44.317577 55.904808
v 310.689545 -51.590847 46.461452
v -323.748230 -51.395191 63.484200
v -317.193970 -60.017448 53.924702
v 311.893555 -57.802139 46.194874
v 316.646515 -67.168571 37.983315
v -328.667480 -2.208740 78.198357
v 326.741272 -0.043476 77.702583
v 323.548584 3.541749 69.875603
v -64.129082 -402.614319 -288.972900
v -270.856628 -44.744041 -188.115814
v -250.352783 -3.694857 -204.019073
v -30.522715 148.311432 -331.700592
v -25.456705 134.912460 -330.010284
v -36.061699 80.384743 -308.632812
v -57.221642 73.566536 -277.205963
v -52.185055 80.511909 -285.275665
v -47.217606 87.653595 -294.443634
v -167.749374 60.094101 -249.989532
v -155.821777 54.755280 -260.340485
v -156.496201 53.309738 -260.882660
v -67.647186 36.087387 -286.691895
v -101.977844 -205.932587 -312.645599
v -98.626122 -202.341080 -319.022736
v -91.720512 -198.536942 -328.111603
v -76.682671 -231.662201 -342.123535
v -63.800953 -169.640579 -362.580597
v -66.338814 -173.836761 -361.357422
v -93.200272 -208.180176 -314.730194
v -299.796814 -133.859970 20.023794
v -302.139832 -133.359100 19.786797
v -306.128815 -134.539734 18.410282
v -325.698212 -87.598312 41.077980
v -328.689880 -98.281990 36.602047
v -315.637970 -108.822861 12.496608
v -316.050201 -115.339630 12.218526
v -318.940704 -53.246906 48.664001
v -318.826752 -64.396767 39.971058
v -324.612366 -64.310394 41.088894
v -318.686096 -72.051239 27.507023
v -319.189178 -83.733719 28.158230
v -335.031982 11.297072 62.668091
v -327.453430 63.882114 89.435394
v -332.726990 61.918564 98.066940
v -309.501221 -95.397148 40.353966
v -329.787750 -80.819992 44.560978
v -326.120392 33.128834 80.846680
v -331.147797 27.445559 73.145401
v -345.905579 -68.249748 86.982788
v -365.355560 -5.606376 127.164406
v -346.588409 -64.528549 78.576431
v -352.128174 -53.839947 86.192825
v -355.006927 -40.596027 93.055069
v -315.296448 -101.693413 13.238195
v -314.429749 -78.627327 5.941815
v -310.898865 -96.069283 4.294117
v -323.622223 -37.772938 29.604792
v -315.890259 -61.164085 8.073646
v -322.406494 -36.468525 58.931675
v -345.266724 40.172199 108.150192
v -359.318146 -5.521755 105.689377
v -360.853943 1.850796 112.531105
v -360.238373 8.786253 118.816193
v -356.319061 18.274727 116.961723
v -341.180450 47.480850 112.725288
v -339.472229 55.366325 116.130394
v -334.594482 57.707020 107.789421
v -139.630295 105.540970 -280.880310
v -192.908707 89.242599 -255.340912
v -187.874527 86.027458 -256.035553
v -182.259247 84.597206 -256.503845
v -187.330292 77.547745 -248.056335
v -190.983032 70.590210 -240.121902
v -69.598892 62.841713 -267.278229
v -70.862137 62.773380 -265.381500
v -71.485413 65.352165 -266.265198
v -70.262352 65.927589 -268.032227
v -68.850533 66.381081 -268.930023
v -80.733162 -201.033234 -333.271454
v -240.530472 -296.611694 0.511048
v -314.132477 -37.192947 -6.883367
v -311.562195 23.024792 -15.638267
v -257.566589 -267.852875 75.576637
v -256.771698 -272.262085 50.695183
v -239.676575 -402.614319 137.169876
v -240.231201 -378.598785 135.699463
v -242.909470 -402.614319 122.668884
v -246.512650 -392.643036 106.929489
v -246.494568 -402.614319 107.158760
v -247.020432 -402.614319 80.750488
v -246.755585 -402.614319 101.563446
v -247.013931 -402.221008 80.720146
v -75.077171 -224.900589 -341.892426
v -75.700722 -228.338684 -342.351593
v -128.349060 -379.776428 -232.655289
v -133.405258 -372.789154 -246.976700
v -199.788101 -216.476898 250.922455
v -190.000473 307.556244 -162.995209
v -360.054749 -70.004410 98.775520
v -342.091156 -112.778000 74.908928
v -329.180420 -3.934623 33.283421
v -330.206970 19.445625 28.907188
v -365.416779 -48.094414 120.742928
v -338.137909 -48.977104 123.723663
v -344.735626 -20.060076 134.677292
v -315.815918 50.447845 45.936062
v -329.269928 -108.197029 82.866798
v -336.455872 -109.686356 50.481228
v -334.141052 -124.241821 57.866879
v -338.999023 -119.389786 53.678295
v -328.789093 -104.765709 38.967270
v -323.632050 -131.732498 17.764666
v -332.959686 32.735676 33.204792
v -334.068573 28.102287 38.431007
v -336.410370 70.709602 47.907322
v -332.049683 72.090759 49.157867
v -368.731689 -10.937307 128.973923
v -356.137207 28.869543 131.037704
v -351.890717 42.096657 130.187210
v -346.082703 -69.444588 82.072632
v -212.321487 131.075699 -233.734238
v -190.337646 145.571915 -249.709076
v -168.306183 157.704041 -264.968262
v -25.973452 -108.296021 -373.620972
v -32.596256 -110.311409 -366.583618
v -39.616531 -111.526802 -360.533691
v -47.415981 -98.726807 -372.861908
v -53.697113 -94.372108 -375.024811
v -175.447037 66.101448 -241.602356
v -173.651855 64.308968 -243.215546
v -69.211014 -64.120979 -373.453156
v -315.042725 -104.224075 60.911339
v -253.360138 281.774414 -72.155464
v -268.942596 277.563507 -33.643204
v 76.919144 -402.614319 -289.091797
v 264.799133 -38.148491 -196.765945
v 240.614838 1.042550 -216.075592
v 27.036636 135.081406 -330.706360
v 34.749672 148.032684 -328.142303
v 31.085072 80.078835 -312.164093
v 40.938244 64.881760 -297.474731
v 41.488010 86.931320 -299.751892
v 149.975266 48.478676 -272.456512
v 149.007202 50.444481 -272.199738
v 161.935577 57.053509 -262.697388
v 160.490479 58.577908 -262.129364
v 166.602661 63.247501 -256.087524
v 168.375778 62.212399 -256.277222
v 60.684544 32.785740 -293.910889
v 102.215294 -203.060669 -313.640869
v 95.613693 -203.086716 -319.241119
v 95.808922 -199.626633 -324.467682
v 95.375412 -196.389435 -329.223785
v 81.782341 -229.332962 -344.365173
v 96.639816 -204.522156 -316.824707
v 299.583771 -125.416420 9.237102
v 294.533752 -124.193909 10.709880
v 291.770966 -124.217667 11.376516
v 321.637268 -89.673401 28.746962
v 309.788300 -105.269485 5.324373
v 309.253967 -99.272308 5.076452
v 310.773621 -76.773254 18.616917
v 310.575562 -69.110840 18.268240
v 317.829041 -56.833427 32.750889
v 329.696381 17.255453 54.545174
v 326.582123 73.423927 88.353432
v 328.709198 66.721405 91.166306
v 321.390717 38.520302 73.440956
v 327.703766 45.687088 78.388695
v 330.700775 50.899395 80.660591
v 331.661591 42.392887 81.880875
v 337.308044 34.738617 83.713104
v 308.089020 -96.492836 53.821476
v 356.941803 -5.671650 116.282166
v 357.567444 -5.387629 118.583801
v 349.553894 -33.621410 86.948730
v 335.335266 -63.212585 60.923046
v 303.633759 -86.887001 -4.424922
v 307.027863 -69.905113 -2.530565
v 316.938293 -30.311089 21.125229
v 316.838470 -44.077789 16.029295
v 308.684998 -52.912308 -0.704052
v 313.373169 -79.242554 22.687277
v 313.737366 -32.577694 41.892982
v 322.663025 -22.619114 41.917053
v 324.419189 -11.947736 40.883110
v 316.781525 -46.404091 39.050835
v 347.904205 30.689707 107.913979
v 349.634583 20.795532 95.409592
v 349.250763 26.846134 101.725449
v 351.369049 23.280611 110.778160
v 355.282013 14.195598 112.985214
v 332.706329 54.064369 84.485939
v 134.457809 98.593513 -284.894928
v 191.517624 92.656265 -266.008667
v 196.470749 83.598488 -255.618423
v 196.883255 72.571548 -247.319397
v 188.952621 70.907013 -251.116226
v 68.086258 62.520550 -270.655487
v 68.176964 60.877537 -270.394379
v 85.097527 -199.968002 -333.839508
v 229.211121 -282.736023 0.997715
v 305.443359 29.837460 -26.142328
v 246.205154 -261.224152 49.309498
v 246.929916 -258.130554 74.271706
v 239.349533 -402.614319 84.439590
v 238.913300 -396.146179 84.070557
v 239.866837 -402.614319 101.391914
v 239.095520 -387.164398 109.380676
v 239.806946 -402.614319 109.589386
v 234.073715 -402.614319 138.983368
v 235.569794 -402.614319 130.962387
v 233.438705 -373.738525 137.380997
v 107.460075 -203.920212 -310.466003
v 80.672676 -225.962723 -344.496826
v 79.922340 -222.458282 -343.916168
v 140.040680 -370.232056 -244.851303
v 133.399994 -376.562500 -230.298279
v 195.002350 -213.232910 249.977142
v 198.735947 304.089752 -170.418320
v 340.856293 -95.450333 59.972450
v 317.561981 49.287853 19.935492
v 324.880493 48.847534 22.698622
v 318.876373 -55.975700 16.887255
v 319.442810 -74.573814 15.225409
v 360.195923 -42.027596 115.190262
v 365.634918 -8.656044 127.140778
v 311.225311 55.856003 37.399544
v 319.206665 -90.857933 73.462944
v 323.036102 -100.749786 76.317856
v 328.065552 -87.681313 90.448807
v 335.198730 -100.036469 49.764706
v 329.971191 -101.799133 43.011665
v 332.136841 -111.366920 46.566208
v 327.309570 -116.136780 50.849712
v 323.873657 -121.439125 43.863461
v 321.415680 -96.086578 31.319691
v 328.596313 34.135799 29.881069
v 327.525726 38.659191 24.415161
v 324.597687 67.221573 29.186146
v 327.750610 77.428772 40.509682
v 348.791260 46.318726 123.615868
v 326.256531 33.014435 65.349411
v 172.898422 143.586853 -287.088196
v 170.517197 154.340775 -285.342834
v 168.438202 163.555771 -282.091614
v 191.873291 149.662827 -265.985168
v 212.844879 133.254623 -247.169724
v 39.126003 -101.749352 -372.972809
v 170.137070 64.376945 -255.096481
v 169.627609 67.104584 -256.520355
v 168.407059 65.033707 -254.613571
v 167.816315 66.739716 -255.732941
v 68.020241 -63.292362 -372.418121
v 270.430908 278.443909 -40.896404
v 256.194824 281.799652 -79.968460
v 108.142944 -245.308945 -297.886169
v 53.777409 -93.928452 -373.877808
v 47.577419 -98.226669 -372.430084
v 40.306053 -106.429817 -365.045807
v 40.290371 -110.588593 -360.891571
v -315.445709 -126.464714 54.334671
v -269.475922 -218.388611 -90.631157
v -288.770264 -155.896606 -32.509945
v -186.879639 -375.157593 -29.526466
v -184.474243 -396.889099 -23.385954
v -184.684662 -402.614319 -22.882954
v -188.464935 -402.614319 -18.917074
v -200.126724 -402.614319 -6.461903
v -208.591324 -402.614319 3.690842
v -214.753922 -402.614319 10.954132
v -246.684021 -402.614319 79.152267
v -243.516052 -402.614319 63.388466
v -236.785583 -364.006744 39.054981
v -248.222595 -273.227112 -131.610916
v -249.457855 -285.813660 -61.224133
v -267.571625 162.471832 -115.165085
v -263.840759 132.404602 -131.929993
v -282.760895 88.987526 -103.547516
v -296.093292 78.107101 -59.725121
v -299.821564 163.835617 165.917633
v -312.585022 154.033310 69.316872
v -314.607086 123.713280 51.936871
v -257.693298 -236.224792 92.424690
v -258.571991 -208.660095 101.365242
v -260.974579 -187.021820 107.921196
v -277.137695 -147.637161 91.601418
v -285.041138 -125.045769 74.048645
v -259.841797 -186.903061 -144.409012
v -257.397278 -211.114105 -142.980453
v -263.565979 -227.382248 -114.996140
v -252.220032 -277.195679 -40.259769
v -260.538879 -255.987274 -25.608923
v -267.932404 -237.173172 -30.241510
v -19.769613 -386.959503 -356.233185
v -36.882217 -386.491547 -351.250916
v -55.873867 -345.401550 -355.828949
v -96.736153 -367.197693 -317.748108
v -96.639412 -351.428986 -323.381561
v -94.809998 -333.043945 -325.732330
v -75.672424 -340.418213 -342.115753
v -20.862429 -308.951874 -361.811310
v -6.880307 -309.698486 -364.846466
v 6.576922 -310.000458 -365.557373
v 9.160789 -330.195648 -371.431824
v 11.080140 -351.011688 -372.227509
v -42.045635 -402.614319 -323.369080
v -54.321510 -402.614319 -314.986023
v -55.760201 -395.833740 -331.051453
v -77.754784 -15.654688 -316.170258
v -61.359978 25.908291 -302.835663
v -53.189041 32.939495 -309.668457
v -217.729385 -95.490677 -267.038452
v -191.147736 -90.712494 -289.495239
v -165.469269 -103.453339 -303.086792
v -167.762466 -122.652390 -300.036835
v -235.300232 -51.173676 -244.159851
v -281.259430 30.879261 -140.999664
v -263.449982 11.667862 -179.271606
v -207.848343 -173.956909 -251.135468
v -210.729919 -153.845016 -255.950577
v -3.527993 44.313633 -372.021271
v -3.631206 22.965286 -389.796875
v -20.065865 0.549693 -400.455688
v -71.613983 252.828827 -275.299377
v -89.837158 251.289474 -269.157715
v -127.084038 291.213501 -233.593857
v -231.069366 -235.697159 -194.251862
v 12.099750 -399.751129 -344.415405
v 11.725991 -402.614319 -336.847351
v 6.059849 -402.614319 -336.671539
v -178.151184 -327.281860 -230.858017
v -175.397980 -360.556580 -94.624092
v -182.479507 -354.951843 -150.530121
v -161.557007 -366.836639 -170.335480
v -41.955959 -37.245281 -404.241821
v -40.255455 -25.315943 -394.943359
v -113.915504 -68.005165 -314.181213
v -60.443108 -123.029907 -344.765381
v -58.143295 -118.110779 -345.031891
v -57.369572 -114.293373 -346.460205
v -48.181335 -113.838226 -353.416351
v 0.528853 -106.151863 -402.967010
v 0.420155 -109.997063 -394.804749
v 0.268822 -113.705719 -388.483734
v -6.436359 -112.499390 -387.231354
v -22.893414 -80.207634 -432.006348
v -44.427738 -70.337303 -412.845367
v -45.051716 -62.851154 -414.313782
v -107.684860 -246.771301 -311.534943
v -95.634354 -256.353760 -319.870209
v -87.152771 -294.651031 -325.672577
v -16.132881 -133.325653 -375.956848
v 0.113936 -122.195656 -380.964142
v -37.515545 22.439219 -356.051483
v -24.957718 -119.943848 -371.633667
v -24.984306 -113.856544 -372.001923
v -18.574781 -102.166023 -391.258270
v -21.162142 -160.641220 -381.683746
v -19.583941 -153.555740 -379.674835
v 1.870887 -149.177399 -376.586884
v -90.778046 -139.718277 -331.784576
v -25.514622 -259.436890 -361.944611
v -24.350452 -266.186554 -357.196716
v -52.963387 -272.673065 -345.118286
v -104.863464 -199.885468 -316.164673
v -96.684250 -187.125916 -331.074219
v -69.338181 -56.101479 -362.172943
v -80.545448 -255.549530 -332.233490
v -79.552536 -249.261337 -335.108429
v 1.802338 -276.011780 -356.278778
v -231.097672 79.086884 -209.554672
v -230.335526 110.119591 -209.091415
v -116.542534 202.751007 -279.460693
v -140.121567 195.632263 -266.616791
v -165.570068 227.029373 -231.366516
v -214.659744 151.914627 -216.029694
v -128.026840 160.821503 -293.353363
v -130.840469 150.043411 -295.088837
v -213.553726 139.047928 -225.959213
v -99.592232 125.309296 -298.748718
v -96.216003 131.800568 -304.418274
v -81.087860 133.603378 -314.395935
v -67.204079 129.566483 -315.563019
v -26.041073 73.914917 -325.017792
v -16.238132 74.102562 -336.908234
v -17.378376 65.707787 -344.373047
v -152.293716 -41.271378 -297.205261
v -109.843681 -1.798008 -289.496613
v -89.962006 6.981032 -291.788696
v -218.906235 44.301277 -214.174301
v -133.242630 141.071381 -294.674652
v -134.834427 133.455399 -293.290222
v -201.218536 100.422707 -250.674438
v -206.933044 107.914429 -248.459625
v -211.325790 47.404663 -219.224136
v -164.798141 85.497398 -260.953339
v -171.077377 79.541023 -254.203903
v -157.892303 90.045120 -266.864777
v -149.827240 94.168159 -271.363861
v -140.807861 97.133453 -273.876892
v -129.585388 98.878014 -275.014069
v -118.758148 96.389427 -274.589905
v -96.978806 89.488777 -272.639679
v -107.626640 93.831047 -274.116699
v -108.738396 92.189003 -272.891510
v -119.389671 94.672745 -273.222198
v -78.261383 76.383446 -269.886536
v -86.704475 83.460518 -271.064423
v -88.163445 81.904030 -269.740753
v -98.545204 87.778976 -271.642517
v -72.876755 70.429245 -268.973053
v -74.164505 69.471329 -267.305695
v -79.884872 75.153191 -268.414246
v -192.874512 57.754482 -232.429153
v -180.391388 97.817123 -267.736237
v -167.376465 106.156235 -276.929169
v -96.789536 45.343010 -276.367889
v -82.851723 49.396362 -273.617340
v -82.080025 36.852364 -278.813354
v -66.259834 51.843258 -277.050293
v -73.196838 56.360893 -268.536285
v -76.524361 58.306801 -266.415619
v -74.081070 59.334240 -265.610931
v -73.462250 58.058342 -266.854340
v -175.631912 72.905174 -247.919266
v 0.260112 115.872475 -328.927704
v -9.464085 115.064697 -327.840637
v -18.283447 112.921707 -325.764252
v -21.461151 122.830818 -326.606598
v -67.864487 29.510214 -291.510406
v -44.248169 93.489716 -301.085510
v 2.406019 -177.612762 -386.351715
v 2.440013 -183.118057 -385.453979
v -23.721769 -186.929489 -378.692535
v -22.654448 -191.811783 -375.726227
v -44.262894 -177.757172 -374.451324
v -20.270130 -197.052231 -372.408539
v -17.929276 -201.035095 -368.684235
v -49.320042 -218.534058 -362.742828
v -50.944897 -223.239471 -363.190765
v -47.167564 -213.435806 -361.703705
v -18.164177 -207.820724 -371.756134
v -23.784101 -229.224564 -376.674805
v -8.996313 -220.722382 -377.324829
v 1.938433 -221.523605 -377.846405
v 1.286697 -242.725952 -378.265900
v -11.790816 -241.482727 -377.903992
v -26.032803 -238.659103 -376.100433
v -24.985371 -234.107376 -376.712860
v -17.586937 -204.631989 -370.180481
v -17.261129 -202.961639 -368.147919
v -43.638725 -204.193176 -356.984894
v -29.634451 -203.262207 -364.183014
v -57.458073 -206.091415 -346.995056
v -66.721802 -235.677658 -352.371979
v -54.891411 -236.543243 -361.909515
v -40.809200 -236.490311 -370.939026
v -108.213058 -207.463089 -308.876770
v -106.686333 -209.200424 -308.759918
v -55.702484 -250.824600 -354.937195
v -300.265320 -66.905022 123.991760
v -309.197968 -19.223076 135.498581
v -318.898651 -17.606993 137.573242
v -313.689514 58.872551 34.204376
v -311.290710 47.047226 -0.950108
v -315.173889 55.523071 61.126156
v -295.489960 -122.095627 48.430717
v -297.816925 -84.490517 85.402977
v -305.237000 -84.778809 82.572067
v -321.854797 -65.819702 104.282387
v -335.661041 -113.388275 80.521217
v -338.190613 -119.192307 65.633232
v -302.109711 -134.745224 33.025215
v -303.807922 -131.656311 41.204334
v -337.558411 -79.364151 77.345589
v -360.105225 -18.060873 108.201607
v -346.203857 50.429882 124.114204
v -322.458466 -23.665792 36.090187
v -302.113342 -113.786514 -11.586930
v -305.027649 -111.310699 -1.830900
v -323.733307 -81.670746 27.784721
v -332.158447 88.167236 89.398201
v -327.199768 82.412178 70.223427
v -323.195923 72.012299 55.597801
v -327.314545 72.194824 51.633480
v -337.204102 85.998108 108.605270
v -330.215240 58.646973 126.503380
v -345.676788 5.476375 145.400772
v -339.299927 27.076216 145.381119
v -346.097107 37.320316 149.304428
v -341.518402 29.655230 90.303581
v -344.799683 35.528488 98.825035
v -316.318787 -39.628166 5.157392
v -323.456390 22.927912 127.546867
v -327.768280 32.130497 124.714104
v -327.643921 42.909241 119.324333
v -334.982452 44.102570 136.871796
v -309.245178 -100.961731 60.377449
v -302.495697 -135.345322 25.363813
v -318.937073 44.954910 109.952477
v -349.908691 23.530195 97.718803
v -324.786682 -3.542742 69.696815
v -40.822887 307.836304 -259.509125
v 8.066150 368.744598 -220.444199
v 11.638825 249.535812 -290.149628
v -35.666691 279.755737 -272.431854
v -0.037974 -96.256264 -423.721008
v 0.405220 -101.732704 -413.284393
v -23.116219 -47.176186 -436.435455
v -1.662875 -54.671967 -446.018097
v -1.766617 -63.444313 -447.210449
v -1.725117 -72.479286 -445.701782
v -1.417439 -81.180862 -441.398102
v -12.454491 -80.934265 -438.856598
v 0.175095 -117.375435 -384.170776
v 1.024901 -142.652725 -375.776520
v -0.878915 -89.156044 -433.758484
v -22.145237 -38.928200 -432.473969
v -11.687313 -26.442694 -429.091644
v -2.076658 -25.588396 -429.753632
v 4.341762 167.619751 -325.038208
v -15.179694 167.311432 -325.129639
v -34.063320 207.103653 -305.960785
v 0.280982 86.005974 -335.403503
v -15.180786 96.400162 -326.934235
v 0.526229 92.883003 -332.046295
v -91.059822 326.483154 -234.702530
v -97.974716 351.571686 -211.566177
v -55.094124 208.550232 -302.149200
v -91.899231 151.859955 -313.510529
v -103.817520 117.529434 -291.287170
v -156.762360 379.736237 -124.147804
v -165.593567 320.496735 -181.324249
v -110.826981 152.261047 -304.109619
v -138.331009 109.096596 -283.503754
v -172.190155 248.420029 -216.814682
v -229.478897 245.139160 -148.768845
v -232.396988 268.155121 -128.119110
v -197.917160 94.484024 -254.012695
v -70.860245 97.207016 -282.290497
v -309.598755 74.573814 178.546585
v -297.581116 -21.435978 197.857224
v -300.289062 5.230378 203.108749
v -308.462891 23.362713 174.545273
v -311.028442 18.850805 151.014221
v -273.584137 -122.231537 145.826141
v 10.224654 223.128647 -304.296631
v -101.357521 -392.912079 -168.654114
v -68.879364 -402.614319 -233.236420
v -213.494141 -323.438721 -163.716568
v -104.815170 379.980499 -177.594604
v -58.240974 425.487854 -138.766434
v -234.301941 -282.314240 -162.833923
v -216.095459 -310.190857 -178.355042
v -31.708303 -147.382507 -375.065765
v -80.995407 -158.625900 -348.072662
v -42.165970 -150.210693 -370.589050
v -54.560841 -153.011520 -364.612213
v -51.015160 -144.603973 -363.554932
v -47.494766 -136.797195 -362.005859
v -133.603271 -210.075256 -304.028534
v -136.384018 -198.125626 -306.605713
v -273.567902 63.786610 -140.933395
v -193.122894 63.428555 -234.481705
v -295.465576 -80.206924 109.298256
v -304.526215 -85.996979 -50.475285
v -303.866516 -35.772568 -97.275490
v -195.674698 34.613998 -232.345016
v -189.861404 42.265446 -234.379745
v -282.008423 -135.036102 -97.730988
v -109.027885 -48.134285 -311.186157
v -88.498894 -23.208776 -310.907013
v -57.310574 -13.709860 -345.354187
v -58.807453 -29.171568 -354.930450
v -131.596161 -148.212402 -312.231812
v -148.378906 -153.172104 -304.240784
v -21.900888 -132.881470 -374.651337
v -203.890244 -195.945847 -247.849808
v -199.656189 -218.505035 -246.643127
v -216.340225 -228.799255 -220.608154
v -97.646255 -153.577209 -332.120605
v -164.883850 -198.340240 -287.000519
v -195.273071 -240.064728 -245.950333
v -188.067230 -258.953888 -249.201263
v -133.020828 -314.479462 -289.229309
v -194.158325 -12.725149 -262.728088
v -202.620468 -29.910131 -266.856354
v -185.164261 28.960457 -244.088501
v -180.929901 37.136417 -244.957886
v -182.762360 -207.698318 -268.630676
v -142.146591 -255.320572 -292.137726
v -132.080582 -266.948151 -296.245178
v -91.209618 -313.866302 -326.038757
v -125.948799 11.807840 -279.476166
v -131.016205 3.015088 -281.346008
v -121.777061 19.159695 -278.507294
v -46.192459 12.675570 -345.501709
v -278.061554 -92.617821 -150.589996
v -52.398140 -287.077209 -344.954987
v -96.795036 50.395897 -274.387329
v 3.681145 -291.273224 -358.751953
v -32.196884 106.668564 -317.815796
v -25.929001 110.122910 -322.397949
v -16.063564 104.290001 -326.136688
v -64.831688 -130.153290 -345.105652
v -68.032852 -155.803268 -356.651428
v -59.248512 -162.308929 -364.067474
v -122.048019 -398.675659 -90.410248
v -121.502304 -402.614319 -88.985161
v -131.879852 -402.614319 -78.157135
v -197.076950 -311.242371 -214.776123
v -129.823257 -219.949280 -302.350311
v -221.906815 -324.214661 -84.219879
v -168.818588 -402.614319 -38.569672
v -182.023712 -402.614319 -25.498165
v -286.352539 -91.829941 -125.828590
v -228.509811 -316.323090 -57.775433
v -277.747559 -155.461899 -97.765434
v -300.705688 -64.182144 -100.892708
v -236.721390 -345.395782 33.956604
v -236.503082 -327.785675 24.748739
v -228.433502 -330.777008 8.406507
v -220.294922 -334.420868 -9.549592
v -220.991226 -402.614319 20.001423
v -226.106628 -402.614319 27.226578
v -229.795639 -402.614319 33.180462
v -237.737564 -311.412598 13.013611
v -244.786072 -323.526428 39.844063
v -249.730560 -291.593994 101.315613
v -291.925232 -137.968658 41.196278
v -106.614693 -402.614319 -104.290329
v -101.095253 -402.614319 -113.488434
v -103.599258 -402.614319 -109.296501
v -104.386261 -402.614319 -107.716469
v -114.457649 -324.803802 -307.098877
v -302.410370 204.349609 5.032250
v -204.440857 -402.614319 212.349289
v -201.907181 -402.614319 217.655823
v -192.811630 -402.614319 232.906860
v -189.738129 -400.514557 237.842697
v -200.495850 -402.614319 220.332291
v -189.757889 -402.614319 238.098907
v -227.800858 -360.819916 163.162552
v -117.302086 450.562592 -25.473423
v -89.812119 463.199677 -25.849327
v -60.987984 472.133820 -25.785219
v -59.999149 452.338745 -86.145203
v -122.031555 428.798981 240.893692
v -119.807999 395.599945 303.928040
v -58.508633 364.567108 370.073853
v -111.146851 253.335205 420.307281
v -57.587414 314.766632 407.594757
v -63.033386 468.179688 184.406860
v -62.603725 480.225983 112.689087
v 1.310169 478.140137 -24.804861
v -30.295040 476.824280 -25.260849
v -61.793514 481.526367 41.582478
v -108.834839 201.938766 438.991333
v -56.273682 157.893921 465.546051
v -102.524506 40.797569 457.530945
v -77.759933 44.405457 467.100006
v -52.731606 47.315155 473.931244
v -54.574688 102.724342 472.763702
v -88.885033 -154.673264 387.707520
v -46.564064 -106.912033 426.974823
v -49.171410 -56.198883 454.071533
v -0.616344 49.148521 478.777344
v -26.898455 48.947678 477.674408
v -51.140621 -4.944072 468.539307
v -82.150734 -298.098175 321.601410
v -80.185043 -334.715240 319.983154
v -19.142984 -402.614319 324.515961
v -1.792222 -402.614319 324.358826
v -0.697673 -402.614319 324.430786
v -0.721810 -400.406555 324.406311
v -1.043263 -362.501434 324.845886
v -88.208023 -189.882172 362.594055
v -44.305256 -214.181290 351.814972
v -42.372784 -251.756058 339.724152
v -1.399511 -290.368073 328.443756
v -213.344208 374.813873 -14.821733
v -191.188690 397.403564 -18.241917
v -162.760651 400.996124 -76.051422
v -207.729706 218.242523 360.485870
v -186.653503 228.715942 377.939392
v -165.785950 286.986267 367.439240
v -167.723862 332.385010 330.684204
v -192.975418 383.830048 212.602814
v -214.886627 363.602509 201.747284
v -172.708893 419.981323 161.235107
v -174.276749 427.935303 99.332886
v -157.973572 137.853333 424.997009
v -194.459167 26.846191 400.718597
v -173.943237 30.571680 417.860291
v -154.895706 85.932999 431.939789
v -142.919785 -67.640984 412.297607
v -176.059448 -160.786484 332.605621
v -156.543045 -160.925674 348.887360
v -138.337646 -116.285896 389.959869
v -130.929718 -230.834549 320.819916
v -119.230431 -377.470093 306.051636
v -144.199417 -305.248413 286.420288
v -79.597145 -402.614319 319.348175
v -98.868988 -374.030151 314.549042
v -97.435875 -402.614319 314.862915
v -118.115295 -402.614319 306.951202
v -112.822464 -402.614319 309.175385
v -127.622856 -266.656647 307.058167
v -284.664276 256.972687 134.608917
v -281.310516 243.879181 177.302338
v -264.529449 249.040634 242.129318
v -248.900253 269.592499 264.271149
v -257.362152 326.144958 128.525742
v -259.905792 330.638947 81.842400
v -281.295502 273.679474 8.014288
v -226.707397 207.183945 342.420868
v -240.803925 152.583405 342.479553
v -237.667007 108.527290 354.891266
v -212.920013 22.554634 380.112061
v -221.855728 -26.821636 351.391479
v -214.139175 -72.297035 339.154083
v -192.266800 -158.666870 315.749390
v -202.212189 -189.771103 271.790344
v -198.174744 -283.816101 226.128021
v -301.806946 94.787338 203.497360
v -293.670502 117.626717 227.498306
v -296.669098 143.733200 199.270828
v -306.910370 196.493668 46.806400
v -258.508179 6.594243 314.292175
v -275.688568 -44.168457 245.021591
v -267.829590 -77.461143 229.555511
v -262.396057 47.970448 318.101868
v -286.887177 56.440334 259.300598
v -272.228577 163.119888 279.663361
v -283.671082 141.845749 253.630783
v -289.999451 88.680290 248.046707
v -228.179230 -146.234634 245.850174
v -239.254700 -140.980438 219.624954
v -250.817566 -135.817688 194.643631
v -242.275421 -162.259918 179.176117
v -262.303192 -129.804901 171.261230
v -259.318634 -107.727432 212.504105
v -295.048096 -145.655991 3.287806
v -365.395447 40.795399 139.140900
v -326.540100 -122.611084 29.577703
v -317.158142 58.471409 55.919308
v -319.774994 57.298985 88.193291
v -344.037079 75.665329 60.344589
v -349.056152 82.985825 77.517830
v -363.296234 57.654606 126.731583
v 6.005790 401.246582 -184.882782
v -0.356263 449.066345 256.559174
v -178.646881 -402.614319 255.313736
v -0.521571 412.157043 320.103424
v -0.584898 263.441925 437.123016
v -0.613147 212.631119 456.740784
v -0.816064 -151.620255 394.477264
v -1.079366 -183.413010 368.262634
v -1.272176 -326.777557 325.320618
v -124.318581 -402.614319 303.460938
v -138.589142 -402.614319 296.035858
v -149.086105 -402.614319 288.079407
v -64.970398 -402.614319 -177.130249
v -67.070320 -402.614319 -159.319962
v -237.286652 -402.614319 142.483841
v -231.514236 -402.614319 155.875854
v 280.760315 -143.891846 -40.926445
v 261.627777 -202.466141 -98.617126
v 202.290649 -402.614319 19.698471
v 190.643448 -402.614319 8.694785
v 185.929398 -402.614319 4.349806
v 179.788513 -402.614319 -0.647943
v 168.530594 -402.614319 -10.133025
v 166.554688 -385.802246 -10.824473
v 167.913712 -362.943573 -16.859909
v 225.432404 -354.210297 44.212906
v 241.555466 -268.242096 -62.590733
v 246.318695 -250.494812 -129.334595
v 291.025269 84.471664 -71.901505
v 278.044128 95.512390 -117.428589
v 262.420197 137.397751 -147.629929
v 267.254517 166.062469 -128.980209
v 311.403656 127.959702 43.883209
v 310.042328 157.692154 62.119198
v 297.544006 166.728439 161.366547
v 250.050735 -200.074020 98.226906
v 248.078552 -227.249390 89.986862
v 277.438446 -116.001663 68.141235
v 269.270325 -138.811279 86.895477
v 253.053085 -178.686600 104.427399
v 256.365387 -211.699249 -121.461273
v 252.108414 -195.299652 -149.176086
v 254.638580 -171.594070 -152.273071
v 259.391083 -221.603653 -35.207153
v 251.727051 -240.503952 -29.450483
v 243.388885 -260.843628 -42.756477
v 74.526421 -345.102478 -353.599579
v 59.469257 -386.680939 -349.330627
v 43.233833 -387.237946 -354.668365
v 91.151596 -339.367493 -340.250031
v 107.357025 -331.612091 -324.638397
v 110.395905 -349.996826 -321.049805
v 110.704453 -366.803741 -314.197205
v 20.209471 -309.757019 -364.654907
v 34.550484 -308.722382 -361.277435
v 74.971733 -395.937500 -329.202454
v 62.662899 -402.614319 -321.865936
v 46.860508 30.196400 -315.255859
v 55.687012 22.373796 -308.840912
v 73.728546 -15.077741 -318.746918
v 167.042313 -117.110832 -303.238342
v 163.732590 -98.840889 -306.652344
v 183.531509 -86.970970 -296.789368
v 207.751083 -91.894318 -278.027130
v 223.776413 -49.514442 -257.028595
v 255.282227 18.068254 -190.869354
v 273.329956 38.550079 -153.649017
v 211.280457 -144.434631 -259.587219
v 209.285934 -162.637054 -254.284729
v 14.010561 0.876651 -400.620239
v 143.624847 284.591370 -240.278000
v 116.763153 243.089645 -273.452393
v 97.411812 245.905869 -282.414429
v 230.664215 -220.300568 -195.508087
v 17.493406 -402.614319 -336.659485
v 183.100800 -320.798309 -229.528137
v 161.674911 -360.092499 -166.915009
v 180.564606 -346.226471 -146.860153
v 159.685196 -348.907104 -82.935135
v 36.277718 -25.294451 -395.301086
v 38.572510 -36.560051 -404.290222
v 110.601364 -64.088730 -316.358246
v 48.450092 -112.766426 -354.165253
v 57.756409 -113.585663 -346.896790
v 58.709595 -117.435585 -345.200623
v 61.305840 -122.453362 -344.730011
v 7.137825 -112.391266 -387.154724
v 42.834812 -61.572121 -414.454315
v 42.615463 -69.086418 -413.053650
v 20.662420 -79.553497 -432.420563
v 97.362701 -293.091125 -326.068634
v 102.055092 -254.234390 -321.680359
v 112.414558 -243.267288 -313.424591
v 18.492769 -133.798416 -375.483032
v 32.334866 20.925993 -356.615356
v 26.761820 -112.994720 -372.053802
v 27.127520 -119.276550 -371.428711
v 19.500017 -101.790970 -391.455322
v 26.605185 -153.300873 -378.722504
v 28.403984 -159.762161 -380.658356
v 93.267258 -137.390411 -330.532623
v 61.552013 -272.676971 -346.039581
v 29.274677 -265.677307 -357.792725
v 28.659098 -258.476105 -362.959381
v 99.582230 -185.251251 -331.384491
v 107.574013 -195.894943 -317.253815
v 66.962959 -54.862358 -362.539459
v 85.964767 -247.905228 -337.315125
v 87.544754 -254.642990 -334.132233
v 229.507019 115.011627 -223.848969
v 228.352127 84.497246 -224.735855
v 177.432770 220.887924 -242.256668
v 147.811722 190.543900 -283.237213
v 131.153412 199.304138 -290.495514
v 217.328979 153.343872 -229.997620
v 153.873627 150.284836 -299.286713
v 136.256805 154.720596 -310.864716
v 215.037369 141.027557 -239.617920
v 75.413330 132.073441 -320.519043
v 89.823364 136.672348 -319.212006
v 104.945564 132.899780 -311.606873
v 105.645920 126.026070 -306.200897
v 13.521048 65.080055 -344.412994
v 14.076225 73.716789 -336.979187
v 22.816444 73.337944 -326.092407
v 85.782784 4.318682 -297.147034
v 106.341705 -3.020404 -294.350922
v 148.408859 -39.961292 -301.225677
v 210.896164 47.491650 -228.225647
v 136.432907 137.434952 -307.062164
v 139.432968 144.906174 -316.938782
v 207.496109 112.304001 -258.909332
v 202.957687 104.919319 -262.049774
v 202.631348 50.080734 -233.666092
v 195.498383 52.736786 -238.414215
v 197.059052 62.452522 -240.874191
v 158.332840 82.963135 -271.965729
v 151.658463 87.259064 -277.394684
v 164.161804 77.650986 -265.944122
v 144.139862 91.613297 -281.349152
v 135.131454 94.944237 -283.729797
v 124.412308 95.004402 -283.847076
v 124.384323 92.977547 -282.378815
v 113.932999 92.894356 -282.484528
v 113.576416 94.814507 -283.868500
v 102.796341 92.558556 -282.932678
v 103.688438 90.814888 -281.686401
v 93.691872 86.648605 -280.092926
v 92.354149 88.280701 -281.124390
v 81.324837 83.555016 -279.586792
v 73.729362 76.918152 -277.366638
v 70.838860 70.776932 -274.856079
v 72.263306 69.685730 -273.439636
v 69.251518 65.399315 -271.497528
v 164.439377 103.442345 -284.959961
v 168.264481 110.117538 -285.968811
v 182.055618 101.398918 -276.282501
v 110.159645 34.142597 -284.862000
v 157.537369 30.438866 -269.966888
v 160.813568 23.569727 -269.089081
v 91.064621 44.166328 -282.683319
v 110.043709 40.138828 -283.636749
v 91.967834 28.818651 -285.605286
v 76.147919 34.068684 -285.159576
v 58.410316 50.916775 -283.993958
v 60.832546 51.782166 -281.080048
v 57.391544 55.595928 -281.317871
v 59.222824 55.123940 -280.064392
v 109.704353 45.113014 -283.068481
v 131.652634 45.155361 -279.101166
v 69.352013 56.010277 -274.465729
v 72.305420 55.157970 -275.280792
v 56.813717 96.419586 -293.421906
v 70.250153 57.850845 -273.000916
v 69.002907 60.065613 -270.423859
v 70.709557 59.189457 -271.488281
v 168.461334 71.971214 -260.645569
v 171.130753 66.874741 -256.293335
v 173.925552 67.440613 -255.869629
v 22.103914 123.670616 -328.910278
v 18.476027 113.965721 -327.432007
v 9.828896 115.524956 -328.865387
v 61.765213 25.618210 -298.372009
v 39.634396 93.232666 -305.416565
v 30.721468 -168.564468 -381.792816
v 29.268951 -190.523758 -375.013184
v 30.675125 -185.754456 -377.902832
v 51.657455 -176.528000 -372.964905
v 23.705603 -200.015823 -368.465698
v 26.430063 -196.007248 -371.930939
v 55.703304 -221.216751 -364.991486
v 54.185020 -216.824921 -364.058044
v 23.170599 -207.106323 -371.722839
v 52.347897 -211.928131 -362.573120
v 12.672596 -220.408005 -377.491943
v 25.915379 -228.530472 -377.534698
v 26.630697 -233.385544 -377.737793
v 13.993686 -250.146484 -374.227020
v 29.978109 -164.429977 -381.549255
v 22.823963 -201.909622 -368.013855
v 22.945641 -203.680267 -370.077362
v 35.592468 -201.940033 -363.952179
v 49.425461 -202.991959 -356.945831
v 62.616043 -204.935638 -347.386169
v 61.428322 -242.959747 -360.105164
v 72.149986 -233.183578 -354.353973
v 61.385738 -248.595276 -356.820801
v 102.402977 -245.864105 -303.512543
v 313.676392 -12.001657 131.567352
v 303.962585 -13.612934 129.734802
v 294.497009 -60.768517 118.813538
v 305.944061 53.235565 -11.090662
v 309.211548 64.381126 25.226732
v 310.689209 60.620438 53.144234
v 287.771332 -113.324554 41.304703
v 298.676056 -77.436287 76.129639
v 291.302582 -76.851799 79.166481
v 315.977234 -59.577980 98.733185
v 319.050934 -117.123062 55.865170
v 298.207428 -118.514481 38.584198
v 296.283752 -122.255234 34.108829
v 294.589600 -125.697701 25.468126
v 357.220001 3.379344 115.209862
v 342.605896 54.544682 118.166908
v 297.531494 -101.630386 -10.836357
v 294.421722 -103.878021 -20.793295
v 316.081177 -73.424812 19.119999
v 331.677979 86.675125 53.791740
v 326.338867 63.297516 120.477142
v 342.398163 41.790825 143.771744
v 335.067566 31.926670 140.257660
v 355.411896 43.631546 123.845200
v 359.067230 43.362453 126.716309
v 363.227905 23.849899 125.448563
v 347.751953 72.692177 73.388527
v 309.455994 -31.862541 -4.115831
v 318.558472 27.977074 121.462425
v 331.043640 48.843624 131.158279
v 302.171021 -92.960434 53.234165
v 295.263306 -126.427361 16.889490
v 314.279694 49.917210 103.579582
v 345.334656 28.673452 90.836945
v 63.208164 303.824921 -262.333008
v 60.770916 274.832153 -275.687134
v 20.207392 -46.787659 -436.090942
v 9.833979 -80.688713 -438.905365
v 7.589094 -26.337833 -428.824524
v 19.004089 -38.470367 -432.101959
v 52.010429 204.383957 -311.321777
v 24.145761 167.565460 -324.977692
v 15.076327 96.376617 -327.591461
v 112.584023 347.727966 -215.334335
v 108.600800 321.501556 -238.996338
v 73.398552 205.635193 -307.792999
v 95.115059 176.767822 -314.303345
v 176.341522 316.379608 -187.841339
v 164.001755 377.633698 -127.940842
v 118.406425 156.516830 -317.858765
v 183.758759 242.839966 -227.226562
v 237.382172 266.765625 -137.416061
v 234.720871 243.517136 -159.616364
v 197.771622 98.467888 -264.350128
v 66.358269 113.462326 -305.833649
v 306.228973 78.216507 173.921265
v 293.361603 -17.150522 193.924683
v 306.654266 23.459145 145.671249
v 304.473907 27.531483 169.849274
v 296.438293 9.153634 199.199203
v 267.203491 -115.546204 141.878021
v 67.522583 -402.614319 -229.024292
v 95.342377 -387.928589 -160.150162
v 215.092834 -310.140198 -159.994003
v 66.384773 424.468170 -139.878723
v 116.014412 377.253540 -180.657166
v 218.445312 -296.603760 -175.749054
v 235.786514 -262.672180 -160.062241
v 38.165062 -147.392029 -373.866821
v 85.133598 -158.155884 -346.719116
v 50.659515 -135.889771 -361.291656
v 55.562771 -143.555389 -362.157776
v 60.387177 -151.930618 -362.818085
v 48.563362 -149.470337 -369.281372
v 136.974930 -192.530441 -306.657776
v 134.741119 -205.223389 -304.179230
v 267.522614 71.242180 -155.443924
v 188.836380 62.972214 -245.870163
v 188.689743 55.253860 -243.200989
v 288.664978 -74.020378 104.680534
v 296.779358 -76.569000 -60.888763
v 295.956665 -27.479675 -109.091148
v 187.412476 35.762482 -245.424942
v 193.061951 43.438950 -239.696121
v 274.824677 -124.022552 -108.278603
v 84.751083 -22.146717 -313.357910
v 105.089226 -45.657318 -313.864258
v 55.310947 -28.905430 -356.463440
v 53.131180 -14.127774 -347.215454
v 148.930679 -146.238739 -305.412476
v 132.549194 -142.136871 -312.168427
v 24.982222 -133.255203 -374.164337
v 217.652664 -215.062180 -221.393692
v 201.804932 -206.921616 -247.370468
v 206.075623 -183.969849 -249.500168
v 100.371857 -151.229141 -330.857758
v 166.835739 -190.815781 -287.923645
v 190.915054 -249.554993 -249.275406
v 197.558319 -229.356491 -246.310196
v 140.022797 -311.779602 -289.582703
v 192.625702 -28.563881 -275.715027
v 183.820923 -11.462876 -271.889343
v 177.301743 29.124582 -256.141571
v 173.380478 36.660305 -257.351349
v 184.798935 -198.639038 -269.989258
v 137.208054 -262.951782 -297.026428
v 146.212875 -250.619308 -292.312836
v 102.601990 -312.093933 -325.891968
v 125.485748 1.416325 -287.599579
v 120.247963 9.541411 -286.009888
v 116.027985 16.639227 -285.289093
v 41.526752 11.429560 -347.231842
v 273.410370 -82.296341 -159.697983
v 63.017216 -286.916107 -345.177856
v 91.306068 52.829857 -277.636841
v 16.367685 104.876541 -327.101318
v 25.768948 111.353447 -324.684937
v 31.270004 107.681259 -320.545410
v 66.370262 -129.452240 -344.769348
v 73.459213 -154.870605 -354.592224
v 66.119209 -161.466629 -361.565521
v 106.018211 -387.539917 -74.575378
v 134.508636 -402.614319 -37.118515
v 131.821472 -402.614319 -39.528484
v 118.759575 -402.614319 -51.133911
v 117.837357 -402.614319 -52.052505
v 104.376282 -402.614319 -68.997475
v 107.002808 -402.614319 -65.180817
v 200.309387 -302.049408 -213.522064
v 131.319000 -215.629303 -302.942200
v 212.963882 -309.078186 -76.014435
v 160.522049 -402.614319 -16.788523
v 151.162842 -402.614319 -23.842867
v 138.533295 -402.614319 -33.754147
v 280.969666 -81.914360 -136.029572
v 218.559067 -300.301025 -53.047413
v 270.351532 -143.218002 -107.558701
v 293.375244 -55.553230 -112.338112
v 206.640152 -321.122253 -2.754760
v 215.669159 -318.180176 13.376645
v 224.532471 -315.885681 28.158482
v 224.976746 -334.555542 38.272087
v 216.175156 -402.614319 35.902370
v 215.062119 -402.614319 34.484955
v 213.615387 -402.614319 32.886753
v 225.894318 -298.442932 15.174259
v 233.659424 -402.614319 64.291573
v 234.036530 -402.614319 65.095428
v 234.340240 -402.614319 66.370331
v 233.472595 -312.355835 41.924076
v 238.950180 -283.214752 101.296913
v 284.277008 -127.945374 33.953693
v 98.036964 -402.614319 -77.836021
v 123.812492 -322.932037 -306.887848
v 301.340179 207.220566 -3.247456
v 192.047684 -402.614319 229.918106
v 197.763306 -402.614319 220.282135
v 186.968781 -399.168884 238.174103
v 198.745087 -402.614319 218.332703
v 200.436935 -402.614319 214.606705
v 187.107269 -402.614319 238.574203
v 221.553818 -356.489136 164.267975
v 64.986038 451.764618 -86.875702
v 63.688931 471.846191 -26.256886
v 92.604652 462.800537 -26.638594
v 120.192337 450.075592 -26.667458
v 57.453663 364.641144 369.885284
v 118.816566 395.831055 303.473846
v 121.396080 429.012665 240.333359
v 57.052258 314.782196 407.295868
v 109.971619 253.502319 420.139648
v 62.933010 480.223663 112.399734
v 62.764355 468.239288 184.140350
v 63.031025 481.417969 41.241745
v 32.942173 476.672516 -25.487621
v 55.139729 157.973831 465.481781
v 107.620850 201.990646 438.959167
v 53.285107 102.820572 472.765625
v 51.510662 47.412094 473.941315
v 76.545845 44.547916 467.114319
v 101.329926 40.984821 457.550262
v 48.097073 -56.115028 454.099030
v 45.412521 -106.805725 426.973999
v 87.141594 -154.253387 387.593689
v 49.991646 -4.848382 468.552124
v 25.670330 48.996223 477.677521
v 77.687241 -334.192841 320.004791
v 79.313065 -297.435883 321.577484
v 37.157566 -402.614319 324.326752
v 41.803963 -213.856842 351.742584
v 85.953178 -189.302444 362.433777
v 39.664803 -251.424042 339.675995
v 167.597260 399.805328 -79.019707
v 193.999023 396.907288 -21.268984
v 215.900497 374.571381 -18.531576
v 166.539917 332.800598 330.024017
v 164.456711 287.380005 366.961487
v 185.254608 229.214737 377.445160
v 206.299332 218.902771 359.755707
v 214.355972 364.285980 200.021667
v 192.446655 384.354370 211.262558
v 174.857086 428.118378 97.869949
v 172.640121 420.306519 160.013504
v 156.644165 138.172363 424.897461
v 153.633774 86.233368 431.906433
v 172.625992 31.025530 417.732849
v 193.002563 27.491272 400.421997
v 141.572769 -67.191528 412.186859
v 136.661499 -115.657471 389.753113
v 154.059189 -159.737076 348.443207
v 173.248444 -159.230179 331.985657
v 127.801567 -229.559372 320.541412
v 140.674805 -303.718781 286.386414
v 117.199097 -376.899536 306.126617
v 116.602402 -402.614319 307.006744
v 111.505287 -402.614319 309.154572
v 96.883690 -373.575348 314.605988
v 95.981934 -402.614319 314.908508
v 78.037079 -402.614319 319.420898
v 124.280464 -265.345184 306.894318
v 247.617386 270.714905 262.407410
v 263.059723 250.441589 239.790680
v 279.321747 245.760971 173.766708
v 282.621643 258.888947 130.394348
v 260.121826 331.653168 78.022865
v 257.019104 327.263306 125.279877
v 281.767517 275.128784 1.495215
v 235.967941 109.597893 353.930847
v 239.163300 153.651291 341.368927
v 225.222382 208.039429 341.420502
v 211.703720 -70.665779 338.188904
v 219.751419 -25.580973 350.459106
v 211.263992 23.462378 379.558319
v 189.122513 -156.714493 314.920898
v 198.007217 -186.921707 270.735504
v 192.885712 -280.338318 225.868149
v 294.290985 146.525986 195.383621
v 291.174957 120.330666 224.153748
v 298.913818 97.980766 199.529037
v 305.228699 199.523148 39.579807
v 263.494110 -73.482498 226.682632
v 271.914368 -40.652203 242.275375
v 256.046082 8.604139 312.699432
v 284.119385 59.143814 256.589417
v 260.172211 49.786087 316.518829
v 287.392944 91.332085 245.097397
v 281.534637 144.046341 250.939148
v 270.362640 164.880173 277.551636
v 236.062531 -156.762451 176.433655
v 245.224716 -130.824966 191.710129
v 234.122238 -136.676147 217.248856
v 223.575485 -142.611954 243.979660
v 254.371613 -103.263802 209.551895
v 256.317993 -123.987869 167.857468
v 286.990356 -134.664261 -4.634836
v 345.549927 84.469490 118.421791
v 319.105072 -112.471199 22.603249
v 318.142639 79.076904 74.652580
v 347.594543 82.644333 70.563255
v 343.762115 69.752968 61.168209
v 359.657074 62.052547 120.926628
v 355.404724 78.147560 108.605782
v 176.696152 -402.614319 255.142578
v 0.395991 -402.614319 324.358795
v 17.747631 -402.614319 324.523346
v 147.623718 -402.614319 287.991760
v 136.970779 -402.614319 296.114166
v 122.508469 -402.614319 303.664734
v 49.300930 -402.614319 -158.239609
v 49.569351 -402.614319 -163.264542
v 229.254791 -402.614319 150.772232
v 232.753326 -402.614319 142.178787
v 110.723114 -203.168823 -310.061249
v 109.604393 -203.168182 -310.366302
v -38.605209 -402.614319 324.312592
v 299.047333 -112.051788 40.099525
v -90.350609 81.254303 -270.674316
v -84.619896 76.669617 -269.643585
v -88.281174 75.809799 -271.060791
v -91.460434 79.080650 -271.643250
v -124.422661 53.923264 -271.314728
v -135.243347 56.074150 -270.004608
v -133.959717 58.730053 -270.629608
v -125.260986 57.169109 -272.279724
v -148.461868 78.456833 -268.246338
v -155.679245 77.548668 -263.259979
v -152.603073 81.893501 -265.798889
v -148.511337 81.647942 -268.406860
v -138.207474 84.085655 -272.867096
v -141.750763 80.197556 -271.607971
v -145.390656 84.058212 -269.816071
v -141.508636 87.243813 -271.185699
v -127.618370 86.959351 -275.002747
v -133.158615 86.143867 -274.079254
v -135.328674 89.596558 -272.747162
v -128.045380 90.290947 -273.992340
v -116.078125 82.936340 -276.011414
v -121.843140 85.532127 -275.618439
v -120.334541 89.022514 -274.797546
v -112.865921 86.217415 -275.116180
v -137.842468 65.670303 -271.328613
v -140.610901 70.247337 -271.267761
v -134.728653 72.078728 -273.621735
v -134.061356 68.304764 -273.328735
v -123.874527 81.341568 -275.914337
v -119.471436 80.564133 -276.314178
v -129.575851 67.569290 -274.197693
v -126.896965 74.681938 -275.284943
v -123.216713 67.142754 -275.184021
v -125.993279 64.913506 -274.633545
v -141.883224 74.963539 -271.407440
v -134.959839 78.014580 -273.970001
v -136.988220 75.051064 -273.371399
v -130.645844 81.743172 -275.004700
v -134.810455 81.472382 -274.180542
v -127.397018 83.601860 -275.540100
v -99.692154 85.516991 -272.484497
v -78.020111 70.243347 -268.202271
v -77.182205 64.614876 -267.444977
v -77.089920 67.169930 -267.784210
v -79.611137 60.315422 -267.246674
v -78.121849 62.352226 -267.090607
v -80.735748 58.637638 -267.661194
v -163.743210 61.908379 -254.339691
v -156.533081 58.128605 -259.427643
v -169.664017 68.877907 -249.349472
v -168.223816 65.987137 -250.151825
v -166.630234 75.345978 -253.363083
v -168.982269 71.733688 -250.543915
v -157.327255 83.139008 -262.171661
v -162.429260 79.523262 -257.810394
v -144.989090 89.667282 -269.581848
v -152.175674 86.321671 -266.244446
v -128.819901 93.182487 -273.020447
v -137.621643 92.279785 -271.690948
v -109.958740 89.364700 -273.752533
v -119.459473 92.115059 -273.751495
v -118.539383 70.988922 -275.921173
v -118.943115 67.371933 -275.583344
v -118.857796 76.909439 -276.235596
v -116.430687 73.631424 -276.258789
v -159.184036 78.966995 -260.789764
v -156.378708 81.718704 -263.048553
v -101.872894 75.459686 -274.572845
v -92.813644 74.004349 -272.422943
v -93.964111 69.172821 -272.435486
v -102.362373 70.821678 -274.451813
v -102.082947 59.324528 -272.332062
v -110.660301 54.728764 -272.440247
v -116.432167 58.078438 -273.468048
v -108.888680 61.422306 -273.709778
v -93.341759 56.272247 -269.904877
v -83.122795 69.638771 -269.608582
v -84.196114 66.461365 -269.589752
v -156.533005 60.079155 -259.605896
v -159.321533 63.193886 -257.866791
v -115.177132 51.403168 -272.807648
v -137.355881 52.369167 -268.207611
v -163.066620 74.266823 -257.027802
v -162.996841 76.274124 -257.358429
v -143.955063 62.553379 -267.570465
v -147.048889 57.454575 -264.664154
v -151.991867 59.717152 -262.251373
v -152.548874 63.090328 -262.655182
v -89.692833 59.578365 -269.476105
v -96.643280 79.294037 -273.102814
v -101.975906 79.044609 -274.527679
v -82.374435 71.808823 -269.437622
v -155.407120 72.888443 -262.939331
v -154.387497 68.112045 -262.620239
v -161.798828 67.513191 -256.792816
v -162.936005 71.215309 -256.702911
v -146.936890 68.810966 -267.530884
v -148.169281 73.889633 -267.950287
v -131.752106 62.751083 -272.521240
v -125.816635 61.046711 -273.605591
v -120.216431 62.104694 -274.436371
v -106.798950 82.218880 -274.938599
v -111.125313 78.241867 -275.840240
v -111.902550 68.405571 -275.409546
v -114.720352 64.402649 -275.004700
v -110.604240 72.818184 -275.758636
v -96.787720 64.369087 -272.217499
v -104.450508 66.029297 -274.144714
v -86.412498 63.045803 -269.423981
v 83.733284 74.403282 -278.619598
v 80.699661 75.471291 -277.148102
v 85.900505 79.817787 -278.570679
v 86.588440 77.606895 -279.402313
v 127.486465 54.973461 -279.143158
v 128.579880 52.565132 -278.654541
v 118.194862 50.694641 -279.230530
v 119.136749 53.672012 -280.191895
v 145.736313 78.527100 -276.112396
v 148.605255 74.192032 -273.929169
v 141.688889 74.769928 -278.301910
v 141.785889 78.133972 -278.454773
v 138.836395 80.478737 -279.679596
v 135.363220 76.180710 -281.083557
v 132.036087 80.292793 -282.204590
v 135.278183 83.895966 -280.839630
v 129.273834 86.542336 -282.232452
v 127.164497 82.787842 -283.260437
v 121.718826 84.035912 -284.093933
v 122.099297 87.623703 -283.318085
v 114.458290 86.621857 -283.964569
v 115.984161 82.713318 -284.644928
v 110.166534 80.340485 -284.628815
v 107.198189 84.075630 -283.886780
v 128.785492 67.657944 -282.217712
v 134.198471 65.980240 -280.412384
v 131.513580 61.429268 -280.099152
v 128.119965 63.916531 -281.763153
v 118.043076 78.039124 -284.639954
v 113.678383 77.435356 -284.902954
v 117.561058 63.179516 -283.115723
v 121.077858 70.694160 -283.617737
v 123.750519 63.302509 -282.337982
v 120.251678 60.835529 -282.559784
v 129.031113 73.784264 -282.829590
v 135.510559 70.702942 -280.751404
v 130.999191 70.605316 -282.238129
v 124.766617 78.149643 -283.781799
v 128.857834 77.524353 -283.160858
v 121.542870 80.385468 -284.397797
v 94.654083 83.737625 -280.925201
v 77.117172 71.456993 -275.800903
v 72.519119 66.516762 -273.148376
v 72.440460 63.986572 -272.905304
v 73.144257 61.788914 -272.728790
v 74.435989 59.867825 -273.001343
v 75.519913 58.310520 -273.521149
v 148.309296 51.959511 -271.527222
v 149.079376 55.444565 -270.610809
v 156.503082 59.775181 -266.026733
v 161.196045 64.291977 -262.181122
v 162.690994 67.239075 -261.482758
v 162.104797 69.854317 -262.444916
v 159.827744 73.024132 -264.883881
v 155.482605 76.736008 -268.840057
v 150.406372 79.969734 -272.963867
v 145.401642 83.013855 -276.528931
v 138.804535 86.655258 -279.487701
v 131.581055 89.511154 -281.369324
v 122.936577 90.725616 -282.556519
v 113.751198 90.062386 -283.019928
v 104.567688 87.589561 -282.561310
v 112.930107 67.428719 -283.875824
v 113.377823 63.734039 -283.373260
v 112.971603 73.595268 -284.542145
v 110.777893 70.367111 -284.305115
v 152.163773 75.884941 -271.632843
v 149.384857 78.461594 -273.695923
v 88.893364 67.671646 -279.731110
v 87.846260 72.598450 -279.868225
v 96.305923 73.574249 -282.465424
v 96.891647 68.846237 -282.093842
v 110.744133 55.195328 -281.031036
v 105.189377 52.667953 -279.608459
v 96.649117 57.841434 -279.276459
v 103.341919 59.261925 -280.966003
v 87.877350 55.383900 -276.241913
v 78.871101 68.757355 -276.219055
v 79.311569 65.528770 -275.911957
v 149.572693 57.476837 -270.482574
v 139.631409 53.872124 -274.958893
v 144.573608 56.463490 -272.939148
v 156.103516 71.542671 -268.101105
v 156.052765 73.511612 -268.350891
v 136.875931 58.626072 -277.290100
v 84.390480 58.804031 -275.790131
v 91.345718 77.726089 -281.011658
v 96.528603 77.216324 -282.711792
v 80.584450 71.764191 -277.449677
v 154.706558 64.954041 -268.136963
v 147.151001 64.910606 -273.528137
v 148.263565 69.624596 -273.724945
v 155.940735 68.565140 -267.932434
v 139.979889 64.866821 -277.618988
v 141.355301 70.045647 -278.058685
v 114.520973 58.578838 -282.160645
v 119.903923 57.236931 -281.494232
v 125.572571 58.661991 -280.821320
v 104.974983 75.810539 -284.002655
v 101.181702 80.231781 -283.365967
v 109.140610 61.361286 -282.579865
v 106.270439 65.569260 -283.077789
v 104.846375 70.183456 -283.637238
v 98.879326 64.050751 -281.507141
v 91.510551 62.871902 -279.387817
v 81.276138 62.251686 -275.703247
v 145.222412 59.822762 -273.447113
v 152.028870 60.647270 -269.157471
v 176.429932 67.832230 -255.575134
v -189.819794 63.859509 -236.433411
v 56.210976 -402.614319 -191.949905
v 56.145664 -402.614319 -191.303192
v 50.104046 -402.614319 -165.278275
v 49.684650 -402.614319 -162.844391
v 48.617733 -402.614319 -158.618668
vn -0.2145 -0.9639 -0.1578
vn -0.1363 -0.9872 -0.0829
vn -0.4511 -0.8509 -0.2692
vn -0.1659 -0.9825 -0.0848
vn -0.3363 -0.9334 -0.1247
vn -0.8694 0.1695 -0.4642
vn -0.8064 0.2595 -0.5314
vn -0.8227 0.2112 -0.5278
vn -0.8753 0.1208 -0.4682
vn -0.7313 0.2924 -0.6162
vn -0.8250 0.1020 -0.5559
vn -0.7678 0.2926 -0.5699
vn -0.2405 -0.3512 -0.9049
vn -0.3463 -0.4604 -0.8174
vn -0.2649 -0.3684 -0.8911
vn -0.2184 -0.2129 -0.9523
vn -0.8701 0.1789 -0.4592
vn -0.8428 0.3071 -0.4419
vn -0.8570 0.2490 -0.4512
vn -0.8782 0.2183 -0.4255
vn -0.8209 0.2086 -0.5315
vn -0.7614 0.3210 -0.5632
vn -0.7893 0.1690 -0.5902
vn -0.8041 0.0037 -0.5945
vn -0.6121 0.2445 -0.7520
vn -0.6067 0.1462 -0.7814
vn -0.4472 0.3872 -0.8063
vn -0.4459 0.4978 -0.7439
vn -0.5881 0.4583 -0.6664
vn -0.5769 0.4691 -0.6686
vn -0.6792 0.4252 -0.5983
vn -0.6699 0.4245 -0.6091
vn -0.3651 -0.7434 -0.5605
vn -0.3565 -0.7573 -0.5472
vn -0.2476 -0.7957 -0.5528
vn -0.4004 -0.4874 -0.7760
vn -0.0663 -0.4605 -0.8852
vn -0.0757 -0.3650 -0.9279
vn -0.2590 -0.4455 -0.8570
vn -0.7633 -0.0191 -0.6458
vn -0.7809 -0.1251 -0.6120
vn -0.7769 0.0248 -0.6291
vn -0.7857 0.0735 -0.6143
vn -0.6130 -0.3566 -0.7051
vn -0.7227 -0.0840 -0.6861
vn -0.6238 0.0079 -0.7816
vn -0.6328 -0.1757 -0.7541
vn 0.2582 -0.4280 -0.8661
vn -0.6559 -0.2536 -0.7109
vn -0.4788 -0.5934 -0.6470
vn -0.0885 -0.7800 -0.6195
vn -0.9892 -0.0424 -0.1400
vn -0.9924 0.0646 -0.1049
vn -0.9369 0.1761 -0.3020
vn -0.9083 0.3606 -0.2121
vn -0.8937 0.1316 -0.4290
vn -0.8904 -0.0429 -0.4532
vn -0.8733 0.0270 -0.4864
vn -0.8826 0.0440 -0.4680
vn -0.3148 0.4168 0.8527
vn -0.9358 -0.1780 0.3044
vn -0.7989 0.3292 -0.5033
vn -0.7864 -0.2397 0.5694
vn -0.9398 -0.0469 0.3385
vn -0.6930 0.2519 0.6755
vn -0.9932 -0.0951 -0.0671
vn -0.9831 0.0133 0.1824
vn -0.7978 -0.5158 -0.3121
vn -0.1952 -0.9786 -0.0648
vn -0.1268 -0.9450 0.3015
vn -0.7008 -0.7128 0.0289
vn -0.0671 0.9363 -0.3447
vn -0.4697 0.6933 -0.5466
vn -0.6074 0.4747 -0.6370
vn 0.0462 0.4626 -0.8854
vn -0.8232 -0.2321 -0.5181
vn -0.8709 -0.1230 -0.4759
vn -0.7353 0.5664 -0.3721
vn -0.8254 0.4436 -0.3492
vn -0.9283 -0.0349 -0.3702
vn -0.9766 -0.1893 0.1018
vn -0.8341 -0.4920 0.2494
vn -0.9091 -0.4119 0.0613
vn -0.8286 0.1317 -0.5442
vn -0.9948 -0.0901 -0.0468
vn -0.9801 -0.1888 0.0621
vn -0.8254 0.0736 -0.5597
vn -0.9709 0.0687 -0.2295
vn -0.9047 0.1493 -0.3991
vn -0.8977 -0.4044 -0.1752
vn -0.9898 -0.0148 -0.1416
vn -0.3294 0.3791 -0.8648
vn -0.5841 0.4960 -0.6426
vn -0.5601 0.3409 -0.7550
vn -0.8246 -0.1476 -0.5462
vn -0.4336 0.0754 -0.8980
vn -0.7150 0.0574 -0.6968
vn -0.7991 -0.1320 -0.5865
vn -0.8911 -0.1678 -0.4216
vn -0.9337 -0.1941 -0.3010
vn -0.9231 0.1403 -0.3581
vn -0.9727 0.0027 -0.2320
vn -0.8984 0.0167 -0.4389
vn -0.8027 0.1616 -0.5741
vn -0.8883 0.0004 -0.4592
vn -0.7834 0.1092 -0.6118
vn -0.9503 -0.0369 -0.3093
vn 0.2595 0.6377 0.7253
vn -0.6045 0.7955 -0.0418
vn -0.2039 0.9737 -0.1015
vn 0.0333 0.9726 0.2303
vn -0.9045 -0.3370 -0.2613
vn -0.9397 -0.1677 -0.2980
vn -0.9622 -0.1653 0.2166
vn -0.9318 -0.3175 0.1760
vn -0.9032 0.4292 0.0079
vn -0.9353 0.3457 -0.0757
vn -0.9206 0.3810 -0.0859
vn -0.9258 0.3767 -0.0316
vn -0.9102 0.3666 -0.1926
vn -0.9155 0.2436 -0.3202
vn -0.9161 0.1707 -0.3627
vn -0.9365 0.2828 -0.2075
vn -0.8255 0.5058 -0.2505
vn -0.8792 0.3267 -0.3468
vn -0.8412 0.5236 -0.1353
vn -0.7511 0.4565 -0.4769
vn -0.9100 0.3665 -0.1941
vn -0.8807 0.4729 0.0261
vn -0.0867 -0.5754 -0.8132
vn 0.0471 -0.7578 -0.6508
vn 0.0541 -0.7389 -0.6716
vn -0.0145 -0.5569 -0.8305
vn -0.1653 -0.9859 -0.0263
vn -0.1666 -0.9859 -0.0161
vn -0.3307 -0.9433 -0.0288
vn -0.3666 -0.9261 -0.0892
vn -0.3764 -0.9245 -0.0596
vn -0.1918 -0.6212 -0.7598
vn -0.2951 -0.4925 -0.8188
vn -0.3430 -0.5271 -0.7775
vn -0.1484 -0.6729 -0.7247
vn -0.4106 -0.5383 -0.7359
vn -0.4606 -0.5090 -0.7272
vn -0.5086 -0.5088 -0.6946
vn -0.3910 -0.6075 -0.6914
vn -0.9608 -0.2768 -0.0134
vn -0.9510 -0.2935 0.0975
vn -0.9507 -0.2987 0.0840
vn -0.9618 -0.2736 -0.0042
vn -0.6346 0.3398 -0.6941
vn -0.6118 -0.0908 -0.7858
vn -0.6252 0.1178 -0.7715
vn -0.6078 0.4321 -0.6662
vn -0.0763 -0.1205 -0.9898
vn -0.4473 -0.1843 -0.8752
vn -0.5677 0.0714 -0.8201
vn -0.3063 -0.0113 -0.9519
vn -0.7900 0.0267 -0.6125
vn -0.6969 0.0322 -0.7165
vn -0.7808 0.1647 -0.6027
vn -0.8250 0.0867 -0.5584
vn -0.4925 -0.6110 -0.6198
vn -0.5565 -0.5425 -0.6293
vn -0.4749 -0.6883 -0.5484
vn -0.5032 -0.6816 -0.5312
vn -0.9150 -0.4029 -0.0186
vn -0.8974 -0.4349 0.0745
vn -0.9043 -0.4260 0.0267
vn -0.9310 -0.3570 -0.0758
vn -0.9937 0.0394 -0.1053
vn -0.9946 -0.0192 -0.1021
vn -0.9950 -0.0049 -0.0997
vn -0.9963 0.0171 -0.0842
vn -0.9535 -0.1888 -0.2348
vn -0.9663 -0.1294 -0.2228
vn -0.9947 -0.1028 0.0097
vn -0.9758 -0.1756 -0.1299
vn -0.6786 0.1862 -0.7105
vn -0.6992 0.1585 -0.6972
vn -0.4780 0.1092 -0.8716
vn -0.4896 0.1077 -0.8653
vn -0.6081 0.1365 -0.7820
vn -0.3955 0.1639 -0.9037
vn -0.3456 0.2476 -0.9051
vn -0.6751 0.1492 -0.7225
vn -0.7524 0.1503 -0.6413
vn -0.7282 0.2035 -0.6544
vn -0.6144 -0.7361 -0.2840
vn -0.5279 -0.8136 -0.2436
vn -0.4463 -0.8868 -0.1195
vn -0.5222 -0.8305 -0.1937
vn -0.8418 -0.2087 0.4978
vn -0.7213 -0.3501 0.5976
vn -0.7903 -0.3825 0.4786
vn -0.8766 -0.2699 0.3983
vn -0.7738 0.4032 -0.4884
vn -0.8200 0.4123 -0.3970
vn -0.7854 0.4916 -0.3762
vn -0.7793 0.4514 -0.4346
vn -0.4894 -0.6886 0.5350
vn -0.2736 -0.5827 0.7653
vn -0.7506 -0.4880 0.4455
vn -0.8157 -0.5334 0.2236
vn -0.3713 0.0474 -0.9273
vn -0.8067 -0.0208 -0.5906
vn -0.6177 -0.1003 -0.7800
vn -0.3822 0.0257 -0.9237
vn -0.9173 -0.0683 -0.3923
vn -0.7528 0.0170 -0.6580
vn -0.9870 -0.0026 0.1609
vn -0.8083 -0.2024 -0.5529
vn -0.6118 -0.2726 -0.7426
vn -0.7401 -0.1627 -0.6525
vn -0.8229 -0.0465 -0.5663
vn -0.3435 -0.5058 0.7913
vn -0.5641 -0.4675 0.6806
vn 0.0340 -0.5482 0.8357
vn 0.0879 -0.4827 0.8713
vn -0.6022 0.2742 -0.7498
vn 0.4107 0.4787 -0.7760
vn 0.8045 0.5069 -0.3096
vn -0.0292 0.8465 -0.5316
vn 0.7042 -0.4310 0.5642
vn 0.3293 -0.7480 0.5763
vn 0.3394 -0.6137 0.7129
vn 0.6092 -0.5093 0.6079
vn -0.8251 0.1641 -0.5407
vn -0.8837 0.0675 -0.4632
vn -0.6618 0.4363 -0.6097
vn -0.8195 0.3417 -0.4601
vn -0.8628 0.2004 -0.4642
vn -0.8830 0.1864 -0.4308
vn -0.9278 -0.1835 -0.3249
vn -0.9329 -0.2841 -0.2211
vn -0.9136 -0.0471 -0.4038
vn -0.8489 0.1090 -0.5172
vn -0.8739 0.1510 -0.4621
vn -0.9299 0.1494 -0.3362
vn -0.9329 -0.3567 0.0490
vn -0.9569 -0.2901 0.0131
vn -0.9288 -0.3394 0.1490
vn -0.9365 -0.3303 0.1177
vn 0.2847 -0.8783 -0.3841
vn 0.1652 -0.9855 -0.0397
vn -0.2421 -0.9554 -0.1690
vn -0.1858 -0.8331 -0.5209
vn -0.9213 -0.1503 -0.3587
vn -0.7684 0.2764 -0.5773
vn -0.6305 0.2224 -0.7436
vn -0.7198 0.0648 -0.6912
vn -0.1040 0.5496 -0.8289
vn -0.4931 0.1809 -0.8509
vn -0.4660 0.4516 -0.7609
vn -0.4521 0.3547 -0.8184
vn -0.8414 0.0841 -0.5339
vn -0.5045 0.4539 -0.7345
vn -0.8276 0.1387 -0.5439
vn -0.8202 0.1665 -0.5474
vn -0.8453 0.3305 -0.4198
vn -0.4333 0.0446 -0.9001
vn -0.0445 -0.8151 0.5777
vn -0.8107 -0.5442 0.2160
vn -0.6219 -0.5650 0.5422
vn 0.1112 -0.7761 0.6207
vn -0.9641 -0.0224 -0.2646
vn -0.9436 -0.3299 0.0268
vn -0.9826 -0.1024 -0.1547
vn -0.9377 -0.3143 -0.1481
vn -0.6879 0.0026 -0.7258
vn -0.7838 0.0187 -0.6208
vn -0.8078 0.0353 -0.5884
vn -0.6882 -0.0686 -0.7222
vn -0.8710 0.1946 -0.4510
vn -0.8108 0.3601 -0.4614
vn -0.8373 0.0336 -0.5456
vn -0.8947 -0.2068 -0.3959
vn -0.8180 0.2004 -0.5392
vn -0.9553 -0.1812 0.2337
vn -0.9508 -0.2949 -0.0949
vn -0.7726 -0.3591 -0.5236
vn -0.9795 0.1992 -0.0303
vn -0.9893 0.0676 0.1292
vn -0.8228 0.0201 -0.5680
vn -0.6911 0.5889 -0.4190
vn -0.9235 -0.1662 0.3457
vn -0.9075 -0.1091 0.4056
vn -0.8936 -0.2445 0.3764
vn -0.9134 -0.2549 0.3173
vn -0.3890 -0.0373 -0.9205
vn -0.3875 0.1025 -0.9161
vn -0.2485 0.0468 -0.9675
vn -0.2482 -0.0187 -0.9685
vn -0.8525 -0.3147 -0.4173
vn -0.7509 -0.3038 -0.5863
vn -0.6809 -0.1692 -0.7125
vn -0.8418 -0.1774 -0.5099
vn -0.6083 0.3817 -0.6959
vn -0.5953 0.2369 -0.7677
vn -0.6715 0.2795 -0.6862
vn -0.6680 0.3406 -0.6616
vn -0.3544 -0.7223 -0.5938
vn -0.3274 -0.8035 -0.4972
vn -0.3965 -0.7476 -0.5328
vn -0.4364 -0.6835 -0.5851
vn -0.4250 -0.7707 -0.4748
vn -0.4419 -0.8126 -0.3800
vn -0.3680 -0.8232 -0.4323
vn -0.3635 -0.7920 -0.4905
vn -0.2197 -0.1448 -0.9648
vn -0.4029 -0.2757 -0.8728
vn -0.2123 -0.5597 -0.8011
vn 0.0714 -0.6313 -0.7723
vn -0.8430 0.3128 -0.4377
vn -0.8527 0.0726 -0.5174
vn -0.8852 0.0458 -0.4629
vn -0.8554 0.3380 -0.3925
vn 0.6681 -0.4104 0.6207
vn 0.7905 -0.3039 0.5317
vn 0.8582 -0.1350 0.4952
vn 0.8762 -0.2151 0.4312
vn -0.8587 0.4558 -0.2342
vn -0.8240 0.5193 -0.2265
vn -0.8118 0.4933 -0.3124
vn -0.8425 0.4407 -0.3099
vn 0.1935 -0.9801 -0.0438
vn 0.3426 -0.9180 -0.1998
vn 0.1590 -0.9853 -0.0624
vn 0.5039 -0.8404 -0.1997
vn 0.1964 -0.9797 -0.0391
vn 0.3950 -0.9170 -0.0550
vn 0.7978 0.2211 -0.5609
vn 0.7816 0.2568 -0.5685
vn 0.8547 0.1791 -0.4872
vn 0.8543 0.1371 -0.5014
vn 0.8011 0.1232 -0.5857
vn 0.6997 0.2948 -0.6508
vn 0.7387 0.2820 -0.6122
vn 0.0193 0.1388 -0.9901
vn 0.0506 -0.0719 -0.9961
vn 0.0986 -0.2022 -0.9744
vn 0.0930 -0.0235 -0.9954
vn 0.8771 0.2076 -0.4332
vn 0.8690 0.2594 -0.4213
vn 0.8935 0.1267 -0.4309
vn 0.9018 0.1636 -0.3999
vn 0.7295 -0.2319 -0.6435
vn 0.7325 -0.0768 -0.6765
vn 0.7707 0.1310 -0.6236
vn 0.8114 0.0171 -0.5842
vn 0.5503 0.2236 -0.8045
vn 0.5793 0.1315 -0.8044
vn 0.6284 0.0754 -0.7743
vn 0.6132 0.0981 -0.7838
vn 0.6743 0.4308 -0.5998
vn 0.5691 0.4410 -0.6940
vn 0.5907 0.4400 -0.6763
vn 0.6694 0.4118 -0.6183
vn -0.6718 -0.7331 -0.1055
vn -0.5546 -0.8283 -0.0790
vn -0.8920 -0.4182 0.1714
vn 0.1638 -0.3194 -0.9334
vn 0.1057 -0.4442 -0.8897
vn 0.4668 -0.4527 -0.7597
vn 0.3250 -0.4255 -0.8446
vn 0.7093 0.1825 -0.6808
vn 0.6695 0.1797 -0.7208
vn 0.7877 0.0665 -0.6124
vn 0.7788 0.1280 -0.6141
vn 0.5965 0.0265 -0.8022
vn 0.5833 0.1452 -0.7992
vn 0.6404 0.0157 -0.7678
vn 0.6456 -0.1630 -0.7461
vn 0.5669 0.1820 -0.8034
vn 0.5178 0.5419 -0.6620
vn 0.4882 0.5903 -0.6429
vn 0.3817 -0.6156 -0.6894
vn 0.6401 -0.2611 -0.7225
vn -0.2684 -0.3916 -0.8801
vn -0.0901 -0.7433 -0.6628
vn 0.1556 0.9871 -0.0388
vn -0.0639 0.7529 -0.6550
vn 0.9302 0.1707 -0.3249
vn 0.9018 0.3845 -0.1971
vn 0.8874 -0.0123 -0.4607
vn 0.8811 -0.0771 -0.4665
vn 0.9134 0.1026 -0.3939
vn 0.9050 0.0385 -0.4237
vn -0.0538 -0.6472 0.7604
vn 0.9944 -0.0589 -0.0875
vn 0.6884 0.2788 -0.6696
vn 0.9373 -0.2199 0.2705
vn 0.9894 -0.1174 -0.0858
vn 0.7021 0.2544 0.6651
vn 0.9405 -0.0560 0.3352
vn 0.9917 -0.0154 0.1276
vn 0.9811 0.1153 -0.1551
vn 0.7787 -0.6037 0.1709
vn 0.1523 -0.9540 0.2582
vn 0.6961 -0.7174 0.0271
vn 0.9976 -0.0321 -0.0614
vn 0.9870 0.1370 -0.0839
vn 0.9126 0.0428 -0.4067
vn 0.9129 -0.1306 -0.3868
vn 0.7456 0.3586 -0.5617
vn 0.8685 -0.1374 -0.4763
vn 0.7408 0.5651 -0.3632
vn 0.8229 0.2655 -0.5023
vn -0.7769 -0.0526 0.6274
vn -0.7741 -0.3149 0.5492
vn -0.8608 -0.1220 0.4942
vn -0.7201 -0.2816 0.6342
vn 0.8696 -0.4629 0.1721
vn 0.9866 -0.1618 0.0207
vn 0.8762 -0.4482 0.1771
vn 0.9186 -0.3950 0.0131
vn 0.9801 -0.1966 0.0260
vn 0.8466 0.0765 -0.5267
vn 0.5929 0.2133 -0.7765
vn 0.8352 0.0699 -0.5454
vn 0.8839 -0.4162 -0.2135
vn 0.9862 -0.0477 -0.1586
vn 0.7747 0.1208 -0.6207
vn 0.8833 -0.0693 -0.4637
vn 0.6295 0.4454 -0.6367
vn 0.5167 0.4048 -0.7544
vn 0.1445 0.9041 -0.4022
vn 0.5699 0.5549 -0.6061
vn 0.7923 0.2028 -0.5754
vn 0.5228 0.0707 -0.8495
vn 0.7952 -0.1075 -0.5967
vn 0.6574 0.0931 -0.7478
vn 0.8579 -0.1805 -0.4811
vn 0.7703 -0.1090 -0.6283
vn 0.9431 -0.1518 -0.2958
vn 0.8911 0.0200 -0.4534
vn 0.9695 -0.0079 -0.2451
vn 0.9293 0.1292 -0.3461
vn 0.8154 0.1489 -0.5594
vn 0.7906 0.1127 -0.6019
vn 0.8531 -0.0036 -0.5217
vn 0.9299 -0.0034 -0.3677
vn 0.3600 0.5027 0.7859
vn 0.9212 -0.2681 0.2819
vn 0.6301 0.6055 -0.4862
vn -0.2181 0.9605 0.1729
vn 0.9545 -0.0355 0.2962
vn 0.9822 -0.1616 0.0953
vn 0.9569 -0.2754 -0.0925
vn 0.9173 -0.3447 0.1994
vn 0.9762 -0.1891 0.1060
vn 0.0603 -0.4935 0.8677
vn 0.9271 0.3528 -0.1266
vn 0.9433 0.2864 -0.1679
vn 0.9173 0.3974 -0.0251
vn 0.9386 0.3427 -0.0384
vn 0.9687 0.1574 -0.1920
vn 0.9391 0.0471 -0.3405
vn 0.9211 0.1664 -0.3519
vn 0.9383 0.2948 -0.1810
vn 0.8515 0.5118 -0.1137
vn 0.8893 0.3139 -0.3326
vn 0.8283 0.5016 -0.2496
vn 0.7543 0.5177 -0.4038
vn 0.8759 0.4214 -0.2352
vn 0.8925 0.4338 -0.1236
vn 0.9121 0.3651 -0.1866
vn 0.8823 0.4696 0.0327
vn 0.8477 0.3670 -0.3830
vn 0.8404 0.1915 -0.5070
vn -0.0087 -0.6562 -0.7545
vn 0.0871 -0.6639 -0.7427
vn 0.2129 -0.5213 -0.8264
vn 0.0807 -0.5163 -0.8526
vn 0.1862 -0.9822 0.0252
vn 0.1856 -0.9825 0.0163
vn 0.4093 -0.9124 -0.0064
vn 0.3583 -0.9322 0.0504
vn 0.3963 -0.9176 0.0315
vn 0.1855 -0.5828 -0.7912
vn 0.1798 -0.6323 -0.7536
vn 0.1794 -0.6348 -0.7516
vn 0.1900 -0.6108 -0.7686
vn 0.3495 -0.5708 -0.7430
vn 0.2580 -0.5870 -0.7674
vn 0.3999 -0.5212 -0.7540
vn 0.4531 -0.5439 -0.7063
vn 0.9469 -0.3115 0.0798
vn 0.9364 -0.3324 0.1123
vn 0.9510 -0.3091 0.0024
vn 0.9565 -0.2916 -0.0001
vn 0.6196 -0.1630 -0.7678
vn 0.4913 -0.0125 -0.8709
vn 0.2413 -0.2645 -0.9337
vn 0.4107 -0.4409 -0.7981
vn 0.4169 -0.2376 -0.8774
vn 0.6094 -0.2433 -0.7546
vn 0.3996 -0.4847 -0.7781
vn 0.2038 -0.3992 -0.8939
vn 0.8054 0.1114 -0.5821
vn 0.7073 -0.0250 -0.7064
vn 0.8004 -0.0256 -0.5989
vn 0.8430 0.0521 -0.5354
vn 0.8884 -0.4582 0.0293
vn 0.8868 -0.4562 0.0737
vn 0.8986 -0.4380 -0.0273
vn 0.9143 -0.3961 -0.0844
vn 0.9905 0.0112 -0.1369
vn 0.9897 0.0088 -0.1432
vn 0.9943 -0.0190 -0.1053
vn 0.9954 0.0051 -0.0959
vn 0.9945 -0.1048 0.0016
vn 0.9583 -0.1430 -0.2476
vn 0.9419 -0.2182 -0.2554
vn 0.9712 -0.1929 -0.1400
vn 0.6360 0.2496 -0.7302
vn 0.7270 0.1893 -0.6601
vn 0.6911 0.2245 -0.6870
vn 0.6473 0.2670 -0.7139
vn 0.7160 0.2605 -0.6476
vn 0.7458 0.2088 -0.6326
vn 0.7181 0.2732 -0.6401
vn 0.4547 -0.8902 -0.0295
vn 0.5694 -0.8077 -0.1531
vn 0.6387 -0.7456 -0.1901
vn 0.5249 -0.8440 -0.1105
vn 0.8031 -0.3821 0.4572
vn 0.7361 -0.3512 0.5787
vn 0.8560 -0.2033 0.4754
vn 0.8898 -0.2658 0.3711
vn 0.7927 0.4988 -0.3504
vn 0.8292 0.4174 -0.3718
vn 0.7862 0.4161 -0.4570
vn 0.7900 0.4597 -0.4057
vn 0.9382 -0.3370 -0.0787
vn 0.9554 -0.0416 -0.2925
vn 0.7191 -0.5241 0.4563
vn 0.7790 -0.5801 0.2381
vn 0.6599 -0.0437 -0.7501
vn 0.6688 -0.2505 -0.6999
vn 0.6047 -0.1228 -0.7869
vn 0.3993 0.0216 -0.9166
vn 0.7997 -0.0637 -0.5970
vn 0.5967 -0.2954 -0.7461
vn 0.7907 0.0305 -0.6115
vn 0.9104 -0.1111 0.3985
vn 0.7467 0.0172 -0.6650
vn 0.7143 -0.1838 -0.6752
vn 0.8497 -0.0786 -0.5214
vn 0.3641 -0.5255 0.7689
vn 0.2513 -0.6042 0.7562
vn 0.5872 -0.4835 0.6492
vn -0.5497 -0.2803 0.7869
vn -0.3845 -0.4487 0.8067
vn -0.0406 -0.5622 0.8260
vn -0.0790 -0.4999 0.8625
vn -0.8293 0.4960 -0.2573
vn -0.4337 0.4931 -0.7542
vn 0.5653 0.2808 -0.7756
vn -0.0866 0.8670 -0.4908
vn -0.6254 -0.3468 0.6990
vn -0.5706 -0.3748 0.7307
vn -0.3596 -0.6288 0.6894
vn -0.6217 -0.5172 0.5882
vn 0.9666 0.0470 -0.2521
vn 0.8927 0.1762 -0.4147
vn 0.6798 0.4174 -0.6030
vn 0.8143 0.3345 -0.4744
vn 0.9180 -0.1688 -0.3587
vn 0.8905 0.1912 -0.4128
vn 0.8529 0.1970 -0.4834
vn 0.9199 -0.2874 -0.2669
vn 0.8760 0.1410 -0.4612
vn 0.8680 0.0770 -0.4905
vn 0.9245 -0.0898 -0.3704
vn 0.9468 0.1370 -0.2912
vn 0.9285 -0.3506 0.1222
vn 0.9520 -0.3057 0.0151
vn 0.9181 -0.3939 0.0454
vn 0.9343 -0.3556 0.0254
vn 0.8798 -0.1411 -0.4539
vn 0.8642 -0.3527 -0.3589
vn 0.3167 -0.9341 -0.1649
vn 0.3825 -0.7984 -0.4651
vn 0.6597 0.2056 -0.7229
vn 0.7877 0.2574 -0.5597
vn 0.9266 -0.2034 -0.3163
vn 0.7515 0.0251 -0.6592
vn 0.4184 0.6234 -0.6606
vn 0.4981 0.4531 -0.7394
vn 0.8189 0.2804 -0.5007
vn 0.7602 0.0966 -0.6424
vn 0.3583 0.0021 -0.9336
vn 0.5637 -0.6038 0.5636
vn 0.7017 -0.6442 0.3043
vn -0.0081 -0.8237 0.5669
vn -0.0749 -0.7057 0.7046
vn 0.9664 -0.0711 -0.2469
vn 0.9131 -0.4026 0.0640
vn 0.9816 -0.0996 -0.1631
vn 0.9368 -0.2975 -0.1839
vn 0.8109 0.0285 -0.5845
vn 0.8346 0.3342 -0.4380
vn 0.9327 -0.1758 -0.3149
vn 0.6831 -0.0824 -0.7257
vn 0.8519 -0.1942 -0.4864
vn 0.8891 -0.3078 -0.3388
vn 0.9611 -0.2707 -0.0541
vn 0.6853 -0.4128 -0.5999
vn 0.8116 0.0002 -0.5842
vn 0.9889 0.0749 0.1283
vn 0.9796 0.1962 -0.0439
vn 0.6890 0.5822 -0.4317
vn 0.9048 -0.2433 0.3495
vn 0.9192 -0.1031 0.3801
vn 0.9343 -0.1637 0.3168
vn 0.9241 -0.2538 0.2857
vn 0.2160 0.0143 -0.9763
vn 0.3417 0.0750 -0.9368
vn 0.3743 -0.0464 -0.9261
vn 0.2167 -0.0431 -0.9753
vn 0.7019 -0.1138 -0.7031
vn 0.7847 -0.2407 -0.5713
vn 0.8998 -0.2177 -0.3781
vn 0.8674 -0.0786 -0.4913
vn 0.8103 0.1933 -0.5532
vn 0.7884 0.0713 -0.6110
vn 0.7009 0.1766 -0.6911
vn 0.7100 0.2921 -0.6408
vn 0.4878 -0.7207 -0.4926
vn 0.4618 -0.7928 -0.3976
vn 0.3793 -0.8098 -0.4476
vn 0.3996 -0.7769 -0.4867
vn 0.4475 -0.8216 -0.3532
vn 0.4700 -0.7886 -0.3965
vn 0.3912 -0.8061 -0.4441
vn 0.4050 -0.8238 -0.3967
vn 0.3749 -0.2730 -0.8860
vn 0.5105 -0.1319 -0.8497
vn 0.8973 0.0731 -0.4354
vn 0.8532 0.0982 -0.5123
vn 0.8367 0.3442 -0.4260
vn 0.8552 0.3586 -0.3743
vn 0.8166 0.4988 -0.2904
vn 0.8269 0.5217 -0.2099
vn 0.8635 0.4553 -0.2171
vn 0.8487 0.4430 -0.2890
vn 0.4586 -0.7422 -0.4886
vn 0.3966 -0.7652 -0.5072
vn -0.4185 -0.8400 -0.3454
vn -0.3853 -0.8361 -0.3905
vn -0.3631 -0.8229 -0.4371
vn -0.4284 -0.8137 -0.3928
vn -0.4745 -0.7363 -0.4823
vn -0.3843 -0.7888 -0.4797
vn 0.5935 -0.3753 -0.7120
vn 0.5637 -0.5242 -0.6383
vn 0.4142 -0.7417 -0.5276
vn 0.4551 -0.6841 -0.5700
vn 0.6107 -0.3611 0.7048
vn 0.7981 -0.1093 0.5925
vn 0.7283 -0.0813 0.6804
vn 0.6576 -0.0986 0.7468
vn -0.9680 -0.2047 -0.1453
vn -0.9666 -0.1441 -0.2119
vn -0.9729 -0.1470 -0.1786
vn -0.9745 -0.1952 -0.1110
vn -0.8036 -0.0734 -0.5907
vn -0.8183 -0.1986 -0.5394
vn -0.7912 -0.2961 -0.5350
vn -0.7550 -0.1127 -0.6460
vn -0.6300 -0.7133 -0.3071
vn -0.6131 -0.7338 -0.2927
vn -0.8738 -0.0855 -0.4788
vn -0.6803 -0.6997 -0.2183
vn -0.9471 -0.1067 -0.3025
vn -0.9251 -0.3795 -0.0135
vn -0.9511 -0.3039 -0.0548
vn -0.9400 -0.3129 -0.1358
vn -0.9135 -0.3986 -0.0810
vn -0.9661 0.0372 -0.2553
vn -0.9672 0.0490 -0.2492
vn -0.9312 0.1024 -0.3499
vn -0.9292 0.1019 -0.3554
vn -0.9987 0.0472 0.0206
vn -0.9930 0.0801 0.0868
vn -0.9784 0.1463 0.1462
vn -0.9858 0.1354 0.0994
vn -0.9578 -0.2221 0.1823
vn -0.9481 -0.2571 0.1871
vn -0.9554 -0.2288 0.1865
vn -0.9705 -0.1809 0.1596
vn -0.9482 -0.2490 0.1971
vn -0.9510 -0.2522 0.1790
vn -0.9552 -0.1276 -0.2670
vn -0.9573 -0.1261 -0.2601
vn -0.9553 -0.2955 -0.0090
vn -0.9308 -0.3639 0.0336
vn -0.3559 -0.0454 -0.9334
vn -0.2185 -0.0662 -0.9736
vn -0.2065 -0.3362 -0.9189
vn -0.3458 -0.3125 -0.8847
vn -0.4780 -0.2701 -0.8358
vn -0.4542 -0.5339 -0.7132
vn -0.5987 -0.4425 -0.6676
vn -0.6017 -0.1759 -0.7791
vn -0.0888 -0.0882 -0.9921
vn -0.2342 0.1778 -0.9558
vn -0.1062 0.1620 -0.9811
vn -0.0495 -0.9805 -0.1903
vn -0.0566 -0.9832 -0.1733
vn -0.1177 -0.8469 -0.5185
vn -0.1180 -0.9747 -0.1899
vn -0.2273 -0.8330 -0.5044
vn -0.8110 0.4137 -0.4137
vn -0.8134 0.3825 -0.4383
vn -0.7655 0.3910 -0.5111
vn -0.7510 0.4461 -0.4869
vn -0.6024 -0.2006 -0.7726
vn -0.7275 -0.2454 -0.6407
vn -0.7247 -0.1814 -0.6648
vn -0.5795 -0.1233 -0.8056
vn -0.8177 -0.1236 -0.5622
vn -0.8830 -0.1633 -0.4402
vn -0.8718 -0.0525 -0.4870
vn -0.8008 -0.0003 -0.5989
vn -0.9183 0.0387 -0.3941
vn -0.9072 0.1515 -0.3925
vn -0.8528 0.1908 -0.4862
vn -0.4914 -0.1679 -0.8546
vn -0.5519 -0.1612 -0.8182
vn -0.6644 -0.2152 -0.7158
vn -0.6266 -0.2387 -0.7419
vn -0.5839 0.5176 -0.6254
vn -0.5934 0.5400 -0.5968
vn -0.3177 0.6286 -0.7098
vn -0.3175 0.5970 -0.7368
vn -0.4266 0.3926 -0.8148
vn -0.3246 0.4164 -0.8493
vn -0.3025 0.3656 -0.8802
vn -0.3920 0.3391 -0.8552
vn -0.9203 -0.1525 -0.3603
vn -0.8783 -0.1887 -0.4393
vn -0.8725 -0.1665 -0.4593
vn -0.9128 -0.1397 -0.3837
vn -0.0251 -0.9829 -0.1822
vn -0.0165 -0.9822 -0.1871
vn -0.0394 -0.8570 -0.5138
vn -0.7518 -0.4083 -0.5177
vn -0.7634 -0.3844 -0.5191
vn -0.7108 -0.5793 -0.3991
vn -0.7139 -0.5813 -0.3904
vn -0.4516 -0.8918 -0.0267
vn -0.4499 -0.8899 -0.0750
vn -0.5127 -0.8558 -0.0692
vn -0.5132 -0.8579 -0.0238
vn -0.5426 0.5593 -0.6267
vn -0.5337 0.5326 -0.6569
vn -0.7144 0.4667 -0.5214
vn -0.7215 0.4812 -0.4979
vn -0.6687 0.0733 -0.7399
vn -0.4991 -0.1281 -0.8570
vn -0.2458 -0.0352 -0.9687
vn -0.3449 0.0427 -0.9377
vn -0.1393 -0.2939 -0.9456
vn -0.1945 -0.3992 -0.8960
vn -0.5481 -0.7064 -0.4479
vn -0.5932 -0.6811 -0.4291
vn -0.4955 -0.7159 -0.4920
vn -0.4009 -0.7565 -0.5166
vn -0.6323 0.0534 -0.7729
vn -0.6092 0.2676 -0.7465
vn -0.5911 0.3194 -0.7407
vn -0.6330 0.0975 -0.7680
vn -0.4998 -0.7548 -0.4249
vn -0.4659 -0.8176 -0.3384
vn -0.3403 -0.8632 -0.3730
vn -0.3630 -0.8202 -0.4422
vn -0.5308 0.2195 -0.8186
vn -0.5066 0.1595 -0.8473
vn -0.6069 -0.0449 -0.7935
vn -0.5996 -0.0532 -0.7985
vn -0.7607 -0.0747 -0.6448
vn -0.5968 -0.0791 -0.7985
vn -0.5941 -0.3389 -0.7295
vn -0.7307 -0.3211 -0.6024
vn -0.5783 0.0187 -0.8156
vn -0.5575 -0.0527 -0.8285
vn -0.5348 -0.0169 -0.8448
vn -0.5516 -0.0165 -0.8340
vn -0.3269 -0.3214 -0.8887
vn -0.4782 -0.1071 -0.8717
vn -0.5028 -0.1022 -0.8584
vn -0.3720 -0.3592 -0.8559
vn 0.0110 -0.2894 -0.9572
vn 0.0180 -0.1665 -0.9859
vn -0.0531 -0.1041 -0.9931
vn -0.1457 -0.2434 -0.9589
vn -0.7361 0.4539 -0.5022
vn -0.8204 0.3987 -0.4098
vn -0.8241 0.3694 -0.4294
vn -0.7478 0.4278 -0.5077
vn -0.9391 0.1031 -0.3279
vn -0.8944 0.3028 -0.3293
vn -0.8962 0.3334 -0.2927
vn -0.9447 0.0416 -0.3253
vn -0.4964 -0.4278 -0.7554
vn -0.3977 -0.2300 -0.8882
vn -0.5033 -0.1064 -0.8575
vn -0.5551 -0.3253 -0.7655
vn -0.5248 -0.6392 -0.5622
vn -0.5569 -0.5618 -0.6117
vn -0.5290 -0.7186 -0.4514
vn -0.9377 0.1720 -0.3021
vn -0.8962 0.2815 -0.3430
vn -0.8583 0.4176 -0.2981
vn -0.9094 0.2443 -0.3367
vn -0.9201 -0.1737 -0.3511
vn -0.9401 -0.1447 -0.3088
vn -0.8652 -0.3672 -0.3415
vn 0.0164 0.3950 -0.9185
vn 0.0073 0.4135 -0.9105
vn -0.0140 0.3542 -0.9351
vn 0.0425 0.3493 -0.9360
vn -0.4807 0.1329 -0.8667
vn -0.4989 0.2798 -0.8203
vn -0.4630 0.2360 -0.8543
vn -0.4380 -0.3858 -0.8120
vn -0.4461 -0.4871 -0.7508
vn -0.3283 -0.5599 -0.7607
vn -0.3087 -0.4217 -0.8526
vn -0.5379 -0.5544 -0.6350
vn -0.6055 -0.4504 -0.6561
vn -0.8200 0.4636 -0.3357
vn -0.8228 0.4482 -0.3495
vn -0.8352 0.4565 -0.3067
vn -0.5824 -0.3978 -0.7089
vn -0.5500 -0.3256 -0.7690
vn -0.0902 -0.6631 -0.7431
vn -0.0099 -0.7033 -0.7109
vn -0.0103 -0.4573 -0.8892
vn -0.0614 -0.4475 -0.8922
vn -0.7882 0.2561 -0.5596
vn -0.7650 0.1421 -0.6282
vn -0.8389 -0.0110 -0.5442
vn -0.8788 0.1224 -0.4612
vn -0.5433 0.3515 -0.7624
vn -0.4530 0.3686 -0.8118
vn -0.4743 0.3962 -0.7862
vn -0.5277 0.3624 -0.7683
vn -0.6093 0.3522 -0.7104
vn -0.6154 0.3710 -0.6954
vn -0.6991 0.3233 -0.6378
vn -0.6963 0.3009 -0.6516
vn -0.5176 0.2055 -0.8306
vn -0.5397 0.3668 -0.7578
vn -0.8787 0.1705 -0.4458
vn -0.8898 0.1781 -0.4201
vn -0.8696 0.1966 -0.4529
vn -0.8792 0.2048 -0.4303
vn -0.3076 -0.7001 -0.6445
vn -0.2949 -0.6585 -0.6924
vn -0.2319 -0.6464 -0.7269
vn -0.2786 -0.7301 -0.6239
vn -0.7520 0.4899 -0.4410
vn -0.8229 0.4261 -0.3759
vn -0.8249 0.4027 -0.3967
vn -0.7501 0.4590 -0.4762
vn -0.3710 0.4621 -0.8055
vn -0.3444 0.3819 -0.8576
vn -0.2615 0.3774 -0.8884
vn -0.2785 0.4479 -0.8496
vn -0.5855 0.4303 -0.6870
vn -0.6665 0.3747 -0.6445
vn -0.6714 0.3004 -0.6775
vn -0.5960 0.3217 -0.7357
vn -0.5987 0.5714 -0.5613
vn -0.7528 0.4455 -0.4846
vn -0.7514 0.4765 -0.4565
vn -0.4480 0.0189 -0.8938
vn -0.5217 -0.0048 -0.8531
vn -0.5348 0.0529 -0.8433
vn -0.4786 0.0603 -0.8759
vn -0.5523 -0.1306 -0.8233
vn -0.6060 0.0876 -0.7906
vn -0.6055 -0.2186 -0.7653
vn -0.6616 -0.3151 -0.6804
vn -0.5483 -0.4173 -0.7247
vn -0.5158 -0.3146 -0.7969
vn -0.0744 -0.7011 -0.7092
vn -0.1307 -0.6946 -0.7074
vn -0.2916 -0.5804 -0.7603
vn -0.3482 -0.5173 -0.7818
vn -0.1088 -0.6845 -0.7208
vn -0.0603 -0.6449 -0.7618
vn -0.1798 -0.5160 -0.8375
vn -0.2871 -0.5128 -0.8091
vn -0.1808 -0.5891 -0.7876
vn 0.0255 -0.7741 -0.6326
vn -0.0279 -0.5940 -0.8040
vn -0.0410 -0.5114 -0.8584
vn -0.0727 -0.3263 -0.9425
vn -0.1033 -0.4423 -0.8909
vn -0.0196 -0.5533 -0.8328
vn -0.0097 -0.6662 -0.7457
vn -0.0263 -0.5919 -0.8056
vn -0.0411 -0.5174 -0.8548
vn 0.0267 -0.2561 -0.9663
vn -0.0346 -0.3497 -0.9362
vn -0.0265 -0.4571 -0.8890
vn -0.0305 -0.2450 -0.9690
vn 0.0037 -0.2661 -0.9639
vn -0.0654 -0.3868 -0.9198
vn -0.0490 -0.2994 -0.9529
vn -0.1488 -0.5537 -0.8193
vn -0.2076 -0.4731 -0.8562
vn -0.0629 -0.1824 -0.9812
vn -0.0606 -0.2001 -0.9779
vn -0.0624 -0.2282 -0.9716
vn -0.2823 -0.3833 -0.8794
vn -0.3620 -0.5779 -0.7314
vn -0.4622 -0.4646 -0.7553
vn -0.5098 -0.1248 -0.8512
vn -0.6455 0.1060 -0.7563
vn -0.6572 0.1124 -0.7453
vn -0.5558 -0.0484 -0.8299
vn -0.1476 -0.5082 -0.8485
vn -0.2029 -0.3186 -0.9259
vn -0.2928 -0.2257 -0.9292
vn -0.2365 -0.4102 -0.8808
vn -0.2088 -0.5079 -0.8357
vn -0.1209 -0.6403 -0.7585
vn -0.1231 -0.7148 -0.6884
vn -0.2232 -0.6359 -0.7388
vn -0.3642 0.1691 -0.9158
vn -0.5177 0.2525 -0.8175
vn -0.5328 0.1711 -0.8287
vn -0.3611 0.1049 -0.9266
vn -0.0817 0.1869 -0.9790
vn -0.1825 0.1187 -0.9760
vn -0.1711 0.0816 -0.9819
vn 0.0158 0.1408 -0.9899
vn -0.5833 0.5264 -0.6186
vn -0.4631 0.5119 -0.7235
vn -0.3181 0.5497 -0.7725
vn -0.4772 0.5564 -0.6802
vn -0.1604 0.1482 -0.9759
vn -0.3522 0.1209 -0.9281
vn -0.3311 0.1186 -0.9361
vn -0.1508 0.1789 -0.9722
vn 0.0213 0.5193 -0.8543
vn -0.1779 0.5875 -0.7894
vn -0.1126 0.5098 -0.8529
vn -0.3992 0.5826 -0.7080
vn -0.3904 0.5723 -0.7212
vn -0.4849 -0.5431 -0.6856
vn -0.4833 -0.5749 -0.6602
vn -0.6133 -0.4583 -0.6433
vn -0.6326 -0.4227 -0.6490
vn -0.6715 0.4518 -0.5873
vn -0.6413 0.4379 -0.6300
vn -0.6777 0.2718 -0.6833
vn -0.6808 0.4275 -0.5948
vn -0.0945 -0.6049 -0.7907
vn -0.4992 -0.5205 -0.6927
vn -0.6505 -0.3480 -0.6751
vn -0.6464 -0.2556 -0.7189
vn -0.0932 0.6074 -0.7889
vn -0.1192 0.3281 -0.9371
vn -0.3009 0.2284 -0.9259
vn -0.2424 0.4681 -0.8498
vn 0.0602 0.5714 -0.8185
vn 0.0651 0.5682 -0.8203
vn 0.0013 0.7164 -0.6977
vn 0.0248 0.6905 -0.7229
vn -0.4611 0.6027 -0.6512
vn -0.0842 0.2181 -0.9723
vn -0.3907 0.0269 -0.9201
vn -0.7378 0.2875 -0.6107
vn 0.0277 -0.6982 -0.7153
vn -0.2830 -0.5740 -0.7684
vn -0.3146 -0.5060 -0.8031
vn 0.0061 -0.1193 -0.9928
vn -0.0364 0.0348 -0.9987
vn -0.0515 -0.0826 -0.9953
vn -0.1313 -0.1256 -0.9833
vn -0.3237 0.4580 -0.8279
vn -0.2906 0.4443 -0.8475
vn -0.4557 0.4952 -0.7397
vn -0.4922 0.4900 -0.7194
vn -0.6921 0.4325 -0.5779
vn -0.7517 0.3900 -0.5318
vn -0.7855 0.4180 -0.4564
vn -0.7142 0.4453 -0.5400
vn -0.7078 0.4007 -0.5818
vn -0.7562 0.3652 -0.5429
vn -0.6873 0.4378 -0.5796
vn -0.8661 0.0355 -0.4986
vn -0.8475 0.1205 -0.5169
vn -0.8172 -0.0957 -0.5684
vn -0.8046 -0.1702 -0.5689
vn -0.2053 0.5232 -0.8271
vn -0.0512 0.3845 -0.9217
vn 0.0396 0.4079 -0.9122
vn -0.3492 0.5075 -0.7877
vn -0.4133 0.5039 -0.7585
vn -0.1709 -0.2960 -0.9398
vn -0.2709 -0.3038 -0.9134
vn -0.2592 -0.1318 -0.9568
vn -0.1602 -0.0869 -0.9833
vn -0.3999 -0.4523 -0.7972
vn -0.4215 -0.3113 -0.8518
vn -0.3317 -0.3076 -0.8919
vn -0.3052 -0.4493 -0.8396
vn -0.5197 -0.5156 -0.6812
vn -0.5537 -0.4183 -0.7200
vn -0.5127 -0.3449 -0.7863
vn -0.5010 -0.4735 -0.7244
vn -0.3426 -0.1582 -0.9260
vn -0.4490 0.1519 -0.8805
vn -0.4485 -0.0092 -0.8938
vn -0.5254 -0.0099 -0.8508
vn -0.5156 0.1416 -0.8451
vn -0.4949 -0.5499 -0.6729
vn -0.4789 -0.6144 -0.6270
vn -0.3263 -0.6947 -0.6411
vn -0.3706 -0.5875 -0.7193
vn -0.2747 -0.5707 -0.7739
vn -0.2412 -0.6871 -0.6854
vn -0.5429 -0.5277 -0.6533
vn -0.4682 -0.5635 -0.6806
vn -0.4125 -0.6599 -0.6280
vn -0.2743 -0.4720 -0.8379
vn -0.4990 -0.5340 -0.6825
vn -0.4842 -0.5823 -0.6531
vn -0.3248 -0.6860 -0.6511
vn -0.5677 0.5680 -0.5959
vn -0.5772 0.4962 -0.6485
vn -0.6053 -0.1864 -0.7739
vn -0.4889 0.7019 -0.5180
vn -0.6912 0.2671 -0.6715
vn -0.6747 0.3401 -0.6551
vn -0.7211 0.2232 -0.6559
vn -0.7039 0.2212 -0.6749
vn -0.6696 0.3197 -0.6704
vn -0.6265 0.3297 -0.7063
vn -0.6466 0.2184 -0.7309
vn -0.1978 0.3456 -0.9173
vn -0.1977 0.2670 -0.9432
vn -0.3728 0.3182 -0.8716
vn -0.3560 0.4021 -0.8436
vn -0.0126 0.1064 -0.9942
vn -0.0137 0.0129 -0.9998
vn -0.0828 0.0402 -0.9958
vn -0.0834 0.1216 -0.9891
vn -0.0170 -0.0771 -0.9969
vn -0.0879 -0.0633 -0.9941
vn -0.0092 -0.7336 -0.6795
vn -0.1198 -0.7096 -0.6944
vn -0.1907 0.1738 -0.9661
vn -0.2391 0.0232 -0.9707
vn -0.3464 -0.0175 -0.9379
vn -0.3434 0.1336 -0.9296
vn -0.0678 0.4055 -0.9116
vn -0.0056 0.4133 -0.9106
vn -0.0082 0.2992 -0.9542
vn -0.0802 0.3028 -0.9497
vn -0.0135 0.6351 -0.7724
vn -0.0408 0.6273 -0.7777
vn -0.3518 0.4605 -0.8150
vn -0.5003 0.4661 -0.7297
vn -0.4469 0.6324 -0.6327
vn -0.3133 0.6454 -0.6966
vn -0.5932 0.4449 -0.6710
vn -0.6138 0.4893 -0.6195
vn -0.5491 0.6411 -0.5362
vn -0.5414 0.6026 -0.5863
vn -0.5538 -0.2582 -0.7916
vn -0.5135 -0.4073 -0.7552
vn -0.6468 -0.2839 -0.7079
vn -0.6656 -0.1335 -0.7342
vn -0.2759 -0.3819 -0.8821
vn -0.2812 -0.5481 -0.7878
vn -0.3985 -0.4837 -0.7792
vn -0.4323 -0.3450 -0.8331
vn -0.0140 -0.4302 -0.9026
vn -0.0093 -0.6366 -0.7712
vn -0.1385 -0.6096 -0.7805
vn -0.1319 -0.4170 -0.8993
vn -0.0909 -0.7125 -0.6958
vn -0.1715 -0.1992 -0.9648
vn -0.2441 -0.0437 -0.9688
vn -0.6092 0.1436 -0.7799
vn -0.6188 0.0836 -0.7811
vn -0.6083 0.1488 -0.7796
vn -0.2426 -0.6374 -0.7313
vn -0.3596 -0.5552 -0.7500
vn -0.6562 0.1730 -0.7345
vn -0.5860 0.1363 -0.7988
vn -0.5864 0.0720 -0.8068
vn -0.6592 0.1340 -0.7400
vn -0.7541 -0.1996 -0.6257
vn -0.6202 -0.3802 -0.6862
vn -0.8279 0.3508 -0.4376
vn -0.8108 0.3122 -0.4951
vn 0.0016 -0.6180 0.7862
vn -0.1591 -0.6725 0.7228
vn -0.7463 -0.5432 0.3848
vn -0.2416 -0.6914 0.6809
vn -0.9922 0.0486 -0.1147
vn -0.9834 0.0600 -0.1715
vn -0.9596 0.1717 -0.2228
vn -0.9907 0.0875 -0.1044
vn -0.9926 0.1174 -0.0304
vn -0.9996 -0.0053 -0.0275
vn -0.9994 0.0002 -0.0355
vn -0.9967 0.0795 -0.0170
vn -0.8580 -0.3912 0.3328
vn -0.3984 -0.6725 0.6237
vn -0.6207 -0.5309 0.5770
vn -0.8871 -0.3221 0.3305
vn -0.2192 -0.8011 0.5570
vn -0.8159 -0.4480 0.3656
vn -0.4348 -0.1710 0.8841
vn 0.3428 -0.1225 0.9314
vn 0.1144 -0.4211 0.8998
vn -0.1759 -0.6020 0.7789
vn 0.0380 -0.8494 0.5263
vn -0.1282 -0.8561 0.5006
vn -0.9569 -0.2528 -0.1430
vn -0.8244 0.1948 -0.5315
vn 0.2585 -0.6401 0.7235
vn 0.1985 -0.8902 0.4100
vn 0.6539 -0.5849 0.4799
vn -0.0926 -0.1675 -0.9815
vn -0.4140 -0.0163 -0.9101
vn 0.0265 -0.5744 -0.8181
vn -0.5602 -0.0601 -0.8262
vn 0.2263 -0.3470 -0.9101
vn -0.4095 0.5789 -0.7052
vn -0.8908 -0.0076 -0.4543
vn -0.4531 0.4634 -0.7616
vn -0.9937 0.0864 0.0721
vn -0.9971 -0.0535 -0.0538
vn -0.9278 0.2382 -0.2870
vn 0.3053 -0.8572 -0.4146
vn -0.3758 -0.7627 -0.5264
vn -0.4968 -0.5489 -0.6722
vn -0.1762 -0.6276 -0.7584
vn -0.9042 0.3099 -0.2938
vn -0.8666 0.4342 0.2457
vn -0.9136 -0.1593 -0.3742
vn -0.9605 -0.0385 -0.2756
vn -0.9723 -0.1466 -0.1820
vn -0.9738 -0.1761 -0.1437
vn -0.9592 -0.2407 -0.1481
vn -0.9469 -0.2224 -0.2322
vn -0.7063 -0.6371 0.3088
vn -0.9290 -0.3325 -0.1622
vn -0.8011 -0.1240 0.5855
vn -0.4217 -0.5263 0.7384
vn 0.3801 0.9248 0.0177
vn 0.9777 0.2046 0.0473
vn 0.1101 0.9927 0.0486
vn -0.2360 0.9655 -0.1098
vn -0.0260 0.8762 -0.4813
vn -0.1410 0.9728 -0.1838
vn 0.0836 0.9917 -0.0972
vn 0.2748 0.8825 -0.3817
vn 0.8988 0.2891 0.3295
vn 0.9130 0.3597 0.1927
vn 0.7372 0.6560 0.1622
vn 0.6560 0.6505 0.3828
vn -0.4336 -0.0282 0.9007
vn -0.5805 -0.2678 0.7690
vn 0.1152 -0.3129 0.9428
vn 0.0436 -0.1053 0.9935
vn -0.8387 -0.2446 -0.4866
vn -0.8737 -0.3028 -0.3807
vn -0.9037 0.0705 0.4224
vn -0.8931 -0.0854 -0.4417
vn -0.5856 0.1256 -0.8008
vn -0.6779 0.0118 -0.7351
vn -0.1924 -0.1625 -0.9678
vn 0.0408 -0.0189 -0.9990
vn -0.3196 -0.8948 -0.3116
vn -0.6721 -0.7369 -0.0726
vn 0.2476 -0.9634 0.1026
vn 0.0254 -0.9899 -0.1396
vn -0.5993 -0.4436 0.6664
vn -0.1221 -0.5591 0.8200
vn -0.6415 -0.5408 0.5441
vn -0.3448 -0.2006 0.9170
vn -0.9101 0.4131 0.0319
vn -0.6581 0.1016 -0.7461
vn -0.8350 0.1944 -0.5147
vn -0.9607 -0.1034 0.2577
vn -0.9837 -0.1412 0.1114
vn -0.8413 0.2180 0.4947
vn -0.7040 0.1898 0.6843
vn -0.2622 0.2141 -0.9410
vn -0.5494 -0.1160 -0.8275
vn -0.4918 -0.1544 -0.8569
vn 0.0554 0.0228 -0.9982
vn -0.9881 -0.0696 -0.1373
vn -0.9877 -0.0693 -0.1404
vn 0.4353 0.0986 0.8949
vn -0.2533 0.2370 0.9379
vn 0.8315 -0.1801 0.5255
vn 0.8752 -0.1075 0.4716
vn 0.7107 -0.1321 0.6909
vn 0.8232 -0.1514 0.5472
vn 0.6261 -0.3507 0.6964
vn 0.5770 -0.3683 0.7289
vn 0.5780 -0.2726 0.7692
vn 0.3570 -0.7446 0.5640
vn 0.5423 -0.6770 0.4975
vn 0.3956 -0.8078 0.4370
vn 0.2214 -0.6069 0.7633
vn -0.6640 -0.6988 -0.2659
vn 0.4744 -0.5068 0.7198
vn 0.3890 -0.3936 0.8329
vn -0.2434 -0.5421 0.8043
vn -0.0781 -0.7062 0.7037
vn 0.3610 -0.7995 0.4801
vn -0.8109 -0.5725 0.1214
vn 0.1934 -0.5719 0.7972
vn 0.6672 -0.3706 0.6461
vn 0.6446 -0.7586 0.0951
vn 0.5986 -0.7699 -0.2212
vn -0.7630 -0.6327 0.1320
vn 0.0107 -0.9966 0.0819
vn -0.6058 0.1088 -0.7881
vn -0.2664 0.3788 -0.8863
vn -0.9688 0.0423 -0.2442
vn -0.9567 -0.0162 -0.2905
vn -0.6748 -0.0628 -0.7353
vn -0.8125 -0.0165 -0.5827
vn -0.9607 -0.0294 -0.2760
vn -0.9462 0.3205 -0.0442
vn -0.7527 -0.0995 -0.6508
vn -0.7402 -0.3922 -0.5462
vn -0.8507 0.1154 -0.5129
vn -0.8616 0.1474 -0.4858
vn 0.9650 0.1721 0.1980
vn 0.9447 0.0744 0.3193
vn 0.3517 0.7782 0.5202
vn 0.9479 0.1970 0.2504
vn 0.7812 0.3781 0.4967
vn -0.0841 0.7020 0.7072
vn -0.0052 -0.3739 0.9275
vn 0.1041 -0.4633 0.8801
vn -0.8925 0.4501 -0.0300
vn -0.9000 0.4236 -0.1026
vn -0.8767 0.4269 -0.2219
vn -0.9568 0.2560 0.1377
vn -0.6388 -0.3765 -0.6710
vn -0.5600 -0.0900 -0.8236
vn -0.2748 -0.4439 -0.8529
vn -0.0012 0.5805 -0.8143
vn -0.0068 0.4566 -0.8896
vn -0.0774 0.4578 -0.8857
vn -0.0802 0.5768 -0.8129
vn -0.0140 0.4119 -0.9111
vn -0.0734 0.4057 -0.9111
vn -0.3052 0.4183 -0.8555
vn -0.2868 0.3557 -0.8895
vn -0.4020 0.3569 -0.8432
vn -0.4057 0.4231 -0.8102
vn -0.4337 -0.8424 -0.3199
vn -0.4413 -0.8238 -0.3558
vn -0.3079 -0.8387 -0.4491
vn -0.3143 -0.8738 -0.3711
vn -0.3181 -0.0465 -0.9469
vn -0.5736 0.1860 -0.7978
vn -0.2804 0.2210 -0.9341
vn -0.3391 -0.3326 -0.8800
vn -0.2510 -0.3740 -0.8928
vn -0.3428 -0.5712 -0.7458
vn 0.0533 0.2538 -0.9658
vn 0.0086 0.2487 -0.9685
vn -0.0546 0.1233 -0.9909
vn 0.0251 0.0604 -0.9979
vn -0.4818 -0.7454 -0.4607
vn -0.3285 -0.7533 -0.5698
vn 0.0095 0.5295 -0.8483
vn 0.0100 0.4149 -0.9098
vn -0.2674 0.3984 -0.8774
vn -0.2535 0.5117 -0.8209
vn -0.0830 0.3630 -0.9281
vn -0.0427 0.3476 -0.9367
vn -0.0258 0.3655 -0.9304
vn -0.0684 0.3924 -0.9173
vn 0.0065 0.6048 -0.7964
vn 0.0106 0.6724 -0.7401
vn -0.3172 0.6643 -0.6768
vn -0.3134 0.6060 -0.7311
vn -0.3015 0.4905 -0.8176
vn -0.5733 0.4362 -0.6935
vn -0.5142 0.2710 -0.8137
vn -0.2798 0.3400 -0.8978
vn 0.0218 -0.5098 -0.8600
vn 0.0246 -0.6284 -0.7775
vn -0.1430 -0.5936 -0.7920
vn -0.1685 -0.4861 -0.8575
vn 0.0218 -0.7022 -0.7117
vn -0.1043 -0.6796 -0.7261
vn 0.0100 0.2953 -0.9553
vn 0.0133 0.1198 -0.9927
vn -0.1197 0.0826 -0.9894
vn -0.0732 0.2706 -0.9599
vn -0.2656 0.6582 -0.7045
vn -0.1717 0.6770 -0.7157
vn -0.1571 0.5682 -0.8078
vn -0.2447 0.5494 -0.7989
vn -0.1327 0.3933 -0.9098
vn -0.1296 0.4051 -0.9050
vn -0.2349 0.3966 -0.8874
vn -0.2148 0.3741 -0.9021
vn -0.2650 0.1183 -0.9570
vn -0.3068 -0.1991 -0.9307
vn -0.3292 -0.0022 -0.9443
vn -0.3191 0.2916 -0.9018
vn -0.2816 -0.3630 -0.8882
vn -0.3136 -0.1551 -0.9368
vn -0.0364 -0.6192 -0.7844
vn -0.0662 -0.6826 -0.7278
vn -0.1609 -0.6811 -0.7143
vn -0.1218 -0.6305 -0.7666
vn -0.2632 -0.6624 -0.7014
vn -0.2531 -0.6591 -0.7082
vn -0.1805 -0.6844 -0.7064
vn -0.7062 0.5195 -0.4811
vn -0.7302 0.5633 -0.3867
vn -0.6659 0.6198 -0.4152
vn -0.6472 0.5667 -0.5098
vn -0.5523 0.4482 -0.7029
vn -0.5771 0.5333 -0.6185
vn -0.4855 0.5797 -0.6544
vn -0.4578 0.4849 -0.7452
vn -0.3061 0.3696 -0.8773
vn -0.4105 0.3597 -0.8379
vn -0.3817 -0.1836 -0.9059
vn -0.3594 -0.4595 -0.8122
vn -0.3144 -0.3152 -0.8954
vn -0.3914 -0.0874 -0.9161
vn -0.3952 0.4256 -0.8140
vn -0.3153 0.3918 -0.8643
vn -0.3210 0.3149 -0.8932
vn -0.4042 0.3006 -0.8639
vn -0.0977 -0.4875 -0.8676
vn -0.0388 -0.5993 -0.7996
vn -0.5979 0.3504 -0.7209
vn -0.6742 0.3377 -0.6568
vn -0.6964 0.3908 -0.6019
vn -0.6316 0.4154 -0.6546
vn -0.4858 0.3866 -0.7839
vn -0.4781 0.4156 -0.7737
vn -0.5364 0.4218 -0.7310
vn -0.5279 0.3924 -0.7532
vn -0.0654 -0.7139 -0.6972
vn -0.0824 -0.5469 -0.8331
vn -0.0462 -0.6525 -0.7564
vn -0.3024 -0.2271 -0.9257
vn -0.4297 -0.0472 -0.9018
vn -0.1832 -0.3918 -0.9017
vn -0.4862 0.3223 -0.8122
vn -0.5625 0.3139 -0.7649
vn -0.7477 0.3222 -0.5806
vn -0.7692 0.3563 -0.5305
vn -0.2195 -0.6114 -0.7603
vn -0.0498 -0.7493 -0.6604
vn -0.1203 -0.7240 -0.6793
vn -0.1332 -0.6773 -0.7235
vn -0.0779 -0.7171 -0.6926
vn -0.5112 -0.0008 -0.8594
vn -0.5883 -0.0415 -0.8076
vn -0.3447 -0.6317 -0.6943
vn -0.4341 -0.5315 -0.7273
vn -0.4646 -0.5654 -0.6815
vn -0.3690 -0.6070 -0.7038
vn -0.3703 -0.5090 -0.7771
vn -0.2575 -0.5646 -0.7842
vn -0.3755 -0.6334 -0.6766
vn -0.3644 -0.6270 -0.6886
vn 0.0442 0.1699 -0.9845
vn 0.0654 0.1462 -0.9871
vn -0.9451 -0.3266 -0.0091
vn -0.9408 -0.3240 0.0993
vn -0.9407 -0.3373 0.0357
vn -0.9161 -0.3975 0.0521
vn -0.9989 0.0383 0.0255
vn -0.9972 0.0065 0.0751
vn -0.9944 0.0062 0.1052
vn -0.9980 0.0320 0.0544
vn -0.9716 -0.1706 0.1639
vn -0.9655 -0.1737 0.1939
vn -0.9093 -0.2894 0.2991
vn -0.9499 -0.2583 0.1758
vn -0.9759 -0.1329 0.1731
vn -0.9789 -0.1260 0.1609
vn -0.9296 -0.3374 0.1482
vn -0.9252 -0.3599 0.1200
vn -0.9234 -0.3310 0.1945
vn -0.9420 -0.2939 0.1619
vn -0.1080 0.4062 -0.9074
vn -0.1191 0.4330 -0.8935
vn -0.0721 0.4372 -0.8965
vn -0.0870 0.4053 -0.9101
vn -0.2093 0.4372 -0.8747
vn -0.1767 0.4046 -0.8973
vn -0.1282 -0.9917 0.0073
vn -0.1020 -0.9947 0.0130
vn -0.2526 -0.9676 0.0011
vn -0.1399 -0.9901 -0.0073
vn -0.2944 -0.9557 -0.0006
vn -0.7313 -0.6357 -0.2469
vn -0.6696 -0.7017 -0.2436
vn -0.5695 -0.8141 -0.1139
vn -0.6522 -0.7493 -0.1149
vn -0.7111 0.2997 -0.6360
vn -0.7963 0.2486 -0.5515
vn -0.8047 0.2515 -0.5379
vn -0.7271 0.2951 -0.6199
vn -0.2262 0.4374 -0.8703
vn -0.2015 0.4006 -0.8938
vn -0.8609 0.2663 -0.4336
vn -0.8958 0.2457 -0.3704
vn -0.8928 0.3188 -0.3182
vn -0.8609 0.3266 -0.3902
vn -0.1897 0.7611 -0.6202
vn -0.2915 0.7425 -0.6031
vn -0.8560 0.1817 -0.4840
vn -0.7970 0.2577 -0.5462
vn -0.8622 0.1797 -0.4735
vn -0.7366 -0.2275 -0.6370
vn -0.7484 -0.1832 -0.6375
vn -0.8014 -0.1226 -0.5854
vn -0.6120 -0.3979 -0.6835
vn -0.8232 -0.5352 -0.1897
vn -0.8460 -0.5236 -0.1005
vn -0.8927 -0.4130 -0.1804
vn -0.8672 -0.4126 -0.2788
vn -0.3003 0.2322 -0.9252
vn -0.4355 0.2317 -0.8698
vn -0.4101 0.2474 -0.8779
vn -0.2459 0.2531 -0.9357
vn -0.5300 -0.3097 -0.7894
vn -0.5795 -0.0589 -0.8128
vn -0.6587 0.0942 -0.7465
vn -0.6612 -0.1615 -0.7326
vn -0.4896 0.2971 -0.8197
vn -0.4159 0.2272 -0.8806
vn -0.3894 0.2755 -0.8789
vn -0.4551 0.3021 -0.8376
vn -0.2318 -0.3310 -0.9147
vn -0.3656 -0.2744 -0.8894
vn -0.8375 0.1380 -0.5287
vn -0.8750 0.1234 -0.4682
vn -0.8493 0.0363 -0.5267
vn -0.8138 0.0686 -0.5771
vn -0.8010 0.1764 -0.5721
vn -0.8509 0.1936 -0.4883
vn -0.8602 0.1898 -0.4733
vn -0.4627 -0.3527 -0.8133
vn -0.4434 -0.3913 -0.8064
vn -0.6328 0.0862 -0.7695
vn -0.6836 0.1311 -0.7180
vn -0.7457 -0.0212 -0.6659
vn -0.6841 -0.1278 -0.7181
vn -0.6875 0.4225 0.5906
vn -0.5522 0.3641 0.7500
vn -0.8974 0.0738 0.4351
vn -0.9728 0.0522 0.2259
vn -0.0245 -0.6526 0.7573
vn -0.6503 -0.5503 0.5237
vn -0.9292 -0.2713 0.2511
vn -0.9047 -0.3284 0.2716
vn -0.9311 -0.2983 0.2102
vn -0.9400 -0.2721 0.2058
vn -0.2345 0.1195 0.9647
vn -0.7619 -0.1335 0.6338
vn -0.9614 -0.2485 -0.1182
vn -0.9584 -0.2625 -0.1121
vn -0.9599 -0.2580 -0.1095
vn -0.9628 -0.2491 -0.1045
vn -0.9749 0.1120 -0.1924
vn -0.9604 0.1795 -0.2129
vn -0.9415 0.1910 -0.2778
vn -0.9471 0.1357 -0.2908
vn -0.5676 0.3815 -0.7296
vn -0.5466 0.4374 -0.7141
vn -0.5639 0.2878 -0.7741
vn -0.5459 0.2083 -0.8115
vn -0.5622 0.1348 -0.8159
vn -0.5185 -0.1288 -0.8453
vn -0.4987 -0.1643 -0.8511
vn -0.5512 0.0326 -0.8337
vn -0.9626 -0.2144 -0.1657
vn -0.9329 -0.2655 -0.2433
vn -0.9286 -0.2722 -0.2521
vn -0.9448 -0.2560 -0.2047
vn -0.6905 0.3245 -0.6465
vn -0.7409 0.2892 -0.6062
vn -0.4556 0.1858 -0.8706
vn -0.4814 0.2795 -0.8308
vn -0.2362 0.1220 -0.9640
vn -0.3766 0.0846 -0.9225
vn -0.3471 0.2244 -0.9106
vn -0.2486 0.2769 -0.9282
vn -0.8118 0.3578 -0.4616
vn -0.7826 0.3478 -0.5163
vn -0.8303 -0.1394 -0.5396
vn -0.8671 0.0664 -0.4938
vn -0.8954 -0.1939 -0.4007
vn -0.9239 0.0783 -0.3746
vn -0.8491 -0.1848 -0.4949
vn -0.8965 -0.3044 -0.3219
vn -0.9382 -0.0854 -0.3353
vn -0.9344 0.0088 -0.3562
vn -0.9224 -0.2142 -0.3215
vn -0.2799 -0.0558 -0.9584
vn -0.1851 -0.0115 -0.9826
vn -0.2910 0.0221 -0.9565
vn -0.3510 -0.0870 -0.9323
vn -0.1934 0.0294 -0.9807
vn -0.2381 0.0099 -0.9712
vn -0.2723 -0.1020 -0.9568
vn -0.3926 0.0257 -0.9194
vn -0.8216 -0.2195 -0.5261
vn -0.8195 -0.1898 -0.5408
vn -0.4985 0.0863 -0.8626
vn -0.4402 0.1982 -0.8758
vn -0.4839 0.2508 -0.8384
vn -0.5322 0.1417 -0.8347
vn -0.4827 -0.0124 -0.8757
vn -0.5237 -0.1055 -0.8454
vn -0.5495 -0.1301 -0.8253
vn -0.5367 -0.0788 -0.8401
vn -0.1982 0.2705 -0.9421
vn -0.1994 0.2126 -0.9566
vn -0.7953 -0.2313 -0.5604
vn -0.8407 -0.3054 -0.4472
vn -0.8545 -0.2183 -0.4714
vn -0.8155 -0.1895 -0.5469
vn -0.8804 -0.2295 -0.4151
vn -0.8191 -0.2159 -0.5314
vn -0.6505 -0.6177 -0.4420
vn -0.7060 -0.5667 -0.4247
vn -0.7503 -0.2127 -0.6259
vn -0.7403 -0.2711 -0.6152
vn -0.5991 0.4139 -0.6854
vn -0.6699 0.3002 -0.6791
vn -0.5244 0.1478 -0.8385
vn -0.6642 0.1689 -0.7282
vn -0.6576 0.1359 -0.7410
vn -0.5191 0.1015 -0.8487
vn -0.5341 0.4552 -0.7124
vn -0.4670 0.4115 -0.7827
vn -0.4652 0.4495 -0.7626
vn -0.5417 0.4585 -0.7045
vn -0.4904 0.1684 -0.8550
vn 0.0187 -0.3687 -0.9293
vn 0.0104 -0.6406 -0.7678
vn -0.0664 -0.6283 -0.7751
vn -0.0713 -0.3636 -0.9288
vn -0.6233 -0.1449 -0.7684
vn -0.5967 -0.1672 -0.7848
vn -0.6917 -0.1802 -0.6993
vn -0.7159 -0.1602 -0.6796
vn -0.6884 -0.1886 -0.7003
vn -0.6982 -0.2201 -0.6812
vn -0.6297 -0.1869 -0.7540
vn -0.6170 -0.1493 -0.7727
vn -0.3578 0.4527 -0.8167
vn -0.2734 0.4398 -0.8555
vn -0.2846 0.4406 -0.8514
vn -0.3818 0.4141 -0.8263
vn -0.6029 -0.1515 -0.7833
vn -0.6970 -0.1893 -0.6916
vn -0.6801 0.0814 -0.7286
vn -0.6164 0.2331 -0.7521
vn -0.4516 0.2989 -0.8407
vn -0.5112 0.1631 -0.8439
vn -0.4641 0.1912 -0.8649
vn -0.4391 0.2130 -0.8729
vn -0.3417 0.2541 -0.9048
vn -0.3652 0.1908 -0.9112
vn -0.5109 0.1548 -0.8456
vn -0.5516 0.1735 -0.8158
vn -0.3605 0.3436 -0.8672
vn -0.3555 0.4089 -0.8405
vn -0.4941 0.3474 -0.7969
vn -0.5546 0.4204 -0.7182
vn -0.3654 0.2675 -0.8916
vn -0.8489 0.3719 -0.3756
vn -0.8474 0.3510 -0.3983
vn -0.8330 0.3647 -0.4160
vn -0.8308 0.4090 -0.3775
vn -0.8390 0.4071 -0.3610
vn -0.8349 0.3999 -0.3782
vn -0.5147 0.4904 -0.7033
vn -0.6531 0.4838 -0.5826
vn -0.6683 0.4639 -0.5815
vn -0.5289 0.4684 -0.7077
vn -0.0021 0.6904 -0.7234
vn -0.3332 0.6601 -0.6732
vn -0.7566 0.1575 -0.6346
vn -0.7372 0.2642 -0.6219
vn -0.8258 0.4082 -0.3892
vn -0.8415 0.3855 -0.3786
vn -0.9293 -0.2336 -0.2859
vn -0.9357 -0.1623 -0.3132
vn -0.9038 -0.1738 -0.3910
vn -0.8859 -0.2448 -0.3941
vn -0.9222 -0.1923 -0.3354
vn -0.9185 -0.0929 -0.3843
vn -0.9412 -0.1603 -0.2974
vn -0.9388 -0.2028 -0.2784
vn -0.9217 -0.2269 -0.3145
vn -0.9250 -0.1817 -0.3337
vn -0.9312 -0.2430 -0.2718
vn -0.9208 -0.2433 -0.3048
vn -0.5545 -0.6777 -0.4830
vn -0.3168 -0.1416 -0.9379
vn -0.1774 -0.1106 -0.9779
vn -0.2137 0.1811 -0.9600
vn -0.3208 0.1200 -0.9395
vn -0.5432 -0.0014 -0.8396
vn -0.5707 -0.1088 -0.8139
vn -0.5171 -0.1479 -0.8431
vn -0.4864 0.0279 -0.8733
vn -0.0146 0.7064 -0.7076
vn 0.0198 0.5556 -0.8312
vn 0.0949 0.4035 -0.9100
vn -0.2084 0.3469 -0.9145
vn -0.2497 0.3975 -0.8830
vn -0.2284 0.4321 -0.8724
vn -0.1496 0.2750 -0.9497
vn -0.0812 -0.0718 -0.9941
vn -0.1026 0.2370 -0.9661
vn -0.5857 0.0610 -0.8082
vn -0.6192 -0.1254 -0.7752
vn -0.5001 -0.0804 -0.8622
vn -0.7050 0.0188 -0.7090
vn -0.7422 0.2863 -0.6059
vn -0.7717 -0.1654 -0.6142
vn -0.6635 -0.3363 -0.6683
vn -0.5974 -0.3141 -0.7379
vn -0.7041 -0.1530 -0.6935
vn -0.0353 0.0585 -0.9977
vn -0.0128 0.2019 -0.9793
vn -0.2187 0.1787 -0.9593
vn -0.1822 0.0601 -0.9814
vn -0.4819 -0.8088 -0.3370
vn -0.4514 -0.8384 -0.3055
vn -0.8294 0.1601 -0.5352
vn -0.8186 0.3068 -0.4855
vn -0.7346 0.3104 -0.6034
vn -0.7520 0.1402 -0.6440
vn -0.6577 -0.3464 -0.6689
vn -0.7743 -0.4738 -0.4195
vn -0.6649 -0.5210 -0.5352
vn -0.8041 0.3910 -0.4478
vn -0.7098 0.4132 -0.5705
vn -0.6808 0.2260 -0.6967
vn -0.4228 -0.3681 -0.8281
vn -0.2933 -0.3238 -0.8995
vn -0.5467 -0.4544 -0.7033
vn -0.4987 -0.4232 -0.7565
vn -0.5826 -0.4740 -0.6602
vn -0.5124 0.3454 -0.7862
vn -0.5443 0.3646 -0.7555
vn -0.5455 0.4166 -0.7273
vn -0.5720 0.3676 -0.7333
vn -0.5952 0.3043 -0.7437
vn -0.5112 -0.5888 -0.6261
vn -0.5627 0.3409 -0.7531
vn -0.5584 0.4044 -0.7243
vn -0.5494 0.4121 -0.7269
vn -0.5464 0.3764 -0.7482
vn -0.4851 0.1402 -0.8631
vn -0.5281 0.2459 -0.8128
vn -0.4981 0.1989 -0.8440
vn -0.4719 0.2183 -0.8542
vn -0.8592 0.3062 -0.4098
vn -0.8387 0.4001 -0.3694
vn -0.2939 0.6085 -0.7371
vn -0.0032 0.6307 -0.7760
vn 0.0039 0.6498 -0.7601
vn -0.2679 0.6252 -0.7331
vn -0.8354 0.4212 -0.3532
vn -0.8280 0.4538 -0.3293
vn -0.8361 0.4180 -0.3554
vn -0.8452 0.4079 -0.3454
vn -0.5476 -0.7219 -0.4230
vn -0.6665 -0.5588 -0.4934
vn -0.6511 -0.5639 -0.5081
vn -0.5487 -0.7330 -0.4021
vn -0.5637 -0.6270 -0.5376
vn -0.7221 -0.4133 -0.5548
vn -0.6735 -0.5016 -0.5430
vn -0.5213 -0.6873 -0.5058
vn -0.6782 -0.6184 -0.3969
vn -0.8188 -0.4268 -0.3839
vn -0.7631 -0.4124 -0.4977
vn -0.6576 -0.5914 -0.4667
vn -0.6724 -0.6122 -0.4160
vn -0.7946 -0.5042 -0.3382
vn -0.8138 -0.4730 -0.3376
vn -0.6905 -0.6317 -0.3525
vn -0.8429 0.2512 -0.4758
vn -0.8070 -0.1959 -0.5571
vn -0.8451 0.0174 -0.5344
vn -0.7943 -0.2415 -0.5574
vn -0.6687 -0.5489 -0.5016
vn -0.6850 -0.5159 -0.5144
vn -0.6215 -0.7507 -0.2242
vn -0.5569 -0.8065 -0.1989
vn -0.4431 -0.8051 -0.3943
vn -0.4348 -0.8074 -0.3987
vn -0.4214 -0.8128 -0.4022
vn -0.7258 -0.2182 -0.6524
vn -0.6619 -0.2056 -0.7208
vn -0.7413 -0.2890 -0.6058
vn -0.7670 -0.2706 -0.5818
vn -0.7368 -0.5533 -0.3886
vn -0.7860 -0.4913 -0.3754
vn -0.5494 -0.1772 -0.8165
vn -0.4397 -0.1859 -0.8787
vn -0.3809 -0.1692 -0.9090
vn -0.2553 -0.0990 -0.9618
vn -0.2719 -0.0716 -0.9597
vn -0.1491 -0.2538 -0.9557
vn -0.7255 -0.6001 -0.3369
vn -0.6890 -0.7097 -0.1473
vn -0.6222 -0.7773 -0.0929
vn -0.6627 -0.6976 -0.2725
vn -0.6663 -0.7452 -0.0257
vn -0.6278 -0.7770 -0.0455
vn -0.5724 -0.8198 -0.0162
vn -0.6165 -0.7873 -0.0089
vn -0.7132 -0.6911 -0.1176
vn -0.7568 -0.6466 -0.0960
vn -0.4402 -0.8078 -0.3921
vn -0.7200 -0.4547 -0.5242
vn -0.4353 -0.8012 -0.4106
vn -0.7072 -0.1623 -0.6882
vn -0.9416 -0.2053 -0.2671
vn -0.9290 -0.2565 -0.2666
vn -0.8711 -0.4904 -0.0264
vn -0.7765 -0.6292 -0.0335
vn -0.8147 -0.5793 0.0264
vn -0.9606 0.1591 -0.2277
vn -0.9405 0.1777 -0.2895
vn -0.9679 -0.2301 -0.1006
vn -0.9535 -0.2382 -0.1845
vn -0.9511 -0.1492 -0.2703
vn -0.9517 -0.0049 -0.3070
vn -0.9314 -0.1315 -0.3393
vn -0.9360 -0.1701 -0.3082
vn -0.9633 -0.2458 -0.1077
vn -0.9500 -0.2521 -0.1842
vn -0.9573 -0.2337 -0.1703
vn -0.8439 -0.3416 -0.4138
vn -0.8383 -0.1488 -0.5245
vn -0.8476 -0.2565 -0.4645
vn -0.8355 -0.0540 -0.5469
vn -0.8883 -0.4582 -0.0298
vn -0.8366 -0.5478 0.0095
vn -0.8339 -0.5396 -0.1158
vn -0.8831 -0.4355 -0.1746
vn -0.9916 -0.0147 -0.1284
vn -0.9890 0.0672 -0.1320
vn -0.9781 0.1222 -0.1683
vn -0.9749 0.1225 -0.1861
vn -0.9823 0.0718 -0.1728
vn -0.9929 0.0608 -0.1026
vn -0.9960 -0.0142 -0.0881
vn -0.9868 0.0118 -0.1616
vn -0.9643 -0.2633 -0.0299
vn -0.9680 -0.2421 -0.0658
vn -0.9750 -0.2063 -0.0824
vn -0.9715 -0.2336 -0.0404
vn -0.9876 -0.1020 -0.1197
vn -0.9834 -0.1144 -0.1411
vn -0.6753 -0.7369 -0.0295
vn -0.7772 -0.5935 -0.2091
vn -0.7561 -0.6510 -0.0670
vn -0.9401 -0.1377 -0.3119
vn -0.9953 -0.0962 0.0067
vn -0.9912 -0.0950 -0.0924
vn -0.9182 -0.1235 -0.3763
vn -0.9433 -0.2900 -0.1614
vn -0.9292 -0.3185 -0.1872
vn -0.9231 -0.2252 -0.3118
vn -0.9509 -0.2939 0.0973
vn -0.9549 -0.2969 0.0094
vn -0.9637 -0.2461 -0.1034
vn -0.9481 -0.2777 -0.1547
vn -0.9472 -0.2859 -0.1450
vn -0.9603 -0.2587 -0.1049
vn -0.9754 -0.1851 -0.1199
vn -0.9885 -0.0860 -0.1243
vn -0.9875 -0.0431 0.1515
vn -0.9969 -0.0607 -0.0504
vn -0.9913 -0.0049 0.1315
vn -0.9891 -0.0661 0.1317
vn -0.9768 -0.1879 0.1028
vn -0.9671 -0.2055 0.1498
vn -0.9582 -0.2601 0.1194
vn -0.9721 -0.2347 -0.0038
vn -0.9283 -0.3270 0.1768
vn -0.9005 -0.3047 0.3103
vn -0.9103 -0.2889 0.2966
vn -0.8865 -0.3762 0.2695
vn -0.4524 -0.5345 0.7139
vn -0.4332 -0.9006 -0.0356
vn -0.4059 -0.9130 -0.0413
vn -0.3530 -0.9356 -0.0067
vn -0.4051 -0.9141 -0.0174
vn -0.4955 -0.8451 -0.2007
vn -0.3889 -0.9195 -0.0576
vn -0.4286 -0.8846 -0.1839
vn -0.4065 -0.0944 -0.9088
vn -0.2986 -0.0550 -0.9528
vn -0.4443 0.0283 -0.8954
vn -0.4718 -0.0414 -0.8807
vn -0.6253 -0.7385 -0.2524
vn -0.5099 -0.8526 -0.1140
vn -0.4425 0.0545 -0.8951
vn -0.5723 0.1089 -0.8128
vn -0.5419 0.0921 -0.8354
vn -0.4157 0.0758 -0.9063
vn -0.2938 -0.0753 -0.9529
vn -0.3108 0.0011 -0.9505
vn -0.5042 -0.0198 -0.8634
vn -0.6295 -0.0644 -0.7743
vn -0.6260 0.0311 -0.7792
vn -0.7531 -0.3592 -0.5513
vn -0.7457 -0.1495 -0.6493
vn -0.6307 0.4274 -0.6477
vn -0.6076 0.4926 -0.6230
vn -0.9713 0.1117 -0.2098
vn -0.9320 0.1498 -0.3299
vn -0.9999 -0.0114 0.0085
vn -0.9989 -0.0245 -0.0408
vn -0.8928 -0.3864 0.2313
vn -0.9041 -0.3613 0.2282
vn -0.9250 -0.3336 0.1821
vn -0.9220 -0.3504 0.1647
vn -0.8547 0.0142 0.5190
vn -0.8576 -0.0286 0.5135
vn -0.8990 -0.0146 0.4377
vn -0.8890 0.0240 0.4573
vn -0.9279 -0.0141 0.3725
vn -0.9646 -0.0006 0.2637
vn -0.9530 0.0150 0.3027
vn -0.9071 0.0263 0.4200
vn -0.3226 0.8081 -0.4928
vn -0.4321 0.7672 -0.4740
vn -0.4478 0.8195 -0.3576
vn -0.3389 0.8667 -0.3660
vn -0.1754 0.8072 0.5636
vn -0.1930 0.8943 0.4036
vn -0.3108 0.8680 0.3873
vn -0.2977 0.7872 0.5401
vn -0.2859 0.6588 0.6959
vn -0.4228 0.6218 0.6593
vn -0.4122 0.4755 0.7772
vn -0.2823 0.5049 0.8157
vn -0.3111 0.9474 0.0750
vn -0.4282 0.9019 0.0566
vn -0.4325 0.8772 0.2085
vn -0.3086 0.9234 0.2285
vn -0.0915 0.9914 0.0936
vn 0.0003 0.9954 0.0957
vn 0.0005 0.9984 -0.0565
vn -0.0928 0.9940 -0.0575
vn -0.1766 0.2813 0.9432
vn -0.1620 0.3941 0.9047
vn -0.2885 0.3726 0.8820
vn -0.2968 0.2632 0.9180
vn -0.3030 0.1559 0.9402
vn -0.3922 0.1408 0.9090
vn -0.3865 0.0462 0.9211
vn -0.3005 0.0535 0.9523
vn -0.2624 -0.3586 0.8959
vn -0.3471 -0.3435 0.8726
vn -0.2799 -0.4768 0.8333
vn -0.1787 -0.4958 0.8498
vn -0.0980 -0.3811 0.9193
vn 0.0002 -0.3884 0.9215
vn -0.0004 -0.1778 0.9841
vn -0.1146 -0.1773 0.9775
vn -0.0252 -0.0644 0.9976
vn -0.0264 -0.1450 0.9891
vn -0.2100 -0.1432 0.9672
vn -0.1897 -0.0600 0.9800
vn -0.0139 -0.7145 0.6994
vn 0.0152 -0.7297 0.6836
vn 0.0431 -0.0321 0.9986
vn -0.0207 -0.0566 0.9982
vn -0.0063 -0.7177 0.6964
vn -0.0019 -0.0291 0.9996
vn 0.0097 -0.5688 0.8224
vn -0.0179 -0.5964 0.8025
vn -0.1018 -0.5749 0.8118
vn -0.0677 -0.5601 0.8257
vn -0.1157 -0.4284 0.8961
vn -0.2250 -0.4337 0.8725
vn -0.3006 -0.2706 0.9145
vn -0.1865 -0.2617 0.9469
vn 0.0018 -0.2586 0.9660
vn 0.0025 -0.4313 0.9022
vn 0.0564 -0.4266 0.9027
vn 0.0785 -0.2579 0.9630
vn -0.7390 0.5975 -0.3113
vn -0.6789 0.6615 -0.3187
vn -0.6855 0.5129 0.5168
vn -0.7409 0.4764 0.4734
vn -0.7284 0.3742 0.5740
vn -0.6727 0.3985 0.6235
vn -0.7489 0.5579 0.3576
vn -0.6877 0.6083 0.3963
vn -0.6884 0.7246 0.0332
vn -0.7496 0.6613 0.0284
vn -0.7531 0.6375 0.1627
vn -0.6858 0.7069 0.1731
vn -0.7433 0.6606 -0.1053
vn -0.6828 0.7231 -0.1047
vn -0.6987 0.1880 0.6903
vn -0.6822 0.1073 0.7232
vn -0.6148 0.1166 0.7800
vn -0.6370 0.2042 0.7433
vn -0.6773 0.0064 0.7356
vn -0.5941 0.0260 0.8040
vn -0.6774 -0.2225 0.7011
vn -0.6707 -0.3184 0.6699
vn -0.5567 -0.3349 0.7602
vn -0.5740 -0.2118 0.7910
vn -0.6447 -0.3990 0.6520
vn -0.5344 -0.4365 0.7238
vn -0.6432 -0.4440 0.6239
vn -0.5770 -0.3889 0.7182
vn -0.5360 -0.4587 0.7088
vn -0.7070 0.0354 0.7063
vn -0.7055 0.0533 0.7067
vn -0.5636 0.0528 0.8243
vn -0.5937 0.0496 0.8032
vn -0.7231 -0.2038 0.6600
vn -0.6044 -0.2612 0.7527
vn -0.8640 0.4295 0.2629
vn -0.8693 0.4498 0.2046
vn -0.9109 0.3732 0.1762
vn -0.9090 0.3571 0.2152
vn -0.9060 0.4232 -0.0013
vn -0.9388 0.3423 -0.0379
vn -0.9466 0.3110 0.0853
vn -0.9123 0.3919 0.1187
vn -0.8436 0.5239 -0.1180
vn -0.8875 0.4429 -0.1270
vn -0.7423 0.0847 0.6647
vn -0.7513 0.1742 0.6366
vn -0.8001 0.4308 0.4174
vn -0.7846 0.3380 0.5197
vn -0.7524 -0.3017 0.5855
vn -0.7563 -0.2344 0.6107
vn -0.7405 -0.0210 0.6717
vn -0.7409 -0.3539 0.5709
vn -0.7488 -0.4189 0.5136
vn -0.7952 -0.0444 0.6047
vn -0.6995 -0.0664 0.7115
vn -0.8081 -0.1247 0.5757
vn -0.9862 0.0881 0.1401
vn -0.9728 0.1342 0.1887
vn -0.7897 0.5334 -0.3030
vn -0.9901 0.0218 -0.1388
vn -0.9919 0.0914 -0.0880
vn -0.8474 -0.3795 0.3713
vn -0.8304 -0.3669 0.4192
vn -0.8302 -0.3026 0.4682
vn -0.8555 -0.3207 0.4065
vn -0.9350 -0.0903 0.3431
vn -0.9085 -0.2124 0.3600
vn -0.8866 -0.2032 0.4156
vn -0.9118 -0.0781 0.4031
vn -0.9284 0.0081 0.3714
vn -0.8935 0.0269 0.4482
vn -0.9101 0.0934 0.4037
vn -0.9401 0.0693 0.3336
vn -0.9058 -0.2708 0.3258
vn -0.9210 -0.2729 0.2781
vn -0.8987 -0.3510 0.2630
vn -0.8822 -0.3784 0.2803
vn -0.8800 -0.3840 0.2795
vn -0.8687 -0.4158 0.2690
vn -0.9068 -0.0099 0.4213
vn -0.8966 0.0118 0.4427
vn -0.9123 -0.0282 0.4085
vn -0.9128 -0.3480 -0.2138
vn -0.9131 -0.3843 -0.1366
vn -0.9348 -0.3106 -0.1724
vn -0.9521 -0.0031 -0.3058
vn -0.9915 0.0284 -0.1273
vn -0.9755 0.0544 -0.2133
vn -0.9854 0.0775 0.1513
vn -0.9969 -0.0483 -0.0628
vn -0.8987 -0.1685 0.4049
vn -0.7800 0.0228 0.6254
vn -0.5650 -0.7585 0.3247
vn -0.5790 -0.7803 0.2364
vn -0.1019 -0.8186 0.5653
vn 0.1010 -0.8254 0.5555
vn -0.5937 0.2287 0.7715
vn -0.2534 0.1970 0.9471
vn -0.0457 0.5113 0.8582
vn -0.5281 0.5251 0.6673
vn -0.1266 0.3493 -0.9284
vn 0.4495 0.5846 -0.6754
vn -0.3211 0.9402 0.1133
vn -0.5901 0.7367 0.3304
vn -0.2706 0.8299 0.4878
vn -0.0419 0.9807 0.1910
vn 0.4712 -0.5130 0.7175
vn 0.3894 -0.4428 0.8076
vn 0.0110 -0.6341 0.7732
vn -0.7327 -0.6705 -0.1171
vn -0.8204 -0.0517 -0.5694
vn -0.5030 0.1071 -0.8576
vn 0.9407 0.3221 0.1065
vn 0.9583 0.2848 0.0246
vn 0.8731 0.4607 -0.1593
vn 0.8211 0.5705 -0.0194
vn 0.7681 0.4995 -0.4006
vn 0.8990 0.3812 -0.2155
vn 0.6572 0.4552 0.6007
vn 0.2704 0.7550 0.5974
vn 0.5435 0.2923 0.7869
vn 0.9850 0.1481 0.0881
vn 0.9976 0.0345 0.0603
vn 0.9710 0.1946 0.1386
vn -0.8623 -0.5032 -0.0568
vn -0.8986 -0.4190 -0.1302
vn -0.9220 0.2711 -0.2763
vn -0.9482 0.0999 -0.3014
vn -0.8046 -0.4923 -0.3320
vn -0.2476 -0.9358 0.2511
vn -0.8666 0.0419 -0.4973
vn -0.8787 0.1892 -0.4383
vn -0.9035 -0.2638 -0.3378
vn -0.8769 -0.3246 -0.3544
vn -0.8263 -0.2626 -0.4983
vn -0.8793 -0.1370 -0.4561
vn -0.9358 0.1152 -0.3333
vn -0.9585 0.1022 -0.2661
vn -0.4267 0.8644 -0.2661
vn -0.3938 0.7564 -0.5223
vn -0.7899 -0.6064 0.0910
vn -0.9448 0.1830 -0.2719
vn -0.9289 0.1245 -0.3487
vn -0.7683 0.4407 0.4642
vn -0.7775 0.6033 0.1776
vn -0.9572 0.2551 0.1364
vn -0.8328 0.5425 -0.1099
vn -0.9257 0.3781 0.0109
vn -0.5735 0.8191 0.0142
vn -0.9659 0.0834 -0.2452
vn -0.9310 -0.2427 -0.2727
vn 0.0165 -0.9586 -0.2841
vn 0.0103 -0.5987 -0.8009
vn -0.4450 -0.5230 -0.7270
vn -0.4791 0.2410 -0.8440
vn -0.5573 0.2652 -0.7868
vn -0.9229 0.3733 -0.0942
vn -0.9789 0.1862 -0.0848
vn 0.0283 -0.8703 0.4917
vn -0.9468 -0.1673 -0.2750
vn -0.7588 -0.6022 0.2481
vn -0.2709 -0.6504 0.7096
vn -0.9049 -0.3296 0.2694
vn -0.4197 -0.8349 -0.3561
vn -0.7787 -0.3734 -0.5041
vn -0.8440 -0.0075 -0.5363
vn -0.8947 0.0358 -0.4452
vn -0.8634 0.1292 -0.4877
vn -0.6350 -0.2844 -0.7182
vn -0.8310 0.0573 -0.5533
vn -0.7353 0.3649 -0.5711
vn -0.7249 -0.2389 -0.6461
vn -0.7820 0.2554 -0.5686
vn -0.9461 0.3148 -0.0755
vn -0.6708 0.5019 0.5459
vn -0.8119 0.1394 0.5669
vn -0.4862 0.1101 0.8669
vn -0.7321 0.1095 0.6723
vn -0.9292 -0.0369 0.3677
vn -0.9608 0.2475 0.1253
vn -0.6994 -0.1604 0.6965
vn -0.9769 0.1493 -0.1531
vn -0.9426 -0.1998 -0.2674
vn 0.0064 -0.6631 -0.7485
vn 0.0229 -0.6560 -0.7544
vn -0.5885 0.6054 -0.5359
vn -0.5106 0.6553 -0.5566
vn -0.0914 0.6878 -0.7201
vn -0.0989 0.7764 -0.6224
vn -0.5323 0.7172 -0.4498
vn -0.5452 0.7670 -0.3383
vn 0.0022 0.9263 -0.3767
vn 0.0028 0.8624 -0.5063
vn -0.1029 0.8543 -0.5096
vn -0.0978 0.9207 -0.3777
vn -0.4422 0.8927 -0.0875
vn -0.3287 0.9415 -0.0743
vn -0.5462 0.8074 -0.2231
vn -0.6189 0.7530 -0.2235
vn -0.6171 0.7798 -0.1052
vn -0.5400 0.8360 -0.0977
vn -0.8959 0.1790 -0.4067
vn -0.8584 0.2098 -0.4680
vn -0.9327 0.2249 -0.2819
vn -0.9265 0.3018 -0.2248
vn -0.7899 0.5723 -0.2204
vn -0.7956 0.5957 -0.1098
vn 0.0001 0.9694 0.2456
vn -0.0920 0.9642 0.2487
vn -0.5395 0.8406 0.0483
vn -0.5451 0.8163 0.1910
vn -0.9579 0.2720 -0.0920
vn -0.9700 0.2394 0.0412
vn -0.8101 0.5857 0.0282
vn -0.8170 0.5557 0.1538
vn -0.9679 0.2232 0.1156
vn -0.9818 0.1732 0.0780
vn -0.9771 0.1666 0.1324
vn -0.9643 0.2119 0.1587
vn -0.9373 0.1973 0.2873
vn -0.9451 0.2365 0.2257
vn -0.9632 0.1874 0.1926
vn -0.9593 0.1625 0.2309
vn -0.7961 0.0178 0.6049
vn -0.5191 -0.6731 0.5267
vn -0.5489 -0.6985 0.4591
vn -0.7988 0.0445 0.5999
vn -0.5759 -0.6772 0.4580
vn -0.0889 0.9064 0.4129
vn -0.0711 0.8152 0.5748
vn 0.0028 0.5281 0.8491
vn 0.0013 0.6788 0.7343
vn -0.0581 0.6786 0.7322
vn -0.0528 0.5262 0.8487
vn -0.0565 0.4030 0.9135
vn -0.0694 0.2949 0.9530
vn 0.0001 0.0817 0.9967
vn 0.0008 0.1885 0.9821
vn -0.0811 0.1809 0.9801
vn -0.0848 0.0795 0.9932
vn -0.3751 -0.2004 0.9051
vn -0.3050 -0.1932 0.9326
vn 0.0006 -0.5542 0.8324
vn -0.0459 -0.5490 0.8346
vn 0.0093 -0.6130 0.7901
vn 0.0402 -0.5782 0.8149
vn 0.0897 -0.1436 0.9856
vn 0.0805 -0.0601 0.9949
vn -0.5464 0.5776 0.6065
vn -0.5234 0.4428 0.7280
vn -0.5594 0.7607 0.3293
vn -0.6320 0.7109 0.3085
vn -0.6306 0.6490 0.4256
vn -0.5567 0.6887 0.4645
vn -0.5000 0.3316 0.8000
vn -0.5828 0.3152 0.7490
vn -0.5621 0.2170 0.7981
vn -0.4813 0.2282 0.8464
vn -0.4680 0.1302 0.8741
vn -0.4548 0.0347 0.8899
vn -0.4475 -0.0784 0.8909
vn -0.5044 -0.0866 0.8591
vn -0.4941 -0.2086 0.8440
vn -0.4374 -0.2033 0.8760
vn -0.4119 -0.3454 0.8433
vn -0.3802 -0.4556 0.8049
vn -0.3404 -0.5231 0.7813
vn -0.4391 -0.4950 0.7498
vn -0.4296 -0.4869 0.7605
vn -0.3186 -0.5171 0.7944
vn -0.3454 -0.4231 0.8377
vn -0.4010 -0.2808 0.8720
vn -0.4288 -0.1172 0.8958
vn -0.5236 -0.1015 0.8459
vn -0.4921 0.0324 0.8699
vn -0.4022 0.0048 0.9155
vn -0.8171 0.5267 0.2344
vn -0.8098 0.4986 0.3092
vn -0.8796 0.1936 0.4345
vn -0.8241 0.2255 0.5196
vn -0.8445 0.2955 0.4466
vn -0.8979 0.2512 0.3615
vn -0.8399 0.0494 0.5406
vn -0.8573 0.1334 0.4972
vn -0.8011 -0.1796 0.5709
vn -0.7713 -0.1583 0.6164
vn -0.7798 -0.0409 0.6247
vn -0.8181 -0.0541 0.5725
vn -0.8149 -0.3280 0.4779
vn -0.7906 -0.2869 0.5410
vn -0.8747 -0.3526 0.3325
vn -0.8327 -0.3583 0.4221
vn -0.8063 -0.3419 0.4827
vn -0.8471 -0.3479 0.4017
vn -0.9152 -0.2864 0.2836
vn -0.9006 -0.3342 0.2777
vn -0.9019 -0.1457 0.4065
vn -0.9114 -0.0490 0.4085
vn -0.9162 -0.0615 0.3959
vn -0.9194 -0.1248 0.3729
vn -0.9722 -0.0113 0.2340
vn -0.9655 -0.0786 0.2483
vn -0.9578 -0.0304 0.2859
vn -0.9606 0.0300 0.2764
vn -0.9284 -0.2927 0.2288
vn -0.9007 -0.3161 0.2981
vn -0.8538 -0.3806 0.3552
vn -0.8446 -0.4203 0.3315
vn -0.9329 -0.2036 0.2971
vn -0.9532 -0.0968 0.2863
vn -0.9075 -0.3419 0.2439
vn -0.9179 -0.2979 0.2621
vn -0.8855 -0.3043 0.3511
vn -0.8678 -0.3635 0.3387
vn -0.1628 -0.9786 -0.1263
vn -0.1950 -0.9695 -0.1487
vn -0.3471 -0.9243 -0.1590
vn -0.1701 -0.9765 -0.1325
vn -0.2454 -0.9611 -0.1266
vn -0.8459 -0.5309 0.0500
vn -0.8829 -0.4647 0.0677
vn -0.7907 -0.4769 -0.3838
vn -0.5680 -0.2908 -0.7699
vn -0.5978 -0.1219 -0.7923
vn -0.5236 -0.1844 -0.8318
vn -0.5024 -0.5685 -0.6515
vn -0.5080 -0.5283 -0.6803
vn -0.5528 -0.3672 -0.7481
vn -0.5591 -0.4299 -0.7089
vn -0.2097 0.1755 -0.9619
vn -0.3922 0.2323 -0.8901
vn -0.4179 0.1413 -0.8974
vn -0.4347 0.0340 -0.8999
vn -0.7006 -0.0026 -0.7135
vn -0.6340 0.0009 -0.7733
vn -0.6175 0.0858 -0.7819
vn -0.7535 0.0054 -0.6574
vn -0.6716 0.0238 -0.7405
vn -0.6003 0.1581 -0.7840
vn -0.5341 -0.1581 -0.8305
vn -0.3918 0.1945 -0.8992
vn -0.4143 0.1161 -0.9027
vn -0.3142 0.1350 -0.9397
vn -0.4677 -0.1112 -0.8768
vn -0.4913 0.0535 -0.8694
vn -0.8828 -0.2189 -0.4156
vn -0.8832 -0.2420 -0.4017
vn -0.8183 -0.2491 -0.5180
vn -0.8209 -0.2462 -0.5153
vn -0.2202 -0.6191 -0.7538
vn -0.9921 -0.0470 0.1164
vn -0.9872 -0.0458 0.1529
vn -0.9743 0.1477 0.1702
vn -0.9882 0.1504 0.0277
vn -0.9676 -0.2349 -0.0922
vn -0.9642 -0.2574 -0.0632
vn -0.9642 -0.2430 -0.1063
vn 0.0034 0.2687 -0.9632
vn -0.6133 0.3718 -0.6969
vn -0.6954 0.3666 -0.6181
vn -0.1996 -0.5431 -0.8156
vn -0.3844 -0.3716 -0.8451
vn -0.2280 -0.5495 -0.8038
vn -0.5857 0.1524 -0.7961
vn -0.6359 -0.0061 -0.7717
vn -0.3348 -0.5234 -0.7835
vn -0.2401 -0.5980 -0.7647
vn -0.5541 -0.5834 -0.5939
vn -0.5475 -0.6698 -0.5016
vn -0.3628 -0.7627 -0.5354
vn -0.3894 -0.6918 -0.6081
vn -0.8017 0.5808 0.1414
vn -0.9268 0.3749 -0.0212
vn 0.5172 0.8219 0.2389
vn -0.6503 -0.6898 0.3181
vn -0.6599 -0.6777 0.3245
vn -0.8946 0.0362 0.4453
vn -0.6656 -0.6811 0.3052
vn -0.9058 0.0337 0.4223
vn -0.9169 -0.1057 0.3850
vn -0.9395 -0.0722 0.3349
vn -0.8693 -0.2861 0.4031
vn -0.8985 -0.2075 0.3869
vn -0.5199 -0.0270 -0.8538
vn -0.6025 0.4005 -0.6904
vn 0.9738 -0.1643 -0.1572
vn 0.9681 -0.1714 -0.1828
vn 0.9637 -0.2303 -0.1351
vn 0.9695 -0.2195 -0.1094
vn 0.7066 -0.3097 -0.6363
vn 0.7409 -0.2170 -0.6356
vn 0.7265 -0.0536 -0.6851
vn 0.6652 -0.0823 -0.7421
vn 0.6173 -0.7101 -0.3386
vn 0.6098 -0.7014 -0.3690
vn 0.8239 -0.0682 -0.5626
vn 0.9286 0.0293 -0.3700
vn 0.9255 -0.0834 -0.3695
vn 0.9532 -0.2883 -0.0911
vn 0.9576 -0.2874 -0.0202
vn 0.9286 -0.3703 0.0242
vn 0.9239 -0.3818 -0.0244
vn 0.9429 0.0727 -0.3249
vn 0.9717 0.0177 -0.2354
vn 0.9691 0.0009 -0.2468
vn 0.9417 0.0513 -0.3324
vn 0.9809 0.1334 0.1414
vn 0.9948 0.0638 0.0792
vn 0.9994 0.0288 0.0178
vn 0.9880 0.1210 0.0961
vn 0.9623 -0.1522 -0.2253
vn 0.9656 -0.1447 -0.2158
vn 0.9555 -0.2950 0.0015
vn 0.9299 -0.3646 0.0493
vn 0.2484 -0.3323 -0.9099
vn 0.2635 -0.0559 -0.9631
vn 0.4085 -0.0166 -0.9126
vn 0.3989 -0.2987 -0.8670
vn 0.6706 -0.4209 -0.6108
vn 0.5251 -0.5107 -0.6808
vn 0.5578 -0.2408 -0.7943
vn 0.6709 -0.1566 -0.7248
vn 0.2581 0.2060 -0.9439
vn 0.1295 -0.0811 -0.9883
vn 0.1331 0.1771 -0.9752
vn 0.0654 -0.9832 -0.1702
vn 0.0628 -0.9790 -0.1940
vn 0.1485 -0.8421 -0.5184
vn 0.1370 -0.9730 -0.1856
vn 0.2660 -0.8253 -0.4981
vn 0.1638 -0.9742 -0.1550
vn 0.7419 0.4141 -0.5274
vn 0.7975 0.4117 -0.4410
vn 0.7947 0.4368 -0.4215
vn 0.7206 0.4724 -0.5074
vn 0.7135 -0.1516 -0.6840
vn 0.7354 -0.2249 -0.6392
vn 0.5898 -0.1937 -0.7840
vn 0.5542 -0.1006 -0.8263
vn 0.8601 -0.0307 -0.5092
vn 0.8811 -0.1435 -0.4507
vn 0.8035 -0.0988 -0.5871
vn 0.7729 0.0266 -0.6339
vn 0.9084 0.1543 -0.3886
vn 0.9162 0.0546 -0.3969
vn 0.8461 0.1808 -0.5015
vn 0.6543 -0.2341 -0.7191
vn 0.5232 -0.1794 -0.8331
vn 0.4615 -0.1872 -0.8672
vn 0.6213 -0.2469 -0.7436
vn 0.3079 0.6274 -0.7153
vn 0.5751 0.5433 -0.6116
vn 0.5586 0.5373 -0.6318
vn 0.2844 0.6079 -0.7414
vn 0.3187 0.4004 -0.8591
vn 0.3271 0.4341 -0.8394
vn 0.4358 0.4014 -0.8056
vn 0.4339 0.3535 -0.8287
vn 0.8912 -0.1847 -0.4142
vn 0.8970 -0.2015 -0.3935
vn 0.9326 -0.1727 -0.3170
vn 0.9303 -0.1554 -0.3324
vn 0.0368 -0.9830 -0.1799
vn 0.0257 -0.9814 -0.1901
vn 0.0620 -0.8568 -0.5120
vn 0.7453 -0.5688 -0.3479
vn 0.7977 -0.3734 -0.4735
vn 0.7867 -0.3909 -0.4778
vn 0.7489 -0.5705 -0.3372
vn 0.5044 -0.8592 0.0861
vn 0.4621 -0.8837 0.0744
vn 0.4490 -0.8870 0.1081
vn 0.4947 -0.8600 0.1252
vn 0.6867 0.5102 -0.5178
vn 0.5162 0.5656 -0.6431
vn 0.5266 0.5803 -0.6212
vn 0.6935 0.5199 -0.4987
vn 0.2221 -0.0541 -0.9735
vn 0.4951 -0.0963 -0.8635
vn 0.6591 0.0920 -0.7464
vn 0.3210 0.0439 -0.9461
vn 0.2321 -0.3881 -0.8919
vn 0.1883 -0.2411 -0.9521
vn 0.5137 -0.6861 -0.5151
vn 0.6352 -0.6297 -0.4471
vn 0.5524 -0.6911 -0.4661
vn 0.4131 -0.7355 -0.5371
vn 0.6048 0.3403 -0.7200
vn 0.6162 0.3055 -0.7259
vn 0.6427 0.0680 -0.7631
vn 0.6409 0.0992 -0.7612
vn 0.3569 -0.8567 -0.3725
vn 0.4809 -0.8119 -0.3310
vn 0.5047 -0.7561 -0.4167
vn 0.3754 -0.8220 -0.4283
vn 0.6129 -0.0219 -0.7899
vn 0.5039 0.1661 -0.8476
vn 0.5358 0.2410 -0.8092
vn 0.6130 -0.0315 -0.7895
vn 0.5796 -0.3116 -0.7530
vn 0.5760 -0.0568 -0.8154
vn 0.7457 -0.0335 -0.6654
vn 0.7259 -0.2793 -0.6285
vn 0.5683 0.0126 -0.8228
vn 0.5960 -0.0268 -0.8026
vn 0.6034 0.0427 -0.7963
vn 0.5764 0.0089 -0.8171
vn 0.5310 -0.0740 -0.8441
vn 0.5068 -0.0825 -0.8581
vn 0.3804 -0.2930 -0.8772
vn 0.4322 -0.3244 -0.8414
vn 0.0728 -0.1072 -0.9916
vn 0.1571 -0.2442 -0.9569
vn 0.7975 0.4094 -0.4432
vn 0.7902 0.4434 -0.4230
vn 0.7104 0.4891 -0.5061
vn 0.7231 0.4568 -0.5181
vn 0.8981 0.3552 -0.2592
vn 0.8958 0.3277 -0.3003
vn 0.9460 0.1436 -0.2905
vn 0.9605 0.0777 -0.2670
vn 0.4728 -0.1115 -0.8741
vn 0.3762 -0.2421 -0.8943
vn 0.4762 -0.4395 -0.7616
vn 0.5375 -0.3276 -0.7770
vn 0.5502 -0.5556 -0.6234
vn 0.5130 -0.6457 -0.5656
vn 0.5324 -0.7127 -0.4567
vn 0.8549 0.4418 -0.2720
vn 0.8992 0.3058 -0.3129
vn 0.9455 0.1951 -0.2608
vn 0.9149 0.2649 -0.3045
vn 0.9622 -0.0772 -0.2611
vn 0.9489 -0.0895 -0.3026
vn 0.9132 -0.2685 -0.3064
vn 0.0370 0.3608 -0.9319
vn -0.0114 0.3836 -0.9234
vn 0.4833 0.2967 -0.8236
vn 0.4642 0.1244 -0.8769
vn 0.4389 0.2341 -0.8675
vn 0.3034 -0.5314 -0.7909
vn 0.4377 -0.4427 -0.7826
vn 0.4215 -0.3377 -0.8416
vn 0.2788 -0.4048 -0.8709
vn 0.6121 -0.5156 -0.5996
vn 0.5300 -0.5231 -0.6675
vn 0.6296 -0.3518 -0.6927
vn 0.6687 -0.4040 -0.6242
vn 0.8150 0.4775 -0.3284
vn 0.8050 0.4989 -0.3211
vn 0.8306 0.4743 -0.2919
vn 0.5715 -0.3451 -0.7445
vn 0.5363 -0.2772 -0.7972
vn 0.0803 -0.6719 -0.7363
vn 0.0434 -0.4583 -0.8878
vn 0.8389 -0.0363 -0.5431
vn 0.8743 0.0707 -0.4802
vn 0.4799 0.4302 -0.7646
vn 0.4887 0.3809 -0.7849
vn 0.5559 0.3662 -0.7462
vn 0.5484 0.4091 -0.7293
vn 0.7058 0.3328 -0.6253
vn 0.6175 0.3575 -0.7007
vn 0.6239 0.3680 -0.6894
vn 0.7106 0.3162 -0.6286
vn 0.4613 0.2901 -0.8385
vn 0.3859 0.4990 -0.7760
vn 0.5948 0.3933 -0.7011
vn 0.6065 0.2963 -0.7378
vn 0.8779 0.1548 -0.4532
vn 0.9108 0.1190 -0.3953
vn 0.8940 0.1061 -0.4354
vn 0.8833 0.1568 -0.4419
vn 0.1919 -0.6501 -0.7352
vn 0.2194 -0.7022 -0.6773
vn 0.2349 -0.6545 -0.7187
vn 0.2367 -0.6028 -0.7619
vn 0.8455 0.3633 -0.3913
vn 0.8288 0.4078 -0.3832
vn 0.7661 0.4384 -0.4699
vn 0.7813 0.3806 -0.4947
vn 0.2363 0.3703 -0.8983
vn 0.3104 0.3820 -0.8705
vn 0.3416 0.4572 -0.8211
vn 0.2482 0.4459 -0.8600
vn 0.6562 0.2333 -0.7176
vn 0.6361 0.3510 -0.6872
vn 0.5674 0.3752 -0.7330
vn 0.5941 0.2307 -0.7706
vn 0.7334 0.4557 -0.5043
vn 0.5921 0.5479 -0.5909
vn 0.7413 0.4655 -0.4834
vn 0.5437 0.0138 -0.8391
vn 0.4734 -0.1206 -0.8725
vn 0.4251 -0.2531 -0.8690
vn 0.6250 -0.0829 -0.7762
vn 0.6000 -0.1174 -0.7913
vn 0.6627 0.0194 -0.7486
vn 0.5279 -0.4409 -0.7259
vn 0.6232 -0.3736 -0.6871
vn 0.5659 -0.2964 -0.7693
vn 0.4981 -0.3568 -0.7903
vn 0.1483 -0.6728 -0.7248
vn 0.2904 -0.5686 -0.7696
vn 0.2630 -0.4962 -0.8274
vn 0.1057 -0.6597 -0.7441
vn 0.0520 -0.5823 -0.8113
vn 0.1450 -0.4990 -0.8544
vn 0.0728 -0.4221 -0.9036
vn 0.0074 -0.5493 -0.8356
vn -0.0046 -0.5147 -0.8573
vn 0.0071 -0.3466 -0.9380
vn -0.0103 -0.3427 -0.9394
vn -0.0028 -0.5187 -0.8550
vn -0.0226 -0.6346 -0.7725
vn 0.0116 -0.5559 -0.8312
vn 0.0159 -0.4695 -0.8828
vn -0.0435 -0.2640 -0.9636
vn -0.0240 -0.3049 -0.9521
vn -0.0076 -0.4135 -0.9105
vn 0.1150 -0.4723 -0.8739
vn -0.1111 -0.2209 -0.9689
vn -0.1134 -0.2523 -0.9610
vn 0.1729 -0.4867 -0.8563
vn -0.0467 -0.3027 -0.9519
vn 0.1505 -0.5126 -0.8454
vn 0.0641 -0.5622 -0.8245
vn 0.1206 -0.2741 -0.9541
vn 0.0016 -0.3285 -0.9445
vn 0.3872 -0.0701 -0.9193
vn 0.2657 -0.5985 -0.7558
vn 0.1446 -0.6243 -0.7677
vn -0.0428 -0.6050 -0.7950
vn 0.0094 -0.5732 -0.8194
vn -0.0433 -0.6534 -0.7558
vn 0.3856 -0.3816 -0.8400
vn 0.1897 -0.5497 -0.8135
vn 0.2431 -0.4430 -0.8629
vn 0.1926 -0.3528 -0.9157
vn 0.1487 -0.4897 -0.8591
vn 0.1911 -0.5724 -0.7974
vn 0.2780 -0.5477 -0.7891
vn 0.3415 -0.4841 -0.8056
vn 0.3073 0.1168 -0.9444
vn 0.1415 0.0809 -0.9866
vn 0.1254 0.0227 -0.9918
vn 0.3025 0.0475 -0.9520
vn -0.0293 0.2488 -0.9681
vn -0.0458 0.1088 -0.9930
vn 0.0705 0.3424 -0.9369
vn -0.0186 0.3728 -0.9277
vn 0.4332 0.5161 -0.7389
vn 0.5496 0.3957 -0.7358
vn 0.4975 0.3799 -0.7799
vn 0.3128 0.5392 -0.7819
vn 0.2922 0.0828 -0.9528
vn 0.2682 0.0869 -0.9594
vn 0.4583 0.0723 -0.8858
vn 0.4698 0.1065 -0.8763
vn 0.1331 0.4805 -0.8668
vn -0.0163 0.5301 -0.8478
vn -0.0874 0.4255 -0.9007
vn 0.1311 0.5796 -0.8043
vn 0.2953 0.5304 -0.7947
vn 0.6059 -0.3506 -0.7141
vn 0.5934 -0.4599 -0.6606
vn 0.5769 0.0231 -0.8165
vn 0.6211 0.2424 -0.7453
vn 0.7061 0.2134 -0.6752
vn 0.6775 -0.0108 -0.7354
vn 0.0602 -0.5737 -0.8169
vn 0.0816 -0.6003 -0.7956
vn 0.4299 -0.5534 -0.7134
vn 0.0584 0.4720 -0.8797
vn 0.2137 0.2260 -0.9504
vn 0.1769 0.4645 -0.8677
vn 0.0852 0.5952 -0.7991
vn -0.0101 0.7008 -0.7133
vn -0.0250 0.6716 -0.7405
vn -0.1028 0.4349 -0.8946
vn -0.0090 0.6960 -0.7180
vn 0.2606 0.5941 -0.7611
vn 0.5403 0.3041 -0.7846
vn 0.6654 0.2648 -0.6979
vn 0.3216 0.6452 -0.6930
vn 0.0932 -0.6916 -0.7163
vn -0.0252 -0.6837 -0.7293
vn 0.2946 -0.5394 -0.7888
vn 0.3339 -0.5112 -0.7920
vn 0.0087 0.0297 -0.9995
vn 0.0336 -0.1128 -0.9930
vn 0.4608 0.4764 -0.7488
vn 0.2722 0.4385 -0.8566
vn 0.2994 0.4530 -0.8397
vn 0.4834 0.5040 -0.7158
vn 0.7865 0.4259 -0.4473
vn 0.7522 0.3978 -0.5254
vn 0.6920 0.4321 -0.5782
vn 0.7111 0.4643 -0.5280
vn 0.7599 0.3728 -0.5325
vn 0.7744 0.2850 -0.5649
vn 0.6871 0.3761 -0.6216
vn 0.6728 0.4589 -0.5803
vn 0.8157 -0.1213 -0.5656
vn 0.8540 0.0760 -0.5147
vn 0.8702 -0.0065 -0.4926
vn 0.7838 -0.1995 -0.5882
vn 0.2350 0.4508 -0.8611
vn 0.4376 0.4716 -0.7656
vn 0.3740 0.4563 -0.8074
vn 0.4339 0.4685 -0.7696
vn 0.2743 -0.1223 -0.9538
vn 0.2909 -0.2870 -0.9127
vn 0.1993 -0.2894 -0.9362
vn 0.1852 -0.0835 -0.9791
vn 0.3454 -0.2950 -0.8909
vn 0.4431 -0.2910 -0.8479
vn 0.4093 -0.4334 -0.8029
vn 0.3168 -0.4388 -0.8409
vn 0.5392 -0.3184 -0.7797
vn 0.5692 -0.3983 -0.7192
vn 0.5399 -0.4871 -0.6864
vn 0.5217 -0.4452 -0.7277
vn 0.3597 -0.1522 -0.9206
vn 0.5442 0.2081 -0.8127
vn 0.5607 0.1402 -0.8160
vn 0.5251 -0.5280 -0.6675
vn 0.5123 -0.5959 -0.6185
vn 0.2825 -0.5552 -0.7823
vn 0.3686 -0.5703 -0.7341
vn 0.3186 -0.6918 -0.6479
vn 0.2476 -0.6690 -0.7008
vn 0.4788 -0.5562 -0.6793
vn 0.5589 -0.5085 -0.6551
vn 0.4967 -0.6104 -0.6170
vn 0.4161 -0.6567 -0.6290
vn 0.5290 0.5807 -0.6188
vn 0.4360 0.7166 -0.5444
vn 0.6411 0.4039 -0.6526
vn 0.6633 0.2932 -0.6885
vn 0.7025 0.2885 -0.6506
vn 0.6085 0.3833 -0.6949
vn 0.6423 0.3874 -0.6613
vn 0.6827 0.2790 -0.6753
vn 0.6352 0.2604 -0.7271
vn 0.3232 0.3313 -0.8864
vn 0.1639 0.2760 -0.9471
vn 0.1695 0.3494 -0.9215
vn 0.3191 0.4103 -0.8543
vn 0.0517 0.0445 -0.9977
vn 0.0567 0.1278 -0.9902
vn 0.0533 -0.0584 -0.9969
vn 0.1161 -0.7033 -0.7013
vn 0.4837 0.1620 -0.8601
vn 0.4880 -0.0018 -0.8729
vn 0.3613 -0.0130 -0.9324
vn 0.3566 0.1475 -0.9225
vn 0.0510 0.4040 -0.9133
vn 0.0638 0.3126 -0.9477
vn 0.0152 0.6220 -0.7829
vn 0.4345 0.6618 -0.6110
vn 0.4786 0.5093 -0.7152
vn 0.3266 0.4628 -0.8241
vn 0.3031 0.6439 -0.7025
vn 0.5006 0.6920 -0.5201
vn 0.5639 0.5706 -0.5970
vn 0.5713 0.5179 -0.6367
vn 0.5177 0.6621 -0.5419
vn 0.7534 0.0142 -0.6574
vn 0.7693 -0.0753 -0.6344
vn 0.6390 -0.2561 -0.7253
vn 0.6595 -0.1161 -0.7427
vn 0.3887 -0.1198 -0.9136
vn 0.5510 -0.0638 -0.8321
vn 0.5332 -0.2430 -0.8103
vn 0.3875 -0.3118 -0.8675
vn 0.0820 -0.2153 -0.9731
vn 0.2156 -0.1832 -0.9592
vn 0.2326 -0.3810 -0.8948
vn 0.1072 -0.4145 -0.9037
vn 0.6139 0.2035 -0.7627
vn 0.5931 0.4286 -0.6816
vn 0.2191 -0.6308 -0.7443
vn 0.2462 -0.5434 -0.8026
vn 0.3646 -0.4689 -0.8044
vn 0.3280 -0.5362 -0.7778
vn 0.5492 0.0825 -0.8316
vn 0.5484 0.1453 -0.8235
vn 0.6457 0.2017 -0.7365
vn 0.6472 0.1669 -0.7439
vn 0.7416 -0.1449 -0.6550
vn 0.6094 -0.3346 -0.7187
vn 0.8387 0.3480 -0.4188
vn 0.8222 0.2962 -0.4861
vn 0.7516 -0.5530 0.3596
vn 0.1489 -0.6813 0.7167
vn 0.0014 -0.6196 0.7849
vn 0.2843 -0.6988 0.6564
vn 0.9661 0.1403 -0.2166
vn 0.9829 0.0397 -0.1796
vn 0.9920 0.0271 -0.1237
vn 0.9913 0.0639 -0.1151
vn 0.9991 -0.0173 -0.0388
vn 0.9992 -0.0259 -0.0315
vn 0.9950 0.0944 -0.0329
vn 0.9984 0.0529 -0.0199
vn 0.6149 -0.5530 0.5622
vn 0.3810 -0.7034 0.6000
vn 0.8548 -0.4138 0.3133
vn 0.8850 -0.3394 0.3188
vn 0.2004 -0.8264 0.5263
vn 0.8077 -0.4820 0.3395
vn -0.1352 -0.4159 0.8993
vn -0.2039 -0.1166 0.9720
vn 0.4353 -0.1713 0.8838
vn 0.1696 -0.6019 0.7804
vn -0.6436 -0.4374 0.6280
vn -0.8673 -0.2110 0.4508
vn 0.5756 -0.7934 0.1983
vn 0.5722 -0.7712 0.2790
vn 0.0847 -0.8114 0.5783
vn 0.1449 -0.8714 0.4687
vn 0.6069 0.4656 -0.6441
vn 0.9464 -0.1775 -0.2699
vn 0.5449 0.4353 -0.7167
vn 0.9365 -0.0506 -0.3470
vn -0.2024 -0.8940 0.3998
vn -0.2732 -0.6798 0.6806
vn -0.6244 -0.3709 0.6875
vn -0.6479 -0.5977 0.4722
vn 0.3198 -0.0655 -0.9452
vn 0.6635 0.0251 -0.7478
vn 0.7514 0.0896 -0.6538
vn 0.2266 -0.5069 -0.8317
vn -0.1139 -0.2183 -0.9692
vn 0.8317 0.1542 -0.5334
vn 0.8437 -0.5274 -0.1002
vn 0.7838 0.1424 -0.6045
vn 0.2873 0.5860 -0.7577
vn 0.9773 -0.0550 -0.2048
vn 0.9976 -0.0640 -0.0259
vn 0.9159 0.2316 -0.3280
vn 0.4773 -0.5527 -0.6832
vn 0.3911 -0.7366 -0.5518
vn -0.3035 -0.8481 -0.4343
vn 0.1254 -0.6396 -0.7584
vn 0.9596 -0.1231 -0.2529
vn 0.8334 -0.2666 -0.4842
vn 0.9227 -0.0360 -0.3838
vn 0.9554 -0.2526 -0.1530
vn 0.9718 -0.1891 -0.1408
vn 0.9708 -0.1571 -0.1811
vn 0.9424 -0.2287 -0.2442
vn 0.7965 -0.2373 0.5561
vn 0.9151 -0.3443 -0.2098
vn 0.7504 -0.5837 0.3100
vn 0.7325 -0.5512 0.3996
vn -0.1093 0.9927 0.0519
vn -0.9746 0.2178 0.0515
vn -0.3651 0.9303 0.0347
vn 0.2279 0.9689 -0.0970
vn -0.5527 0.8102 -0.1950
vn -0.3627 0.9308 0.0460
vn -0.0663 0.9949 -0.0762
vn -0.2655 0.8980 -0.3509
vn -0.2850 0.9069 0.3102
vn -0.7224 0.6698 0.1719
vn -0.6431 0.6642 0.3810
vn -0.5963 -0.2052 0.7761
vn -0.6746 -0.1959 0.7117
vn -0.1072 -0.3242 0.9399
vn -0.0281 -0.0952 0.9951
vn 0.9047 0.0586 0.4219
vn 0.9077 -0.0924 -0.4093
vn 0.4598 0.2134 -0.8620
vn 0.4883 0.2124 -0.8464
vn 0.1698 0.0097 -0.9854
vn 0.0470 -0.0070 -0.9989
vn 0.4038 -0.8345 -0.3749
vn 0.2087 -0.9746 -0.0807
vn -0.2276 -0.9699 0.0865
vn -0.0544 -0.9858 -0.1592
vn 0.6271 -0.5585 0.5430
vn 0.1053 -0.5855 0.8038
vn 0.6481 -0.4440 0.6188
vn 0.3743 -0.2227 0.9002
vn 0.9222 0.3849 -0.0383
vn 0.8461 0.2194 0.4858
vn 0.6789 0.2118 0.7030
vn 0.5358 -0.1288 -0.8344
vn 0.6314 -0.2960 -0.7168
vn 0.5132 -0.1634 -0.8426
vn 0.0155 -0.0088 -0.9998
vn 0.9866 -0.0831 -0.1405
vn 0.9862 -0.0895 -0.1390
vn -0.4468 0.1180 0.8868
vn 0.2328 0.2463 0.9408
vn -0.8861 0.1187 0.4481
vn -0.1317 0.4963 0.8581
vn -0.8846 -0.0765 0.4601
vn -0.8380 -0.1664 0.5197
vn -0.7063 -0.1364 0.6946
vn -0.8299 -0.1615 0.5340
vn -0.6079 -0.2429 0.7559
vn -0.5382 -0.6837 0.4929
vn -0.3191 -0.7627 0.5625
vn -0.3473 -0.7569 0.5536
vn -0.3916 -0.8243 0.4090
vn -0.2328 -0.6292 0.7416
vn 0.8505 -0.5080 -0.1362
vn 0.5011 -0.8219 -0.2708
vn 0.2507 -0.5704 0.7822
vn -0.3875 -0.4116 0.8249
vn -0.4902 -0.5091 0.7075
vn 0.0512 -0.7176 0.6946
vn -0.2629 -0.8962 -0.3574
vn -0.1678 -0.9852 -0.0354
vn -0.6031 -0.7924 0.0913
vn -0.5101 -0.8287 -0.2304
vn -0.4513 -0.7725 0.4466
vn 0.7594 -0.6411 0.1104
vn 0.6675 -0.7371 0.1058
vn -0.1589 -0.9857 0.0553
vn 0.3330 0.3800 -0.8630
vn 0.3228 0.1534 -0.9339
vn 0.3605 0.3020 -0.8825
vn 0.9587 -0.0482 -0.2805
vn 0.6843 -0.1285 -0.7178
vn 0.6181 -0.0448 -0.7848
vn 0.8296 -0.3004 -0.4707
vn 0.7813 -0.2466 -0.5734
vn 0.7512 -0.3900 -0.5325
vn 0.9152 0.3105 -0.2571
vn 0.8787 0.3755 0.2948
vn 0.9506 0.2716 0.1503
vn 0.8671 0.1599 -0.4717
vn -0.8907 0.3075 0.3348
vn -0.9024 0.3829 0.1976
vn -0.9604 0.1927 0.2014
vn -0.9430 0.0861 0.3214
vn -0.7569 0.4103 0.5087
vn -0.9391 0.2265 0.2584
vn -0.3125 0.7946 0.5206
vn 0.0845 0.7108 0.6983
vn 0.9075 0.4087 -0.0965
vn 0.8841 0.4192 -0.2067
vn 0.8708 -0.2927 -0.3951
vn 0.9591 0.2492 0.1343
vn 0.7325 -0.2467 -0.6345
vn 0.3351 -0.4329 -0.8368
vn 0.0670 0.4614 -0.8847
vn 0.0790 0.5813 -0.8098
vn 0.0542 0.4123 -0.9095
vn 0.3459 0.4477 -0.8245
vn 0.2685 0.4031 -0.8749
vn 0.3029 0.4209 -0.8550
vn 0.3977 0.4360 -0.8073
vn 0.3301 -0.8183 -0.4705
vn 0.4811 -0.7893 -0.3815
vn 0.4618 -0.8218 -0.3337
vn 0.3383 -0.8590 -0.3843
vn 0.5569 0.2044 -0.8050
vn 0.3082 -0.0390 -0.9505
vn 0.2785 0.2271 -0.9332
vn 0.3273 -0.3250 -0.8873
vn 0.2538 -0.3742 -0.8919
vn 0.3451 -0.5746 -0.7421
vn 0.0653 0.1147 -0.9913
vn 0.0180 0.2499 -0.9681
vn -0.0142 0.2734 -0.9618
vn 0.0130 0.0579 -0.9982
vn 0.5087 -0.7066 -0.4919
vn 0.3420 -0.7255 -0.5973
vn 0.2725 0.4031 -0.8736
vn 0.2584 0.5209 -0.8136
vn 0.0030 0.3568 -0.9342
vn 0.0065 0.3469 -0.9379
vn 0.3379 0.6188 -0.7091
vn 0.3440 0.5470 -0.7632
vn 0.5396 0.2148 -0.8140
vn 0.6207 0.3449 -0.7041
vn 0.3237 0.4487 -0.8330
vn 0.2866 0.3168 -0.9041
vn 0.1796 -0.5823 -0.7929
vn 0.1991 -0.4834 -0.8525
vn 0.1407 -0.6725 -0.7266
vn 0.1433 0.0821 -0.9863
vn 0.0945 0.2695 -0.9584
vn 0.1548 0.5769 -0.8020
vn 0.1754 0.6836 -0.7085
vn 0.2696 0.6656 -0.6959
vn 0.2460 0.5620 -0.7897
vn 0.1056 0.4183 -0.9022
vn 0.0577 0.2578 -0.9645
vn 0.0734 0.3384 -0.9381
vn 0.1651 0.3325 -0.9286
vn 0.1848 0.3561 -0.9160
vn 0.2236 0.0279 -0.9743
vn 0.2014 -0.0429 -0.9786
vn 0.0537 0.3184 -0.9464
vn 0.1789 -0.3854 -0.9052
vn 0.2467 -0.3170 -0.9158
vn 0.1149 -0.6776 -0.7264
vn 0.0385 -0.6683 -0.7429
vn 0.0137 -0.5959 -0.8029
vn 0.0988 -0.6173 -0.7805
vn 0.1245 -0.6911 -0.7120
vn 0.6691 0.6318 -0.3913
vn 0.7347 0.5731 -0.3631
vn 0.7131 0.5344 -0.4538
vn 0.6534 0.5820 -0.4841
vn 0.4932 0.5972 -0.6325
vn 0.5853 0.5532 -0.5928
vn 0.5614 0.4717 -0.6799
vn 0.4639 0.5059 -0.7272
vn 0.2185 0.3798 -0.8989
vn 0.2919 0.4412 -0.8486
vn 0.1258 -0.5837 -0.8022
vn 0.2117 -0.4736 -0.8549
vn 0.2246 -0.2866 -0.9313
vn 0.0610 -0.2557 -0.9648
vn 0.2312 0.4937 -0.8383
vn 0.2293 0.4007 -0.8870
vn 0.0069 -0.5910 -0.8066
vn 0.0580 -0.5395 -0.8400
vn 0.7121 0.4089 -0.5707
vn 0.6930 0.3542 -0.6280
vn 0.6053 0.3629 -0.7084
vn 0.6447 0.4376 -0.6269
vn 0.4336 0.5018 -0.7485
vn 0.5739 0.4452 -0.6873
vn 0.1530 -0.4453 -0.8822
vn 0.2282 -0.4861 -0.8436
vn 0.1683 -0.5844 -0.7938
vn 0.0991 -0.5299 -0.8423
vn 0.2650 -0.2967 -0.9175
vn 0.3037 -0.2499 -0.9194
vn 0.0433 -0.5230 -0.8513
vn 0.1098 -0.4688 -0.8765
vn 0.2007 -0.3894 -0.8989
vn 0.5124 0.3386 -0.7892
vn 0.5606 0.3346 -0.7574
vn 0.7675 0.3309 -0.5491
vn 0.7859 0.3663 -0.4982
vn 0.2566 -0.5563 -0.7904
vn 0.1332 -0.6636 -0.7361
vn 0.2153 -0.6178 -0.7562
vn 0.4073 -0.2261 -0.8849
vn 0.5327 -0.2335 -0.8135
vn 0.3728 -0.6404 -0.6715
vn 0.3193 -0.5951 -0.7375
vn 0.2432 -0.5941 -0.7667
vn 0.2674 -0.6616 -0.7006
vn 0.2853 -0.4950 -0.8207
vn 0.1325 -0.4208 -0.8974
vn 0.1965 -0.6903 -0.6963
vn 0.1764 -0.6665 -0.7244
vn 0.2645 -0.6230 -0.7362
vn 0.2950 -0.6750 -0.6763
vn 0.0343 0.1833 -0.9825
vn 0.9376 -0.3449 0.0442
vn 0.9440 -0.3238 0.0634
vn 0.9398 -0.3411 -0.0188
vn 0.9163 -0.3986 0.0396
vn 0.9957 -0.0084 0.0922
vn 0.9981 -0.0119 0.0601
vn 0.9997 0.0186 0.0174
vn 0.9989 0.0169 0.0442
vn 0.9175 -0.2961 0.2655
vn 0.9690 -0.1852 0.1638
vn 0.9728 -0.1835 0.1416
vn 0.9509 -0.2705 0.1507
vn 0.9778 -0.1482 0.1478
vn 0.9801 -0.1377 0.1432
vn 0.9204 -0.3540 0.1659
vn 0.9183 -0.3837 0.0969
vn 0.9267 -0.3562 0.1195
vn 0.9404 -0.3140 0.1304
vn 0.0352 0.4484 -0.8932
vn 0.0870 0.4637 -0.8817
vn 0.0887 0.4267 -0.9000
vn 0.0150 0.4178 -0.9084
vn 0.1912 0.4300 -0.8823
vn 0.2337 0.4186 -0.8776
vn 0.2823 -0.9563 0.0766
vn 0.1518 -0.9876 0.0393
vn 0.3079 -0.9495 0.0607
vn 0.3083 -0.9492 0.0622
vn 0.3290 -0.9415 0.0731
vn 0.5948 -0.8036 -0.0208
vn 0.7054 -0.6902 -0.1612
vn 0.7813 -0.6024 -0.1635
vn 0.6841 -0.7292 -0.0159
vn 0.8242 0.2493 -0.5085
vn 0.8122 0.2399 -0.5318
vn 0.7236 0.2911 -0.6258
vn 0.7482 0.2962 -0.5937
vn 0.2258 0.4521 -0.8629
vn 0.2028 0.4223 -0.8835
vn 0.9025 0.3145 -0.2942
vn 0.9089 0.2374 -0.3428
vn 0.8765 0.2635 -0.4029
vn 0.8727 0.3277 -0.3620
vn 0.1960 0.7681 -0.6096
vn 0.2959 0.7507 -0.5906
vn 0.8123 0.2347 -0.5339
vn 0.8752 0.1676 -0.4538
vn 0.8770 0.1507 -0.4563
vn 0.3537 -0.5060 -0.7866
vn 0.4041 -0.5299 -0.7456
vn 0.7202 -0.2582 -0.6439
vn 0.6921 -0.2897 -0.6611
vn 0.7832 -0.1602 -0.6008
vn 0.5904 -0.4173 -0.6908
vn 0.9227 -0.3716 -0.1029
vn 0.8778 -0.4789 -0.0112
vn 0.8688 -0.4870 -0.0894
vn 0.9103 -0.3700 -0.1856
vn 0.4239 0.2878 -0.8588
vn 0.4609 0.2614 -0.8481
vn 0.3113 0.2544 -0.9156
vn 0.2656 0.2953 -0.9177
vn 0.6748 0.1222 -0.7278
vn 0.6060 -0.0244 -0.7951
vn 0.5853 -0.2658 -0.7660
vn 0.6998 -0.1200 -0.7042
vn 0.3776 0.3172 -0.8699
vn 0.4000 0.2378 -0.8851
vn 0.4839 0.3280 -0.8114
vn 0.4509 0.3584 -0.8175
vn 0.2939 -0.2991 -0.9078
vn 0.4192 -0.2428 -0.8748
vn 0.8531 -0.0343 -0.5206
vn 0.8837 0.0521 -0.4651
vn 0.8541 0.0416 -0.5184
vn 0.8185 -0.0373 -0.5733
vn 0.8628 0.1310 -0.4882
vn 0.8086 0.0883 -0.5817
vn 0.8840 0.1044 -0.4556
vn 0.4856 -0.2679 -0.8321
vn 0.4518 -0.4192 -0.7875
vn 0.4628 -0.4105 -0.7857
vn 0.7350 -0.1317 -0.6652
vn 0.6781 0.0169 -0.7348
vn 0.6187 -0.0130 -0.7855
vn 0.6478 -0.2328 -0.7254
vn 0.9116 0.0581 0.4069
vn 0.5668 0.3635 0.7393
vn 0.7008 0.4171 0.5787
vn 0.9798 0.0292 0.1978
vn 0.0175 -0.6781 0.7347
vn 0.6677 -0.5628 0.4872
vn 0.9301 -0.3157 0.1876
vn 0.9101 -0.3389 0.2386
vn 0.9320 -0.2846 0.2243
vn 0.9437 -0.2945 0.1504
vn 0.2455 0.1198 0.9620
vn 0.7805 -0.1497 0.6070
vn 0.9552 -0.2756 -0.1076
vn 0.9560 -0.2719 -0.1102
vn 0.9596 -0.2556 -0.1175
vn 0.9591 -0.2629 -0.1051
vn 0.9447 0.1658 -0.2829
vn 0.9600 0.1552 -0.2330
vn 0.9730 0.1040 -0.2058
vn 0.9457 0.1466 -0.2901
vn 0.5641 0.2025 -0.8005
vn 0.5501 0.3437 -0.7610
vn 0.5651 0.2973 -0.7696
vn 0.5486 0.1458 -0.8232
vn 0.5598 -0.0629 -0.8262
vn 0.5431 -0.0011 -0.8397
vn 0.6220 0.1541 -0.7677
vn 0.6406 0.0883 -0.7628
vn 0.9348 -0.2826 -0.2150
vn 0.9435 -0.2591 -0.2066
vn 0.9636 -0.2179 -0.1550
vn 0.9482 -0.2627 -0.1787
vn 0.4444 0.1902 -0.8754
vn 0.7343 0.3020 -0.6080
vn 0.6766 0.3362 -0.6551
vn 0.4708 0.2902 -0.8331
vn 0.3245 0.2334 -0.9166
vn 0.3464 0.0949 -0.9333
vn 0.2054 0.1186 -0.9715
vn 0.2263 0.2675 -0.9366
vn 0.8021 0.3811 -0.4598
vn 0.7688 0.3678 -0.5231
vn 0.8513 -0.0709 -0.5199
vn 0.8721 0.0936 -0.4803
vn 0.9379 0.1047 -0.3306
vn 0.9204 -0.1638 -0.3551
vn 0.8714 -0.1528 -0.4662
vn 0.9491 0.0289 -0.3138
vn 0.9568 -0.0537 -0.2856
vn 0.9278 -0.2403 -0.2854
vn 0.9434 -0.1805 -0.2782
vn 0.2395 -0.0138 -0.9708
vn 0.1578 -0.0437 -0.9865
vn 0.2354 -0.0805 -0.9686
vn 0.3015 -0.1159 -0.9464
vn 0.1676 0.0096 -0.9858
vn 0.2041 -0.0022 -0.9789
vn 0.2551 -0.1024 -0.9615
vn 0.3621 0.0318 -0.9316
vn 0.8381 -0.2325 -0.4934
vn 0.8372 -0.2071 -0.5062
vn 0.4749 0.2539 -0.8426
vn 0.4202 0.1898 -0.8874
vn 0.4941 0.1002 -0.8636
vn 0.5309 0.1623 -0.8317
vn 0.5262 -0.1347 -0.8396
vn 0.5194 -0.1071 -0.8478
vn 0.4532 -0.0178 -0.8912
vn 0.5030 -0.0966 -0.8589
vn 0.2151 0.3064 -0.9273
vn 0.2109 0.2229 -0.9518
vn 0.8826 -0.2043 -0.4234
vn 0.8748 -0.2739 -0.3996
vn 0.8283 -0.2057 -0.5212
vn 0.8411 -0.1799 -0.5101
vn 0.8871 -0.2175 -0.4071
vn 0.8229 -0.1873 -0.5364
vn 0.7103 -0.6023 -0.3643
vn 0.7508 -0.5648 -0.3426
vn 0.7856 -0.2093 -0.5823
vn 0.7786 -0.2529 -0.5743
vn 0.5661 0.4021 -0.7196
vn 0.6382 0.3169 -0.7016
vn 0.6255 0.1377 -0.7680
vn 0.4355 0.4017 -0.8056
vn 0.4366 0.3542 -0.8270
vn 0.5304 0.3846 -0.7555
vn 0.5203 0.4270 -0.7396
vn 0.0998 -0.6267 -0.7728
vn 0.1219 -0.3624 -0.9240
vn 0.7138 -0.1597 -0.6819
vn 0.5987 -0.1391 -0.7888
vn 0.6130 -0.1344 -0.7786
vn 0.7280 -0.1545 -0.6680
vn 0.6608 -0.1591 -0.7335
vn 0.7386 -0.1930 -0.6459
vn 0.7258 -0.1639 -0.6681
vn 0.6487 -0.1225 -0.7511
vn 0.2714 0.4390 -0.8565
vn 0.2584 0.4354 -0.8624
vn 0.3317 0.4260 -0.8417
vn 0.3634 0.4153 -0.8340
vn 0.5804 -0.1654 -0.7974
vn 0.6925 -0.1992 -0.6933
vn 0.4290 0.3045 -0.8504
vn 0.5779 0.2356 -0.7813
vn 0.6478 0.0961 -0.7558
vn 0.4789 0.1753 -0.8602
vn 0.3372 0.2811 -0.8985
vn 0.4373 0.2468 -0.8648
vn 0.4882 0.2192 -0.8448
vn 0.3854 0.2296 -0.8937
vn 0.5187 0.1802 -0.8358
vn 0.5762 0.1917 -0.7945
vn 0.3122 0.3043 -0.8999
vn 0.3158 0.3644 -0.8761
vn 0.4526 0.2903 -0.8431
vn 0.5504 0.3224 -0.7701
vn 0.3127 0.2305 -0.9215
vn 0.8264 0.4135 -0.3822
vn 0.8260 0.3890 -0.4079
vn 0.8160 0.4003 -0.4169
vn 0.8047 0.4617 -0.3732
vn 0.8413 0.4056 -0.3574
vn 0.8454 0.3971 -0.3573
vn 0.6521 0.4813 -0.5858
vn 0.6384 0.5066 -0.5795
vn 0.4996 0.4983 -0.7086
vn 0.5250 0.4776 -0.7045
vn 0.3230 0.6411 -0.6962
vn 0.7574 0.0565 -0.6505
vn 0.7245 0.2108 -0.6563
vn 0.8177 0.4092 -0.4049
vn 0.8344 0.4035 -0.3756
vn 0.9253 -0.1710 -0.3384
vn 0.9516 -0.1657 -0.2589
vn 0.9498 -0.2135 -0.2284
vn 0.9176 -0.2155 -0.3341
vn 0.9245 -0.1798 -0.3360
vn 0.9157 -0.0734 -0.3951
vn 0.9269 -0.2397 -0.2888
vn 0.9405 -0.2330 -0.2473
vn 0.9472 -0.1893 -0.2587
vn 0.9325 -0.2028 -0.2990
vn 0.9316 -0.2548 -0.2594
vn 0.9250 -0.2430 -0.2922
vn 0.6193 -0.6615 -0.4229
vn 0.1958 0.2055 -0.9589
vn 0.1550 -0.0772 -0.9849
vn 0.2960 -0.1093 -0.9489
vn 0.3140 0.1555 -0.9366
vn 0.5137 -0.1157 -0.8501
vn 0.5878 -0.0901 -0.8040
vn 0.5594 0.0205 -0.8286
vn 0.4876 0.0462 -0.8719
vn 0.0281 0.6938 -0.7196
vn -0.0280 0.4793 -0.8772
vn -0.0777 0.5614 -0.8239
vn 0.1881 0.3470 -0.9188
vn 0.2291 0.3839 -0.8945
vn 0.2201 0.4035 -0.8881
vn 0.1254 0.2516 -0.9597
vn 0.0529 -0.0617 -0.9967
vn 0.0757 0.2438 -0.9669
vn 0.6012 -0.2021 -0.7731
vn 0.5980 0.0069 -0.8015
vn 0.4827 -0.1607 -0.8609
vn 0.5316 0.1804 -0.8276
vn 0.5381 -0.4052 -0.7391
vn 0.6047 -0.4198 -0.6769
vn 0.7559 -0.2145 -0.6186
vn 0.6819 -0.2217 -0.6970
vn 0.1939 0.1524 -0.9691
vn 0.1244 0.0240 -0.9919
vn 0.5189 -0.7770 -0.3564
vn 0.4955 -0.8096 -0.3148
vn 0.7145 0.3479 -0.6070
vn 0.7941 0.3512 -0.4961
vn 0.8129 0.1959 -0.5485
vn 0.7318 0.1931 -0.6536
vn 0.8271 -0.3932 -0.4017
vn 0.6831 -0.3200 -0.6565
vn 0.7015 -0.4863 -0.5210
vn 0.7744 0.4436 -0.4511
vn 0.6900 0.4533 -0.5643
vn 0.7079 0.1551 -0.6890
vn 0.1774 -0.1551 -0.9718
vn 0.2390 -0.3557 -0.9035
vn 0.3264 -0.4103 -0.8515
vn 0.2402 -0.2944 -0.9250
vn -0.0083 -0.2776 -0.9607
vn 0.4471 -0.5492 -0.7060
vn 0.4021 -0.5079 -0.7618
vn 0.4084 -0.6451 -0.6458
vn 0.5482 -0.5231 -0.6525
vn 0.4960 -0.5649 -0.6594
vn 0.5072 0.3717 -0.7775
vn 0.5806 0.3869 -0.7164
vn 0.5429 0.4408 -0.7148
vn 0.5371 0.3823 -0.7519
vn 0.5869 0.3163 -0.7454
vn 0.5684 -0.5069 -0.6481
vn 0.5610 -0.5577 -0.6118
vn 0.5810 -0.5633 -0.5874
vn 0.5681 0.3669 -0.7366
vn 0.5753 0.4251 -0.6988
vn 0.5556 0.4429 -0.7037
vn 0.5578 0.4122 -0.7203
vn 0.4703 0.1537 -0.8690
vn 0.5242 0.2674 -0.8085
vn 0.5089 0.2368 -0.8276
vn 0.8560 0.3296 -0.3983
vn 0.8314 0.4256 -0.3573
vn 0.2770 0.6163 -0.7372
vn 0.2670 0.6323 -0.7272
vn 0.8208 0.4511 -0.3505
vn 0.8113 0.4876 -0.3226
vn 0.8070 0.4755 -0.3502
vn 0.8200 0.4508 -0.3527
vn 0.6661 -0.5209 -0.5338
vn 0.6836 -0.5193 -0.5129
vn 0.5721 -0.6904 -0.4428
vn 0.5765 -0.6953 -0.4292
vn 0.6891 -0.4729 -0.5491
vn 0.7295 -0.3999 -0.5549
vn 0.5804 -0.5998 -0.5508
vn 0.5485 -0.6620 -0.5108
vn 0.7850 -0.3876 -0.4832
vn 0.8501 -0.3902 -0.3538
vn 0.7170 -0.5633 -0.4105
vn 0.6724 -0.5650 -0.4782
vn 0.8564 -0.4098 -0.3142
vn 0.8386 -0.4257 -0.3401
vn 0.7130 -0.5635 -0.4172
vn 0.7355 -0.5666 -0.3714
vn 0.8322 0.2731 -0.4825
vn 0.8401 0.0435 -0.5407
vn 0.8159 -0.1725 -0.5519
vn 0.7991 -0.2144 -0.5616
vn 0.6211 -0.7737 -0.1249
vn 0.6866 -0.4939 -0.5336
vn 0.7373 -0.5246 -0.4257
vn 0.5851 -0.8099 -0.0420
vn 0.6784 -0.0634 -0.7320
vn 0.7178 -0.0682 -0.6929
vn 0.7576 -0.1985 -0.6218
vn 0.6923 -0.1799 -0.6988
vn 0.7796 -0.2591 -0.5702
vn 0.8042 -0.2420 -0.5428
vn 0.7818 -0.5278 -0.3319
vn 0.8370 -0.4472 -0.3153
vn 0.4429 -0.1599 -0.8822
vn 0.5628 -0.1443 -0.8139
vn 0.4142 -0.1241 -0.9017
vn 0.3334 -0.0266 -0.9424
vn 0.3041 -0.0476 -0.9514
vn 0.2151 -0.2159 -0.9524
vn 0.5783 -0.8158 -0.0003
vn 0.6338 -0.7610 -0.1383
vn 0.6489 -0.6518 -0.3924
vn 0.6304 -0.7277 -0.2702
vn 0.5528 -0.8226 0.1332
vn 0.6346 -0.7668 0.0966
vn 0.6684 -0.7364 0.1050
vn 0.5829 -0.8025 0.1273
vn 0.7515 -0.6597 -0.0065
vn 0.7962 -0.6047 0.0205
vn 0.6659 -0.4426 -0.6006
vn 0.6372 -0.0787 -0.7666
vn 0.9412 -0.2451 -0.2327
vn 0.9290 -0.2778 -0.2447
vn 0.7953 -0.6031 0.0616
vn 0.8786 -0.4763 0.0357
vn 0.8170 -0.5708 0.0820
vn 0.9639 0.1238 -0.2356
vn 0.9497 0.1223 -0.2884
vn 0.9730 -0.2183 -0.0751
vn 0.9659 -0.2094 -0.1522
vn 0.9551 -0.1838 -0.2325
vn 0.9336 -0.1135 -0.3399
vn 0.9554 0.0146 -0.2951
vn 0.9458 -0.1507 -0.2878
vn 0.9477 -0.2724 -0.1664
vn 0.9577 -0.2675 -0.1063
vn 0.9525 -0.2596 -0.1595
vn 0.7716 -0.1653 -0.6143
vn 0.7775 -0.3877 -0.4951
vn 0.7836 -0.2961 -0.5461
vn 0.7678 -0.0384 -0.6395
vn 0.7950 -0.5920 -0.1319
vn 0.8182 -0.5739 0.0347
vn 0.8675 -0.4969 -0.0249
vn 0.8485 -0.4881 -0.2045
vn 0.9931 0.0221 -0.1153
vn 0.9935 -0.0313 -0.1099
vn 0.9905 -0.0194 -0.1364
vn 0.9879 0.0542 -0.1450
vn 0.9788 0.0999 -0.1790
vn 0.9763 0.0985 -0.1925
vn 0.9951 -0.0356 -0.0926
vn 0.9929 0.0415 -0.1119
vn 0.9832 0.0442 -0.1769
vn 0.9869 -0.0158 -0.1607
vn 0.9725 -0.2197 -0.0773
vn 0.9623 -0.2642 -0.0643
vn 0.9580 -0.2857 -0.0239
vn 0.9702 -0.2398 -0.0337
vn 0.9856 -0.1128 -0.1257
vn 0.9839 -0.1212 -0.1314
vn 0.7158 -0.6551 -0.2417
vn 0.6329 -0.7734 0.0364
vn 0.7120 -0.7006 -0.0473
vn 0.9895 -0.0858 -0.1163
vn 0.9976 -0.0674 -0.0175
vn 0.9206 -0.1310 -0.3679
vn 0.8923 -0.1369 -0.4301
vn 0.9069 -0.3654 -0.2097
vn 0.9277 -0.3303 -0.1742
vn 0.8961 -0.2671 -0.3546
vn 0.9408 -0.3265 0.0910
vn 0.9417 -0.3343 0.0386
vn 0.9399 -0.3070 -0.1493
vn 0.9385 -0.3097 -0.1526
vn 0.9580 -0.2678 -0.1025
vn 0.9540 -0.2795 -0.1079
vn 0.9728 -0.1950 -0.1250
vn 0.9871 -0.0969 -0.1272
vn 0.9954 -0.0253 -0.0924
vn 0.9915 -0.0074 0.1300
vn 0.9945 0.0371 0.0979
vn 0.9919 -0.0498 0.1166
vn 0.9567 -0.2747 0.0961
vn 0.9753 -0.1968 0.1004
vn 0.9672 -0.2540 -0.0015
vn 0.9286 -0.3398 0.1494
vn 0.9061 -0.3094 0.2885
vn 0.9501 -0.2633 0.1672
vn 0.9395 -0.2717 0.2089
vn 0.9130 -0.2976 0.2792
vn 0.8875 -0.3966 0.2344
vn -0.1743 -0.5977 0.7826
vn 0.4715 -0.5659 0.6764
vn 0.4564 -0.7953 -0.3989
vn 0.6380 -0.6397 -0.4288
vn 0.4715 -0.8012 -0.3684
vn 0.6990 -0.5997 -0.3895
vn 0.4782 -0.8044 -0.3524
vn 0.3577 -0.9314 0.0669
vn 0.3993 -0.9156 0.0481
vn 0.4298 -0.9013 0.0535
vn 0.3984 -0.9138 0.0794
vn 0.3974 -0.9156 0.0612
vn 0.5322 -0.8450 -0.0523
vn 0.4714 -0.8802 -0.0551
vn 0.4943 0.0711 -0.8664
vn 0.3676 -0.0116 -0.9299
vn 0.4576 -0.0465 -0.8879
vn 0.5176 -0.0011 -0.8556
vn 0.6521 -0.7361 -0.1812
vn 0.5216 -0.8526 -0.0322
vn 0.5881 0.1289 -0.7984
vn 0.6254 0.1408 -0.7675
vn 0.4984 0.0995 -0.8612
vn 0.4681 0.1195 -0.8756
vn 0.4678 0.2159 -0.8571
vn 0.3621 0.0215 -0.9319
vn 0.3458 -0.0363 -0.9376
vn 0.5663 0.0406 -0.8232
vn 0.6642 -0.0415 -0.7464
vn 0.6626 0.0432 -0.7477
vn 0.7998 -0.3496 -0.4880
vn 0.7896 -0.1447 -0.5964
vn 0.5927 0.5034 -0.6287
vn 0.5713 0.5253 -0.6307
vn 0.2146 -0.9709 -0.1066
vn 0.9768 0.0886 -0.1951
vn 0.9432 0.1283 -0.3063
vn 0.9996 -0.0295 0.0021
vn 0.9983 -0.0397 -0.0424
vn 0.9240 -0.3493 0.1557
vn 0.9025 -0.3809 0.2009
vn 0.8941 -0.4010 0.1996
vn 0.9216 -0.3650 0.1324
vn 0.9089 0.0049 0.4171
vn 0.8678 -0.0118 0.4967
vn 0.8629 0.0347 0.5041
vn 0.8964 0.0468 0.4407
vn 0.9630 0.0498 0.2650
vn 0.9742 0.0234 0.2244
vn 0.9443 -0.0078 0.3289
vn 0.9233 0.0507 0.3806
vn 0.4494 0.8241 -0.3449
vn 0.4340 0.7758 -0.4579
vn 0.3207 0.8180 -0.4775
vn 0.3400 0.8702 -0.3565
vn 0.3089 0.8691 0.3863
vn 0.1932 0.8941 0.4041
vn 0.1756 0.8070 0.5639
vn 0.2980 0.7870 0.5402
vn 0.4154 0.4757 0.7753
vn 0.4242 0.6214 0.6587
vn 0.2861 0.6582 0.6964
vn 0.2833 0.5062 0.8145
vn 0.4329 0.8766 0.2101
vn 0.4268 0.9024 0.0595
vn 0.3106 0.9474 0.0768
vn 0.3082 0.9232 0.2297
vn 0.0938 0.9915 0.0905
vn 0.0940 0.9939 -0.0569
vn 0.2862 0.3765 0.8811
vn 0.1640 0.3944 0.9042
vn 0.1771 0.2823 0.9428
vn 0.2970 0.2629 0.9180
vn 0.3875 0.0467 0.9207
vn 0.3922 0.1411 0.9090
vn 0.3003 0.1546 0.9412
vn 0.3001 0.0538 0.9524
vn 0.2846 -0.4798 0.8299
vn 0.3493 -0.3448 0.8713
vn 0.2623 -0.3599 0.8954
vn 0.1814 -0.4977 0.8482
vn 0.0995 -0.3795 0.9198
vn 0.1147 -0.1771 0.9775
vn 0.2118 -0.1386 0.9674
vn 0.0280 -0.1440 0.9892
vn 0.0259 -0.0636 0.9976
vn 0.1905 -0.0572 0.9800
vn 0.1685 -0.7061 0.6877
vn 0.2403 -0.0066 0.9707
vn 0.1231 -0.7139 0.6894
vn 0.1428 -0.0331 0.9892
vn 0.0736 -0.7162 0.6940
vn 0.1058 -0.5774 0.8095
vn 0.0213 -0.5979 0.8013
vn -0.0044 -0.5700 0.8216
vn 0.0731 -0.5622 0.8237
vn 0.3078 -0.2695 0.9125
vn 0.2320 -0.4352 0.8699
vn 0.1203 -0.4305 0.8945
vn 0.1909 -0.2610 0.9463
vn -0.0527 -0.4249 0.9037
vn -0.0751 -0.2575 0.9634
vn 0.7419 0.6041 -0.2909
vn 0.6787 0.6700 -0.3008
vn 0.7326 0.3721 0.5699
vn 0.7424 0.4745 0.4729
vn 0.6861 0.5108 0.5180
vn 0.6748 0.3979 0.6215
vn 0.7495 0.5560 0.3593
vn 0.6880 0.6070 0.3978
vn 0.7535 0.6357 0.1675
vn 0.7490 0.6617 0.0355
vn 0.6856 0.7267 0.0428
vn 0.6849 0.7066 0.1775
vn 0.7413 0.6644 -0.0955
vn 0.6804 0.7265 -0.0960
vn 0.6194 0.1173 0.7763
vn 0.6876 0.1076 0.7181
vn 0.7025 0.1881 0.6863
vn 0.6406 0.2049 0.7400
vn 0.6840 0.0053 0.7294
vn 0.5991 0.0265 0.8003
vn 0.5653 -0.3386 0.7522
vn 0.6809 -0.3224 0.6576
vn 0.6863 -0.2252 0.6916
vn 0.5812 -0.2138 0.7852
vn 0.6566 -0.4042 0.6368
vn 0.5448 -0.4415 0.7129
vn 0.5907 -0.3897 0.7066
vn 0.6575 -0.4455 0.6076
vn 0.5491 -0.4620 0.6965
vn 0.5661 0.0639 0.8218
vn 0.7095 0.0685 0.7013
vn 0.7125 0.0501 0.6999
vn 0.5977 0.0606 0.7994
vn 0.7364 -0.1969 0.6473
vn 0.6167 -0.2568 0.7442
vn 0.9158 0.3601 0.1781
vn 0.8749 0.4383 0.2059
vn 0.8680 0.4224 0.2611
vn 0.9136 0.3484 0.2097
vn 0.9500 0.2967 0.0979
vn 0.9440 0.3293 -0.0206
vn 0.9113 0.4116 0.0129
vn 0.9181 0.3751 0.1282
vn 0.8466 0.5215 -0.1068
vn 0.8912 0.4396 -0.1124
vn 0.7486 0.0839 0.6577
vn 0.7563 0.1735 0.6308
vn 0.8021 0.4281 0.4165
vn 0.7874 0.3359 0.5169
vn 0.7638 -0.3045 0.5691
vn 0.7658 -0.2379 0.5975
vn 0.7481 -0.0223 0.6632
vn 0.7529 -0.3583 0.5521
vn 0.7627 -0.4212 0.4908
vn 0.7089 -0.0553 0.7031
vn 0.8048 -0.0287 0.5929
vn 0.8215 -0.1150 0.5586
vn 0.9888 0.0732 0.1303
vn 0.9761 0.1224 0.1795
vn 0.7929 0.5398 -0.2827
vn 0.9909 -0.0041 -0.1346
vn 0.9942 0.0703 -0.0812
vn 0.8392 -0.3095 0.4470
vn 0.8393 -0.3741 0.3945
vn 0.8548 -0.3880 0.3446
vn 0.8630 -0.3291 0.3832
vn 0.8938 -0.2104 0.3960
vn 0.9143 -0.2213 0.3391
vn 0.9405 -0.0951 0.3261
vn 0.9181 -0.0843 0.3874
vn 0.9139 0.0893 0.3961
vn 0.8993 0.0225 0.4368
vn 0.9343 0.0035 0.3566
vn 0.9443 0.0629 0.3230
vn 0.9054 -0.3561 0.2310
vn 0.9295 -0.2745 0.2461
vn 0.9159 -0.2723 0.2950
vn 0.8896 -0.3841 0.2470
vn 0.8832 -0.3959 0.2515
vn 0.8724 -0.4292 0.2337
vn 0.9068 0.0347 0.4202
vn 0.9214 0.0078 0.3886
vn 0.9214 -0.0263 0.3878
vn 0.8956 -0.3838 -0.2250
vn 0.8880 -0.4401 -0.1335
vn 0.9240 -0.3365 -0.1819
vn 0.9512 -0.0248 -0.3076
vn 0.7818 -0.0365 -0.6224
vn 0.9680 0.0226 -0.2500
vn 0.9747 0.0384 -0.2201
vn 0.4305 -0.0277 0.9022
vn 0.5820 -0.2801 0.7635
vn 0.8949 -0.1851 0.4061
vn 0.7787 0.0155 0.6272
vn -0.5715 -0.4941 0.6551
vn 0.0963 -0.8482 0.5208
vn -0.0966 -0.8466 0.5234
vn 0.0517 0.5216 0.8516
vn 0.2525 0.2063 0.9453
vn 0.5955 0.2310 0.7694
vn 0.5257 0.5310 0.6646
vn -0.7716 0.5133 -0.3757
vn -0.6548 0.6662 -0.3570
vn -0.3903 0.7702 -0.5044
vn -0.4352 0.6070 -0.6649
vn 0.3296 0.9371 0.1146
vn 0.1586 0.9742 -0.1606
vn 0.0571 0.9799 0.1910
vn 0.4506 -0.7151 0.5344
vn -0.0292 -0.6549 0.7552
vn 0.5678 -0.8036 0.1783
vn 0.7663 -0.6248 -0.1496
vn 0.8052 -0.0346 -0.5920
vn 0.3710 0.0406 -0.9277
vn 0.5033 0.0952 -0.8589
vn -0.8123 0.5832 -0.0016
vn -0.9777 0.2071 -0.0345
vn -0.9534 0.2998 0.0344
vn -0.8703 0.4732 -0.1365
vn -0.9016 0.3878 -0.1917
vn -0.2608 0.7624 0.5922
vn -0.6449 0.4724 0.6008
vn -0.5318 0.3099 0.7881
vn -0.9819 0.1659 0.0918
vn -0.9964 0.0565 0.0638
vn -0.9632 0.2171 0.1586
vn -0.9675 0.2120 0.1381
vn 0.8532 -0.5189 -0.0540
vn 0.8842 -0.4434 -0.1472
vn 0.9888 -0.0580 -0.1374
vn 0.9916 0.0527 -0.1178
vn 0.9190 0.2696 -0.2878
vn 0.9485 0.0796 -0.3066
vn 0.2611 -0.9245 0.2777
vn 0.8902 -0.0166 -0.4553
vn 0.8974 0.1559 -0.4127
vn 0.8914 -0.3012 -0.3386
vn 0.9073 -0.2840 -0.3101
vn 0.8964 -0.1887 -0.4011
vn 0.4978 0.3401 -0.7978
vn 0.5301 0.1624 -0.8322
vn 0.8398 0.0811 -0.5367
vn 0.8467 0.1150 -0.5195
vn 0.9391 0.0954 -0.3302
vn 0.9486 0.1895 0.2536
vn 0.9904 0.0692 0.1198
vn 0.9555 0.0871 -0.2820
vn 0.7403 0.4725 -0.4782
vn 0.4302 0.7471 -0.5067
vn 0.9330 0.1079 -0.3433
vn 0.7809 0.6023 0.1657
vn 0.5906 0.7403 0.3211
vn 0.7657 0.4450 0.4645
vn 0.9596 0.2516 0.1259
vn 0.8316 0.5450 -0.1074
vn 0.7202 0.6257 -0.2998
vn 0.4326 0.8675 -0.2456
vn 0.5674 0.8231 0.0212
vn 0.9441 -0.1943 -0.2665
vn 0.0088 -0.9498 -0.3128
vn 0.3405 -0.8789 -0.3341
vn 0.9656 0.0982 -0.2407
vn 0.0057 -0.6109 -0.7917
vn 0.5313 -0.5033 -0.6814
vn 0.9140 0.3672 -0.1729
vn 0.9529 0.2108 -0.2182
vn -0.1007 -0.9108 0.4004
vn 0.3432 -0.6385 0.6889
vn 0.9201 -0.3176 0.2291
vn 0.8162 0.0204 -0.5774
vn 0.9375 0.1994 -0.2853
vn 0.7669 -0.3841 -0.5142
vn 0.6269 0.0792 -0.7750
vn 0.5705 -0.1672 -0.8041
vn 0.8527 -0.0287 -0.5217
vn 0.8905 0.0151 -0.4548
vn 0.8648 0.1206 -0.4874
vn 0.8430 0.0469 -0.5358
vn 0.7862 0.2512 -0.5646
vn 0.9304 0.3612 -0.0632
vn 0.9796 0.0332 -0.1980
vn 0.5899 0.5497 0.5914
vn 0.4909 0.1002 0.8654
vn 0.8110 0.1402 0.5681
vn 0.7351 0.1057 0.6696
vn 0.9534 -0.1708 0.2488
vn 0.6893 -0.1688 0.7045
vn 0.5467 0.8373 -0.0073
vn 0.9709 0.1972 -0.1360
vn 0.9486 -0.1784 -0.2613
vn 0.5956 0.6198 -0.5109
vn 0.5149 0.6700 -0.5347
vn 0.0923 0.6923 -0.7157
vn 0.1040 0.7794 -0.6178
vn 0.5326 0.7271 -0.4333
vn 0.5441 0.7741 -0.3236
vn 0.1076 0.8557 -0.5061
vn 0.1016 0.9213 -0.3752
vn 0.4405 0.8940 -0.0825
vn 0.3281 0.9420 -0.0711
vn 0.6158 0.7817 -0.0982
vn 0.6167 0.7582 -0.2117
vn 0.5436 0.8123 -0.2114
vn 0.5375 0.8383 -0.0912
vn 0.9116 0.1645 -0.3769
vn 0.8768 0.2028 -0.4360
vn 0.9421 0.2117 -0.2602
vn 0.9339 0.2927 -0.2054
vn 0.7911 0.5764 -0.2047
vn 0.7962 0.5970 -0.0987
vn 0.0921 0.9641 0.2490
vn 0.5364 0.8424 0.0508
vn 0.5441 0.8163 0.1940
vn 0.9626 0.2604 -0.0754
vn 0.9720 0.2288 0.0541
vn 0.8107 0.5843 0.0351
vn 0.8187 0.5519 0.1588
vn 0.9786 0.1596 0.1295
vn 0.9829 0.1654 0.0809
vn 0.9685 0.2178 0.1210
vn 0.9651 0.2113 0.1545
vn 0.9650 0.1843 0.1864
vn 0.9472 0.2348 0.2183
vn 0.9400 0.1923 0.2819
vn 0.9620 0.1551 0.2245
vn 0.8034 0.0352 0.5944
vn 0.5275 -0.6669 0.5264
vn 0.5574 -0.6922 0.4584
vn 0.8043 0.0635 0.5908
vn 0.5850 -0.6699 0.4572
vn 0.0859 0.9044 0.4180
vn 0.0716 0.8148 0.5752
vn 0.0576 0.6812 0.7299
vn 0.0565 0.5244 0.8496
vn 0.0620 0.4015 0.9138
vn 0.0725 0.2970 0.9521
vn 0.0799 0.1834 0.9798
vn 0.0846 0.0801 0.9932
vn 0.3754 -0.1987 0.9053
vn 0.3050 -0.1927 0.9326
vn 0.0472 -0.5495 0.8341
vn -0.0059 -0.6136 0.7896
vn -0.0352 -0.5785 0.8149
vn -0.0898 -0.1440 0.9855
vn -0.0773 -0.0640 0.9950
vn 0.0142 -0.7145 0.6995
vn 0.0186 -0.0507 0.9985
vn -0.0156 -0.7300 0.6833
vn -0.0436 -0.0326 0.9985
vn 0.0067 -0.7176 0.6965
vn -0.0021 -0.0271 0.9996
vn 0.5475 0.5769 0.6061
vn 0.5253 0.4427 0.7267
vn 0.6322 0.6460 0.4277
vn 0.6318 0.7099 0.3112
vn 0.5576 0.7596 0.3346
vn 0.5573 0.6876 0.4654
vn 0.5651 0.2178 0.7957
vn 0.5850 0.3159 0.7470
vn 0.5018 0.3318 0.7988
vn 0.4835 0.2295 0.8448
vn 0.4679 0.1336 0.8736
vn 0.4554 0.0353 0.8896
vn 0.4998 -0.2096 0.8404
vn 0.5079 -0.0867 0.8570
vn 0.4475 -0.0793 0.8908
vn 0.4396 -0.2039 0.8748
vn 0.4158 -0.3431 0.8422
vn 0.3863 -0.4595 0.7998
vn 0.4409 -0.4909 0.7514
vn 0.4491 -0.4998 0.7406
vn 0.3481 -0.5275 0.7750
vn 0.3275 -0.5208 0.7884
vn 0.3542 -0.4247 0.8332
vn 0.4089 -0.2790 0.8689
vn 0.4951 0.0409 0.8679
vn 0.5303 -0.0946 0.8425
vn 0.4335 -0.1135 0.8940
vn 0.4042 0.0113 0.9146
vn 0.8189 0.5226 0.2374
vn 0.8116 0.4949 0.3105
vn 0.8476 0.2924 0.4429
vn 0.8282 0.2231 0.5142
vn 0.8832 0.1900 0.4287
vn 0.9005 0.2477 0.3574
vn 0.8465 0.0454 0.5304
vn 0.8623 0.1304 0.4893
vn 0.7876 -0.0415 0.6148
vn 0.7819 -0.1686 0.6001
vn 0.8107 -0.1842 0.5558
vn 0.8263 -0.0575 0.5603
vn 0.8250 -0.3340 0.4558
vn 0.8012 -0.2926 0.5220
vn 0.8170 -0.3470 0.4606
vn 0.8437 -0.3617 0.3966
vn 0.8840 -0.3554 0.3038
vn 0.8565 -0.3532 0.3763
vn 0.9235 -0.2887 0.2524
vn 0.9071 -0.3393 0.2492
vn 0.9287 -0.0545 0.3667
vn 0.9262 -0.0451 0.3743
vn 0.9139 -0.1464 0.3785
vn 0.9305 -0.1206 0.3459
vn 0.9616 -0.0398 0.2715
vn 0.9688 -0.0887 0.2316
vn 0.9752 -0.0211 0.2203
vn 0.9646 0.0204 0.2628
vn 0.9299 -0.3052 0.2056
vn 0.9045 -0.3274 0.2734
vn 0.8623 -0.3865 0.3272
vn 0.8525 -0.4276 0.3007
vn 0.9374 -0.2134 0.2751
vn 0.9574 -0.1061 0.2687
vn 0.8958 -0.3098 0.3186
vn 0.9242 -0.3057 0.2287
vn 0.9111 -0.3548 0.2097
vn 0.8768 -0.3722 0.3046
vn 0.2202 -0.9723 -0.0790
vn 0.4182 -0.9064 -0.0590
vn 0.2292 -0.9701 -0.0799
vn 0.3369 -0.9395 -0.0617
vn 0.8379 -0.5397 0.0815
vn 0.8729 -0.4798 0.0882
vn 0.7105 -0.5267 -0.4666
vn 0.5626 -0.0001 -0.8267
vn 0.6126 -0.1158 -0.7819
vn 0.5841 -0.2762 -0.7633
vn 0.5555 -0.1621 -0.8156
vn 0.5698 -0.3471 -0.7449
vn 0.5652 -0.5299 -0.6323
vn 0.5804 -0.4066 -0.7055
vn 0.1660 0.1888 -0.9679
vn 0.3295 0.2403 -0.9130
vn 0.3532 0.1471 -0.9239
vn 0.3718 0.0405 -0.9274
vn 0.7222 0.0324 -0.6910
vn 0.6663 0.0231 -0.7453
vn 0.6734 0.1168 -0.7300
vn 0.7740 0.0490 -0.6312
vn 0.6959 0.0549 -0.7160
vn 0.7436 -0.0563 -0.6663
vn 0.6224 0.1763 -0.7626
vn 0.5165 -0.1441 -0.8441
vn 0.3768 0.1019 -0.9207
vn 0.3667 0.1749 -0.9138
vn 0.2832 0.0933 -0.9545
vn 0.4794 -0.0963 -0.8723
vn 0.4721 0.0595 -0.8795
vn 0.8308 -0.2297 -0.5069
vn 0.8912 -0.2499 -0.3786
vn 0.8954 -0.2243 -0.3847
vn 0.8398 -0.2442 -0.4849
vn 0.9932 -0.0633 0.0978
vn 0.9887 -0.0586 0.1383
vn 0.9805 0.1224 0.1538
vn 0.9917 0.1271 0.0213
vn 0.9588 -0.2782 -0.0578
vn 0.9631 -0.2534 -0.0904
vn 0.9588 -0.2663 -0.0991
vn 0.6375 0.3978 -0.6598
vn 0.7054 0.3503 -0.6163
vn 0.5946 0.1719 -0.7854
vn 0.6559 0.0184 -0.7546
vn 0.3130 -0.5053 -0.8042
vn 0.2793 -0.5587 -0.7809
vn 0.3749 -0.7455 -0.5511
vn 0.5483 -0.6645 -0.5078
vn 0.5593 -0.5722 -0.5998
vn 0.3930 -0.6848 -0.6137
vn 0.9310 0.3646 -0.0180
vn 0.8102 0.5702 0.1357
vn -0.5150 0.8266 0.2268
vn 0.6729 -0.6677 0.3184
vn 0.6652 -0.6787 0.3112
vn 0.9017 0.0629 0.4278
vn 0.6812 -0.6696 0.2959
vn 0.9126 0.0646 0.4038
vn 0.9297 -0.1171 0.3493
vn 0.9526 -0.0857 0.2918
vn 0.8816 -0.2890 0.3732
vn 0.9099 -0.2131 0.3560
vn 0.5162 -0.0354 -0.8558
vn 0.5776 0.4688 -0.6683
vn -0.1675 -0.7076 0.6865
vn -0.1227 -0.7150 0.6882
vn -0.1423 -0.0346 0.9892
vn -0.2400 -0.0106 0.9707
vn -0.0735 -0.7166 0.6936
vn -0.6588 -0.3945 0.6406
vn -0.6752 -0.2321 -0.7002
vn 0.7560 -0.2264 -0.6142
vn 0.7757 -0.0687 0.6273
vn 0.7071 -0.2699 0.6536
vn -0.6727 -0.0653 0.7371
vn -0.7860 0.2801 -0.5511
vn 0.8139 -0.2495 -0.5247
vn 0.8332 0.4309 -0.3466
vn -0.9231 0.0488 -0.3815
vn -0.9857 0.1502 -0.0768
vn -0.9986 -0.0233 -0.0475
vn -0.9180 -0.1303 -0.3746
vn 0.8793 0.0063 -0.4763
vn 0.8829 -0.4632 -0.0771
vn -0.8903 0.0138 -0.4552
vn -0.9347 -0.3347 -0.1195
vn 0.6269 0.4452 -0.6393
vn -0.0764 0.4858 -0.8707
vn -0.7443 -0.4784 -0.4660
vn 0.6426 -0.4029 -0.6518
vn 0.7298 -0.4785 -0.4883
vn -0.1351 -0.9908 -0.0108
vn -0.9020 0.0240 -0.4310
vn -0.7445 0.3154 -0.5884
vn -0.1017 0.0839 -0.9913
vn -0.0856 -0.2208 -0.9716
vn -0.8497 0.0204 -0.5269
vn -0.7570 -0.0914 -0.6470
vn -0.7412 -0.2322 -0.6298
vn -0.7245 -0.3112 -0.6150
vn -0.5846 0.3228 -0.7443
vn -0.4055 0.3213 -0.8558
vn -0.3945 0.3984 -0.8281
vn -0.6167 0.4712 -0.6305
vn -0.2600 -0.7504 -0.6077
vn -0.4155 -0.6783 -0.6060
vn -0.3059 -0.7689 -0.5614
vn -0.3694 -0.7027 -0.6080
vn -0.7382 0.1085 -0.6658
vn -0.5555 0.1377 -0.8200
vn -0.5750 0.0209 -0.8179
vn -0.6676 0.6255 -0.4037
vn -0.4420 0.8224 -0.3582
vn -0.3725 0.8636 -0.3398
vn -0.1604 0.9481 -0.2746
vn -0.6528 -0.7529 -0.0832
vn 0.1361 -0.8630 -0.4865
vn 0.3940 -0.6866 -0.6110
vn -0.0316 0.7526 -0.6577
vn -0.9598 -0.1431 -0.2413
vn -0.7131 0.0926 -0.6949
vn -0.7430 0.1203 -0.6584
vn -0.9985 -0.0548 0.0007
vn 0.5786 -0.5717 0.5817
vn -0.2713 -0.6555 0.7048
vn -0.4983 -0.4833 0.7198
vn 0.1946 0.2711 0.9427
vn -0.8315 -0.0980 -0.5469
vn -0.9838 0.0974 -0.1503
vn -0.8739 0.4581 -0.1625
vn -0.6099 0.6265 -0.4853
vn -0.6284 0.2103 -0.7489
vn -0.6841 0.4382 -0.5831
vn -0.6910 0.6301 -0.3543
vn -0.8368 -0.5475 -0.0072
vn -0.4674 0.1693 -0.8677
vn -0.8967 -0.0624 -0.4381
vn -0.7749 0.0914 -0.6254
vn -0.7220 0.1957 -0.6636
vn -0.7116 0.0211 -0.7023
vn -0.9654 -0.0956 -0.2427
vn -0.9169 -0.2147 -0.3364
vn -0.8675 0.2188 -0.4467
vn -0.9822 -0.0832 -0.1687
vn -0.9618 -0.2291 -0.1498
vn -0.8899 0.4378 -0.1280
vn -0.9344 0.0604 -0.3512
vn -0.9647 0.1513 -0.2158
vn -0.9598 0.2806 0.0043
vn -0.9194 0.3933 -0.0076
vn -0.8755 0.4237 -0.2322
vn -0.8182 0.0375 -0.5737
vn -0.9367 0.2170 -0.2747
vn 0.0281 -0.6771 -0.7354
vn -0.5143 -0.4470 -0.7319
vn -0.3429 -0.5952 -0.7267
vn -0.1494 -0.6912 -0.7071
vn -0.2723 -0.6496 -0.7099
vn -0.3601 -0.5654 -0.7420
vn -0.7265 -0.1283 -0.6751
vn -0.4541 -0.2478 -0.8558
vn -0.3171 -0.3625 -0.8764
vn -0.5641 -0.3514 -0.7472
vn -0.2934 -0.1866 -0.9376
vn -0.5029 -0.6271 -0.5948
vn -0.9309 -0.3545 -0.0883
vn -0.9905 0.0221 -0.1355
vn -0.9895 0.0727 -0.1248
vn -0.9851 -0.1306 0.1122
vn -0.9794 -0.1885 -0.0721
vn -0.6890 -0.6865 0.2323
vn -0.9498 -0.0030 0.3130
vn -0.6861 -0.7111 0.1539
vn -0.9922 -0.0015 0.1246
vn -0.7192 -0.6876 0.1000
vn -0.7297 -0.6805 -0.0672
vn -0.7140 -0.6999 0.0174
vn -0.9957 -0.0093 -0.0920
vn -0.7122 0.2031 -0.6719
vn -0.7111 0.1878 -0.6776
vn -0.7300 0.2227 -0.6461
vn -0.5051 -0.8523 -0.1357
vn -0.6107 -0.7469 -0.2628
vn -0.8717 -0.3354 0.3572
vn -0.7099 0.4428 -0.5477
vn -0.9406 0.0285 -0.3383
vn -0.5852 -0.7574 0.2897
vn -0.6584 -0.2197 -0.7199
vn -0.6310 -0.0321 -0.7751
vn -0.9568 -0.2641 0.1214
vn 0.5309 -0.2910 0.7959
vn 0.6672 -0.1949 0.7189
vn -0.1005 0.9362 -0.3368
vn 0.5500 -0.4439 0.7074
vn -0.7769 0.1729 -0.6054
vn -0.5755 -0.7681 0.2809
vn -0.9215 -0.3309 -0.2031
vn -0.9290 0.0665 -0.3640
vn -0.7533 -0.3173 -0.5761
vn -0.8145 -0.0022 -0.5801
vn -0.9879 -0.1404 -0.0655
vn -0.3668 0.6363 -0.6786
vn 0.1165 0.7768 -0.6188
vn -0.8361 0.0877 -0.5416
vn -0.1941 0.0328 -0.9804
vn -0.2307 -0.2018 -0.9519
vn -0.8475 -0.5281 -0.0539
vn -0.7894 0.3341 -0.5151
vn -0.6887 0.4339 -0.5809
vn -0.6142 0.3837 -0.6895
vn -0.5547 -0.5298 -0.6416
vn -0.5728 -0.3817 -0.7254
vn -0.5381 -0.3926 -0.7459
vn -0.3549 -0.7806 -0.5146
vn -0.4131 -0.7467 -0.5213
vn -0.1735 -0.1308 -0.9761
vn -0.5920 0.2216 -0.7749
vn -0.8835 0.3082 -0.3527
vn 0.6067 -0.6071 0.5132
vn -0.8506 0.3932 -0.3492
vn -0.8866 0.3758 -0.2695
vn 0.1569 -0.9873 0.0248
vn 0.8912 0.0423 -0.4515
vn 0.7218 0.2955 -0.6259
vn 0.1089 -0.0277 -0.9937
vn 0.0596 0.1137 -0.9917
vn 0.8559 -0.0200 -0.5167
vn 0.8240 0.1891 -0.5341
vn 0.7007 -0.3442 -0.6250
vn 0.4302 0.1348 -0.8926
vn 0.3143 0.3858 -0.8674
vn 0.3700 0.4833 -0.7934
vn 0.5248 0.3003 -0.7965
vn 0.5272 0.2286 -0.8184
vn 0.3764 0.3783 -0.8457
vn 0.6189 0.4654 -0.6328
vn -0.8150 -0.1688 -0.5544
vn -0.8625 -0.4483 -0.2348
vn 0.3715 -0.8225 -0.4308
vn 0.4405 -0.7747 -0.4537
vn 0.4485 -0.7302 -0.5154
vn 0.4296 -0.7389 -0.5191
vn 0.4607 -0.6682 -0.5842
vn 0.5101 -0.6557 -0.5566
vn 0.7265 0.1449 -0.6717
vn 0.2599 0.7048 -0.6601
vn -0.3498 -0.7284 -0.5891
vn -0.2367 -0.8402 -0.4879
vn 0.5313 -0.8375 -0.1279
vn 0.9605 -0.1793 -0.2130
vn 0.8262 0.1082 -0.5529
vn 0.8103 0.0389 -0.5847
vn -0.2119 0.2953 0.9316
vn 0.3094 -0.2992 0.9026
vn 0.2659 -0.6118 0.7450
vn 0.8263 -0.1207 -0.5501
vn 0.7843 -0.5327 -0.3180
vn 0.8833 0.4400 -0.1617
vn 0.6833 0.4376 -0.5845
vn 0.6779 -0.0018 -0.7352
vn 0.7907 0.0149 -0.6120
vn 0.6595 0.0991 -0.7451
vn 0.7105 0.3288 -0.6222
vn -0.6254 -0.5960 0.5037
vn 0.9741 -0.0317 -0.2240
vn 0.7803 0.1381 -0.6100
vn 0.6682 0.2291 -0.7078
vn 0.8756 -0.2352 -0.4220
vn 0.9117 -0.2080 -0.3542
vn 0.9522 -0.1230 -0.2795
vn 0.8841 0.2119 -0.4165
vn 0.8467 0.1266 -0.5168
vn 0.9749 -0.0833 -0.2065
vn -0.3085 0.6593 0.6857
vn 0.9082 -0.2145 -0.3594
vn 0.8891 -0.2987 -0.3467
vn 0.9514 -0.0749 0.2988
vn 0.0017 -0.3843 0.9232
vn 0.9018 0.4319 -0.0145
vn 0.9187 0.2452 -0.3095
vn 0.9157 0.3661 -0.1658
vn 0.9193 0.3935 -0.0005
vn 0.9564 0.2917 0.0131
vn 0.8780 0.1861 -0.4410
vn 0.0072 -0.4914 -0.8709
vn 0.5143 -0.4453 -0.7329
vn 0.4982 -0.5003 -0.7082
vn 0.4673 -0.4948 -0.7327
vn 0.4392 -0.5172 -0.7345
vn 0.2760 -0.2103 -0.9378
vn 0.3194 0.0785 -0.9443
vn 0.5423 -0.6053 -0.5826
vn 0.5169 -0.6779 -0.5229
vn 0.6004 -0.5354 -0.5940
vn 0.9145 -0.3927 -0.0970
vn 0.9896 0.0523 -0.1338
vn 0.9750 -0.2084 -0.0772
vn 0.9849 -0.1412 0.1005
vn 0.7432 -0.6602 -0.1088
vn 0.9891 0.0348 -0.1432
vn 0.7310 -0.6822 -0.0127
vn 0.9954 0.0410 0.0868
vn 0.7386 -0.6698 0.0756
vn 0.7097 -0.6716 0.2127
vn 0.7051 -0.6965 0.1333
vn 0.9585 0.0406 0.2821
vn 0.2323 0.4964 -0.8364
vn 0.4210 0.3514 -0.8362
vn 0.3498 0.0595 -0.9349
vn 0.6959 0.2272 -0.6812
vn 0.6954 0.2514 -0.6732
vn 0.6274 -0.7548 -0.1912
vn 0.4992 -0.8652 -0.0475
vn 0.8833 -0.3354 0.3275
vn 0.7219 0.4595 -0.5174
vn 0.9027 0.0524 -0.4271
vn 0.1381 0.3558 -0.9243
vn 0.5158 0.1672 -0.8402
vn 0.9028 -0.0695 -0.4244
vn 0.9382 0.3376 0.0762
vn 0.9566 -0.2744 0.0986
vn 0.9951 -0.0573 -0.0807
vn 0.0794 0.9494 -0.3038
vn -0.7079 -0.4338 0.5574
vn -0.5430 -0.4634 0.7003
vn -0.4755 -0.5323 0.7004
vn 0.8295 0.1571 -0.5360
vn 0.7625 0.1506 -0.6292
vn 0.9019 -0.3637 -0.2332
vn 0.5599 -0.7909 0.2469
vn 0.5534 -0.7847 0.2792
vn 0.9349 0.0402 -0.3527
vn 0.9858 -0.1615 -0.0469
vn 0.8356 -0.0211 -0.5489
vn 0.1421 0.5620 -0.8149
vn -0.0626 0.7899 -0.6101
vn 0.2025 -0.2450 -0.9481
vn 0.6935 0.6295 -0.3505
vn 0.6119 0.1873 -0.7685
vn 0.6251 0.3189 -0.7124
vn 0.6320 0.4302 -0.6446
vn 0.7104 0.3408 -0.6157
vn 0.8107 0.2519 -0.5285
vn 0.3459 -0.7925 -0.5023
vn 0.1633 -0.1191 -0.9794
vn -0.0916 -0.6077 -0.7889
vn 0.1387 -0.0997 -0.9853
vn 0.2851 -0.4867 -0.8257
vn 0.8860 0.3346 -0.3210
vn 0.8934 0.3742 -0.2487
vn 0.8593 0.3958 -0.3240
vn 0.4477 -0.7112 -0.5420
vn 0.3852 -0.7582 -0.5260
vn 0.3654 -0.7204 -0.5895
vn 0.5453 -0.3904 -0.7417
vn 0.5596 -0.4869 0.6707
vn -0.9752 -0.1736 -0.1370
vn -0.9644 -0.2457 -0.0979
vn -0.7324 -0.4007 -0.5505
vn -0.7331 -0.1438 -0.6648
vn -0.4974 -0.7166 -0.4890
vn -0.5073 -0.7147 -0.4815
vn -0.5293 -0.7090 -0.4660
vn -0.5365 -0.7130 -0.4514
vn -0.5684 -0.6997 -0.4328
vn -0.6796 -0.7206 -0.1370
vn -0.6766 -0.7253 -0.1273
vn -0.8507 -0.1361 -0.5078
vn -0.9152 -0.3203 -0.2444
vn -0.8846 -0.4650 0.0352
vn -0.8923 0.1417 -0.4287
vn -0.8952 0.1455 -0.4212
vn -0.9348 0.1377 -0.3274
vn -0.9653 0.0826 -0.2476
vn -0.9729 0.1562 0.1706
vn -0.9934 0.1141 0.0130
vn -0.9976 0.0284 -0.0630
vn -0.9552 -0.1247 0.2684
vn -0.9357 -0.1636 0.3127
vn -0.9287 -0.2353 0.2867
vn -0.9467 -0.2551 0.1969
vn -0.9404 -0.2588 0.2206
vn -0.9415 -0.1267 -0.3124
vn -0.9386 -0.1284 -0.3202
vn -0.9596 -0.1688 -0.2252
vn -0.8962 -0.4384 0.0687
vn -0.9200 -0.3883 0.0535
vn -0.9483 -0.3171 0.0094
vn -0.1774 -0.6014 -0.7790
vn -0.3085 -0.5765 -0.7566
vn -0.4925 -0.0063 -0.8703
vn -0.7027 -0.3718 -0.6066
vn -0.6957 -0.1417 -0.7042
vn -0.6599 0.0404 -0.7503
vn -0.5920 0.0321 -0.8053
vn -0.2495 0.2841 -0.9258
vn -0.1091 0.2989 -0.9480
vn 0.0070 0.3108 -0.9505
vn 0.0131 0.1674 -0.9858
vn 0.0173 -0.0992 -0.9949
vn -0.1290 -0.9770 -0.1700
vn -0.1913 -0.9631 -0.1895
vn -0.3908 -0.7770 -0.4936
vn -0.6756 0.3951 -0.6225
vn -0.7340 0.4648 -0.4951
vn -0.8050 0.4316 -0.4071
vn -0.7170 -0.0699 -0.6936
vn -0.5566 0.0097 -0.8307
vn -0.4012 -0.0449 -0.9149
vn -0.4407 -0.1302 -0.8882
vn -0.7505 0.1517 -0.6432
vn -0.9049 0.1966 -0.3774
vn -0.7980 0.2225 -0.5601
vn -0.7490 -0.2407 -0.6173
vn -0.7377 -0.2547 -0.6252
vn -0.0038 0.6600 -0.7512
vn -0.0157 0.6305 -0.7760
vn -0.5715 0.5334 -0.6236
vn -0.3217 0.4156 -0.8507
vn -0.3759 0.3950 -0.8382
vn -0.5212 0.3650 -0.7714
vn -0.8603 -0.1766 -0.4782
vn 0.0033 -0.8597 -0.5108
vn -0.0000 -0.9829 -0.1841
vn -0.0064 -0.9831 -0.1829
vn -0.7603 -0.4048 -0.5080
vn -0.5759 -0.8153 -0.0600
vn -0.5611 -0.8272 -0.0298
vn -0.4801 -0.8768 -0.0262
vn -0.8045 0.4243 -0.4157
vn -0.8097 0.4267 -0.4028
vn -0.2375 0.1486 -0.9599
vn -0.5634 0.3045 -0.7680
vn -0.6018 0.0395 -0.7976
vn -0.5887 -0.3293 -0.7382
vn -0.5626 -0.3595 -0.7444
vn 0.0050 -0.9129 -0.4082
vn 0.0014 -0.8840 -0.4675
vn 0.0058 -0.8167 -0.5770
vn -0.3676 -0.7345 -0.5705
vn -0.5452 -0.5921 -0.5935
vn -0.7770 -0.3009 -0.5529
vn -0.8226 -0.0620 -0.5652
vn -0.5271 0.0378 -0.8490
vn -0.5865 -0.0083 -0.8099
vn -0.5449 0.0834 -0.8343
vn -0.1474 -0.0070 -0.9891
vn 0.0048 -0.4746 -0.8802
vn -0.8303 0.3763 -0.4112
vn -0.5521 0.0282 -0.8333
vn -0.6071 -0.1836 -0.7731
vn -0.4719 -0.8109 -0.3461
vn -0.1310 0.2668 -0.9548
vn -0.0509 0.2932 -0.9547
vn 0.0354 0.2721 -0.9616
vn -0.5231 0.2987 -0.7982
vn -0.1967 -0.6210 -0.7587
vn -0.1868 -0.4466 -0.8750
vn -0.4231 -0.1595 -0.8919
vn -0.4732 -0.5129 -0.7163
vn -0.6830 -0.2615 -0.6820
vn -0.8438 0.4225 -0.3309
vn -0.6448 -0.1729 -0.7445
vn -0.7158 -0.2195 -0.6629
vn -0.0132 -0.0462 -0.9988
vn -0.8107 -0.0753 -0.5806
vn -0.8797 0.1812 -0.4397
vn -0.4963 0.3640 -0.7881
vn -0.5364 0.3569 -0.7648
vn -0.6114 0.3382 -0.7154
vn -0.7978 0.3061 -0.5194
vn -0.4799 0.3332 -0.8116
vn -0.4569 0.1709 -0.8729
vn -0.7986 0.3281 -0.5046
vn -0.1813 -0.6088 -0.7723
vn -0.2719 -0.6014 -0.7513
vn -0.3289 -0.5095 -0.7952
vn -0.2292 -0.6624 -0.7132
vn -0.7374 0.3471 -0.5794
vn -0.5906 0.5426 -0.5974
vn -0.5859 0.5867 -0.5590
vn -0.3070 0.3687 -0.8774
vn -0.2776 0.4431 -0.8524
vn -0.3629 0.4698 -0.8047
vn -0.5738 -0.0098 -0.8189
vn -0.4220 -0.0043 -0.9066
vn -0.3709 -0.1219 -0.9206
vn -0.6592 -0.1199 -0.7423
vn -0.7005 -0.0644 -0.7108
vn -0.5318 -0.0578 -0.8449
vn -0.2756 -0.5809 -0.7659
vn -0.2255 -0.5986 -0.7687
vn -0.2385 -0.5468 -0.8026
vn -0.1664 -0.4826 -0.8599
vn -0.0787 -0.4189 -0.9046
vn -0.0456 -0.3784 -0.9245
vn -0.0619 -0.4583 -0.8866
vn -0.0436 -0.3700 -0.9280
vn -0.0455 -0.3930 -0.9184
vn 0.0149 -0.1999 -0.9797
vn -0.0486 -0.2445 -0.9684
vn -0.2350 -0.3989 -0.8864
vn -0.1463 -0.4032 -0.9033
vn 0.0485 -0.1701 -0.9842
vn 0.0851 -0.1363 -0.9870
vn -0.3693 -0.4242 -0.8268
vn -0.1790 -0.3507 -0.9192
vn -0.0417 -0.2479 -0.9679
vn -0.4704 -0.2586 -0.8437
vn -0.4932 -0.2771 -0.8246
vn -0.4139 -0.1629 -0.8956
vn 0.0277 0.3439 -0.9386
vn 0.0701 0.4528 -0.8889
vn -0.1428 0.4017 -0.9046
vn -0.6375 0.4745 -0.6070
vn -0.1009 0.6198 -0.7783
vn 0.0067 0.6366 -0.7711
vn 0.1500 0.5097 -0.8472
vn -0.1056 0.6966 -0.7097
vn -0.2220 -0.5878 -0.7779
vn -0.0517 -0.0429 -0.9977
vn -0.1541 -0.0557 -0.9865
vn -0.2856 -0.1042 -0.9527
vn -0.1852 -0.2268 -0.9562
vn -0.6360 0.4792 -0.6049
vn -0.7064 -0.3362 -0.6229
vn -0.2996 -0.8181 -0.4908
vn -0.3616 -0.8027 -0.4742
vn -0.3968 -0.7872 -0.4721
vn -0.2843 -0.7121 -0.6420
vn 0.0150 -0.0735 -0.9972
vn 0.0174 -0.3028 -0.9529
vn -0.2465 -0.4686 -0.8483
vn -0.2153 -0.5645 -0.7969
vn -0.4329 -0.1744 -0.8844
vn -0.1846 -0.6649 -0.7237
vn -0.1566 -0.7221 -0.6738
vn -0.2217 -0.7400 -0.6350
vn -0.3766 -0.5858 -0.7177
vn -0.4448 -0.6318 -0.6348
vn -0.6258 0.2021 -0.7533
vn -0.6736 0.2374 -0.6999
vn -0.5415 0.3224 -0.7764
vn -0.5670 0.2121 -0.7960
vn -0.5179 0.4112 -0.7501
vn -0.1992 0.4210 -0.8849
vn -0.2154 0.0992 -0.9715
vn -0.0788 0.2191 -0.9725
vn -0.0101 0.2007 -0.9796
vn -0.0150 -0.2312 -0.9728
vn -0.1073 -0.2200 -0.9696
vn -0.2562 -0.1786 -0.9500
vn -0.2313 -0.0098 -0.9728
vn -0.1644 0.6324 -0.7570
vn -0.1364 0.7760 -0.6158
vn -0.0287 0.4486 -0.8933
vn -0.0041 0.2755 -0.9613
vn -0.5325 0.2532 -0.8077
vn -0.2685 0.7811 -0.5637
vn -0.6220 0.3577 -0.6965
vn -0.6641 0.0215 -0.7473
vn -0.5835 -0.0774 -0.8084
vn -0.4444 -0.1402 -0.8848
vn -0.5941 0.2180 -0.7743
vn -0.4736 -0.4795 -0.7387
vn -0.9413 -0.3217 0.1024
vn -0.5578 -0.2780 0.7820
vn 0.0379 -0.1744 0.9839
vn -0.9909 0.1101 -0.0771
vn -0.9874 0.0968 -0.1249
vn -0.9234 0.3807 -0.0495
vn -0.7328 -0.4157 0.5386
vn -0.6192 -0.6773 0.3973
vn 0.2129 -0.7978 0.5640
vn 0.3374 -0.5346 0.7749
vn -0.0775 -0.7949 0.6018
vn -0.5872 -0.7770 0.2269
vn 0.8365 -0.5199 0.1734
vn 0.8653 -0.2332 0.4437
vn -0.8484 0.0888 -0.5219
vn -0.9786 -0.0385 -0.2020
vn -0.6626 -0.1412 -0.7355
vn -0.9614 -0.0976 -0.2574
vn -0.9472 -0.2736 -0.1670
vn -0.9280 -0.2797 -0.2460
vn -0.5292 0.3748 0.7613
vn 0.3784 0.9251 0.0302
vn 0.5599 0.7975 -0.2247
vn 0.6546 0.6497 -0.3866
vn 0.3990 0.7503 -0.5272
vn 0.3002 0.9017 0.3111
vn 0.8860 0.1152 0.4492
vn 0.6203 -0.2104 0.7556
vn 0.7465 -0.0813 0.6604
vn 0.2229 0.1404 0.9647
vn -0.6638 0.3361 -0.6682
vn -0.8344 0.3761 -0.4030
vn -0.9810 0.0263 -0.1921
vn -0.0856 0.4285 0.8995
vn 0.1428 0.4785 0.8664
vn 0.8884 0.1002 0.4479
vn 0.8361 0.0551 0.5458
vn 0.2456 -0.7742 0.5834
vn 0.6655 -0.7250 -0.1771
vn -0.8224 0.4710 0.3192
vn -0.8331 0.3294 -0.4444
vn -0.9047 -0.2530 -0.3427
vn -0.1467 0.4477 -0.8821
vn 0.0020 0.6924 -0.7215
vn -0.0150 0.4454 -0.8952
vn -0.1296 0.4021 -0.9064
vn 0.0091 -0.8466 -0.5321
vn 0.0130 -0.9070 -0.4209
vn -0.5473 0.3599 -0.7556
vn 0.0029 0.2377 -0.9713
vn -0.0031 -0.0156 -0.9999
vn -0.0029 -0.3217 -0.9468
vn 0.0023 -0.5664 -0.8241
vn -0.3364 -0.5880 -0.7356
vn 0.0068 -0.6445 -0.7645
vn 0.0306 0.0352 -0.9989
vn 0.0021 -0.7631 -0.6462
vn -0.5283 0.4625 -0.7120
vn -0.2605 0.5934 -0.7616
vn 0.0070 0.6171 -0.7869
vn -0.0001 0.2908 -0.9568
vn -0.0257 0.3782 -0.9254
vn -0.1211 0.3746 -0.9192
vn 0.0044 0.4985 -0.8669
vn -0.4192 0.1180 -0.9002
vn -0.0065 0.3544 -0.9351
vn 0.0204 -0.5760 -0.8172
vn -0.0686 -0.6422 -0.7635
vn -0.3496 0.5207 -0.7789
vn -0.3794 0.6208 -0.6860
vn -0.2010 0.3520 -0.9141
vn -0.3671 0.0803 -0.9267
vn -0.1247 -0.6505 -0.7492
vn -0.6088 0.6643 -0.4337
vn -0.6420 0.4940 -0.5864
vn -0.4180 0.1059 -0.9023
vn -0.0069 -0.5996 -0.8003
vn -0.6407 0.3077 -0.7035
vn -0.8108 0.3002 -0.5025
vn -0.8199 0.3460 -0.4562
vn -0.6530 -0.1901 -0.7331
vn -0.3531 -0.6112 -0.7084
vn -0.9794 0.0480 0.1960
vn -0.9531 -0.1987 0.2285
vn -0.9659 -0.1185 0.2302
vn -0.9795 -0.1074 0.1703
vn -0.9810 -0.1088 0.1606
vn -0.8948 -0.3738 0.2441
vn -0.0228 0.4072 -0.9130
vn -0.3311 -0.9431 -0.0289
vn -0.1344 -0.9909 -0.0062
vn -0.7934 -0.5606 -0.2373
vn -0.4032 0.7020 -0.5871
vn -0.2067 0.8361 -0.5082
vn -0.8819 -0.3211 -0.3453
vn -0.8318 -0.4352 -0.3445
vn -0.3780 0.2693 -0.8858
vn -0.6197 0.2348 -0.7489
vn -0.4587 0.2706 -0.8464
vn -0.4964 0.2538 -0.8302
vn -0.5063 0.3463 -0.7898
vn -0.5237 0.3778 -0.7636
vn -0.2879 -0.2668 -0.9198
vn -0.4224 -0.2234 -0.8785
vn -0.8990 0.1992 -0.3899
vn -0.4262 -0.4115 -0.8056
vn -0.9139 -0.3740 0.1577
vn -0.9744 -0.1863 -0.1261
vn -0.9823 -0.0133 -0.1869
vn -0.5866 0.3011 -0.7518
vn -0.6346 0.1924 -0.7485
vn -0.9416 -0.2221 -0.2529
vn -0.2922 0.2627 -0.9196
vn -0.5182 0.3968 -0.7577
vn -0.8313 0.3484 -0.4331
vn -0.8389 0.3728 -0.3964
vn -0.4300 0.0455 -0.9017
vn -0.4517 -0.0686 -0.8895
vn -0.2991 0.1158 -0.9472
vn -0.7644 -0.1966 -0.6141
vn -0.7672 -0.1760 -0.6168
vn -0.8184 -0.1719 -0.5484
vn -0.5841 0.2216 -0.7809
vn -0.6339 -0.1442 -0.7598
vn -0.7700 -0.1748 -0.6137
vn -0.7521 -0.1940 -0.6299
vn -0.6972 -0.1069 -0.7088
vn -0.4751 0.4435 -0.7600
vn -0.5456 0.3640 -0.7549
vn -0.6026 0.3247 -0.7290
vn -0.6538 0.2149 -0.7255
vn -0.7087 -0.1652 -0.6859
vn -0.5138 -0.1530 -0.8442
vn -0.5423 -0.1037 -0.8338
vn -0.5974 0.1146 -0.7937
vn -0.2459 0.3021 -0.9210
vn -0.2695 0.3834 -0.8834
vn -0.2263 0.2234 -0.9481
vn -0.8454 0.3586 -0.3959
vn -0.9302 -0.2265 -0.2888
vn -0.4275 0.0706 -0.9013
vn 0.0361 0.5125 -0.8579
vn -0.0054 0.2452 -0.9694
vn -0.5212 -0.2781 -0.8069
vn -0.4149 -0.1919 -0.8894
vn -0.3450 0.0013 -0.9386
vn -0.5422 0.3880 -0.7453
vn -0.5606 0.2644 -0.7847
vn -0.5237 0.1842 -0.8317
vn -0.6275 -0.5892 -0.5089
vn -0.4179 -0.8156 -0.4003
vn -0.4148 -0.8161 -0.4025
vn -0.7898 -0.3655 -0.4926
vn -0.2471 -0.1944 -0.9493
vn -0.7089 -0.7052 0.0128
vn -0.4823 -0.7184 -0.5013
vn -0.4865 -0.7210 -0.4934
vn -0.9230 -0.2501 -0.2923
vn -0.7669 -0.6417 0.0091
vn -0.9557 -0.1812 -0.2321
vn -0.9638 -0.1472 -0.2221
vn -0.8564 -0.1911 -0.4796
vn -0.8771 -0.2695 -0.3976
vn -0.8704 -0.3626 -0.3329
vn -0.8382 -0.4749 -0.2680
vn -0.5730 -0.7137 -0.4029
vn -0.5914 -0.7055 -0.3906
vn -0.6070 -0.7088 -0.3594
vn -0.9112 -0.3237 -0.2550
vn -0.9140 -0.1931 -0.3569
vn -0.9660 -0.0642 0.2503
vn -0.8505 -0.3745 0.3694
vn -0.2572 -0.9505 -0.1746
vn -0.2443 -0.9584 -0.1478
vn -0.2654 -0.9539 -0.1404
vn -0.2561 -0.9562 -0.1415
vn -0.6933 -0.0254 -0.7202
vn -0.6290 0.4008 -0.6661
vn -0.9701 0.1886 -0.1526
vn -0.6481 -0.6933 0.3151
vn -0.6487 -0.6872 0.3269
vn -0.6104 -0.6996 0.3715
vn -0.8459 0.0485 0.5311
vn -0.6342 -0.6871 0.3545
vn -0.6259 -0.6771 0.3870
vn -0.9014 0.0174 0.4326
vn -0.4572 0.8605 -0.2249
vn -0.3449 0.9113 -0.2247
vn -0.2157 0.9507 -0.2229
vn -0.2145 0.9020 -0.3746
vn -0.4442 0.8215 0.3574
vn -0.4341 0.7449 0.5067
vn -0.1573 0.6770 0.7189
vn -0.4015 0.3486 0.8469
vn -0.1586 0.5173 0.8410
vn -0.1973 0.9493 0.2449
vn -0.1980 0.9761 0.0895
vn 0.0015 0.9763 -0.2166
vn -0.0907 0.9717 -0.2183
vn -0.2060 0.9763 -0.0662
vn -0.3970 0.2467 0.8841
vn -0.1893 0.1712 0.9669
vn -0.3831 -0.0709 0.9210
vn -0.3048 -0.0587 0.9506
vn -0.1992 -0.0454 0.9789
vn -0.1929 0.0666 0.9790
vn -0.2221 -0.5477 0.8066
vn -0.1008 -0.5262 0.8444
vn -0.1896 -0.3724 0.9085
vn -0.0000 -0.0235 0.9997
vn -0.0934 -0.0329 0.9951
vn -0.2105 -0.1846 0.9600
vn -0.3438 -0.1307 0.9299
vn -0.3059 -0.0265 0.9517
vn -0.0004 -0.7148 0.6994
vn -0.0122 -0.7208 0.6930
vn 0.0004 -0.6894 0.7244
vn -0.0009 -0.0220 0.9998
vn -0.0003 -0.0125 0.9999
vn -0.1959 -0.5424 0.8170
vn 0.0005 -0.4199 0.9076
vn -0.0205 -0.2585 0.9658
vn 0.0010 -0.1453 0.9894
vn -0.7417 0.6346 -0.2173
vn -0.6838 0.6944 -0.2240
vn -0.6169 0.7151 -0.3288
vn -0.7162 0.2753 0.6413
vn -0.6578 0.2957 0.6928
vn -0.6064 0.4203 0.6750
vn -0.6266 0.5452 0.5569
vn -0.6884 0.6644 0.2908
vn -0.7563 0.5988 0.2635
vn -0.6245 0.7589 0.1845
vn -0.6202 0.7835 0.0390
vn -0.5413 0.1228 0.8318
vn -0.6785 -0.1070 0.7268
vn -0.5832 -0.0933 0.8069
vn -0.5226 0.0278 0.8521
vn -0.4777 -0.3394 0.8103
vn -0.6259 -0.4461 0.6397
vn -0.5267 -0.4736 0.7059
vn -0.4545 -0.4509 0.7682
vn -0.4503 -0.4095 0.7934
vn -0.4420 0.0420 0.8961
vn -0.6108 -0.0830 0.7874
vn -0.1884 -0.7199 0.6680
vn -0.3430 0.0172 0.9392
vn -0.2107 -0.6974 0.6850
vn -0.3166 -0.6906 0.6503
vn -0.2666 -0.7001 0.6624
vn -0.4961 -0.2757 0.8233
vn -0.9431 0.2973 0.1490
vn -0.9440 0.2752 0.1822
vn -0.9082 0.3068 0.2848
vn -0.8590 0.3729 0.3509
vn -0.8702 0.4727 0.1389
vn -0.8643 0.5026 0.0218
vn -0.9105 0.3755 -0.1730
vn -0.7681 0.2513 0.5890
vn -0.8048 0.1544 0.5731
vn -0.7857 0.0638 0.6153
vn -0.7488 -0.1365 0.6486
vn -0.7761 -0.2556 0.5764
vn -0.7940 -0.2968 0.5305
vn -0.7386 -0.4019 0.5412
vn -0.8520 -0.3637 0.3765
vn -0.8818 -0.0633 0.4673
vn -0.9686 0.0849 0.2336
vn -0.9624 0.1040 0.2510
vn -0.9689 0.1404 0.2038
vn -0.9851 0.1707 -0.0195
vn -0.8462 -0.1980 0.4947
vn -0.8747 -0.3212 0.3629
vn -0.8533 -0.3956 0.3397
vn -0.8743 -0.0681 0.4807
vn -0.9465 -0.0094 0.3227
vn -0.9240 0.1573 0.3484
vn -0.9508 0.1206 0.2854
vn -0.9536 0.0498 0.2969
vn -0.8766 -0.3828 0.2915
vn -0.8579 -0.4203 0.2955
vn -0.8435 -0.4463 0.2989
vn -0.8517 -0.3963 0.3430
vn -0.8626 -0.4131 0.2921
vn -0.8471 -0.4295 0.3130
vn -0.9582 -0.2749 -0.0797
vn -0.9484 0.1985 0.2474
vn -0.8712 0.0989 -0.4809
vn 0.9799 0.1944 -0.0448
vn 0.9677 0.1949 0.1598
vn -0.7254 0.4834 -0.4901
vn -0.7247 0.6143 -0.3123
vn -0.9641 -0.0455 -0.2616
vn 0.0017 0.7838 -0.6210
vn 0.0002 0.9078 0.4194
vn -0.6103 -0.6789 0.4082
vn -0.0023 0.8116 0.5842
vn 0.0034 0.4071 0.9134
vn 0.0010 0.2960 0.9552
vn 0.0018 -0.6265 0.7794
vn 0.0008 -0.5811 0.8138
vn 0.0003 -0.0598 0.9982
vn -0.3416 -0.7056 0.6209
vn -0.3908 -0.6785 0.6221
vn -0.4503 -0.6906 0.5660
vn -0.0868 -0.9962 -0.0034
vn -0.0765 -0.9967 -0.0256
vn -0.6465 -0.7071 0.2866
vn -0.6533 -0.7034 0.2799
vn 0.9594 -0.2661 -0.0939
vn 0.9769 -0.1734 -0.1248
vn 0.5296 -0.6840 -0.5016
vn 0.4896 -0.6947 -0.5270
vn 0.4756 -0.6895 -0.5463
vn 0.4542 -0.6984 -0.5532
vn 0.4643 -0.6901 -0.5551
vn 0.6448 -0.0920 -0.7588
vn 0.6416 -0.4026 -0.6529
vn 0.7965 -0.1434 -0.5874
vn 0.8855 -0.4594 0.0701
vn 0.9428 -0.2839 -0.1748
vn 0.9686 0.0450 -0.2444
vn 0.9462 0.0809 -0.3132
vn 0.9132 0.1006 -0.3950
vn 0.9104 0.1199 -0.3960
vn 0.9980 0.0084 -0.0630
vn 0.9952 0.0971 0.0139
vn 0.9753 0.1466 0.1652
vn 0.9563 -0.2396 0.1677
vn 0.9522 -0.1762 0.2496
vn 0.9626 -0.1344 0.2354
vn 0.9700 -0.1968 0.1429
vn 0.9508 -0.2289 0.2085
vn 0.9399 -0.2784 0.1978
vn 0.9477 -0.2750 0.1623
vn 0.9439 -0.2861 0.1648
vn 0.9393 -0.2463 0.2390
vn 0.9686 -0.1629 -0.1880
vn 0.9518 -0.1449 -0.2702
vn 0.9518 -0.1493 -0.2678
vn 0.9441 -0.3283 0.0305
vn 0.9179 -0.3924 0.0587
vn 0.8895 -0.4488 0.0859
vn 0.5574 0.0246 -0.8299
vn 0.3577 -0.5660 -0.7428
vn 0.2161 -0.5946 -0.7744
vn 0.6370 0.0477 -0.7694
vn 0.7001 0.0506 -0.7122
vn 0.7479 -0.1305 -0.6509
vn 0.7632 -0.3552 -0.5398
vn 0.1153 0.3085 -0.9442
vn 0.2466 0.3036 -0.9203
vn 0.4511 -0.7645 -0.4605
vn 0.1556 -0.9743 -0.1628
vn 0.7984 0.4415 -0.4095
vn 0.7131 0.4874 -0.5039
vn 0.6543 0.4069 -0.6374
vn 0.4072 -0.1441 -0.9019
vn 0.3687 -0.0457 -0.9284
vn 0.5241 0.0310 -0.8511
vn 0.6849 -0.0440 -0.7273
vn 0.7178 0.1803 -0.6725
vn 0.7912 0.1841 -0.5832
vn 0.9137 0.1594 -0.3737
vn 0.7472 -0.2499 -0.6159
vn 0.7563 -0.2529 -0.6034
vn 0.5451 0.5552 -0.6282
vn 0.5265 0.3721 -0.7644
vn 0.4294 0.3824 -0.8181
vn 0.3314 0.3919 -0.8582
vn 0.8845 -0.1775 -0.4314
vn 0.0066 -0.9831 -0.1831
vn 0.8044 -0.3671 -0.4671
vn 0.4835 -0.8715 0.0816
vn 0.5698 -0.8163 0.0948
vn 0.5435 -0.8346 0.0902
vn 0.7796 0.4750 -0.4082
vn 0.7741 0.4778 -0.4154
vn 0.2219 0.1454 -0.9642
vn 0.5625 -0.3641 -0.7423
vn 0.6012 -0.3305 -0.7276
vn 0.6219 0.0438 -0.7819
vn 0.5774 0.3280 -0.7477
vn 0.3740 -0.7402 -0.5588
vn 0.8169 -0.0194 -0.5764
vn 0.7807 -0.2564 -0.5698
vn 0.5468 -0.5584 -0.6239
vn 0.5574 0.1057 -0.8235
vn 0.6181 0.0014 -0.7861
vn 0.5674 0.0671 -0.8207
vn 0.1312 -0.0062 -0.9913
vn 0.8058 0.3978 -0.4387
vn 0.6097 -0.1817 -0.7715
vn 0.5401 0.0299 -0.8411
vn 0.4920 -0.8006 -0.3419
vn 0.0803 0.3173 -0.9449
vn 0.1507 0.2811 -0.9478
vn 0.5153 0.3178 -0.7959
vn 0.3979 -0.1282 -0.9084
vn 0.1611 -0.4281 -0.8893
vn 0.1743 -0.6079 -0.7746
vn 0.7321 -0.2039 -0.6499
vn 0.5483 -0.4746 -0.6885
vn 0.8369 0.4451 -0.3186
vn 0.7082 -0.1711 -0.6850
vn 0.6465 -0.1467 -0.7487
vn 0.8799 0.1304 -0.4569
vn 0.8035 -0.1420 -0.5782
vn 0.6234 0.3331 -0.7074
vn 0.5592 0.4279 -0.7101
vn 0.4598 0.4614 -0.7588
vn 0.8138 0.2481 -0.5255
vn 0.6249 0.1902 -0.7572
vn 0.4791 0.3748 -0.7937
vn 0.8187 0.2557 -0.5141
vn 0.2194 -0.5635 -0.7965
vn 0.2542 -0.5056 -0.8244
vn 0.2016 -0.5769 -0.7916
vn 0.1683 -0.5816 -0.7959
vn 0.6137 0.5153 -0.5982
vn 0.6286 0.4467 -0.6367
vn 0.7690 0.2713 -0.5788
vn 0.3377 0.4560 -0.8234
vn 0.2439 0.4279 -0.8703
vn 0.2979 0.3665 -0.8814
vn 0.5627 -0.0760 -0.8231
vn 0.2009 -0.7024 -0.6829
vn 0.4201 -0.1429 -0.8961
vn 0.7324 -0.0690 -0.6774
vn 0.6726 -0.1914 -0.7148
vn 0.5192 -0.1065 -0.8480
vn 0.5150 -0.1607 -0.8420
vn 0.4671 -0.3762 -0.8002
vn 0.2807 -0.5459 -0.7894
vn 0.2485 -0.5074 -0.8251
vn 0.2507 -0.5821 -0.7735
vn 0.1571 -0.4264 -0.8908
vn 0.0608 -0.3826 -0.9219
vn 0.0033 -0.4780 -0.8783
vn 0.0379 -0.3172 -0.9476
vn 0.0037 -0.2417 -0.9703
vn 0.0133 -0.4500 -0.8929
vn 0.0136 -0.4200 -0.9074
vn -0.0509 -0.2138 -0.9755
vn -0.1051 -0.1880 -0.9765
vn 0.0403 -0.4309 -0.9015
vn -0.0363 -0.2821 -0.9587
vn -0.0212 -0.3017 -0.9532
vn 0.2213 -0.4887 -0.8439
vn -0.0339 -0.3811 -0.9239
vn 0.0905 -0.3558 -0.9302
vn 0.2809 -0.4198 -0.8631
vn 0.3550 -0.2969 -0.8865
vn 0.4509 -0.3562 -0.8184
vn 0.1140 0.1191 -0.9863
vn 0.4863 0.1000 -0.8680
vn 0.4666 0.1845 -0.8650
vn -0.0339 0.3047 -0.9518
vn 0.0936 0.1748 -0.9801
vn 0.0514 0.1400 -0.9888
vn 0.1494 0.3658 -0.9186
vn 0.5884 0.4817 -0.6495
vn 0.5202 0.5088 -0.6859
vn 0.6090 0.4091 -0.6795
vn 0.5770 0.4314 -0.6936
vn 0.0683 0.3021 -0.9508
vn 0.2353 0.1922 -0.9527
vn 0.0471 0.6089 -0.7919
vn -0.0779 0.5716 -0.8168
vn 0.4226 -0.5884 -0.6893
vn -0.0007 0.6971 -0.7170
vn -0.0209 0.2683 -0.9631
vn -0.2042 0.5285 -0.8240
vn 0.2162 -0.5677 -0.7944
vn 0.1773 -0.5254 -0.8322
vn 0.2029 -0.5152 -0.8327
vn 0.1306 -0.2003 -0.9710
vn 0.2124 -0.1576 -0.9644
vn 0.0686 -0.0868 -0.9939
vn 0.6328 0.4909 -0.5989
vn 0.6623 -0.3927 -0.6381
vn 0.4709 -0.7026 -0.5336
vn 0.2524 0.0276 -0.9672
vn 0.2419 -0.5575 -0.7942
vn 0.2686 -0.4664 -0.8428
vn 0.4635 -0.1603 -0.8715
vn 0.3571 -0.6585 -0.6625
vn 0.2451 -0.6309 -0.7361
vn 0.2262 -0.5849 -0.7789
vn 0.2157 -0.6498 -0.7289
vn 0.4443 -0.5834 -0.6799
vn 0.6332 0.4010 -0.6620
vn 0.4435 0.6924 -0.5691
vn 0.5226 0.2532 -0.8141
vn 0.4968 0.3793 -0.7806
vn 0.1775 0.4077 -0.8957
vn 0.4822 0.4491 -0.7522
vn 0.0559 0.2308 -0.9714
vn 0.1657 0.1098 -0.9800
vn 0.1826 -0.0071 -0.9832
vn 0.1239 -0.6013 -0.7894
vn 0.2055 0.1756 -0.9628
vn 0.0203 0.4111 -0.9114
vn 0.1959 0.5270 -0.8270
vn 0.1442 0.6128 -0.7769
vn 0.3249 0.4636 -0.8243
vn 0.5278 0.4504 -0.7201
vn 0.5546 0.5462 -0.6278
vn 0.5024 -0.3896 -0.7718
vn 0.6543 0.0526 -0.7544
vn 0.4642 -0.4492 -0.7634
vn -0.7017 0.0745 0.7085
vn -0.0334 -0.1788 0.9833
vn 0.5816 -0.2909 0.7597
vn 0.9377 -0.3393 0.0753
vn 0.9882 0.0727 -0.1350
vn 0.9923 0.0883 -0.0870
vn 0.9311 0.3627 -0.0399
vn 0.7440 -0.4353 0.5069
vn -0.2281 -0.8067 0.5452
vn 0.6014 -0.7056 0.3748
vn -0.3448 -0.5410 0.7671
vn -0.0136 -0.8666 0.4988
vn -0.7997 -0.1011 0.5918
vn -0.8660 -0.2365 0.4406
vn -0.8271 -0.5367 0.1671
vn 0.9940 0.1021 0.0393
vn 0.6092 -0.1781 -0.7727
vn 0.9194 -0.2963 -0.2587
vn 0.9400 -0.2919 -0.1765
vn 0.3896 0.3938 0.8325
vn 0.0603 0.8847 -0.4622
vn -0.8825 0.1317 0.4515
vn -0.2093 0.1616 0.9644
vn -0.7324 -0.0477 0.6792
vn 0.2786 -0.1750 -0.9443
vn 0.6895 -0.0110 -0.7242
vn 0.6402 0.0979 -0.7619
vn 0.6752 -0.7319 -0.0914
vn 0.9805 0.0094 -0.1965
vn 0.0797 0.4435 0.8927
vn -0.8320 0.0752 0.5496
vn -0.2694 -0.7866 0.5556
vn -0.6292 -0.7539 -0.1892
vn 0.8300 0.4609 0.3140
vn 0.8397 0.3266 -0.4339
vn 0.1394 0.4590 -0.8774
vn 0.1186 0.4220 -0.8988
vn 0.5392 0.3725 -0.7553
vn 0.3365 -0.5669 -0.7519
vn 0.2594 0.6074 -0.7508
vn 0.5179 0.4883 -0.7024
vn 0.0669 0.3447 -0.9363
vn 0.0098 0.2742 -0.9616
vn 0.4135 0.0658 -0.9081
vn 0.1063 -0.6534 -0.7495
vn 0.3836 0.6359 -0.6697
vn 0.3520 0.5403 -0.7643
vn 0.1885 0.3689 -0.9101
vn 0.1663 0.4338 -0.8855
vn 0.6529 0.5118 -0.5583
vn 0.6104 0.6763 -0.4123
vn 0.2172 0.1356 -0.9667
vn 0.6501 0.3211 -0.6887
vn 0.8342 0.3512 -0.4252
vn 0.8284 0.3029 -0.4712
vn 0.5936 -0.3262 -0.7357
vn 0.2927 -0.6889 -0.6631
vn 0.9822 0.0354 0.1844
vn 0.9555 -0.2105 0.2065
vn 0.9825 -0.1251 0.1380
vn 0.9811 -0.1200 0.1515
vn 0.9691 -0.1281 0.2108
vn 0.8969 -0.3887 0.2110
vn 0.3174 -0.9463 0.0613
vn 0.3544 -0.9339 0.0480
vn 0.8448 -0.5156 -0.1430
vn 0.2105 0.8399 -0.5003
vn 0.4081 0.7163 -0.5660
vn 0.8776 -0.3958 -0.2706
vn 0.9206 -0.2784 -0.2737
vn 0.3759 0.3270 -0.8671
vn 0.6340 0.2555 -0.7299
vn 0.5308 0.4024 -0.7459
vn 0.5233 0.3937 -0.7557
vn 0.5292 0.2862 -0.7988
vn 0.4782 0.3165 -0.8192
vn 0.4448 -0.2069 -0.8714
vn 0.3352 -0.2303 -0.9136
vn 0.9178 0.1302 -0.3751
vn 0.4563 -0.4053 -0.7922
vn 0.5032 -0.1919 -0.8426
vn 0.9143 -0.3860 0.1229
vn 0.9552 -0.2412 0.1716
vn 0.9729 -0.1937 -0.1263
vn 0.9833 -0.0076 -0.1818
vn 0.5766 0.2442 -0.7797
vn 0.5511 0.0902 -0.8295
vn 0.9406 -0.2602 -0.2181
vn 0.4982 0.4055 -0.7664
vn 0.2715 0.2633 -0.9257
vn 0.8265 0.4070 -0.3889
vn 0.8160 0.3788 -0.4367
vn 0.4061 -0.0899 -0.9094
vn 0.3793 0.0266 -0.9249
vn 0.2794 0.1205 -0.9526
vn 0.8407 -0.1838 -0.5093
vn 0.7823 -0.1883 -0.5938
vn 0.7730 -0.2167 -0.5962
vn 0.5805 0.2361 -0.7793
vn 0.6149 -0.1414 -0.7758
vn 0.7791 -0.1806 -0.6003
vn 0.7894 -0.1719 -0.5893
vn 0.7314 -0.0920 -0.6758
vn 0.5148 0.3655 -0.7755
vn 0.4425 0.4133 -0.7958
vn 0.5876 0.2456 -0.7710
vn 0.6246 0.1710 -0.7620
vn 0.7114 -0.1664 -0.6828
vn 0.5812 -0.0663 -0.8110
vn 0.5413 -0.1152 -0.8329
vn 0.6265 0.1291 -0.7687
vn 0.2429 0.3620 -0.9000
vn 0.2142 0.2752 -0.9372
vn 0.1874 0.1971 -0.9623
vn 0.8258 0.3899 -0.4075
vn 0.9332 -0.2218 -0.2826
vn 0.4146 0.0988 -0.9046
vn 0.0009 0.5988 -0.8009
vn 0.3078 -0.0566 -0.9498
vn 0.3435 -0.2705 -0.8994
vn 0.4609 -0.3720 -0.8057
vn 0.5450 0.4179 -0.7269
vn 0.5794 0.2931 -0.7605
vn 0.5574 0.1965 -0.8066
vn 0.7231 -0.5789 -0.3768
vn 0.4823 -0.6750 -0.5584
vn 0.4946 -0.6690 -0.5548
vn 0.5046 -0.6750 -0.5383
vn 0.4714 -0.7882 -0.3957
vn 0.4897 -0.8015 -0.3431
vn 0.4776 -0.8060 -0.3496
vn 0.8344 -0.3249 -0.4451
vn 0.3078 -0.1553 -0.9387
vn 0.6933 -0.7117 0.1130
vn 0.4504 -0.6812 -0.5772
vn 0.4435 -0.6854 -0.5775
vn 0.4552 -0.6833 -0.5708
vn 0.9321 -0.2461 -0.2658
vn 0.7454 -0.6642 0.0570
vn 0.9564 -0.2082 -0.2047
vn 0.9697 -0.1454 -0.1963
vn 0.7840 -0.5296 -0.3240
vn 0.8197 -0.4154 -0.3945
vn 0.8340 -0.3104 -0.4562
vn 0.8019 -0.2227 -0.5543
vn 0.5760 -0.6958 -0.4290
vn 0.5524 -0.6926 -0.4638
vn 0.5310 -0.7026 -0.4737
vn 0.8808 -0.3722 -0.2927
vn 0.6559 -0.6714 -0.3449
vn 0.7103 -0.6601 -0.2446
vn 0.6984 -0.6913 -0.1853
vn 0.8862 -0.2276 -0.4036
vn 0.9725 -0.0601 0.2251
vn 0.8529 -0.3934 0.3432
vn 0.4824 -0.8036 -0.3486
vn 0.7324 -0.0105 -0.6808
vn 0.9754 0.1722 -0.1375
vn 0.6219 -0.6916 0.3674
vn 0.6477 -0.6778 0.3480
vn 0.8515 0.0703 0.5197
vn 0.6626 -0.6781 0.3181
vn 0.6613 -0.6844 0.3070
vn 0.6373 -0.6688 0.3828
vn 0.9114 0.0479 0.4087
vn 0.2171 0.9026 -0.3717
vn 0.2169 0.9512 -0.2195
vn 0.3439 0.9130 -0.2195
vn 0.4555 0.8635 -0.2166
vn 0.1569 0.6768 0.7193
vn 0.4345 0.7443 0.5072
vn 0.4440 0.8210 0.3589
vn 0.1594 0.5233 0.8371
vn 0.4038 0.3492 0.8456
vn 0.1979 0.9760 0.0904
vn 0.1973 0.9514 0.2367
vn 0.2063 0.9766 -0.0602
vn 0.0952 0.9713 -0.2182
vn 0.1886 0.1722 0.9668
vn 0.3974 0.2416 0.8852
vn 0.1926 0.0696 0.9788
vn 0.1990 -0.0451 0.9790
vn 0.3047 -0.0581 0.9507
vn 0.3829 -0.0703 0.9211
vn 0.1900 -0.3725 0.9084
vn 0.1026 -0.5273 0.8435
vn 0.2278 -0.5513 0.8026
vn 0.2106 -0.1889 0.9592
vn 0.0937 -0.0320 0.9951
vn 0.3074 -0.0219 0.9513
vn 0.3477 -0.1272 0.9289
vn 0.0522 -0.7281 0.6835
vn 0.0043 -0.4201 0.9074
vn 0.2027 -0.5459 0.8129
vn 0.0236 -0.2568 0.9662
vn 0.6161 0.7217 -0.3155
vn 0.6787 0.7034 -0.2111
vn 0.7409 0.6401 -0.2033
vn 0.6276 0.5444 0.5565
vn 0.6082 0.4201 0.6735
vn 0.6597 0.2963 0.6906
vn 0.7197 0.2749 0.6375
vn 0.7566 0.5970 0.2669
vn 0.6890 0.6634 0.2918
vn 0.6180 0.7849 0.0443
vn 0.6235 0.7596 0.1851
vn 0.5444 0.1241 0.8296
vn 0.5259 0.0324 0.8499
vn 0.5889 -0.0926 0.8029
vn 0.6860 -0.1082 0.7195
vn 0.4842 -0.3425 0.8051
vn 0.4627 -0.4508 0.7634
vn 0.5373 -0.4801 0.6934
vn 0.6392 -0.4506 0.6232
vn 0.4617 -0.4106 0.7863
vn 0.6190 -0.0741 0.7819
vn 0.4431 0.0500 0.8951
vn 0.3194 -0.6876 0.6520
vn 0.2682 -0.6978 0.6642
vn 0.3437 0.0232 0.9388
vn 0.2121 -0.6955 0.6865
vn 0.1889 -0.7183 0.6696
vn 0.5059 -0.2723 0.8185
vn 0.8616 0.3688 0.3488
vn 0.9110 0.3034 0.2792
vn 0.9456 0.2715 0.1795
vn 0.9450 0.2891 0.1529
vn 0.8669 0.4976 0.0309
vn 0.8753 0.4618 0.1433
vn 0.9160 0.3698 -0.1556
vn 0.7926 0.0619 0.6066
vn 0.8102 0.1525 0.5660
vn 0.7743 0.2488 0.5819
vn 0.8046 -0.3020 0.5113
vn 0.7858 -0.2629 0.5599
vn 0.7575 -0.1389 0.6378
vn 0.7509 -0.4074 0.5198
vn 0.8629 -0.3665 0.3479
vn 0.8936 -0.0515 0.4459
vn 0.9717 0.1309 0.1965
vn 0.9657 0.0952 0.2416
vn 0.9713 0.0815 0.2236
vn 0.9876 0.1570 -0.0099
vn 0.8591 -0.4058 0.3120
vn 0.8803 -0.3330 0.3378
vn 0.8547 -0.2040 0.4773
vn 0.9511 -0.0169 0.3083
vn 0.8814 -0.0723 0.4668
vn 0.9575 0.0375 0.2861
vn 0.9546 0.1123 0.2760
vn 0.9274 0.1521 0.3418
vn 0.8605 -0.4056 0.3082
vn 0.8501 -0.4551 0.2651
vn 0.8657 -0.4269 0.2614
vn 0.8838 -0.3883 0.2608
vn 0.8528 -0.4394 0.2822
vn 0.8680 -0.4245 0.2575
vn 0.9512 -0.3007 -0.0692
vn 0.2713 0.8333 0.4816
vn 0.8680 0.1040 -0.4856
vn -0.9336 0.3411 0.1099
vn 0.9448 0.1903 -0.2667
vn 0.7309 -0.6779 0.0786
vn 0.9638 -0.0444 -0.2628
vn 0.9251 0.3797 0.0049
vn 0.6212 -0.6706 0.4055
vn 0.0117 -0.7208 0.6930
vn 0.0002 -0.7148 0.6993
vn 0.4559 -0.6854 0.5678
vn 0.3949 -0.6743 0.6240
vn 0.3442 -0.7025 0.6229
vn 0.1102 -0.9938 -0.0127
vn 0.2561 -0.9662 0.0296
vn 0.6693 -0.6920 0.2706
vn 0.6668 -0.6931 0.2741
vn 0.1640 -0.5015 -0.8495
vn 0.2617 -0.6367 -0.7253
vn -0.3868 0.6816 0.6212
vn -0.0521 -0.7284 0.6832
vn -0.7291 -0.0606 0.6818
vn 0.3148 0.2344 -0.9198
vn 0.3087 0.1450 -0.9400
vn 0.3013 0.0970 -0.9486
vn 0.3048 0.1874 -0.9338
vn -0.1694 -0.2352 -0.9571
vn -0.2704 -0.2095 -0.9397
vn -0.2643 -0.2136 -0.9405
vn -0.1670 -0.3332 -0.9280
vn -0.4991 -0.0620 -0.8643
vn -0.5853 -0.0813 -0.8068
vn -0.5581 -0.0358 -0.8290
vn -0.4799 0.0424 -0.8763
vn -0.3267 0.0881 -0.9410
vn -0.3891 0.0023 -0.9212
vn -0.4282 0.0417 -0.9027
vn -0.3442 0.1302 -0.9298
vn -0.1215 0.2039 -0.9714
vn -0.2310 0.1521 -0.9610
vn -0.2372 0.2032 -0.9500
vn -0.1161 0.2816 -0.9525
vn 0.0536 0.1223 -0.9910
vn -0.0286 0.1679 -0.9854
vn 0.0117 0.2791 -0.9602
vn 0.1111 0.2391 -0.9646
vn -0.3599 -0.2414 -0.9012
vn -0.4014 -0.1827 -0.8975
vn -0.2581 -0.1128 -0.9595
vn -0.2766 -0.2141 -0.9368
vn -0.0870 0.0317 -0.9957
vn -0.0198 0.0624 -0.9979
vn -0.2117 -0.1514 -0.9655
vn -0.1445 -0.0618 -0.9876
vn -0.0990 -0.1308 -0.9865
vn -0.1493 -0.1986 -0.9687
vn -0.4085 -0.0876 -0.9086
vn -0.2603 -0.0381 -0.9648
vn -0.3185 -0.0652 -0.9457
vn -0.1874 0.0214 -0.9820
vn -0.2655 0.0576 -0.9624
vn -0.1225 0.0848 -0.9888
vn 0.2400 0.2269 -0.9439
vn 0.2546 -0.0017 -0.9671
vn 0.2404 -0.2016 -0.9495
vn 0.2398 -0.0968 -0.9660
vn 0.2629 -0.0428 -0.9639
vn 0.2676 -0.1943 -0.9437
vn 0.2389 -0.0360 -0.9704
vn -0.6787 -0.1087 -0.7263
vn -0.5150 0.0202 -0.8569
vn -0.7432 -0.1371 -0.6549
vn -0.7304 -0.1596 -0.6641
vn -0.7036 -0.1032 -0.7031
vn -0.7710 -0.0211 -0.6365
vn -0.5891 -0.1120 -0.8002
vn -0.6880 0.0191 -0.7255
vn -0.3373 -0.0320 -0.9409
vn -0.4815 -0.0225 -0.8762
vn -0.0992 0.1822 -0.9782
vn -0.2119 0.0276 -0.9769
vn 0.1490 0.2513 -0.9564
vn 0.0175 0.2558 -0.9666
vn -0.0368 -0.0890 -0.9954
vn -0.0317 -0.1709 -0.9848
vn -0.0281 -0.0241 -0.9993
vn 0.0308 -0.0459 -0.9985
vn -0.6378 -0.0360 -0.7694
vn -0.6035 0.0188 -0.7971
vn 0.1887 -0.0035 -0.9820
vn 0.2513 0.0019 -0.9679
vn 0.2303 -0.1141 -0.9664
vn 0.1790 -0.0916 -0.9796
vn 0.1683 -0.2308 -0.9583
vn 0.0907 -0.1250 -0.9880
vn -0.0110 -0.2982 -0.9544
vn 0.1071 -0.2484 -0.9627
vn 0.1890 0.0149 -0.9819
vn 0.2637 -0.0555 -0.9630
vn 0.2472 -0.1459 -0.9579
vn -0.5622 -0.0843 -0.8227
vn -0.5880 -0.1126 -0.8010
vn -0.0748 0.4718 -0.8785
vn -0.3008 0.1896 -0.9346
vn -0.6736 -0.0995 -0.7323
vn -0.7128 0.0689 -0.6980
vn -0.4416 -0.2215 -0.8694
vn -0.4717 -0.2570 -0.8435
vn -0.4976 -0.1632 -0.8519
vn -0.5292 -0.1803 -0.8291
vn 0.2253 -0.1589 -0.9613
vn 0.2590 0.1442 -0.9551
vn 0.1956 0.1079 -0.9747
vn 0.2681 0.0067 -0.9634
vn -0.5805 -0.1340 -0.8032
vn -0.5651 -0.1880 -0.8033
vn -0.6367 -0.1533 -0.7557
vn -0.6651 -0.1435 -0.7329
vn -0.4878 -0.2006 -0.8496
vn -0.5074 -0.1399 -0.8503
vn -0.2686 -0.2476 -0.9309
vn -0.1672 -0.2866 -0.9433
vn -0.0579 -0.2351 -0.9703
vn 0.1742 0.1574 -0.9720
vn 0.1021 0.0330 -0.9942
vn 0.0819 -0.1292 -0.9882
vn 0.0455 -0.1942 -0.9799
vn 0.0992 -0.0572 -0.9934
vn 0.2185 -0.1906 -0.9570
vn 0.1540 -0.1681 -0.9737
vn 0.2301 -0.1953 -0.9534
vn -0.3583 0.0256 -0.9332
vn -0.4311 0.1671 -0.8867
vn -0.3768 0.2007 -0.9043
vn -0.3629 0.1574 -0.9184
vn 0.1940 -0.2303 -0.9536
vn 0.1896 -0.2025 -0.9607
vn 0.1032 -0.2132 -0.9716
vn 0.1048 -0.3475 -0.9318
vn 0.5238 -0.0392 -0.8509
vn 0.5568 -0.0745 -0.8273
vn 0.4606 -0.0604 -0.8855
vn 0.4503 0.0331 -0.8923
vn 0.3897 0.0168 -0.9208
vn 0.3400 -0.0247 -0.9401
vn 0.2854 0.0416 -0.9575
vn 0.3063 0.0797 -0.9486
vn 0.2169 0.1355 -0.9667
vn 0.2060 0.0817 -0.9751
vn 0.1183 0.1310 -0.9843
vn 0.1117 0.2046 -0.9725
vn -0.0264 0.2160 -0.9760
vn 0.0165 0.0971 -0.9951
vn -0.0783 0.0530 -0.9955
vn -0.1325 0.1834 -0.9741
vn 0.2016 -0.1494 -0.9680
vn 0.3297 -0.2079 -0.9209
vn 0.2904 -0.2662 -0.9191
vn 0.2186 -0.2422 -0.9453
vn 0.0739 -0.0345 -0.9967
vn -0.0071 -0.0026 -1.0000
vn 0.0597 -0.1664 -0.9843
vn 0.1098 -0.1054 -0.9883
vn 0.1630 -0.1833 -0.9694
vn 0.1175 -0.2339 -0.9651
vn 0.2065 -0.0687 -0.9760
vn 0.3490 -0.1076 -0.9309
vn 0.2568 -0.1110 -0.9601
vn 0.1577 -0.0269 -0.9871
vn 0.2226 0.0053 -0.9749
vn 0.1239 0.0251 -0.9920
vn -0.2773 0.1808 -0.9436
vn -0.4324 -0.0059 -0.9017
vn -0.4202 -0.0831 -0.9036
vn -0.3919 -0.1386 -0.9095
vn -0.3670 -0.1574 -0.9168
vn -0.3455 -0.0321 -0.9379
vn -0.3193 -0.0821 -0.9441
vn 0.3483 0.3148 -0.8829
vn 0.4571 0.0494 -0.8881
vn 0.6399 -0.1167 -0.7596
vn 0.6954 -0.1652 -0.6994
vn 0.7073 -0.1402 -0.6929
vn 0.7281 -0.0276 -0.6849
vn 0.6611 -0.1060 -0.7428
vn 0.6325 -0.0373 -0.7737
vn 0.5465 -0.1335 -0.8267
vn 0.4417 -0.0643 -0.8949
vn 0.2978 -0.0723 -0.9519
vn 0.1830 -0.0248 -0.9828
vn 0.0815 0.1258 -0.9887
vn -0.0425 0.2205 -0.9745
vn -0.1782 0.2198 -0.9591
vn 0.0008 -0.1340 -0.9910
vn -0.0144 -0.2183 -0.9758
vn -0.0031 -0.0804 -0.9968
vn -0.0593 -0.1069 -0.9925
vn 0.6057 -0.0485 -0.7942
vn 0.5613 -0.0206 -0.8274
vn -0.2984 -0.1604 -0.9408
vn -0.3065 -0.0612 -0.9499
vn -0.2275 -0.0632 -0.9717
vn -0.2153 -0.1538 -0.9643
vn -0.0625 -0.3319 -0.9412
vn -0.1498 -0.1376 -0.9791
vn -0.2250 -0.2821 -0.9326
vn -0.1714 -0.2820 -0.9440
vn -0.2193 0.0621 -0.9737
vn -0.3669 -0.1309 -0.9210
vn -0.3425 -0.1955 -0.9190
vn 0.5187 -0.0880 -0.8504
vn 0.3741 -0.1654 -0.9125
vn 0.4566 -0.2138 -0.8636
vn 0.6380 -0.0839 -0.7654
vn 0.6585 0.0051 -0.7526
vn 0.3674 -0.2394 -0.8987
vn -0.2819 -0.1985 -0.9387
vn -0.3078 0.0979 -0.9464
vn -0.2296 0.0598 -0.9714
vn -0.2719 -0.1323 -0.9532
vn 0.6023 -0.1497 -0.7841
vn 0.5316 -0.1875 -0.8260
vn 0.5520 -0.1233 -0.8247
vn 0.6344 -0.1240 -0.7630
vn 0.4308 -0.2151 -0.8764
vn 0.4650 -0.1377 -0.8745
vn 0.0050 -0.2668 -0.9637
vn 0.1124 -0.3142 -0.9427
vn 0.2082 -0.2735 -0.9391
vn -0.1286 -0.0283 -0.9913
vn -0.1987 0.1072 -0.9742
vn -0.1030 -0.2306 -0.9676
vn -0.1241 -0.1789 -0.9760
vn -0.1306 -0.1133 -0.9849
vn -0.1949 -0.2267 -0.9543
vn -0.2760 -0.2621 -0.9247
vn -0.3052 -0.2374 -0.9222
vn 0.4836 -0.2044 -0.8511
vn 0.5438 -0.1143 -0.8314
vn 0.2773 -0.4750 -0.8352
vn -0.4224 -0.4117 -0.8075
vn 0.3759 -0.6905 -0.6180
vn 0.3566 -0.6944 -0.6250
vn -0.3196 -0.0326 -0.9470
vn -0.4341 0.0290 -0.9004
vn 0.4760 0.1431 -0.8677
vn -0.1672 -0.4538 -0.8753
vn 0.1854 -0.9823 0.0252
vn -0.0000 -1.0000 0.0001
vn 0.0001 -1.0000 0.0007
vn -0.0000 -1.0000 0.0004
vn -0.0000 -1.0000 -0.0001
vn -0.0000 -1.0000 -0.0000
vn 0.1100 -0.9939 -0.0127
vn 0.5370 -0.5977 -0.5952
vn 0.1591 0.1485 0.9760
vn -0.1911 -0.7613 -0.6196
vn -0.2865 -0.6877 -0.6671
vn -0.5228 -0.4815 -0.7035
vn -0.5650 -0.4526 -0.6898
vn -0.3443 -0.8482 -0.4024
vn 0.6494 0.3842 0.6562
vn 0.5054 0.3787 0.7754
vn -0.2809 -0.3385 -0.8980
vn 0.4111 0.3437 0.8443
vn 0.2797 0.3425 0.8969
vn -0.1659 -0.3174 -0.9336
vn 0.1587 0.3464 0.9245
vn -0.1671 0.3523 0.9209
vn -0.4029 0.3372 0.8509
vn -0.5750 0.3770 0.7261
vn 0.5349 0.6801 -0.5013
vn -0.2135 0.9620 0.1705
vn -0.2545 0.8222 0.5092
vn -0.2084 0.8281 0.5203
vn -0.2441 0.8237 0.5118
vn -0.3122 0.8118 0.4934
vn 0.3534 -0.8428 -0.4060
vn -0.1038 0.7845 0.6114
vn -0.1023 0.7871 0.6083
vn -0.1074 0.7868 0.6078
vn 0.8242 -0.5494 -0.1374
vn 0.8229 -0.5516 -0.1363
vn 0.8275 -0.5456 -0.1326
vn 0.2360 -0.8114 0.5347
vn 0.2369 -0.8075 0.5402
vn -0.2981 0.5963 -0.7454
vn -0.2985 0.5912 -0.7493
vn -0.0000 -0.0000 -0.0000
vn -0.0000 -0.0000 1.0000
vn -0.0020 0.0039 1.0000
s 1
f 1//1 2//2 3//3
f 2//2 4//4 5//5
f 5//5 3//3 2//2
f 6//6 7//7 8//8
f 6//6 8//8 9//9
f 10//10 11//11 8//8
f 10//10 8//8 12//12
f 13//13 14//14 15//15
f 13//13 15//15 16//16
f 17//17 18//18 19//19
f 17//17 19//19 20//20
f 21//21 22//22 23//23
f 21//21 23//23 24//24
f 25//25 26//26 27//27
f 25//25 27//27 28//28
f 29//29 30//30 31//31
f 29//29 31//31 32//32
f 34//33 35//34 36//35
f 38//36 39//37 40//38
f 38//36 40//38 41//39
f 42//40 43//41 44//42
f 42//40 44//42 45//43
f 46//44 47//45 48//46
f 46//44 48//46 49//47
f 54//48 55//49 56//50
f 54//48 56//50 57//51
f 58//52 59//53 60//54
f 58//52 60//54 61//55
f 62//56 63//57 64//58
f 62//56 64//58 65//59
f 66//60 67//61 68//62
f 66//60 68//62 69//63
f 70//64 71//65 72//66
f 70//64 72//66 73//67
f 74//68 75//69 76//70
f 74//68 76//70 77//71
f 78//72 79//73 80//74
f 78//72 80//74 81//75
f 82//76 83//77 84//78
f 82//76 84//78 85//79
f 86//80 87//81 88//82
f 86//80 88//82 89//83
f 90//84 91//85 92//86
f 90//84 92//86 93//87
f 94//88 95//89 96//90
f 94//88 96//90 97//91
f 98//92 79//73 99//93
f 98//92 99//93 100//94
f 101//95 55//49 102//96
f 101//95 102//96 103//97
f 101//95 104//98 105//99
f 101//95 105//99 106//100
f 107//101 108//102 109//103
f 107//101 109//103 110//104
f 111//105 112//106 109//103
f 111//105 109//103 113//107
f 114//108 115//109 116//110
f 114//108 116//110 117//111
f 118//112 119//113 120//114
f 118//112 120//114 121//115
f 122//116 123//117 124//118
f 122//116 124//118 125//119
f 126//120 127//121 128//122
f 126//120 128//122 129//123
f 130//124 131//125 132//126
f 130//124 132//126 133//127
f 132//126 131//125 134//128
f 132//126 134//128 135//129
f 136//130 137//131 138//132
f 136//130 138//132 139//133
f 140//134 141//135 142//136
f 142//136 143//137 140//134
f 143//137 142//136 144//138
f 145//139 146//140 147//141
f 145//139 147//141 148//142
f 149//143 150//144 151//145
f 149//143 151//145 152//146
f 153//147 154//148 155//149
f 153//147 155//149 156//150
f 157//151 158//152 159//153
f 157//151 159//153 160//154
f 161//155 162//156 163//157
f 161//155 163//157 164//158
f 165//159 166//160 167//161
f 165//159 167//161 168//162
f 169//163 170//164 171//165
f 169//163 171//165 172//166
f 173//167 174//168 175//169
f 173//167 175//169 176//170
f 177//171 178//172 179//173
f 177//171 179//173 180//174
f 181//175 182//176 183//177
f 181//175 183//177 184//178
f 185//179 186//180 187//181
f 185//179 187//181 188//182
f 189//183 190//184 191//185
f 189//183 191//185 192//186
f 193//187 186//180 194//188
f 196//189 197//190 198//191
f 196//189 198//191 199//192
f 200//193 201//194 202//195
f 200//193 202//195 203//196
f 204//197 205//198 206//199
f 204//197 206//199 207//200
f 208//201 209//202 210//203
f 208//201 210//203 211//204
f 212//205 213//206 214//207
f 212//205 214//207 215//208
f 216//209 112//106 217//210
f 216//209 217//210 218//211
f 219//212 220//213 221//214
f 219//212 221//214 222//215
f 210//203 209//202 223//216
f 210//203 223//216 224//217
f 223//216 209//202 225//218
f 223//216 225//218 226//219
f 227//220 228//221 229//222
f 227//220 229//222 230//223
f 231//224 232//225 233//226
f 231//224 233//226 234//227
f 235//228 236//229 237//230
f 235//228 237//230 238//231
f 239//232 240//233 241//234
f 239//232 241//234 242//235
f 243//236 244//237 245//238
f 243//236 245//238 246//239
f 247//240 248//241 249//242
f 247//240 249//242 250//243
f 251//244 252//245 253//246
f 251//244 253//246 254//247
f 255//248 256//249 257//250
f 255//248 257//250 258//251
f 259//252 260//253 257//250
f 259//252 257//250 261//254
f 262//255 263//256 264//257
f 262//255 264//257 265//258
f 266//259 123//117 267//260
f 266//259 267//260 268//261
f 269//262 270//263 271//264
f 269//262 271//264 272//265
f 273//266 256//249 255//248
f 273//266 255//248 274//267
f 88//82 87//81 275//268
f 88//82 275//268 276//269
f 277//270 278//271 279//272
f 277//270 279//272 280//273
f 279//272 278//271 281//274
f 279//272 281//274 282//275
f 78//72 283//276 284//277
f 78//72 284//277 285//278
f 118//112 286//279 287//280
f 118//112 287//280 288//281
f 289//282 290//283 291//284
f 289//282 291//284 292//285
f 293//286 294//287 295//288
f 293//286 295//288 296//289
f 297//290 298//291 299//292
f 297//290 299//292 300//293
f 301//294 302//295 303//296
f 301//294 303//296 304//297
f 305//298 306//299 307//300
f 305//298 307//300 308//301
f 309//302 310//303 311//304
f 309//302 311//304 312//305
f 313//306 314//307 315//308
f 313//306 315//308 316//309
f 317//310 318//311 319//312
f 317//310 319//312 320//313
f 321//314 322//315 323//316
f 321//314 323//316 324//317
f 325//318 326//319 327//320
f 325//318 327//320 328//321
f 329//322 330//323 331//324
f 329//322 331//324 332//325
f 333//326 334//327 335//328
f 335//328 334//327 336//329
f 335//328 336//329 337//330
f 337//330 336//329 338//331
f 339//332 340//333 341//334
f 339//332 341//334 342//335
f 339//332 343//336 344//337
f 339//332 344//337 345//338
f 346//339 347//340 348//341
f 346//339 348//341 349//342
f 350//343 351//344 352//345
f 350//343 352//345 353//346
f 354//347 355//348 356//349
f 354//347 356//349 357//350
f 358//351 359//352 360//353
f 358//351 360//353 361//354
f 362//355 363//356 364//357
f 362//355 364//357 365//358
f 366//359 367//360 368//361
f 373//362 374//363 375//364
f 373//362 375//364 376//365
f 377//366 378//367 379//368
f 377//366 379//368 380//369
f 381//370 382//371 383//372
f 381//370 383//372 384//373
f 2735//374 385//375 386//376
f 387//377 388//378 389//379
f 387//377 389//379 390//380
f 391//381 392//382 393//383
f 391//381 393//383 394//384
f 395//385 396//386 397//387
f 395//385 397//387 398//388
f 399//389 400//390 401//391
f 399//389 401//391 402//392
f 403//393 404//394 405//395
f 403//393 405//395 406//396
f 407//397 408//398 409//399
f 407//397 409//399 410//400
f 411//401 412//402 413//403
f 411//401 413//403 414//404
f 415//405 416//406 417//407
f 415//405 417//407 418//408
f 419//409 420//410 421//411
f 419//409 421//411 422//412
f 423//413 424//414 425//415
f 423//413 425//415 426//416
f 425//415 424//414 427//417
f 425//415 427//417 428//418
f 429//419 430//420 431//421
f 429//419 431//421 432//422
f 433//423 434//424 435//425
f 433//423 435//425 436//426
f 437//427 438//428 435//425
f 437//427 435//425 439//429
f 440//430 388//378 441//431
f 440//430 441//431 442//432
f 443//433 444//434 441//431
f 443//433 441//431 445//435
f 446//436 447//437 448//438
f 446//436 448//438 449//439
f 446//436 450//440 451//441
f 446//436 451//441 452//442
f 453//443 454//444 455//445
f 453//443 455//445 456//446
f 457//447 458//448 459//449
f 457//447 459//449 460//450
f 461//451 400//390 399//389
f 461//451 399//389 462//452
f 463//453 464//454 465//455
f 463//453 465//455 466//456
f 467//457 468//458 469//459
f 467//457 469//459 470//460
f 471//461 472//462 473//463
f 471//461 473//463 474//464
f 475//465 476//466 477//467
f 475//465 477//467 478//468
f 477//467 476//466 479//469
f 477//467 479//469 480//470
f 481//471 482//472 483//473
f 481//471 483//473 484//474
f 485//475 486//476 487//477
f 487//477 488//478 485//475
f 488//478 487//477 489//479
f 490//480 491//481 492//482
f 490//480 492//482 493//483
f 494//484 495//485 496//486
f 494//484 496//486 497//487
f 498//488 499//489 500//490
f 498//488 500//490 501//491
f 502//492 503//493 504//494
f 502//492 504//494 505//495
f 506//496 507//497 508//498
f 506//496 508//498 509//499
f 510//500 511//501 512//502
f 510//500 512//502 513//503
f 518//504 519//505 520//506
f 518//504 520//506 521//507
f 522//508 523//509 524//510
f 522//508 524//510 525//511
f 526//512 527//513 528//514
f 526//512 528//514 529//515
f 530//516 531//517 532//518
f 530//516 532//518 533//519
f 534//520 531//517 535//521
f 534//520 535//521 536//522
f 537//523 538//524 539//525
f 537//523 539//525 540//526
f 541//527 542//528 543//529
f 541//527 543//529 544//530
f 545//531 546//532 547//533
f 545//531 547//533 548//534
f 549//535 550//536 551//537
f 549//535 551//537 552//538
f 553//539 554//540 555//541
f 553//539 555//541 556//542
f 557//543 558//544 559//545
f 557//543 559//545 560//546
f 561//547 444//434 562//548
f 561//547 562//548 563//549
f 564//550 565//551 551//537
f 564//550 551//537 566//552
f 567//553 568//554 569//555
f 567//553 569//555 570//556
f 571//557 572//558 573//559
f 571//557 573//559 574//560
f 575//561 576//562 577//563
f 575//561 577//563 578//564
f 579//565 580//566 581//567
f 579//565 581//567 582//568
f 583//569 584//570 585//571
f 583//569 585//571 586//572
f 587//573 588//574 589//575
f 587//573 589//575 590//576
f 591//577 592//578 593//579
f 591//577 593//579 594//580
f 595//581 596//582 597//583
f 595//581 597//583 598//584
f 599//585 600//586 601//587
f 599//585 601//587 602//588
f 603//589 600//586 599//585
f 603//589 599//585 604//590
f 605//591 464//454 606//592
f 605//591 606//592 607//593
f 608//594 609//595 610//596
f 608//594 610//596 611//597
f 601//587 600//586 612//598
f 601//587 612//598 613//599
f 614//600 424//414 423//413
f 614//600 423//413 615//601
f 616//602 408//398 473//463
f 616//602 473//463 617//603
f 618//604 408//398 616//602
f 618//604 616//602 619//605
f 620//606 621//607 622//608
f 620//606 622//608 623//609
f 624//610 625//611 626//612
f 624//610 626//612 627//613
f 628//614 629//615 630//616
f 628//614 630//616 631//617
f 632//618 633//619 634//620
f 632//618 634//620 635//621
f 636//622 637//623 638//624
f 636//622 638//624 639//625
f 640//626 641//627 642//628
f 640//626 642//628 643//629
f 644//630 645//631 646//632
f 644//630 646//632 647//633
f 648//634 649//635 650//636
f 648//634 650//636 651//637
f 652//638 653//639 360//353
f 652//638 360//353 359//352
f 654//640 655//641 656//642
f 654//640 656//642 657//643
f 658//644 659//645 660//646
f 658//644 660//646 661//647
f 650//636 649//635 663//648
f 650//636 663//648 664//649
f 315//308 314//307 665//650
f 315//308 665//650 666//651
f 667//652 668//653 669//654
f 667//652 669//654 670//655
f 671//656 672//657 673//658
f 671//656 673//658 674//659
f 675//660 676//661 677//662
f 675//660 677//662 678//663
f 679//664 680//665 681//666
f 679//664 681//666 682//667
f 683//668 684//669 685//670
f 683//668 685//670 686//671
f 687//672 688//673 689//674
f 688//673 690//675 691//676
f 691//676 689//674 688//673
f 692//677 693//678 694//679
f 692//677 694//679 695//680
f 696//681 697//682 698//683
f 696//681 698//683 699//684
f 700//685 701//686 702//687
f 700//685 702//687 703//688
f 704//689 705//690 706//691
f 704//689 706//691 707//692
f 708//693 705//690 704//689
f 708//693 704//689 709//694
f 681//666 680//665 710//695
f 681//666 710//695 711//696
f 712//697 693//678 692//677
f 712//697 692//677 713//698
f 714//699 715//700 716//701
f 714//699 716//701 717//702
f 718//703 719//704 720//705
f 718//703 720//705 721//706
f 722//707 715//700 723//708
f 722//707 723//708 724//709
f 725//710 726//711 727//712
f 726//711 728//713 729//714
f 729//714 727//712 726//711
f 730//715 731//716 732//717
f 730//715 732//717 733//718
f 734//719 735//720 736//721
f 734//719 736//721 737//722
f 738//723 739//724 740//725
f 738//723 740//725 741//726
f 6//6 742//727 743//728
f 6//6 743//728 744//729
f 745//730 746//731 747//732
f 745//730 747//732 748//733
f 749//734 750//735 751//736
f 749//734 751//736 752//737
f 753//738 754//739 755//740
f 753//738 755//740 756//741
f 757//742 758//743 759//744
f 757//742 759//744 760//745
f 761//746 725//710 727//712
f 761//746 727//712 762//747
f 762//747 727//712 763//748
f 764//749 765//750 766//751
f 764//749 766//751 767//752
f 768//753 769//754 770//755
f 768//753 770//755 771//756
f 772//757 773//758 774//759
f 772//757 774//759 775//760
f 776//761 777//762 778//763
f 776//761 778//763 779//764
f 780//765 781//766 41//39
f 780//765 41//39 40//38
f 782//767 783//768 784//769
f 782//767 784//769 785//770
f 786//771 787//772 788//773
f 786//771 788//773 789//774
f 790//775 791//776 792//777
f 790//775 792//777 793//778
f 794//779 795//780 796//781
f 794//779 796//781 797//782
f 798//783 799//784 800//785
f 798//783 800//785 801//786
f 802//787 803//788 804//789
f 802//787 804//789 805//790
f 806//791 807//792 808//793
f 806//791 808//793 809//794
f 810//795 811//796 812//797
f 810//795 812//797 813//798
f 814//799 815//800 816//801
f 814//799 816//801 817//802
f 818//803 819//804 820//805
f 818//803 820//805 821//806
f 822//807 823//808 824//809
f 822//807 824//809 825//810
f 790//775 826//811 827//812
f 790//775 827//812 828//813
f 829//814 830//815 831//816
f 829//814 831//816 832//817
f 301//294 833//818 834//819
f 301//294 834//819 835//820
f 836//821 837//822 838//823
f 836//821 838//823 839//824
f 840//825 795//780 841//826
f 840//825 841//826 842//827
f 843//828 844//829 845//830
f 843//828 845//830 846//831
f 46//44 848//832 849//833
f 850//834 851//835 831//816
f 850//834 831//816 852//836
f 853//837 844//829 843//828
f 853//837 843//828 854//838
f 855//839 856//840 857//841
f 855//839 857//841 858//842
f 859//843 860//844 861//845
f 859//843 861//845 862//846
f 863//847 864//848 865//849
f 863//847 865//849 866//850
f 867//851 868//852 869//853
f 867//851 869//853 870//854
f 871//855 306//299 305//298
f 871//855 305//298 872//856
f 873//857 874//858 875//859
f 873//857 875//859 876//860
f 877//861 878//862 879//863
f 877//861 879//863 880//864
f 881//865 882//866 883//867
f 881//865 883//867 884//868
f 885//869 886//870 887//871
f 885//869 887//871 888//872
f 889//873 890//874 891//875
f 889//873 891//875 892//876
f 893//877 750//735 894//878
f 893//877 894//878 895//879
f 896//880 897//881 898//882
f 896//880 898//882 899//883
f 898//882 897//881 900//884
f 898//882 900//884 901//885
f 902//886 903//887 904//888
f 902//886 904//888 905//889
f 906//890 907//891 908//892
f 906//890 908//892 909//893
f 910//894 911//895 912//896
f 910//894 912//896 913//897
f 136//130 914//898 915//899
f 136//130 915//899 137//131
f 916//900 917//901 918//902
f 916//900 918//902 919//903
f 920//904 921//905 922//906
f 920//904 922//906 923//907
f 924//908 925//909 923//907
f 924//908 923//907 926//910
f 927//911 928//912 929//913
f 927//911 929//913 930//914
f 930//914 929//913 931//915
f 930//914 931//915 932//916
f 933//917 934//918 935//919
f 933//917 935//919 161//155
f 936//920 932//916 937//921
f 936//920 937//921 938//922
f 939//923 940//924 941//925
f 939//923 941//925 942//926
f 943//927 944//928 945//929
f 943//927 945//929 946//930
f 947//931 948//932 949//933
f 947//931 949//933 950//934
f 951//935 952//936 953//937
f 951//935 953//937 954//938
f 955//939 956//940 957//941
f 955//939 957//941 958//942
f 959//943 960//944 961//945
f 959//943 961//945 962//946
f 963//947 964//948 965//949
f 963//947 965//949 966//950
f 967//951 968//952 961//945
f 967//951 961//945 969//953
f 160//154 970//954 971//955
f 160//154 971//955 157//151
f 972//956 973//957 974//958
f 972//956 974//958 975//959
f 976//960 977//961 978//962
f 976//960 978//962 979//963
f 922//906 980//964 926//910
f 922//906 926//910 923//907
f 938//922 981//965 982//966
f 938//922 982//966 983//967
f 984//968 985//969 986//970
f 984//968 986//970 987//971
f 988//972 989//973 990//974
f 988//972 990//974 991//975
f 992//976 993//977 994//978
f 992//976 994//978 995//979
f 996//980 997//981 998//982
f 996//980 998//982 320//313
f 999//983 1000//984 1001//985
f 999//983 1001//985 1002//986
f 1003//987 1004//988 1005//989
f 1003//987 1005//989 1006//990
f 1007//991 1008//992 1009//993
f 1007//991 1009//993 1010//994
f 1011//995 22//22 1012//996
f 1011//995 1012//996 1013//997
f 1014//998 1015//999 1016//1000
f 1014//998 1016//1000 1017//1001
f 1018//1002 1019//1003 1020//1004
f 1018//1002 1020//1004 969//953
f 1021//1005 30//30 29//29
f 1021//1005 29//29 1022//1006
f 1024//1007 1025//1008 1026//1009
f 1024//1007 1026//1009 1027//1010
f 1028//1011 1029//1012 1030//1013
f 1028//1011 1030//1013 1031//1014
f 1032//1015 1033//1016 1034//1017
f 1032//1015 1034//1017 1035//1018
f 1026//1009 1025//1008 1030//1013
f 1026//1009 1030//1013 1036//1019
f 1037//1020 1038//1021 1039//1022
f 1037//1020 1039//1022 1040//1023
f 1041//1024 1033//1016 1032//1015
f 1041//1024 1032//1015 1042//1025
f 1043//1026 1044//1027 1045//1028
f 1043//1026 1045//1028 1046//1029
f 169//163 1047//1030 1048//1031
f 169//163 1048//1031 1049//1032
f 1050//1033 1051//1034 1052//1035
f 1050//1033 1052//1035 1053//1036
f 1054//1037 51//1038 50//1039
f 1054//1037 50//1039 1055//1040
f 185//179 1056//1041 1057//1042
f 185//179 1057//1042 1058//1043
f 1059//1044 1060//1045 1061//1046
f 1059//1044 1061//1046 1062//1047
f 1063//1048 1064//1049 1065//1050
f 1063//1048 1065//1050 1066//1051
f 1067//1052 1068//1053 1069//1054
f 1067//1052 1069//1054 1070//1055
f 1069//1054 1068//1053 1071//1056
f 1069//1054 1071//1056 1072//1057
f 1073//1058 856//840 855//839
f 1073//1058 855//839 1074//1059
f 1075//1060 1076//1061 1077//1062
f 1075//1060 1077//1062 1078//1063
f 1079//1064 1080//1065 1081//1066
f 1079//1064 1081//1066 1082//1067
f 1083//1068 1080//1065 1079//1064
f 1083//1068 1079//1064 1084//1069
f 1085//1070 1086//1071 1087//1072
f 1085//1070 1087//1072 1088//1073
f 1091//1074 1092//1075 1093//1076
f 1091//1074 1093//1076 1094//1077
f 1095//1078 1096//1079 1097//1080
f 1095//1078 1097//1080 1098//1081
f 1099//1082 1100//1083 1101//1084
f 1099//1082 1101//1084 1102//1085
f 1103//1086 1104//1087 1105//1088
f 1103//1086 1105//1088 1106//1089
f 1108//1090 1109//1091 1110//1092
f 1111//1093 1112//1094 1113//1095
f 1101//1084 1100//1083 1114//1096
f 1101//1084 1114//1096 1115//1097
f 1116//1098 1117//1099 1118//1100
f 1116//1098 1118//1100 1119//1101
f 1120//1102 43//41 1097//1080
f 1120//1102 1097//1080 1121//1103
f 1122//1104 1008//992 1012//996
f 1122//1104 1012//996 1123//1105
f 1124//1106 1125//1107 1126//1108
f 1124//1106 1126//1108 1127//1109
f 1128//1110 1129//1111 1130//1112
f 1128//1110 1130//1112 1131//1113
f 1132//1114 1133//1115 1134//1116
f 1132//1114 1134//1116 1135//1117
f 1136//1118 1137//1119 1138//1120
f 1136//1118 1138//1120 1139//1121
f 1140//1122 1137//1119 1136//1118
f 1140//1122 1136//1118 1141//1123
f 1142//1124 1143//1125 1144//1126
f 1142//1124 1144//1126 1145//1127
f 1146//1128 326//319 325//318
f 1146//1128 325//318 1147//1129
f 237//230 236//229 1148//1130
f 237//230 1148//1130 1149//1131
f 675//660 1150//1132 1151//1133
f 675//660 1151//1133 1152//1134
f 102//96 55//49 1153//1135
f 102//96 1153//1135 1154//1136
f 1155//1137 1156//1138 1153//1135
f 1155//1137 1153//1135 1157//1139
f 1158//1140 263//256 1159//1141
f 1158//1140 1159//1141 1160//1142
f 92//86 91//85 1161//1143
f 92//86 1161//1143 1162//1144
f 124//118 123//117 266//259
f 124//118 266//259 1163//1145
f 1164//1146 1165//1147 1166//1148
f 1164//1146 1166//1148 1167//1149
f 1168//1150 1169//1151 1170//1152
f 1168//1150 1170//1152 1171//1153
f 1172//1154 1173//1155 1174//1156
f 1172//1154 1174//1156 1175//1157
f 1176//1158 1177//1159 1178//1160
f 1176//1158 1178//1160 1179//1161
f 1180//1162 1181//1163 1182//1164
f 1180//1162 1182//1164 1183//1165
f 1184//1166 1185//1167 1186//1168
f 1184//1166 1186//1168 1187//1169
f 1188//1170 1189//1171 1190//1172
f 1188//1170 1190//1172 1191//1173
f 1192//1174 1193//1175 1194//1176
f 1192//1174 1194//1176 1195//1177
f 1196//1178 1197//1179 1198//1180
f 1196//1178 1198//1180 1199//1181
f 1200//1182 1201//1183 1202//1184
f 1200//1182 1202//1184 1203//1185
f 1204//1186 1205//1187 1206//1188
f 1204//1186 1206//1188 1207//1189
f 1208//1190 1209//1191 1210//1192
f 1208//1190 1210//1192 1211//1193
f 267//260 123//117 122//116
f 267//260 122//116 1212//1194
f 281//274 278//271 1213//1195
f 281//274 1213//1195 1214//1196
f 1215//1197 1216//1198 1217//1199
f 1215//1197 1217//1199 1218//1200
f 1219//1201 1220//1202 1221//1203
f 1219//1201 1221//1203 1222//1204
f 1223//1205 1173//1155 1172//1154
f 1223//1205 1172//1154 1224//1206
f 1225//1207 1143//1125 1142//1124
f 1225//1207 1142//1124 1226//1208
f 1227//1209 1143//1125 1225//1207
f 1227//1209 1225//1207 1228//1210
f 1229//1211 1143//1125 1227//1209
f 1229//1211 1227//1209 1230//1212
f 1231//1213 1232//1214 1144//1126
f 1231//1213 1144//1126 1233//1215
f 1234//1216 232//225 1235//1217
f 1234//1216 1235//1217 1236//1218
f 233//226 232//225 1234//1216
f 233//226 1234//1216 1237//1219
f 284//277 283//276 96//90
f 284//277 96//90 1238//1220
f 1239//1221 1240//1222 1241//1223
f 1239//1221 1241//1223 1242//1224
f 1243//1225 1244//1226 1245//1227
f 1243//1225 1245//1227 1246//1228
f 1247//1229 252//245 251//244
f 1247//1229 251//244 1248//1230
f 1249//1231 1244//1226 1243//1225
f 1249//1231 1243//1225 1250//1232
f 1251//1233 1220//1202 1219//1201
f 1251//1233 1219//1201 1252//1234
f 214//207 213//206 1253//1235
f 214//207 1253//1235 1254//1236
f 1255//1237 112//106 111//105
f 1255//1237 111//105 1256//1238
f 1257//1239 1258//1240 1259//1241
f 1257//1239 1259//1241 1260//1242
f 1261//1243 112//106 216//209
f 1261//1243 216//209 1262//1244
f 1263//1245 1189//1171 1188//1170
f 1263//1245 1188//1170 1264//1246
f 1265//1247 1266//1248 1267//1249
f 1265//1247 1267//1249 1268//1250
f 120//114 119//113 1269//1251
f 120//114 1269//1251 1270//1252
f 126//120 1271//1253 1272//1254
f 126//120 1272//1254 1273//1255
f 72//66 71//65 1217//1199
f 72//66 1217//1199 1274//1256
f 1275//1257 79//73 1276//1258
f 1275//1257 1276//1258 1277//1259
f 1278//1260 1279//1261 1280//1262
f 1278//1260 1280//1262 1281//1263
f 1280//1262 1279//1261 1282//1264
f 1280//1262 1282//1264 1283//1265
f 1284//1266 1285//1267 1286//1268
f 1284//1266 1286//1268 1287//1269
f 1288//1270 1289//1271 1290//1272
f 1288//1270 1290//1272 1291//1273
f 1292//1274 799//784 1293//1275
f 1292//1274 1293//1275 1294//1276
f 800//785 799//784 1292//1274
f 800//785 1292//1274 1295//1277
f 1296//1278 823//808 822//807
f 1296//1278 822//807 1297//1279
f 1298//1280 1299//1281 1300//1282
f 1298//1280 1300//1282 1301//1283
f 1290//1272 1289//1271 1302//1284
f 1290//1272 1302//1284 1303//1285
f 1304//1286 1305//1287 1306//1288
f 1304//1286 1306//1288 1307//1289
f 1308//1290 1309//1291 1310//1292
f 1308//1290 1310//1292 1311//1293
f 1312//1294 1313//1295 1314//1296
f 1312//1294 1314//1296 1315//1297
f 1316//1298 1317//1299 1318//1300
f 1316//1298 1318//1300 1319//1301
f 1322//1302 1323//1303 1324//1304
f 1322//1302 1324//1304 1325//1305
f 1324//1304 1323//1303 1326//1306
f 1324//1304 1326//1306 1327//1307
f 1328//1308 1329//1309 1330//1310
f 1328//1308 1330//1310 1331//1311
f 1332//1312 1333//1313 1334//1314
f 1332//1312 1334//1314 1335//1315
f 1336//1316 1337//1317 1338//1318
f 1336//1316 1338//1318 1339//1319
f 1340//1320 1341//1321 1342//1322
f 1340//1320 1342//1322 1343//1323
f 1342//1322 1341//1321 1344//1324
f 1342//1322 1344//1324 1345//1325
f 1346//1326 1347//1327 1348//1328
f 1346//1326 1348//1328 1349//1329
f 1350//1330 1351//1331 1348//1328
f 1350//1330 1348//1328 1352//1332
f 1353//1333 1354//1334 1355//1335
f 1353//1333 1355//1335 1356//1336
f 1357//1337 1358//1338 1359//1339
f 1357//1337 1359//1339 1360//1340
f 1286//1268 1285//1267 1361//1341
f 1286//1268 1361//1341 1362//1342
f 1363//1343 1364//1344 1365//1345
f 1363//1343 1365//1345 1366//1346
f 1367//1347 1368//1348 1369//1349
f 1367//1347 1369//1349 1370//1350
f 1371//1351 944//928 943//927
f 1371//1351 943//927 1372//1352
f 1373//1353 1374//1354 1375//1355
f 1373//1353 1375//1355 1376//1356
f 1377//1357 1378//1358 1379//1359
f 1377//1357 1379//1359 1380//1360
f 1381//1361 948//932 1382//1362
f 1381//1361 1382//1362 1383//1363
f 945//929 944//928 1384//1364
f 945//929 1384//1364 1385//1365
f 1382//1362 948//932 947//931
f 1382//1362 947//931 1386//1366
f 1387//1367 864//848 863//847
f 1387//1367 863//847 1388//1368
f 1375//1355 1374//1354 1389//1369
f 1375//1355 1389//1369 1390//1370
f 914//898 1391//1371 1392//1372
f 914//898 1392//1372 915//899
f 949//933 948//932 1381//1361
f 949//933 1381//1361 1393//1373
f 1392//1372 1394//1374 1395//1375
f 1392//1372 1395//1375 1393//1373
f 900//884 897//881 1396//1376
f 900//884 1396//1376 1397//1377
f 1398//1378 1399//1379 1400//1380
f 1398//1378 1400//1380 1401//1381
f 1402//1382 1399//1379 1398//1378
f 1402//1382 1398//1378 1403//1383
f 1404//1384 973//957 972//956
f 1404//1384 972//956 1405//1385
f 1406//1386 1000//984 999//983
f 1406//1386 999//983 1407//1387
f 1408//1388 1409//1389 1410//1390
f 1408//1388 1410//1390 1411//1391
f 1412//1392 1413//1393 1414//1394
f 1412//1392 1414//1394 1415//1395
f 1416//1396 1417//1397 1418//1398
f 1416//1396 1418//1398 1419//1399
f 1420//1400 1417//1397 1416//1396
f 1420//1400 1416//1396 1421//1401
f 1422//1402 1423//1403 1424//1404
f 1422//1402 1424//1404 1425//1405
f 1426//1406 1427//1407 1428//1408
f 1426//1406 1428//1408 1429//1409
f 1430//1410 1427//1407 1426//1406
f 1430//1410 1426//1406 1431//1411
f 1432//1412 1433//1413 1434//1414
f 1432//1412 1434//1414 1435//1415
f 1435//1415 1434//1414 1436//1416
f 1437//1417 1438//1418 1439//1419
f 1437//1417 1439//1419 1440//1420
f 1441//1421 1442//1422 1443//1423
f 1441//1421 1443//1423 1444//1424
f 755//740 754//739 1445//1425
f 755//740 1445//1425 1446//1426
f 1447//1427 1448//1428 1449//1429
f 1447//1427 1449//1429 1450//1430
f 1451//1431 1333//1313 1332//1312
f 1451//1431 1332//1312 1452//1432
f 1453//1433 1442//1422 1454//1434
f 1453//1433 1454//1434 1455//1435
f 1456//1436 903//887 1457//1437
f 1456//1436 1457//1437 1458//1438
f 904//888 903//887 1456//1436
f 904//888 1456//1436 1459//1439
f 1460//1440 1461//1441 1462//1442
f 1460//1440 1462//1442 1463//1443
f 1464//1444 1465//1445 1466//1446
f 1464//1444 1466//1446 1467//1447
f 1468//1448 1469//1449 1470//1450
f 1468//1448 1470//1450 1471//1451
f 1472//1452 1473//1453 1474//1454
f 1472//1452 1474//1454 1475//1455
f 806//791 781//766 1476//1456
f 806//791 1476//1456 1477//1457
f 1478//1458 1479//1459 1480//1460
f 1478//1458 1480//1460 1481//1461
f 1478//1458 1482//1462 1483//1463
f 1478//1458 1483//1463 1484//1464
f 1485//1465 150//144 149//143
f 1485//1465 149//143 1486//1466
f 1487//1467 1488//1468 1489//1469
f 1487//1467 1489//1469 1490//1470
f 1491//1471 1492//1472 1493//1473
f 1491//1471 1493//1473 1494//1474
f 1126//1108 1125//1107 1495//1475
f 1126//1108 1495//1475 1496//1476
f 1497//1477 1498//1478 1499//1479
f 1497//1477 1499//1479 1500//1480
f 1493//1473 1492//1472 1501//1481
f 1493//1473 1501//1481 1502//1482
f 1503//1483 1504//1484 1505//1485
f 1503//1483 1505//1485 1506//1486
f 1507//1487 1508//1488 1509//1489
f 1507//1487 1509//1489 1510//1490
f 1511//1491 1512//1492 1513//1493
f 1511//1491 1513//1493 1514//1494
f 1515//1495 1516//1496 1517//1497
f 1515//1495 1517//1497 1518//1498
f 1519//1499 1520//1500 1521//1501
f 1519//1499 1521//1501 1522//1502
f 1523//1503 1524//1504 1525//1505
f 1523//1503 1525//1505 1526//1506
f 1527//1507 1528//1508 1529//1509
f 1527//1507 1529//1509 1530//1510
f 1531//1511 1524//1504 1523//1503
f 1531//1511 1523//1503 1532//1512
f 1533//1513 777//762 776//761
f 1533//1513 776//761 1534//1514
f 1535//1515 1536//1516 323//316
f 1535//1515 323//316 1537//1517
f 1538//1518 1539//1519 1540//1520
f 1538//1518 1540//1520 1541//1521
f 1542//1522 1543//1523 1544//1524
f 1542//1522 1544//1524 1545//1525
f 1546//1526 1543//1523 1542//1522
f 1546//1526 1542//1522 1547//1527
f 824//809 823//808 1548//1528
f 824//809 1548//1528 1549//1529
f 759//744 758//743 1550//1530
f 759//744 1550//1530 1551//1531
f 1552//1532 1553//1533 1554//1534
f 1552//1532 1554//1534 1555//1535
f 1556//1536 1557//1537 1558//1538
f 1556//1536 1558//1538 1559//1539
f 1300//1282 1299//1281 1560//1540
f 1300//1282 1560//1540 1561//1541
f 1562//1542 1563//1543 1564//1544
f 1562//1542 1564//1544 1565//1545
f 1566//1546 739//724 738//723
f 1566//1546 738//723 1567//1547
f 1568//1548 197//190 196//189
f 1568//1548 196//189 1569//1549
f 1570//1550 765//750 764//749
f 1570//1550 764//749 1571//1551
f 10//10 890//874 1572//1552
f 10//10 1572//1552 1573//1553
f 1574//1554 1575//1555 1576//1556
f 1574//1554 1576//1556 1577//1557
f 1578//1558 1579//1559 1580//1560
f 1578//1558 1580//1560 1581//1561
f 1576//1556 25//25 1582//1562
f 1576//1556 1582//1562 1577//1557
f 1583//1563 1584//1564 1585//1565
f 1583//1563 1585//1565 1586//1566
f 1587//1567 1588//1568 1589//1569
f 1587//1567 1589//1569 1590//1570
f 1591//1571 1592//1572 1593//1573
f 1591//1571 1593//1573 1594//1574
f 1595//1575 1596//1576 1597//1577
f 1595//1575 1597//1577 1598//1578
f 747//732 746//731 1599//1579
f 747//732 1599//1579 1600//1580
f 1601//1581 1602//1582 1603//1583
f 1601//1581 1603//1583 1604//1584
f 1605//1585 1606//1586 1607//1587
f 1605//1585 1607//1587 1608//1588
f 1609//1589 1606//1586 1605//1585
f 1609//1589 1605//1585 1610//1590
f 1580//1560 1579//1559 1611//1591
f 1580//1560 1611//1591 1612//1592
f 1613//1593 1579//1559 1578//1558
f 1613//1593 1578//1558 1614//1594
f 1611//1591 1579//1559 1613//1593
f 1611//1591 1613//1593 1615//1595
f 816//801 815//800 1616//1596
f 816//801 1616//1596 1617//1597
f 1618//1598 851//835 850//834
f 1618//1598 850//834 1619//1599
f 883//867 882//866 1620//1600
f 883//867 1620//1600 1621//1601
f 1622//1602 1623//1603 1624//1604
f 1622//1602 1624//1604 1625//1605
f 1314//1296 1313//1295 1626//1606
f 1314//1296 1626//1606 1627//1607
f 1628//1608 1488//1468 891//875
f 1628//1608 891//875 1629//1609
f 1620//1600 882//866 1630//1610
f 1620//1600 1630//1610 1631//1611
f 1632//1612 1633//1613 1634//1614
f 1632//1612 1634//1614 1635//1615
f 740//725 739//724 1636//1616
f 740//725 1636//1616 1637//1617
f 1638//1618 1639//1619 1640//1620
f 1638//1618 1640//1620 1641//1621
f 1640//1620 1639//1619 1642//1622
f 1640//1620 1642//1622 1643//1623
f 3//3 197//190 1568//1548
f 3//3 1568//1548 1644//1624
f 1645//1625 1646//1626 1647//1627
f 1645//1625 1647//1627 1648//1628
f 1649//1629 1650//1630 1651//1631
f 1649//1629 1651//1631 1652//1632
f 990//974 1653//1633 1654//1634
f 990//974 1654//1634 1655//1635
f 1656//1636 1004//988 1003//987
f 1656//1636 1003//987 1657//1637
f 1658//1638 1004//988 1656//1636
f 1658//1638 1656//1636 1659//1639
f 1647//1627 1646//1626 1660//1640
f 1647//1627 1660//1640 1661//1641
f 1662//1642 166//160 1663//1643
f 1662//1642 1663//1643 1664//1644
f 1665//1645 1666//1646 978//962
f 1665//1645 978//962 163//157
f 1667//1647 1668//1648 1669//1649
f 1667//1647 1669//1649 1670//1650
f 1671//1651 1672//1652 1673//1653
f 1671//1651 1673//1653 1674//1654
f 1675//1655 1289//1271 1288//1270
f 1675//1655 1288//1270 1676//1656
f 1677//1657 1678//1658 1679//1659
f 1677//1657 1679//1659 1680//1660
f 1681//1661 302//295 1682//1662
f 1681//1661 1682//1662 1683//1663
f 1679//1659 1678//1658 1684//1664
f 1679//1659 1684//1664 1685//1665
f 167//161 166//160 1662//1642
f 167//161 1662//1642 1686//1666
f 1687//1667 14//14 13//13
f 1687//1667 13//13 1688//1668
f 161//155 935//919 936//920
f 161//155 936//920 162//156
f 1689//1669 1399//1379 1402//1382
f 1689//1669 1402//1382 1690//1670
f 974//958 973//957 1400//1380
f 974//958 1400//1380 1691//1671
f 841//826 795//780 794//779
f 841//826 794//779 1692//1672
f 1693//1673 1694//1674 1695//1675
f 1693//1673 1695//1675 1696//1676
f 1052//1035 848//832 1697//1677
f 788//773 787//772 1698//1678
f 788//773 1698//1678 1699//1679
f 1695//1675 1694//1674 1700//1680
f 1695//1675 1700//1680 1701//1681
f 1702//1682 1473//1453 1472//1452
f 1702//1682 1472//1452 1703//1683
f 1466//1446 1465//1445 1704//1684
f 1466//1446 1704//1684 1705//1685
f 1706//1686 1524//1504 1531//1511
f 1706//1686 1531//1511 1707//1687
f 1708//1688 1709//1689 1710//1690
f 1708//1688 1710//1690 1711//1691
f 1712//1692 1713//1693 1714//1694
f 1712//1692 1714//1694 1715//1695
f 1716//1696 1717//1697 1718//1698
f 1716//1696 1718//1698 1719//1699
f 1720//1700 1721//1701 1722//1702
f 1720//1700 1722//1702 1723//1703
f 1724//1704 1725//1705 1726//1706
f 1724//1704 1726//1706 1727//1707
f 1728//1708 1729//1709 1730//1710
f 1728//1708 1730//1710 1731//1711
f 321//314 851//835 1618//1598
f 321//314 1618//1598 1732//1712
f 1733//1713 322//315 1734//1714
f 1733//1713 1734//1714 1735//1715
f 1736//1716 1737//1717 1738//1718
f 1736//1716 1738//1718 1739//1719
f 1740//1720 1737//1717 1741//1721
f 1741//1721 1737//1717 1736//1716
f 1742//1722 1741//1721 1736//1716
f 1593//1573 1592//1572 1743//1723
f 1593//1573 1743//1723 1744//1724
f 1743//1723 1592//1572 1745//1725
f 1743//1723 1745//1725 1746//1726
f 1747//1727 1438//1418 1437//1417
f 1747//1727 1437//1417 1748//1728
f 1749//1729 1588//1568 1750//1730
f 1749//1729 1750//1730 1751//1731
f 780//765 1752//1732 1753//1733
f 780//765 1753//1733 1754//1734
f 1755//1735 1756//1736 1757//1737
f 1755//1735 1757//1737 1758//1738
f 1759//1739 1760//1740 1761//1741
f 1759//1739 1761//1741 1762//1742
f 1763//1743 1760//1740 1759//1739
f 1763//1743 1759//1739 1764//1744
f 1740//1720 1765//1745 1766//1746
f 1740//1720 1766//1746 1737//1717
f 1765//1745 1767//1747 1768//1748
f 1768//1748 1766//1746 1765//1745
f 1642//1622 1639//1619 1769//1749
f 1642//1622 1769//1749 1770//1750
f 1771//1751 1461//1441 1772//1752
f 1771//1751 1772//1752 1773//1753
f 1509//1489 1508//1488 1774//1754
f 1509//1489 1774//1754 1775//1755
f 694//679 693//678 1776//1756
f 694//679 1776//1756 1777//1757
f 1769//1749 1639//1619 1638//1618
f 1769//1749 1638//1618 1778//1758
f 1779//1759 742//727 1780//1760
f 1779//1759 1780//1760 1781//1761
f 1782//1762 1504//1484 1783//1763
f 1782//1762 1783//1763 1784//1764
f 1785//1765 684//669 1786//1766
f 1785//1765 1786//1766 1787//1767
f 1786//1766 684//669 683//668
f 1786//1766 683//668 1788//1768
f 1789//1769 1790//1770 1791//1771
f 1789//1769 1791//1771 1792//1772
f 1793//1773 178//172 177//171
f 1793//1773 177//171 1794//1774
f 1774//1754 1508//1488 1795//1775
f 1774//1754 1795//1775 1796//1776
f 1797//1777 1798//1778 1799//1779
f 1797//1777 1799//1779 1800//1780
f 1801//1781 1802//1782 1803//1783
f 1801//1781 1803//1783 1804//1784
f 1805//1785 178//172 1793//1773
f 1805//1785 1793//1773 1806//1786
f 1807//1787 1756//1736 1808//1788
f 1807//1787 1808//1788 1809//1789
f 1810//1790 1811//1791 1812//1792
f 1810//1790 1812//1792 1813//1793
f 181//175 1814//1794 1815//1795
f 181//175 1815//1795 1816//1796
f 1410//1390 1409//1389 1817//1797
f 1410//1390 1817//1797 1818//1798
f 1819//1799 1820//1800 1821//1801
f 1819//1799 1821//1801 1822//1802
f 1823//1803 1173//1155 1223//1205
f 1823//1803 1223//1205 1824//1804
f 1825//1805 1811//1791 1826//1806
f 1825//1805 1826//1806 1827//1807
f 183//177 182//176 1812//1792
f 183//177 1812//1792 1828//1808
f 1829//1809 1830//1810 1831//1811
f 1829//1809 1831//1811 1832//1812
f 155//149 154//148 1499//1479
f 155//149 1499//1479 1833//1813
f 706//691 705//690 1834//1814
f 706//691 1834//1814 1835//1815
f 1245//1227 1244//1226 1836//1816
f 1245//1227 1836//1816 1837//1817
f 1838//1818 1839//1819 1840//1820
f 1838//1818 1840//1820 1841//1821
f 1842//1822 769//754 1843//1823
f 1842//1822 1843//1823 1844//1824
f 1845//1825 1846//1826 1847//1827
f 1845//1825 1847//1827 1848//1828
f 1439//1419 1438//1418 1849//1829
f 1439//1419 1849//1829 1850//1830
f 1851//1831 1852//1832 1853//1833
f 1851//1831 1853//1833 1854//1834
f 1855//1835 1856//1836 190//184
f 1855//1835 190//184 1857//1837
f 1858//1838 803//788 802//787
f 1858//1838 802//787 1859//1839
f 1860//1840 765//750 1570//1550
f 1860//1840 1570//1550 1861//1841
f 1054//1037 1092//1075 1862//1842
f 1054//1037 1862//1842 1863//1843
f 698//683 697//682 1866//1844
f 698//683 1866//1844 1867//1845
f 1868//1846 701//686 700//685
f 1868//1846 700//685 1869//1847
f 1870//1848 1871//1849 1872//1850
f 1870//1848 1872//1850 1873//1851
f 1874//1852 1875//1853 1876//1854
f 1874//1852 1876//1854 1877//1855
f 1878//1856 1879//1857 1880//1858
f 1878//1856 1880//1858 1881//1859
f 1882//1860 1883//1861 1884//1862
f 1882//1860 1884//1862 1885//1863
f 1886//1864 1887//1865 1888//1866
f 1886//1864 1888//1866 1889//1867
f 1890//1868 1891//1869 1892//1870
f 1890//1868 1892//1870 1893//1871
f 1894//1872 1895//1873 1896//1874
f 1894//1872 1896//1874 1897//1875
f 1898//1876 1899//1877 1900//1878
f 1898//1876 1900//1878 1901//1879
f 1902//1880 1903//1881 1904//1882
f 1902//1880 1904//1882 1905//1883
f 1906//1884 1907//1885 1908//1886
f 1906//1884 1908//1886 1909//1887
f 1910//1888 1911//1889 1912//1890
f 1910//1888 1912//1890 1913//1891
f 1914//1892 1915//1893 1916//1894
f 1914//1892 1916//1894 1917//1895
f 1918//1896 1919//1897 1920//1898
f 1918//1896 1920//1898 1921//1899
f 1922//1900 1923//1901 1924//1902
f 1922//1900 1924//1902 1925//1903
f 1923//1901 1926//1904 1927//1905
f 1927//1905 1924//1902 1923//1901
f 1928//1906 1929//1907 1930//1908
f 1928//1906 1930//1908 1931//1909
f 1932//1910 1933//1911 1934//1912
f 1932//1910 1934//1912 1935//1913
f 1936//1914 1937//1915 1938//1916
f 1936//1914 1938//1916 1939//1917
f 1355//1335 1354//1334 1940//1918
f 1355//1335 1940//1918 1941//1919
f 1942//1920 1943//1921 1944//1922
f 1942//1920 1944//1922 1945//1923
f 1946//1924 1943//1921 1942//1920
f 1946//1924 1942//1920 1947//1925
f 1948//1926 1949//1927 1950//1928
f 1948//1926 1950//1928 1951//1929
f 1952//1930 1949//1927 1948//1926
f 1952//1930 1948//1926 1953//1931
f 1954//1932 1955//1933 1956//1934
f 1954//1932 1956//1934 1957//1935
f 1956//1934 1955//1933 1958//1936
f 1956//1934 1958//1936 1959//1937
f 1960//1938 1961//1939 1962//1940
f 1960//1938 1962//1940 1963//1941
f 1962//1940 1961//1939 1964//1942
f 1962//1940 1964//1942 1965//1943
f 1966//1944 201//194 1967//1945
f 1966//1944 1967//1945 1968//1946
f 1969//1947 1970//1948 1971//1949
f 1969//1947 1971//1949 1972//1950
f 1967//1945 201//194 1973//1951
f 1967//1945 1973//1951 1974//1952
f 1975//1953 1976//1954 1977//1955
f 1975//1953 1977//1955 1978//1956
f 1979//1957 1980//1958 1981//1959
f 1979//1957 1981//1959 1982//1960
f 1983//1961 330//323 329//322
f 1983//1961 329//322 1984//1962
f 1985//1963 1955//1933 1954//1932
f 1985//1963 1954//1932 1986//1964
f 1944//1922 1943//1921 1987//1965
f 1944//1922 1987//1965 1988//1966
f 1989//1967 1961//1939 1960//1938
f 1989//1967 1960//1938 1990//1968
f 1958//1936 1955//1933 1985//1963
f 1958//1936 1985//1963 1991//1969
f 1964//1942 1961//1939 1989//1967
f 1964//1942 1989//1967 1992//1970
f 202//195 201//194 1966//1944
f 202//195 1966//1944 1993//1971
f 1994//1972 1995//1973 1973//1951
f 1994//1972 1973//1951 1996//1974
f 702//687 701//686 1997//1975
f 702//687 1997//1975 1998//1976
f 1940//1918 1354//1334 206//199
f 1940//1918 206//199 1999//1977
f 1866//1844 697//682 2000//1978
f 1866//1844 2000//1978 2001//1979
f 2002//1980 2003//1981 2004//1982
f 2002//1980 2004//1982 2005//1983
f 2006//1984 2007//1985 2008//1986
f 2006//1984 2008//1986 2009//1987
f 2010//1988 2011//1989 2012//1990
f 2010//1988 2012//1990 2013//1991
f 2014//1992 2015//1993 2016//1994
f 2014//1992 2016//1994 2017//1995
f 2018//1996 1871//1849 1870//1848
f 2018//1996 1870//1848 2019//1997
f 2020//1998 2021//1999 1876//1854
f 2020//1998 1876//1854 2022//2000
f 56//50 55//49 2023//2001
f 56//50 2023//2001 2024//2002
f 1821//1801 1820//1800 2023//2001
f 1821//1801 2023//2001 2025//2003
f 2026//2004 1129//1111 2027//2005
f 2026//2004 2027//2005 2028//2006
f 2029//2007 2030//2008 2031//2009
f 2029//2007 2031//2009 2032//2010
f 2033//2011 2034//2012 2035//2013
f 2033//2011 2035//2013 2036//2014
f 2037//2015 2038//2016 2039//2017
f 2037//2015 2039//2017 2040//2018
f 2041//2019 260//253 259//252
f 2041//2019 259//252 2042//2020
f 2043//2021 2044//2022 2045//2023
f 2043//2021 2045//2023 2046//2024
f 2047//2025 2048//2026 225//218
f 2047//2025 225//218 2049//2027
f 2050//2028 2034//2012 241//234
f 2050//2028 241//234 2051//2029
f 212//205 228//221 227//220
f 212//205 227//220 2052//2030
f 2053//2031 2054//2032 2055//2033
f 2053//2031 2055//2033 2056//2034
f 229//222 228//221 2057//2035
f 229//222 2057//2035 2058//2036
f 2059//2037 2060//2038 2039//2017
f 2059//2037 2039//2017 2061//2039
f 2062//2040 1181//1163 1180//1162
f 2062//2040 1180//1162 2063//2041
f 2062//2040 2054//2032 2053//2031
f 2062//2040 2053//2031 2064//2042
f 2065//2043 236//229 235//228
f 2065//2043 235//228 2066//2044
f 2067//2045 59//53 58//52
f 2067//2045 58//52 2068//2046
f 2050//2028 2069//2047 253//246
f 2050//2028 253//246 2070//2048
f 2071//2049 63//57 62//56
f 2071//2049 62//56 2072//2050
f 2073//2051 2074//2052 2075//2053
f 2073//2051 2075//2053 2076//2054
f 2077//2055 1201//1183 1200//1182
f 2077//2055 1200//1182 2078//2056
f 2079//2057 1185//1167 1184//1166
f 2079//2057 1184//1166 2080//2058
f 2081//2059 1205//1187 2082//2060
f 2081//2059 2082//2060 2083//2061
f 2084//2062 2044//2022 2085//2063
f 2084//2062 2085//2063 2086//2064
f 2087//2065 2088//2066 2085//2063
f 2087//2065 2085//2063 2089//2067
f 2082//2060 1205//1187 1204//1186
f 2082//2060 1204//1186 2090//2068
f 2091//2069 2092//2070 2093//2071
f 2091//2069 2093//2071 2094//2072
f 2095//2073 2096//2074 2097//2075
f 2095//2073 2097//2075 2098//2076
f 1206//1188 1205//1187 2081//2059
f 1206//1188 2081//2059 2099//2077
f 2100//2078 2101//2079 2102//2080
f 2100//2078 2102//2080 2103//2081
f 1166//1148 1165//1147 2104//2082
f 1166//1148 2104//2082 2105//2083
f 2106//2084 1220//1202 1251//1233
f 2106//2084 1251//1233 2107//2085
f 2108//2086 2109//2087 1221//1203
f 2108//2086 1221//1203 2110//2088
f 2111//2089 83//77 2112//2090
f 2111//2089 2112//2090 2113//2091
f 2114//2092 115//109 114//108
f 2114//2092 114//108 2115//2093
f 2116//2094 71//65 2117//2095
f 2116//2094 2117//2095 2118//2096
f 2119//2097 1169//1151 2120//2098
f 2119//2097 2120//2098 2121//2099
f 2122//2100 115//109 2114//2092
f 2122//2100 2114//2092 2123//2101
f 2124//2102 1347//1327 1346//1326
f 2124//2102 1346//1326 2125//2103
f 1359//1339 1358//1338 2126//2104
f 1359//1339 2126//2104 2127//2105
f 2128//2106 1333//1313 1451//1431
f 2128//2106 1451//1431 2129//2107
f 1884//1862 1883//1861 2130//2108
f 1884//1862 2130//2108 2131//2109
f 2132//2110 2133//2111 2134//2112
f 2132//2110 2134//2112 2135//2113
f 2136//2114 1895//1873 1894//1872
f 2136//2114 1894//1872 2137//2115
f 2138//2116 2139//2117 2140//2118
f 2138//2116 2140//2118 2141//2119
f 2142//2120 1448//1428 1447//1427
f 2142//2120 1447//1427 2143//2121
f 1449//1429 1448//1428 2144//2122
f 1449//1429 2144//2122 2145//2123
f 2146//2124 330//323 1983//1961
f 2146//2124 1983//1961 2147//2125
f 2148//2126 1899//1877 1898//1876
f 2148//2126 1898//1876 2149//2127
f 1896//1874 1895//1873 2150//2128
f 1896//1874 2150//2128 2151//2129
f 1981//1959 1980//1958 2152//2130
f 1981//1959 2152//2130 2153//2131
f 1950//1928 1949//1927 2154//2132
f 1950//1928 2154//2132 2155//2133
f 2156//2134 2157//2135 2158//2136
f 2156//2134 2158//2136 2159//2137
f 2160//2138 2161//2139 2162//2140
f 2160//2138 2162//2140 2163//2141
f 1994//1972 1875//1853 1874//1852
f 1994//1972 1874//1852 2164//2142
f 2165//2143 1970//1948 2166//2144
f 2166//2144 1970//1948 2167//2145
f 2168//2146 2166//2144 2167//2145
f 2169//2147 1887//1865 1886//1864
f 2169//2147 1886//1864 2170//2148
f 2171//2149 2172//2150 2173//2151
f 2171//2149 2173//2151 2174//2152
f 2175//2153 1903//1881 1902//1880
f 2175//2153 1902//1880 2176//2154
f 2177//2155 2178//2156 2179//2157
f 2177//2155 2179//2157 2180//2158
f 2181//2159 1911//1889 1910//1888
f 2181//2159 1910//1888 2182//2160
f 2183//2161 1915//1893 1914//1892
f 2183//2161 1914//1892 2184//2162
f 2185//2163 1929//1907 1928//1906
f 2185//2163 1928//1906 2186//2164
f 2187//2165 1919//1897 1918//1896
f 2187//2165 1918//1896 2188//2166
f 1892//1870 1891//1869 2189//2167
f 1892//1870 2189//2167 2190//2168
f 2191//2169 2192//2170 2193//2171
f 2191//2169 2193//2171 2194//2172
f 2195//2173 2196//2174 2197//2175
f 2195//2173 2197//2175 2198//2176
f 1908//1886 1907//1885 2199//2177
f 1908//1886 2199//2177 2200//2178
f 2201//2179 2202//2180 2203//2181
f 2201//2179 2203//2181 2204//2182
f 1912//1890 1911//1889 2205//2183
f 1912//1890 2205//2183 2206//2184
f 2207//2185 2208//2186 2209//2187
f 2207//2185 2209//2187 2210//2188
f 1934//1912 1933//1911 2211//2189
f 1934//1912 2211//2189 2212//2190
f 2213//2191 2214//2192 2215//2193
f 2213//2191 2215//2193 2216//2194
f 2217//2195 1976//1954 1975//1953
f 2217//2195 1975//1953 2218//2196
f 2219//2197 2220//2198 2221//2199
f 2219//2197 2221//2199 2222//2200
f 2012//1990 2011//1989 2223//2201
f 2012//1990 2223//2201 2224//2202
f 2225//2203 2226//2204 2227//2205
f 2225//2203 2227//2205 2228//2206
f 2004//1982 2003//1981 2229//2207
f 2004//1982 2229//2207 2230//2208
f 2231//2209 2232//2210 2233//2211
f 2231//2209 2233//2211 2234//2212
f 2016//1994 2015//1993 2235//2213
f 2016//1994 2235//2213 2236//2214
f 2237//2215 2238//2216 2239//2217
f 2237//2215 2239//2217 2240//2218
f 2241//2219 2242//2220 2243//2221
f 2241//2219 2243//2221 2244//2222
f 2245//2223 1871//1849 2018//1996
f 2245//2223 2018//1996 2246//2224
f 2247//2225 2003//1981 2002//1980
f 2247//2225 2002//1980 2248//2226
f 2249//2227 2007//1985 2006//1984
f 2249//2227 2006//1984 2250//2228
f 2251//2229 2252//2230 2253//2231
f 2251//2229 2253//2231 2254//2232
f 2255//2233 2256//2234 2257//2235
f 2255//2233 2257//2235 2258//2236
f 2258//2236 2257//2235 2259//2237
f 2260//2238 1790//1770 1789//1769
f 2260//2238 1789//1769 2261//2239
f 685//670 684//669 1785//1765
f 685//670 1785//1765 2262//2240
f 2263//2241 2264//2242 1039//1022
f 2263//2241 1039//1022 2265//2243
f 2266//2244 847//2245 2267//2246
f 2266//2244 2267//2246 2268//2247
f 1065//1050 1064//1049 2269//2248
f 1065//1050 2269//2248 2270//2249
f 1118//1100 1117//1099 2271//2250
f 1118//1100 2271//2250 2272//2251
f 1853//1833 1852//1832 2273//2252
f 1853//1833 2273//2252 2274//2253
f 2273//2252 1852//1832 2275//2254
f 2273//2252 2275//2254 2276//2255
f 48//46 47//45 2277//2256
f 48//46 2277//2256 2278//2257
f 1750//1730 1588//1568 1587//1567
f 1750//1730 1587//1567 2279//2258
f 2280//2259 1553//1533 2281//2260
f 2280//2259 2281//2260 2282//2261
f 2283//2262 1557//1537 1556//1536
f 2283//2262 1556//1536 2284//2263
f 2285//2264 2286//2265 2287//2266
f 2285//2264 2287//2266 2288//2267
f 937//921 932//916 931//915
f 937//921 931//915 2289//2268
f 1414//1394 1413//1393 2290//2269
f 1414//1394 2290//2269 2291//2270
f 2292//2271 1413//1393 1412//1392
f 2292//2271 1412//1392 2293//2272
f 2294//2273 1802//1782 2295//2274
f 2294//2273 2295//2274 2296//2275
f 963//947 2297//2276 958//942
f 963//947 958//942 957//941
f 869//853 868//852 2298//2277
f 869//853 2298//2277 2299//2278
f 2300//2279 2301//2280 146//140
f 2300//2279 146//140 2302//2281
f 2303//2282 787//772 786//771
f 2303//2282 786//771 2304//2283
f 2305//2284 145//139 1394//1374
f 2305//2284 1394//1374 2306//2285
f 2307//2286 2308//2287 2309//2288
f 2307//2286 2309//2288 2310//2289
f 2311//2290 2312//2291 1182//1164
f 2311//2290 1182//1164 2313//2292
f 2314//2293 2315//2294 2316//2295
f 2314//2293 2316//2295 2317//2296
f 2317//2296 2316//2295 2318//2297
f 1878//1856 2238//2216 2319//2298
f 1878//1856 2319//2298 2320//2299
f 2237//2215 2321//2300 2253//2231
f 2237//2215 2253//2231 2322//2301
f 840//825 298//291 297//290
f 840//825 297//290 2323//2302
f 1061//1046 1060//1045 1862//1842
f 1061//1046 1862//1842 2324//2303
f 2328//2304 2329//2305 2330//2306
f 2328//2304 2330//2306 2331//2307
f 2332//2308 2333//2309 2334//2310
f 2332//2308 2334//2310 2335//2311
f 2336//2312 2337//2313 2338//2314
f 2338//2314 2339//2315 2336//2312
f 2339//2315 2338//2314 2340//2316
f 2341//2317 2342//2318 2343//2319
f 2341//2317 2343//2319 2344//2320
f 2345//2321 2346//2322 2347//2323
f 2345//2321 2347//2323 2348//2324
f 2349//2325 2350//2326 2351//2327
f 2349//2325 2351//2327 2352//2328
f 2359//2329 2329//2305 2328//2304
f 2359//2329 2328//2304 2360//2330
f 2343//2319 2342//2318 2361//2331
f 2343//2319 2361//2331 2362//2332
f 2363//2333 2364//2334 2365//2335
f 2363//2333 2365//2335 2366//2336
f 2367//2337 2368//2338 2369//2339
f 2367//2337 2369//2339 2370//2340
f 2371//2341 2364//2334 2372//2342
f 2371//2341 2372//2342 2373//2343
f 2374//2344 2375//2345 2376//2346
f 2374//2344 2376//2346 2377//2347
f 2377//2347 2376//2346 2378//2348
f 333//326 2379//2349 334//327
f 2380//2350 2381//2351 2382//2352
f 2380//2350 2382//2352 2383//2353
f 2384//2354 2385//2355 2386//2356
f 2384//2354 2386//2356 2387//2357
f 2388//2358 2389//2359 2390//2360
f 2388//2358 2390//2360 2391//2361
f 2392//2362 2393//2363 341//334
f 2392//2362 341//334 2394//2364
f 2395//2365 2396//2366 2397//2367
f 2395//2365 2397//2367 2398//2368
f 2399//2369 2400//2370 2401//2371
f 2399//2369 2401//2371 2402//2372
f 2403//2373 2404//2374 2405//2375
f 2403//2373 2405//2375 2406//2376
f 2407//2377 2408//2378 2409//2379
f 2407//2377 2409//2379 2410//2380
f 2375//2345 2411//2381 2376//2346
f 2411//2381 2412//2382 2413//2383
f 2413//2383 2376//2346 2411//2381
f 2414//2384 2415//2385 2416//2386
f 2414//2384 2416//2386 2417//2387
f 2418//2388 2419//2389 2420//2390
f 2418//2388 2420//2390 2421//2391
f 2422//2392 2423//2393 2424//2394
f 2422//2392 2424//2394 2425//2395
f 2426//2396 2427//2397 2428//2398
f 2426//2396 2428//2398 2429//2399
f 373//362 376//365 2430//2400
f 373//362 2430//2400 2431//2401
f 2432//2402 2433//2403 2434//2404
f 2432//2402 2434//2404 2435//2405
f 2436//2406 2437//2407 2438//2408
f 2436//2406 2438//2408 2439//2409
f 2440//2410 2441//2411 2442//2412
f 2440//2410 2442//2412 2443//2413
f 2444//2414 2445//2415 2446//2416
f 2444//2414 2446//2416 2447//2417
f 2448//2418 2449//2419 2450//2420
f 2448//2418 2450//2420 2451//2421
f 2452//2422 2453//2423 2454//2424
f 2452//2422 2454//2424 2455//2425
f 2456//2426 2457//2427 2458//2428
f 2456//2426 2458//2428 2459//2429
f 2460//2430 811//796 810//795
f 2460//2430 810//795 2461//2431
f 2462//2432 2463//2433 2464//2434
f 2462//2432 2464//2434 2465//2435
f 2466//2436 2467//2437 2468//2438
f 2466//2436 2468//2438 2469//2439
f 2470//2440 2471//2441 2472//2442
f 2470//2440 2472//2442 2473//2443
f 2474//2444 2475//2445 2442//2412
f 2474//2444 2442//2412 2476//2446
f 2477//2447 2478//2448 2479//2449
f 2477//2447 2479//2449 2480//2450
f 2481//2451 2482//2452 638//624
f 2481//2451 638//624 2483//2453
f 2484//2454 837//822 836//821
f 2484//2454 836//821 2485//2455
f 2486//2456 2445//2415 2487//2457
f 2486//2456 2487//2457 2488//2458
f 2489//2459 2490//2460 2491//2461
f 2489//2459 2491//2461 2492//2462
f 2493//2463 2494//2464 2495//2465
f 2493//2463 2495//2465 2496//2466
f 2477//2447 2497//2467 2498//2468
f 2477//2447 2498//2468 2499//2469
f 2491//2461 2490//2460 2500//2470
f 2491//2461 2500//2470 2501//2471
f 857//841 856//840 2502//2472
f 857//841 2502//2472 2503//2473
f 2504//2474 641//627 640//626
f 2504//2474 640//626 2505//2475
f 2506//2476 2507//2477 2508//2478
f 2506//2476 2508//2478 2509//2479
f 2510//2480 2511//2481 2512//2482
f 2510//2480 2512//2482 2513//2483
f 2514//2484 2515//2485 2516//2486
f 2514//2484 2516//2486 2517//2487
f 2518//2488 2519//2489 2520//2490
f 2518//2488 2520//2490 2521//2491
f 2522//2492 2523//2493 2524//2494
f 2522//2492 2524//2494 2525//2495
f 2526//2496 2527//2497 2528//2498
f 2526//2496 2528//2498 2529//2499
f 2530//2500 2531//2501 2532//2502
f 2530//2500 2532//2502 2533//2503
f 2534//2504 2535//2505 2536//2506
f 2534//2504 2536//2506 2537//2507
f 2538//2508 2400//2370 2539//2509
f 2538//2508 2539//2509 2540//2510
f 2541//2511 2542//2512 2543//2513
f 2541//2511 2543//2513 2544//2514
f 2545//2515 2542//2512 2541//2511
f 2545//2515 2541//2511 2546//2516
f 2547//2517 2548//2518 2549//2519
f 2547//2517 2549//2519 2550//2520
f 2551//2521 2552//2522 2553//2523
f 2551//2521 2553//2523 2554//2524
f 2555//2525 2556//2526 2557//2527
f 2555//2525 2557//2527 2558//2528
f 2559//2529 2560//2530 2561//2531
f 2559//2529 2561//2531 2562//2532
f 2563//2533 2559//2529 2562//2532
f 2563//2533 2562//2532 2564//2534
f 2565//2535 2566//2536 2567//2537
f 2565//2535 2567//2537 2568//2538
f 2569//2539 2570//2540 2571//2541
f 2569//2539 2571//2541 2572//2542
f 2568//2538 2573//2543 2574//2544
f 2568//2538 2574//2544 2575//2545
f 2576//2546 2577//2547 504//494
f 2576//2546 504//494 2578//2548
f 2574//2544 2579//2549 2580//2550
f 2574//2544 2580//2550 2575//2545
f 2563//2533 2581//2551 2582//2552
f 2563//2533 2582//2552 2583//2553
f 2584//2554 653//639 652//638
f 2584//2554 652//638 2585//2555
f 2586//2556 2587//2557 2588//2558
f 2586//2556 2588//2558 2589//2559
f 496//486 495//485 2590//2560
f 496//486 2590//2560 2591//2561
f 2592//2562 2593//2563 2594//2564
f 2592//2562 2594//2564 2595//2565
f 2596//2566 2597//2567 2598//2568
f 2596//2566 2598//2568 2599//2569
f 2600//2570 2601//2571 2602//2572
f 2600//2570 2602//2572 2603//2573
f 2604//2574 2605//2575 2606//2576
f 2604//2574 2606//2576 2607//2577
f 2608//2578 2609//2579 2610//2580
f 2608//2578 2610//2580 2599//2569
f 2603//2573 2611//2581 2612//2582
f 2603//2573 2612//2582 2600//2570
f 2613//2583 355//348 354//347
f 2613//2583 354//347 2614//2584
f 2615//2585 2616//2586 2617//2587
f 2615//2585 2617//2587 2618//2588
f 2619//2589 2575//2545 2580//2550
f 2619//2589 2580//2550 2620//2590
f 2613//2583 2621//2591 508//498
f 2613//2583 508//498 507//497
f 2622//2592 2623//2593 2624//2594
f 2622//2592 2624//2594 2625//2595
f 2626//2596 2627//2597 2628//2598
f 2626//2596 2628//2598 2629//2599
f 2630//2600 2631//2601 2632//2602
f 2630//2600 2632//2602 2633//2603
f 2634//2604 2635//2605 2636//2606
f 2634//2604 2636//2606 2637//2607
f 1001//985 1000//984 2638//2608
f 1001//985 2638//2608 2639//2609
f 2640//2610 2641//2611 2642//2612
f 2640//2610 2642//2612 2643//2613
f 2644//2614 2645//2615 2646//2616
f 2644//2614 2646//2616 2647//2617
f 2648//2618 2649//2619 2650//2620
f 2648//2618 2650//2620 2651//2621
f 2652//2622 2653//2623 2654//2624
f 2652//2622 2654//2624 2655//2625
f 2608//2578 2656//2626 2657//2627
f 2608//2578 2657//2627 2612//2582
f 364//357 363//356 2658//2628
f 364//357 2658//2628 2659//2629
f 2662//2630 2663//2631 2664//2632
f 2662//2630 2664//2632 2665//2633
f 2666//2634 2667//2635 2668//2636
f 2666//2634 2668//2636 2669//2637
f 2670//2638 2671//2639 2672//2640
f 2670//2638 2672//2640 2673//2641
f 2666//2634 2663//2631 2662//2630
f 2666//2634 2662//2630 2674//2642
f 2675//2643 382//371 381//370
f 2675//2643 381//370 2676//2644
f 2672//2640 2671//2639 2677//2645
f 2672//2640 2677//2645 2678//2646
f 2679//2647 2680//2648 2681//2649
f 2679//2647 2681//2649 2682//2650
f 2683//2651 2684//2652 516//2653
f 2683//2651 516//2653 2685//2654
f 386//376 385//375 2686//2655
f 386//376 2686//2655 2687//2656
f 2688//2657 2689//2658 532//518
f 2688//2657 532//518 2690//2659
f 2691//2660 2692//2661 2693//2662
f 2691//2660 2693//2662 2694//2663
f 2695//2664 2696//2665 2697//2666
f 2695//2664 2697//2666 2698//2667
f 2699//2668 1068//1053 1067//1052
f 2699//2668 1067//1052 2700//2669
f 1071//1056 1068//1053 2699//2668
f 1071//1056 2699//2668 2702//2670
f 2502//2472 856//840 1073//1058
f 2502//2472 1073//1058 2703//2671
f 2704//2672 2705//2673 2706//2674
f 2704//2672 2706//2674 2707//2675
f 1081//1066 1080//1065 2708//2676
f 1081//1066 2708//2676 2709//2677
f 2708//2676 1080//1065 1083//1068
f 2708//2676 1083//1068 2710//2678
f 2711//2679 2712//2680 2713//2681
f 2711//2679 2713//2681 2714//2682
f 2716//2683 2717//2684 2718//2685
f 2716//2683 2718//2685 2719//2686
f 2720//2687 2721//2688 2722//2689
f 2720//2687 2722//2689 2723//2690
f 2724//2691 2725//2692 2726//2693
f 2724//2691 2726//2693 2727//2694
f 2728//2695 2729//2696 2730//2697
f 2728//2695 2730//2697 2731//2698
f 2733//2699 2689//2658 2734//2700
f 2736//2701 2737//2702 2738//2703
f 2736//2701 2738//2703 2739//2704
f 2740//2705 2741//2706 2742//2707
f 2740//2705 2742//2707 2743//2708
f 2722//2689 2721//2688 2744//2709
f 2722//2689 2744//2709 2745//2710
f 2648//2618 2645//2615 2746//2711
f 2648//2618 2746//2711 2747//2712
f 2748//2713 2749//2714 2750//2715
f 2748//2713 2750//2715 2751//2716
f 2752//2717 2753//2718 2754//2719
f 2752//2717 2754//2719 2755//2720
f 2756//2721 2757//2722 2758//2723
f 2756//2721 2758//2723 2759//2724
f 2760//2725 2761//2726 2762//2727
f 2760//2725 2762//2727 2763//2728
f 2762//2727 2761//2726 2764//2729
f 2762//2727 2764//2729 2765//2730
f 2766//2731 2767//2732 2768//2733
f 2766//2731 2768//2733 2769//2734
f 421//411 420//410 2770//2735
f 421//411 2770//2735 2771//2736
f 2772//2737 2773//2738 2774//2739
f 2772//2737 2774//2739 2775//2740
f 2776//2741 2777//2742 2778//2743
f 2776//2741 2778//2743 2779//2744
f 2780//2745 2781//2746 2782//2747
f 2780//2745 2782//2747 2783//2748
f 2784//2749 388//378 440//430
f 2784//2749 440//430 2785//2750
f 2784//2749 2786//2751 2787//2752
f 2784//2749 2787//2752 2788//2753
f 2789//2754 2790//2755 2791//2756
f 2789//2754 2791//2756 2792//2757
f 2793//2758 468//458 467//457
f 2793//2758 467//457 2794//2759
f 606//592 464//454 463//453
f 606//592 463//453 2795//2760
f 2796//2761 2797//2762 2798//2763
f 2796//2761 2798//2763 2799//2764
f 2800//2765 554//540 2801//2766
f 2800//2765 2801//2766 2802//2767
f 2803//2768 2804//2769 2805//2770
f 2803//2768 2805//2770 2806//2771
f 2807//2772 2808//2773 2809//2774
f 2807//2772 2809//2774 2810//2775
f 2811//2776 2812//2777 2813//2778
f 2811//2776 2813//2778 2814//2779
f 2815//2780 2816//2781 2817//2782
f 2815//2780 2817//2782 2818//2783
f 2819//2784 2816//2781 2820//2785
f 2819//2784 2820//2785 2821//2786
f 2822//2787 2823//2788 2824//2789
f 2822//2787 2824//2789 2825//2790
f 2826//2791 621//607 2801//2766
f 2826//2791 2801//2766 2827//2792
f 2828//2793 2829//2794 2830//2795
f 2828//2793 2830//2795 2831//2796
f 2832//2797 2833//2798 2834//2799
f 2832//2797 2834//2799 2835//2800
f 2836//2801 2837//2802 2838//2803
f 2836//2801 2838//2803 2839//2804
f 465//455 464//454 605//591
f 465//455 605//591 2840//2805
f 2841//2806 458//448 457//447
f 2841//2806 457//447 2842//2807
f 2843//2808 2844//2809 2845//2810
f 2843//2808 2845//2810 2846//2811
f 2805//2770 2804//2769 2847//2812
f 2805//2770 2847//2812 2848//2813
f 2768//2733 2767//2732 2849//2814
f 2768//2733 2849//2814 2850//2815
f 2851//2816 2852//2817 2849//2814
f 2851//2816 2849//2814 2853//2818
f 2854//2819 2767//2732 2855//2820
f 2854//2819 2855//2820 2856//2821
f 567//553 2823//2788 2855//2820
f 567//553 2855//2820 2857//2822
f 2858//2823 2859//2824 2860//2825
f 2858//2823 2860//2825 2861//2826
f 2860//2825 2859//2824 577//563
f 2860//2825 577//563 2862//2827
f 2863//2828 2790//2755 2789//2754
f 2863//2828 2789//2754 2864//2829
f 2865//2830 2866//2831 2867//2832
f 2865//2830 2867//2832 2868//2833
f 2869//2834 2870//2835 2871//2836
f 2869//2834 2871//2836 2872//2837
f 2873//2838 2874//2839 2875//2840
f 2873//2838 2875//2840 2876//2841
f 2877//2842 438//428 2878//2843
f 2877//2842 2878//2843 2879//2844
f 555//541 554//540 2800//2765
f 555//541 2800//2765 2880//2845
f 451//441 450//440 2881//2846
f 451//441 2881//2846 2882//2847
f 2883//2848 396//386 2884//2849
f 2883//2848 2884//2849 2885//2850
f 2886//2851 2887//2852 2888//2853
f 2886//2851 2888//2853 2889//2854
f 2890//2855 2891//2856 2892//2857
f 2890//2855 2892//2857 2893//2858
f 2894//2859 2895//2860 2896//2861
f 2894//2859 2896//2861 2897//2862
f 479//469 476//466 2898//2863
f 479//469 2898//2863 2899//2864
f 2900//2865 412//402 411//401
f 2900//2865 411//401 2901//2866
f 2902//2867 2844//2809 2843//2808
f 2902//2867 2843//2808 2903//2868
f 2904//2869 1279//1261 1278//1260
f 2904//2869 1278//1260 2905//2870
f 1282//1264 1279//1261 2904//2869
f 1282//1264 2904//2869 2906//2871
f 2907//2872 2908//2873 2909//2874
f 2907//2872 2909//2874 2910//2875
f 2911//2876 2912//2877 2913//2878
f 2911//2876 2913//2878 2914//2879
f 2915//2880 2449//2419 2916//2881
f 2915//2880 2916//2881 2917//2882
f 2916//2881 2449//2419 2448//2418
f 2916//2881 2448//2418 2918//2883
f 2472//2442 2471//2441 2919//2884
f 2472//2442 2919//2884 2920//2885
f 2921//2886 2922//2887 2923//2888
f 2921//2886 2923//2888 2924//2889
f 2925//2890 2912//2877 2911//2876
f 2925//2890 2911//2876 2926//2891
f 2927//2892 1305//1287 1304//1286
f 2927//2892 1304//1286 2928//2893
f 1310//1292 1309//1291 2929//2894
f 1310//1292 2929//2894 2930//2895
f 2931//2896 1313//1295 1312//1294
f 2931//2896 1312//1294 2932//2897
f 2933//2898 2934//2899 2935//2900
f 2933//2898 2935//2900 2936//2901
f 2938//2902 1323//1303 1322//1302
f 2938//2902 1322//1302 2939//2903
f 1326//1306 1323//1303 2938//2902
f 1326//1306 2938//2902 2940//2904
f 2941//2905 1329//1309 1328//1308
f 2941//2905 1328//1308 2942//2906
f 2943//2907 2944//2908 2945//2909
f 2943//2907 2945//2909 2946//2910
f 2947//2911 2948//2912 2949//2913
f 2947//2911 2949//2913 2950//2914
f 2951//2915 2952//2916 2953//2917
f 2951//2915 2953//2917 2954//2918
f 2955//2919 347//340 2953//2917
f 2955//2919 2953//2917 2956//2920
f 2957//2921 2958//2922 2959//2923
f 2957//2921 2959//2923 2620//2590
f 2562//2532 2565//2535 2619//2589
f 2562//2532 2619//2589 2564//2534
f 2960//2924 2958//2922 2957//2921
f 2960//2924 2957//2921 2961//2925
f 2962//2926 2963//2927 2964//2928
f 2962//2926 2964//2928 2965//2929
f 2966//2930 2967//2931 2968//2932
f 2966//2930 2968//2932 2969//2933
f 2970//2934 2908//2873 2907//2872
f 2970//2934 2907//2872 2971//2935
f 2972//2936 2973//2937 2974//2938
f 2972//2936 2974//2938 2975//2939
f 2976//2940 2515//2485 2514//2484
f 2976//2940 2514//2484 2977//2941
f 2978//2942 2958//2922 2960//2924
f 2978//2942 2960//2924 2979//2943
f 2980//2944 2981//2945 2982//2946
f 2980//2944 2982//2946 2983//2947
f 2516//2486 2515//2485 2984//2948
f 2516//2486 2984//2948 2985//2949
f 2986//2950 2987//2951 2988//2952
f 2986//2950 2988//2952 2989//2953
f 2990//2954 2587//2557 2586//2556
f 2990//2954 2586//2556 2991//2955
f 2986//2950 2992//2956 2993//2957
f 2986//2950 2993//2957 2994//2958
f 2508//2478 2507//2477 2995//2959
f 2508//2478 2995//2959 2996//2960
f 2997//2961 2981//2945 2980//2944
f 2997//2961 2980//2944 2998//2962
f 2999//2963 483//473 482//472
f 2999//2963 482//472 3000//2964
f 2988//2952 2987//2951 2590//2560
f 2988//2952 2590//2560 3001//2965
f 3002//2966 2542//2512 2545//2515
f 3002//2966 2545//2515 3003//2967
f 3004//2968 3005//2969 3006//2970
f 3004//2968 3006//2970 3007//2971
f 3006//2970 3005//2969 3008//2972
f 3006//2970 3008//2972 3009//2973
f 3010//2974 3011//2975 3012//2976
f 3010//2974 3012//2976 3013//2977
f 2638//2608 1000//984 1406//1386
f 2638//2608 1406//1386 3014//2978
f 3015//2979 3016//2980 3017//2981
f 3015//2979 3017//2981 3018//2982
f 3019//2983 3020//2984 3021//2985
f 3019//2983 3021//2985 3022//2986
f 3023//2987 3024//2988 3025//2989
f 3023//2987 3025//2989 3026//2990
f 3025//2989 3024//2988 3027//2991
f 3025//2989 3027//2991 3028//2992
f 3029//2993 3030//2994 3031//2995
f 3029//2993 3031//2995 3032//2996
f 3033//2997 3034//2998 3035//2999
f 3033//2997 3035//2999 3036//3000
f 3035//2999 3034//2998 3037//3001
f 3035//2999 3037//3001 3038//3002
f 3039//3003 3040//3004 3041//3005
f 3040//3004 3042//3006 3043//3007
f 3043//3007 3041//3005 3040//3004
f 3044//3008 3045//3009 3046//3010
f 3044//3008 3046//3010 3047//3011
f 3048//3012 3049//3013 3050//3014
f 3048//3012 3050//3014 3051//3015
f 3052//3016 2404//2374 2403//2373
f 3052//3016 2403//2373 3053//3017
f 3054//3018 3055//3019 3056//3020
f 3054//3018 3056//3020 3057//3021
f 2945//2909 2944//2908 3058//3022
f 2945//2909 3058//3022 3059//3023
f 3060//3024 3049//3013 3061//3025
f 3060//3024 3061//3025 3062//3026
f 3063//3027 493//483 494//484
f 3063//3027 494//484 3064//3028
f 3065//3029 2548//2518 3066//3030
f 3065//3029 3066//3030 3067//3031
f 3066//3030 2548//2518 2547//2517
f 3066//3030 2547//2517 3068//3032
f 3069//3033 3070//3034 3071//3035
f 3069//3033 3071//3035 3072//3036
f 3073//3037 3074//3038 3075//3039
f 3073//3037 3075//3039 3076//3040
f 3077//3041 3078//3042 3079//3043
f 3077//3041 3079//3043 3080//3044
f 3081//3045 3082//3046 3083//3047
f 3081//3045 3083//3047 3084//3048
f 3085//3049 2430//2400 2458//2428
f 3085//3049 2458//2428 3086//3050
f 3087//3051 3088//3052 3089//3053
f 3087//3051 3089//3053 3090//3054
f 3091//3055 3092//3056 3089//3053
f 3091//3055 3089//3053 3093//3057
f 3094//3058 2584//2554 3095//3059
f 3094//3058 3095//3059 3096//3060
f 3097//3061 3098//3062 3099//3063
f 3097//3061 3099//3063 3100//3064
f 3101//3065 3102//3066 3103//3067
f 3101//3065 3103//3067 3104//3068
f 3105//3069 2749//2714 2748//2713
f 3105//3069 2748//2713 3106//3070
f 3107//3071 3108//3072 3109//3073
f 3107//3071 3109//3073 3110//3074
f 3111//3075 3102//3066 3101//3065
f 3111//3075 3101//3065 3112//3076
f 3113//3077 3114//3078 3115//3079
f 3113//3077 3115//3079 3116//3080
f 3117//3081 3118//3082 3119//3083
f 3117//3081 3119//3083 3120//3084
f 3121//3085 3122//3086 3123//3087
f 3121//3085 3123//3087 3124//3088
f 3125//3089 3126//3090 3127//3091
f 3125//3089 3127//3091 3128//3092
f 3129//3093 3130//3094 3131//3095
f 3129//3093 3131//3095 3132//3096
f 3133//3097 3134//3098 3135//3099
f 3133//3097 3135//3099 3136//3100
f 3137//3101 3138//3102 3139//3103
f 3137//3101 3139//3103 3140//3104
f 3135//3099 3134//3098 3141//3105
f 3135//3099 3141//3105 3142//3106
f 2428//2398 2427//2397 3143//3107
f 2428//2398 3143//3107 3144//3108
f 654//640 3145//3109 3146//3110
f 654//640 3146//3110 3147//3111
f 3148//3112 3149//3113 3150//3114
f 3148//3112 3150//3114 3151//3115
f 3152//3116 3153//3117 3154//3118
f 3152//3116 3154//3118 3155//3119
f 3154//3118 3153//3117 3156//3120
f 3154//3118 3156//3120 3157//3121
f 3158//3122 2471//2441 2470//2440
f 3158//3122 2470//2440 3159//3123
f 3160//3124 2408//2378 2407//2377
f 3160//3124 2407//2377 3161//3125
f 3162//3126 3163//3127 3164//3128
f 3162//3126 3164//3128 3165//3129
f 3166//3130 3167//3131 3168//3132
f 3166//3130 3168//3132 3169//3133
f 3170//3134 2922//2887 2921//2886
f 3170//3134 2921//2886 3171//3135
f 3172//3136 3173//3137 3174//3138
f 3172//3136 3174//3138 3175//3139
f 2390//2360 2389//2359 3176//3140
f 2390//2360 3176//3140 3177//3141
f 539//525 538//524 3178//3142
f 539//525 3178//3142 3179//3143
f 2416//2386 2415//2385 3180//3144
f 2416//2386 3180//3144 3181//3145
f 3182//3146 2535//2505 344//337
f 3182//3146 344//337 3183//3147
f 3184//3148 361//354 360//353
f 3184//3148 360//353 3128//3092
f 3185//3149 3186//3150 3187//3151
f 3185//3149 3187//3151 3188//3152
f 3189//3153 1584//1564 1583//1563
f 3189//3153 1583//1563 3190//3154
f 3191//3155 3192//3156 3193//3157
f 3191//3155 3193//3157 3194//3158
f 3195//3159 3196//3160 3197//3161
f 3195//3159 3197//3161 3198//3162
f 3199//3163 3200//3164 3201//3165
f 3199//3163 3201//3165 3202//3166
f 3203//3167 2396//2366 2395//2365
f 3203//3167 2395//2365 3204//3168
f 3205//3169 3206//3170 3207//3171
f 3205//3169 3207//3171 3208//3172
f 3209//3173 3210//3174 3211//3175
f 3209//3173 3211//3175 3212//3176
f 3211//3175 3210//3174 3213//3177
f 3211//3175 3213//3177 3214//3178
f 3215//3179 3186//3150 3185//3149
f 3215//3179 3185//3149 3216//3180
f 3187//3151 3186//3150 3217//3181
f 3187//3151 3217//3181 3218//3182
f 3217//3181 3186//3150 3215//3179
f 3217//3181 3215//3179 3219//3183
f 3220//3184 2463//2433 2462//2432
f 3220//3184 2462//2432 3221//3185
f 2498//2468 2497//2467 3222//3186
f 2498//2468 3222//3186 3223//3187
f 3224//3188 2527//2497 2526//2496
f 3224//3188 2526//2496 3225//3189
f 3226//3190 3227//3191 3228//3192
f 3226//3190 3228//3192 3229//3193
f 1626//1606 1313//1295 2931//2896
f 1626//1606 2931//2896 3230//3194
f 2534//2504 3098//3062 3231//3195
f 2534//2504 3231//3195 3232//3196
f 3233//3197 2527//2497 3224//3188
f 3233//3197 3224//3188 3234//3198
f 3235//3199 3236//3200 3237//3201
f 3235//3199 3237//3201 3238//3202
f 3239//3203 2389//2359 2388//2358
f 3239//3203 2388//2358 3240//3204
f 3241//3205 3242//3206 3243//3207
f 3241//3205 3243//3207 3244//3208
f 3245//3209 3242//3206 3241//3205
f 3245//3209 3241//3205 3246//3210
f 3178//3142 538//524 336//329
f 3178//3142 336//329 3247//3211
f 3248//3212 3249//3213 3250//3214
f 3248//3212 3250//3214 3251//3215
f 3252//3216 3253//3217 3254//3218
f 3252//3216 3254//3218 3255//3219
f 3256//3220 3257//3221 3258//3222
f 3256//3220 3258//3222 2629//2599
f 2642//2612 2641//2611 3259//3223
f 2642//2612 3259//3223 3260//3224
f 3259//3223 2641//2611 3261//3225
f 3259//3223 3261//3225 3262//3226
f 3263//3227 3249//3213 3248//3212
f 3263//3227 3248//3212 3264//3228
f 3265//3229 511//501 3266//3230
f 3265//3229 3266//3230 3267//3231
f 2602//2572 3268//3232 503//493
f 2602//2572 503//493 2631//2601
f 3269//3233 3270//3234 3271//3235
f 3269//3233 3271//3235 3272//3236
f 3273//3237 1672//1652 1671//1651
f 3273//3237 1671//1651 3274//3238
f 2913//2878 2912//2877 3275//3239
f 2913//2878 3275//3239 3276//3240
f 3277//3241 3278//3242 3279//3243
f 3277//3241 3279//3243 3280//3244
f 3281//3245 637//623 3282//3246
f 3281//3245 3282//3246 3283//3247
f 3284//3248 3278//3242 3277//3241
f 3284//3248 3277//3241 3285//3249
f 3266//3230 511//501 510//500
f 3266//3230 510//500 3286//3250
f 3287//3251 3288//3252 3289//3253
f 3287//3251 3289//3253 3290//3254
f 3291//3255 2576//2546 506//496
f 3291//3255 506//496 509//499
f 3008//2972 3005//2969 3292//3256
f 3008//2972 3292//3256 3293//3257
f 3004//2968 3294//3258 3295//3259
f 3004//2968 3295//3259 3296//3260
f 2446//2416 2445//2415 2486//2456
f 2446//2416 2486//2456 3297//3261
f 3298//3262 3299//3263 3300//3264
f 3298//3262 3300//3264 3301//3265
f 2493//2463 3302//3266 3303//3267
f 2493//2463 3303//3267 3304//3268
f 3305//3269 2437//2407 2436//2406
f 3305//3269 2436//2406 3306//3270
f 3307//3271 3299//3263 3298//3262
f 3307//3271 3298//3262 3308//3272
f 3083//3047 3082//3046 3309//3273
f 3083//3047 3309//3273 3310//3274
f 2675//2643 3074//3038 3073//3037
f 2675//2643 3073//3037 3311//3275
f 3141//3105 3134//3098 3312//3276
f 3141//3105 3312//3276 3313//3277
f 1710//1690 1709//1689 3314//3278
f 1710//1690 3314//3278 3315//3279
f 3316//3280 3317//3281 3318//3282
f 3316//3280 3318//3282 3319//3283
f 3320//3284 3321//3285 3322//3286
f 3320//3284 3322//3286 3323//3287
f 3324//3288 3325//3289 3326//3290
f 3324//3288 3326//3290 3327//3291
f 3328//3292 3329//3293 3330//3294
f 3328//3292 3330//3294 3331//3295
f 3332//3296 3333//3297 3334//3298
f 3332//3296 3334//3298 3335//3299
f 3222//3186 2497//2467 656//642
f 3222//3186 656//642 3336//3300
f 3337//3301 655//641 3338//3302
f 3337//3301 3338//3302 3339//3303
f 3340//3304 3341//3305 3342//3306
f 3340//3304 3342//3306 3343//3307
f 3342//3306 3341//3305 3344//3308
f 3342//3306 3344//3308 3345//3309
f 3346//3310 3196//3160 3195//3159
f 3346//3310 3195//3159 3347//3311
f 3348//3312 3196//3160 3346//3310
f 3348//3312 3346//3310 3349//3313
f 3046//3010 3045//3009 3350//3314
f 3046//3010 3350//3314 3351//3315
f 3352//3316 3192//3156 3353//3317
f 3352//3316 3353//3317 3354//3318
f 3355//3319 3356//3320 2431//2401
f 3355//3319 2431//2401 3357//3321
f 3358//3322 3359//3323 3360//3324
f 3358//3322 3360//3324 3361//3325
f 3362//3326 3363//3327 3364//3328
f 3362//3326 3364//3328 3365//3329
f 3364//3328 3363//3327 3366//3330
f 3364//3328 3366//3330 3367//3331
f 3344//3308 3341//3305 3368//3332
f 3344//3308 3368//3332 3369//3333
f 3370//3334 3242//3206 3245//3209
f 3370//3334 3245//3209 3371//3335
f 3372//3336 3070//3034 3373//3337
f 3372//3336 3373//3337 3374//3338
f 3375//3339 3118//3082 3117//3081
f 3375//3339 3117//3081 3376//3340
f 3377//3341 2342//2318 2341//2317
f 3377//3341 2341//2317 3378//3342
f 3243//3207 3242//3206 3370//3334
f 3243//3207 3370//3334 3379//3343
f 3380//3344 2393//2363 3381//3345
f 3380//3344 3381//3345 3382//3346
f 3383//3347 3114//3078 3384//3348
f 3383//3347 3384//3348 3385//3349
f 3386//3350 2333//2309 3387//3351
f 3386//3350 3387//3351 3388//3352
f 2334//2310 2333//2309 3386//3350
f 2334//2310 3386//3350 3389//3353
f 3390//3354 3391//3355 3392//3356
f 3390//3354 3392//3356 3393//3357
f 3394//3358 3395//3359 3396//3360
f 3394//3358 3396//3360 3397//3361
f 3398//3362 3118//3082 3375//3339
f 3398//3362 3375//3339 3399//3363
f 3400//3364 3401//3365 3402//3366
f 3400//3364 3402//3366 3403//3367
f 3404//3368 3405//3369 3406//3370
f 3404//3368 3406//3370 3407//3371
f 3396//3360 3395//3359 3408//3372
f 3396//3360 3408//3372 3409//3373
f 3410//3374 3359//3323 3411//3375
f 3410//3374 3411//3375 3412//3376
f 3413//3377 3414//3378 3415//3379
f 3413//3377 3415//3379 3416//3380
f 3417//3381 3418//3382 528//514
f 3417//3381 528//514 3419//3383
f 3420//3384 3016//2980 3015//2979
f 3420//3384 3015//2979 3421//3385
f 3422//3386 3423//3387 3424//3388
f 3422//3386 3424//3388 3425//3389
f 2847//2812 2804//2769 3426//3390
f 2847//2812 3426//3390 3427//3391
f 3428//3392 3414//3378 3429//3393
f 3428//3392 3429//3393 3430//3394
f 3413//3377 527//513 526//512
f 3413//3377 526//512 3431//3395
f 3432//3396 3434//3397 3435//3398
f 3107//3071 499//489 498//488
f 3107//3071 498//488 3436//3399
f 3437//3400 2354//3401 2353//3402
f 3437//3400 2353//3402 3438//3403
f 3439//3404 2874//2839 3440//3405
f 3439//3404 3440//3405 3441//3406
f 3442//3407 3443//3408 3444//3409
f 3444//3409 3443//3408 3445//3410
f 3446//3411 3444//3409 3445//3410
f 3447//3412 3448//3413 3449//3414
f 3447//3412 3449//3414 3450//3415
f 3451//3416 2419//2389 3452//3417
f 3451//3416 3452//3417 3453//3418
f 3454//3419 3455//3420 3456//3421
f 3454//3419 3456//3421 3457//3422
f 3458//3423 3045//3009 3044//3008
f 3458//3423 3044//3008 3459//3424
f 3460//3425 3461//3426 3462//3427
f 3460//3425 3462//3427 3463//3428
f 3464//3429 3465//3430 3466//3431
f 3464//3429 3466//3431 3467//3432
f 2454//2424 2453//2423 3468//3433
f 2454//2424 3468//3433 3469//3434
f 3180//3144 2415//2385 3470//3435
f 3180//3144 3470//3435 3471//3436
f 3472//3437 2717//2684 2686//2655
f 3472//3437 2686//2655 3473//3438
f 3442//3407 3476//3439 3443//3408
f 3477//3440 2346//2322 2345//2321
f 3477//3440 2345//2321 3478//3441
f 2351//2327 2350//2326 3479//3442
f 2351//2327 3479//3442 3480//3443
f 3481//3444 3482//3445 3483//3446
f 3481//3444 3483//3446 3484//3447
f 3485//3448 3486//3449 3487//3450
f 3485//3448 3487//3450 3488//3451
f 3489//3452 3490//3453 3491//3454
f 3489//3452 3491//3454 3492//3455
f 3493//3456 3494//3457 3495//3458
f 3493//3456 3495//3458 3496//3459
f 3497//3460 3498//3461 3499//3462
f 3497//3460 3499//3462 3500//3463
f 3501//3464 3502//3465 3503//3466
f 3501//3464 3503//3466 3504//3467
f 3505//3468 3506//3469 3507//3470
f 3505//3468 3507//3470 3508//3471
f 1900//1878 1899//1877 3509//3472
f 1900//1878 3509//3472 3510//3473
f 3511//3474 3512//3475 3513//3476
f 3511//3474 3513//3476 3514//3477
f 3515//3478 3516//3479 3517//3480
f 3515//3478 3517//3480 3518//3481
f 3519//3482 3520//3483 3521//3484
f 3519//3482 3521//3484 3522//3485
f 1916//1894 1915//1893 3523//3486
f 1916//1894 3523//3486 3524//3487
f 3525//3488 3526//3489 3527//3490
f 3525//3488 3527//3490 3528//3491
f 3529//3492 3530//3493 3531//3494
f 3531//3494 3530//3493 3532//3495
f 3533//3496 3531//3494 3532//3495
f 3534//3497 3535//3498 3536//3499
f 3534//3497 3536//3499 3537//3500
f 3538//3501 3539//3502 3540//3503
f 3538//3501 3540//3503 3541//3504
f 3542//3505 1937//1915 1936//1914
f 3542//3505 1936//1914 3543//3506
f 3544//3507 2963//2927 2962//2926
f 3544//3507 2962//2926 3545//3508
f 3546//3509 3547//3510 3548//3511
f 3546//3509 3548//3511 3549//3512
f 3548//3511 3547//3510 3550//3513
f 3548//3511 3550//3513 3551//3514
f 3552//3515 3553//3516 3554//3517
f 3552//3515 3554//3517 3555//3518
f 3554//3517 3553//3516 3556//3519
f 3554//3517 3556//3519 3557//3520
f 3558//3521 3559//3522 3560//3523
f 3558//3521 3560//3523 3561//3524
f 3562//3525 3559//3522 3558//3521
f 3562//3525 3558//3521 3563//3526
f 3564//3527 3565//3528 3566//3529
f 3564//3527 3566//3529 3567//3530
f 3568//3531 3565//3528 3564//3527
f 3568//3531 3564//3527 3569//3532
f 3570//3533 542//528 3571//3534
f 3570//3533 3571//3534 3572//3535
f 3573//3536 3574//3537 3575//3538
f 3573//3536 3575//3538 3576//3539
f 3577//3540 542//528 3570//3533
f 3577//3540 3570//3533 3578//3541
f 3579//3542 3580//3543 3581//3544
f 3579//3542 3581//3544 3582//3545
f 3583//3546 3584//3547 3585//3548
f 3583//3546 3585//3548 3586//3549
f 660//646 659//645 3587//3550
f 660//646 3587//3550 3588//3551
f 3560//3523 3559//3522 3589//3552
f 3560//3523 3589//3552 3590//3553
f 3591//3554 3547//3510 3546//3509
f 3591//3554 3546//3509 3592//3555
f 3566//3529 3565//3528 3593//3556
f 3566//3529 3593//3556 3594//3557
f 3589//3552 3559//3522 3562//3525
f 3589//3552 3562//3525 3595//3558
f 3593//3556 3565//3528 3568//3531
f 3593//3556 3568//3531 3596//3559
f 3571//3534 542//528 541//527
f 3571//3534 541//527 3597//3560
f 3577//3540 3598//3561 3599//3562
f 3577//3540 3599//3562 3600//3563
f 3601//3564 2350//2326 2349//2325
f 3601//3564 2349//2325 3602//3565
f 545//531 2963//2927 3544//3507
f 545//531 3544//3507 3603//3566
f 3604//3567 2346//2322 3477//3440
f 3604//3567 3477//3440 3605//3568
f 3606//3569 3607//3570 3608//3571
f 3606//3569 3608//3571 3609//3572
f 3610//3573 3611//3574 3612//3575
f 3610//3573 3612//3575 3613//3576
f 3614//3577 3615//3578 3616//3579
f 3614//3577 3616//3579 3617//3580
f 3618//3581 3619//3582 3620//3583
f 3618//3581 3620//3583 3621//3584
f 3483//3446 3482//3445 3622//3585
f 3483//3446 3622//3585 3623//3586
f 3485//3448 3624//3587 3625//3588
f 3485//3448 3625//3588 3626//3589
f 3627//3590 388//378 387//377
f 3627//3590 387//377 3628//3591
f 3627//3590 3423//3387 3422//3386
f 3627//3590 3422//3386 3629//3592
f 3630//3593 3631//3594 3632//3595
f 3630//3593 3632//3595 3633//3596
f 3634//3597 3635//3598 3636//3599
f 3634//3597 3636//3599 3637//3600
f 3638//3601 2781//2746 3639//3602
f 3638//3601 3639//3602 3640//3603
f 3641//3604 3642//3605 3643//3606
f 3641//3604 3643//3606 3644//3607
f 3645//3608 3646//3609 3647//3610
f 3645//3608 3647//3610 3648//3611
f 3649//3612 3650//3613 2817//2782
f 3649//3612 2817//2782 3651//3614
f 2774//2739 2773//2738 3652//3615
f 2774//2739 3652//3615 3653//3616
f 583//569 3654//3617 3655//3618
f 583//569 3655//3618 3656//3619
f 573//559 572//558 3657//3620
f 573//559 3657//3620 3658//3621
f 2820//2785 2816//2781 2815//2780
f 2820//2785 2815//2780 3659//3622
f 3660//3623 3661//3624 3662//3625
f 3660//3623 3662//3625 3663//3626
f 3641//3604 3664//3627 3665//3628
f 3641//3604 3665//3628 3666//3629
f 2813//2778 2812//2777 3667//3630
f 2813//2778 3667//3630 3668//3631
f 3669//3632 2895//2860 2892//2857
f 3669//3632 2892//2857 3670//3633
f 3671//3634 2773//2738 2772//2737
f 3671//3634 2772//2737 3672//3635
f 3673//3636 3674//3637 3675//3638
f 3673//3636 3675//3638 3676//3639
f 597//583 596//582 3655//3618
f 597//583 3655//3618 3677//3640
f 397//387 396//386 3678//3641
f 397//387 3678//3641 3679//3642
f 2883//2848 3680//3643 3681//3644
f 2883//2848 3681//3644 3682//3645
f 3683//3646 3684//3647 3685//3648
f 3683//3646 3685//3648 3686//3649
f 3687//3650 3688//3651 3689//3652
f 3687//3650 3689//3652 3690//3653
f 3691//3654 600//586 603//589
f 3691//3654 603//589 3692//3655
f 612//598 600//586 3691//3654
f 612//598 3691//3654 3693//3656
f 3694//3657 3695//3658 3696//3659
f 3694//3657 3696//3659 3697//3660
f 3698//3661 3699//3662 3700//3663
f 3698//3661 3700//3663 3701//3664
f 3702//3665 3703//3666 3704//3667
f 3702//3665 3704//3667 3705//3668
f 3706//3669 3703//3666 3702//3665
f 3706//3669 3702//3665 3707//3670
f 3708//3671 2829//2794 2828//2793
f 3708//3671 2828//2793 3709//3672
f 409//399 408//398 610//596
f 409//399 610//596 3710//3673
f 3711//3674 408//398 618//604
f 3711//3674 618//604 3712//3675
f 2796//2761 3713//3676 3714//3677
f 2796//2761 3714//3677 3715//3678
f 3716//3679 3717//3680 3718//3681
f 3716//3679 3718//3681 3719//3682
f 2845//2810 2844//2809 3720//3683
f 2845//2810 3720//3683 3721//3684
f 2902//2867 416//406 415//405
f 2902//2867 415//405 3722//3685
f 3723//3686 3680//3643 3724//3687
f 3723//3686 3724//3687 3725//3688
f 3726//3689 404//394 3727//3690
f 3726//3689 3727//3690 3728//3691
f 2888//2853 2887//2852 3729//3692
f 2888//2853 3729//3692 3730//3693
f 3723//3686 3731//3694 3732//3695
f 3723//3686 3732//3695 3733//3696
f 2959//2923 2958//2922 2978//2942
f 2959//2923 2978//2942 2581//2551
f 3734//3697 2967//2931 2966//2930
f 3734//3697 2966//2930 3735//3698
f 3058//3022 2944//2908 3736//3699
f 3058//3022 3736//3699 3737//3700
f 3738//3701 3494//3457 3493//3456
f 3738//3701 3493//3456 3739//3702
f 3740//3703 2133//2111 2132//2110
f 3740//3703 2132//2110 3741//3704
f 3507//3470 3506//3469 3742//3705
f 3507//3470 3742//3705 3743//3706
f 3744//3707 3745//3708 3746//3709
f 3744//3707 3746//3709 3747//3710
f 3056//3020 3055//3019 3748//3711
f 3056//3020 3748//3711 3749//3712
f 3750//3713 3055//3019 3054//3018
f 3750//3713 3054//3018 3751//3714
f 3587//3550 659//645 3752//3715
f 3587//3550 3752//3715 3753//3716
f 3509//3472 1899//1877 2148//2126
f 3509//3472 2148//2126 3754//3717
f 3755//3718 3506//3469 3505//3468
f 3755//3718 3505//3468 3756//3719
f 3757//3720 3584//3547 3583//3546
f 3757//3720 3583//3546 3758//3721
f 3759//3722 3553//3516 3552//3515
f 3759//3722 3552//3515 3760//3723
f 3761//3724 3762//3725 3763//3726
f 3761//3724 3763//3726 3764//3727
f 3765//3728 3766//3729 3767//3730
f 3765//3728 3767//3730 3768//3731
f 3487//3450 3486//3449 3599//3562
f 3487//3450 3599//3562 3769//3732
f 3770//3733 3771//3734 3772//3735
f 3770//3733 3772//3735 3574//3537
f 3771//3734 3773//3736 3772//3735
f 3499//3462 3498//3461 3774//3737
f 3499//3462 3774//3737 3775//3738
f 3776//3739 2172//2150 2171//2149
f 3776//3739 2171//2149 3777//3740
f 3513//3476 3512//3475 3778//3741
f 3513//3476 3778//3741 3779//3742
f 3780//3743 2178//2156 2177//2155
f 3780//3743 2177//2155 3781//3744
f 3521//3484 3520//3483 3782//3745
f 3521//3484 3782//3745 3783//3746
f 3523//3486 1915//1893 2183//2161
f 3523//3486 2183//2161 3784//3747
f 3536//3499 3535//3498 3785//3748
f 3536//3499 3785//3748 3786//3749
f 3527//3490 3526//3489 3787//3750
f 3527//3490 3787//3750 3788//3751
f 3789//3752 3790//3753 3791//3754
f 3791//3754 3790//3753 3792//3755
f 3791//3754 3792//3755 3793//3756
f 3793//3756 3792//3755 3794//3757
f 3795//3758 3502//3465 3501//3464
f 3795//3758 3501//3464 3796//3759
f 3797//3760 3798//3761 3799//3762
f 3797//3760 3799//3762 3800//3763
f 3801//3764 3802//3765 3803//3766
f 3801//3764 3803//3766 3804//3767
f 3805//3768 3516//3479 3515//3478
f 3805//3768 3515//3478 3806//3769
f 3807//3770 3808//3771 3809//3772
f 3807//3770 3809//3772 3810//3773
f 3811//3774 3520//3483 3519//3482
f 3811//3774 3519//3482 3812//3775
f 3813//3776 3814//3777 3815//3778
f 3813//3776 3815//3778 3816//3779
f 3817//3780 3539//3502 3538//3501
f 3817//3780 3538//3501 3818//3781
f 3819//3782 3820//3783 3821//3784
f 3819//3782 3821//3784 3822//3785
f 3581//3544 3580//3543 3823//3786
f 3581//3544 3823//3786 3824//3787
f 3825//3788 3826//3789 3827//3790
f 3825//3788 3827//3790 3828//3791
f 3829//3792 3615//3578 3614//3577
f 3829//3792 3614//3577 3830//3793
f 3831//3794 3832//3795 3833//3796
f 3831//3794 3833//3796 3834//3797
f 3835//3798 3607//3570 3606//3569
f 3835//3798 3606//3569 3836//3799
f 3837//3800 3838//3801 3839//3802
f 3837//3800 3839//3802 3840//3803
f 3841//3804 3619//3582 3618//3581
f 3841//3804 3618//3581 3842//3805
f 3843//3806 3844//3807 3845//3808
f 3843//3806 3845//3808 3846//3809
f 3847//3810 3848//3811 3849//3812
f 3847//3810 3849//3812 3850//3813
f 3622//3585 3482//3445 3851//3814
f 3622//3585 3851//3814 3852//3815
f 3608//3571 3607//3570 3853//3816
f 3608//3571 3853//3816 3854//3817
f 3612//3575 3611//3574 3855//3818
f 3612//3575 3855//3818 3856//3819
f 3857//3820 3858//3821 3859//3822
f 3857//3820 3859//3822 3860//3823
f 3476//3439 3861//3824 3862//3825
f 3476//3439 3862//3825 3443//3408
f 3861//3824 3863//3826 3864//3827
f 3864//3827 3862//3825 3861//3824
f 3392//3356 3391//3355 3865//3828
f 3392//3356 3865//3828 3866//3829
f 3387//3351 2333//2309 2332//2308
f 3387//3351 2332//2308 3867//3830
f 3868//3831 3869//3832 3870//3833
f 3868//3831 3870//3833 3871//3834
f 3872//3835 2494//2464 3873//3836
f 3872//3835 3873//3836 3874//3837
f 3875//3838 2696//2665 2695//2664
f 3875//3838 2695//2664 3876//3839
f 3877//3840 2741//2706 2740//2705
f 3877//3840 2740//2705 3878//3841
f 3879//3842 3461//3426 3460//3425
f 3879//3842 3460//3425 3880//3843
f 3881//3844 3461//3426 3879//3842
f 3881//3844 3879//3842 3882//3845
f 3883//3846 3884//3847 383//372
f 3883//3846 383//372 3885//3848
f 3193//3157 3192//3156 3352//3316
f 3193//3157 3352//3316 3886//3849
f 3887//3850 3163//3127 3888//3851
f 3887//3850 3888//3851 3889//3852
f 3168//3132 3167//3131 3890//3853
f 3168//3132 3890//3853 3891//3854
f 3892//3855 3893//3856 3894//3857
f 3892//3855 3894//3857 3895//3858
f 3896//3859 3020//2984 3019//2983
f 3896//3859 3019//2983 3897//3860
f 3021//2985 3020//2984 3898//3861
f 3021//2985 3898//3861 3899//3862
f 3900//3863 3405//3369 3901//3864
f 3900//3863 3901//3864 3902//3865
f 3903//3866 2511//2481 2510//2480
f 3903//3866 2510//2480 3904//3867
f 2438//2408 2437//2407 3905//3868
f 2438//2408 3905//3868 3906//3869
f 490//480 3907//3870 3908//3871
f 490//480 3908//3871 491//481
f 3909//3872 3910//3873 3911//3874
f 3909//3872 3911//3874 3912//3875
f 2811//2776 3913//3876 3914//3877
f 2811//2776 3914//3877 3915//3878
f 3916//3879 3917//3880 3918//3881
f 3917//3880 3919//3882 3920//3883
f 3920//3883 3918//3881 3917//3880
f 3921//3884 3844//3807 3491//3454
f 3921//3884 3491//3454 3922//3885
f 3857//3820 3923//3886 3845//3808
f 3857//3820 3845//3808 3924//3887
f 634//620 633//619 2487//2457
f 634//620 2487//2457 3925//3888
f 3472//3437 2692//2661 2691//2660
f 3472//3437 2691//2660 3926//3889
f 3933//3890 3934//3891 3935//3892
f 3933//3890 3935//3892 3936//3893
f 3934//3891 3937//3894 3935//3892
f 3440//3405 2874//2839 2873//2838
f 3440//3405 2873//2838 3938//3895
f 217//210 112//106 1255//1237
f 217//210 1255//1237 3939//3896
f 2881//2846 450//440 559//545
f 2881//2846 559//545 3940//3897
f 327//320 326//319 3941//3898
f 327//320 3941//3898 3942//3899
f 3638//3601 420//410 419//409
f 3638//3601 419//409 3943//3900
f 1213//1195 278//271 277//270
f 1213//1195 277//270 3947//3901
f 417//407 416//406 3948//3902
f 417//407 3948//3902 3949//3903
f 3950//3904 3951//3905 3952//3906
f 3950//3904 3952//3906 3953//3907
f 401//391 400//390 3954//3908
f 401//391 3954//3908 3955//3909
f 80//74 79//73 3956//3910
f 80//74 3956//3910 3957//3911
f 455//445 454//444 3958//3912
f 455//445 3958//3912 3959//3913
f 1275//1257 83//77 82//76
f 1275//1257 82//76 3960//3914
f 3948//3902 416//406 3961//3915
f 3948//3902 3961//3915 3962//3916
f 3963//3917 140//134 143//137
f 3963//3917 143//137 4//4
f 4//4 143//137 5//5
f 143//137 197//190 3//3
f 143//137 3//3 5//5
f 8//8 11//11 3964//3918
f 8//8 3964//3918 9//9
f 3964//3918 742//727 6//6
f 3964//3918 6//6 9//9
f 8//8 7//7 3965//3919
f 8//8 3965//3919 12//12
f 3965//3919 890//874 10//10
f 3965//3919 10//10 12//12
f 15//15 1341//1321 1340//1320
f 15//15 1340//1320 16//16
f 1340//1320 1337//1317 3966//3920
f 1340//1320 3966//3920 16//16
f 3966//3920 3967//3921 13//13
f 3966//3920 13//13 16//16
f 19//19 1015//999 1014//998
f 19//19 1014//998 20//20
f 1014//998 3968//3922 17//17
f 1014//998 17//17 20//20
f 23//23 3969//3923 3970//3924
f 23//23 3970//3924 24//24
f 3970//3924 3971//3925 1016//1000
f 3970//3924 1016//1000 24//24
f 1016//1000 1015//999 21//21
f 1016//1000 21//21 24//24
f 28//28 3972//3926 3973//3927
f 28//28 3973//3927 3974//3928
f 26//26 25//25 1576//1556
f 26//26 1576//1556 940//924
f 31//31 1008//992 1007//991
f 31//31 1007//991 32//32
f 1007//991 3975//3929 29//29
f 1007//991 29//29 32//32
f 3976//3930 3977//3931 37//3932
f 3977//3931 3978//3933 34//33
f 3977//3931 34//33 37//3932
f 3976//3930 1050//1033 1053//1036
f 44//42 189//183 192//186
f 44//42 192//186 45//43
f 192//186 186//180 193//187
f 192//186 193//187 45//43
f 193//187 3979//3934 42//40
f 193//187 42//40 45//43
f 48//46 3980//3935 3981//3936
f 48//46 3981//3936 49//47
f 3981//3936 2264//2242 2267//2246
f 3981//3936 2267//2246 49//47
f 2267//2246 847//2245 46//44
f 2267//2246 46//44 49//47
f 52//3937 2325//3938 53//3939
f 2325//3938 50//3940 53//3939
f 56//50 3983//3941 3984//3942
f 56//50 3984//3942 57//51
f 3984//3942 3985//3943 54//48
f 3984//3942 54//48 57//51
f 60//54 3986//3944 116//110
f 60//54 116//110 61//55
f 116//110 115//109 2122//2100
f 116//110 2122//2100 61//55
f 2122//2100 3987//3945 58//52
f 2122//2100 58//52 61//55
f 64//58 3988//3946 3989//3947
f 64//58 3989//3947 65//59
f 3989//3947 1156//1138 62//56
f 3989//3947 62//56 65//59
f 68//62 3990//3948 3991//3949
f 68//62 3991//3949 69//63
f 3991//3949 3992//3950 3993//3951
f 3991//3949 3993//3951 69//63
f 3993//3951 3994//3952 66//60
f 3993//3951 66//60 69//63
f 72//66 3995//3953 291//284
f 72//66 291//284 73//67
f 291//284 290//283 70//64
f 291//284 70//64 73//67
f 76//70 2101//2079 3996//3954
f 76//70 3996//3954 77//71
f 3996//3954 3997//3955 74//68
f 3996//3954 74//68 77//71
f 80//74 67//61 3998//3956
f 80//74 3998//3956 81//75
f 3998//3956 3986//3944 3999//3957
f 3998//3956 3999//3957 81//75
f 3999//3957 283//276 78//72
f 3999//3957 78//72 81//75
f 84//78 4000//3958 4001//3959
f 84//78 4001//3959 85//79
f 4001//3959 3995//3953 82//76
f 4001//3959 82//76 85//79
f 88//82 4002//3960 1159//1141
f 88//82 1159//1141 89//83
f 1159//1141 263//256 86//80
f 1159//1141 86//80 89//83
f 92//86 87//81 86//80
f 92//86 86//80 93//87
f 86//80 263//256 262//255
f 86//80 262//255 93//87
f 262//255 4003//3961 90//84
f 262//255 90//84 93//87
f 96//90 283//276 3999//3957
f 96//90 3999//3957 97//91
f 3999//3957 3986//3944 60//54
f 3999//3957 60//54 97//91
f 60//54 59//53 94//88
f 60//54 94//88 97//91
f 99//93 4004//3962 4005//3963
f 99//93 4005//3963 100//94
f 4005//3963 4006//3964 98//92
f 4005//3963 98//92 100//94
f 102//96 3988//3946 4007//3965
f 102//96 4007//3965 103//97
f 4007//3965 104//98 101//95
f 4007//3965 101//95 103//97
f 105//99 4008//3966 4009//3967
f 105//99 4009//3967 106//100
f 4009//3967 55//49 101//95
f 4009//3967 101//95 106//100
f 109//103 112//106 1261//1243
f 109//103 1261//1243 110//104
f 1261//1243 4010//3968 107//101
f 1261//1243 107//101 110//104
f 109//103 108//102 4011//3969
f 109//103 4011//3969 113//107
f 4011//3969 4008//3966 111//105
f 4011//3969 111//105 113//107
f 116//110 3986//3944 3998//3956
f 116//110 3998//3956 117//111
f 3998//3956 67//61 66//60
f 3998//3956 66//60 117//111
f 66//60 3994//3952 114//108
f 66//60 114//108 117//111
f 120//114 3990//3948 4012//3970
f 120//114 4012//3970 121//115
f 4012//3970 1216//1198 1215//1197
f 4012//3970 1215//1197 121//115
f 1215//1197 286//279 118//112
f 1215//1197 118//112 121//115
f 124//118 4013//3971 1272//1254
f 124//118 1272//1254 125//119
f 1272//1254 1271//1253 122//116
f 1272//1254 122//116 125//119
f 128//122 4014//3972 4015//3973
f 128//122 4015//3973 129//123
f 4015//3973 4016//3974 4017//3975
f 4015//3973 4017//3975 129//123
f 4017//3975 1271//1253 126//120
f 4017//3975 126//120 129//123
f 132//126 3997//3955 3996//3954
f 132//126 3996//3954 133//127
f 3996//3954 2101//2079 130//124
f 3996//3954 130//124 133//127
f 134//128 4013//3971 4018//3976
f 134//128 4018//3976 135//129
f 4018//3976 4019//3977 4020//3978
f 4018//3976 4020//3978 135//129
f 4020//3978 3997//3955 132//126
f 4020//3978 132//126 135//129
f 1383//1363 137//131 915//899
f 1383//1363 915//899 1381//1361
f 138//132 137//131 1383//1363
f 138//132 1383//1363 4021//3979
f 142//136 1839//1819 198//191
f 142//136 198//191 144//138
f 198//191 197//190 143//137
f 198//191 143//137 144//138
f 145//139 148//142 1395//1375
f 145//139 1395//1375 1394//1374
f 151//145 4022//3980 4023//3981
f 151//145 4023//3981 152//146
f 4023//3981 4024//3982 4025//3983
f 4023//3981 4025//3983 152//146
f 4025//3983 4026//3984 149//143
f 4025//3983 149//143 152//146
f 155//149 248//241 2295//2274
f 155//149 2295//2274 156//150
f 2295//2274 1802//1782 153//147
f 2295//2274 153//147 156//150
f 4027//3985 158//152 157//151
f 4027//3985 157//151 995//979
f 4027//3985 4028//3986 4029//3987
f 4027//3985 4029//3987 4030//3988
f 159//153 158//152 4031//3989
f 159//153 4031//3989 164//158
f 983//967 162//156 936//920
f 983//967 936//920 938//922
f 163//157 162//156 983//967
f 163//157 983//967 1665//1645
f 167//161 18//18 17//17
f 167//161 17//17 168//162
f 17//17 3968//3922 165//159
f 17//17 165//159 168//162
f 171//165 35//34 4032//3990
f 171//165 4032//3990 172//166
f 4032//3990 1047//1030 169//163
f 4032//3990 169//163 172//166
f 175//169 4033//3991 1815//1795
f 175//169 1815//1795 176//170
f 1815//1795 1814//1794 173//167
f 1815//1795 173//167 176//170
f 179//173 4034//3992 2027//2005
f 179//173 2027//2005 180//174
f 2027//2005 1129//1111 1128//1110
f 2027//2005 1128//1110 180//174
f 1128//1110 4035//3993 177//171
f 1128//1110 177//171 180//174
f 183//177 4036//3994 4037//3995
f 183//177 4037//3995 184//178
f 4037//3995 1814//1794 181//175
f 4037//3995 181//175 184//178
f 4038//3996 4039//3997 4040//3998
f 4040//3998 4039//3997 4041//3999
f 4042//4000 4040//3998 4041//3999
f 4043//4001 4044//4002 4041//3999
f 4043//4001 4041//3999 4045//4003
f 4044//4002 4042//4000 4041//3999
f 187//181 186//180 192//186
f 187//181 192//186 191//185
f 194//188 4046//4004 4047//4005
f 194//188 4047//4005 195//4006
f 4047//4005 3979//3934 193//187
f 4047//4005 193//187 195//4006
f 198//191 1839//1819 4048//4007
f 198//191 4048//4007 199//192
f 4048//4007 4049//4008 196//189
f 4048//4007 196//189 199//192
f 202//195 4050//4009 295//288
f 202//195 295//288 203//196
f 295//288 294//287 200//193
f 295//288 200//193 203//196
f 206//199 1354//1334 1353//1333
f 206//199 1353//1333 207//200
f 1353//1333 4051//4010 204//197
f 1353//1333 204//197 207//200
f 210//203 4052//4011 1148//1130
f 210//203 1148//1130 211//204
f 1148//1130 236//229 2065//2043
f 1148//1130 2065//2043 211//204
f 2065//2043 4053//4012 208//201
f 2065//2043 208//201 211//204
f 214//207 4054//4013 4055//4014
f 214//207 4055//4014 215//208
f 4055//4014 260//253 2041//2019
f 4055//4014 2041//2019 215//208
f 2041//2019 228//221 212//205
f 2041//2019 212//205 215//208
f 217//210 220//213 1259//1241
f 217//210 1259//1241 218//211
f 1259//1241 1258//1240 1178//1160
f 1259//1241 1178//1160 218//211
f 1178//1160 1177//1159 216//209
f 1178//1160 216//209 218//211
f 221//214 104//98 4007//3965
f 221//214 4007//3965 222//215
f 4007//3965 3988//3946 64//58
f 4007//3965 64//58 222//215
f 64//58 63//57 219//212
f 64//58 219//212 222//215
f 223//216 1193//1175 2031//2009
f 223//216 2031//2009 224//217
f 2031//2009 2030//2008 4056//4015
f 2031//2009 4056//4015 224//217
f 4056//4015 4052//4011 210//203
f 4056//4015 210//203 224//217
f 225//218 2048//2026 4057//4016
f 225//218 4057//4016 226//219
f 4057//4016 4058//4017 1194//1176
f 4057//4016 1194//1176 226//219
f 1194//1176 1193//1175 223//216
f 1194//1176 223//216 226//219
f 229//222 4059//4018 1130//1112
f 229//222 1130//1112 230//223
f 1130//1112 1129//1111 227//220
f 1130//1112 227//220 230//223
f 233//226 1232//1214 1231//1213
f 233//226 1231//1213 234//227
f 1231//1213 2048//2026 2047//2025
f 1231//1213 2047//2025 234//227
f 2047//2025 4060//4019 231//224
f 2047//2025 231//224 234//227
f 237//230 95//89 94//88
f 237//230 94//88 238//231
f 94//88 59//53 2067//2045
f 94//88 2067//2045 238//231
f 2067//2045 4061//4020 235//228
f 2067//2045 235//228 238//231
f 241//234 2034//2012 2033//2011
f 241//234 2033//2011 242//235
f 2033//2011 4062//4021 4063//4022
f 2033//2011 4063//4022 242//235
f 4063//4022 4061//4020 239//232
f 4063//4022 239//232 242//235
f 245//238 240//233 4064//4023
f 245//238 4064//4023 246//239
f 4064//4023 3987//3945 243//236
f 4064//4023 243//236 246//239
f 249//242 1244//1226 1249//1231
f 249//242 1249//1231 250//243
f 1249//1231 3983//3941 247//240
f 1249//1231 247//240 250//243
f 253//246 2069//2047 4065//4024
f 253//246 4065//4024 254//247
f 4065//4024 1156//1138 1155//1137
f 4065//4024 1155//1137 254//247
f 1155//1137 3985//3943 251//244
f 1155//1137 251//244 254//247
f 257//250 260//253 4066//4025
f 257//250 4066//4025 258//251
f 4066//4025 4067//4026 255//248
f 4066//4025 255//248 258//251
f 257//250 256//249 4068//4027
f 257//250 4068//4027 261//254
f 4068//4027 4069//4028 259//252
f 4068//4027 259//252 261//254
f 264//257 4052//4011 4056//4015
f 264//257 4056//4015 265//258
f 4056//4015 2030//2008 4070//4029
f 4056//4015 4070//4029 265//258
f 4070//4029 4003//3961 262//255
f 4070//4029 262//255 265//258
f 267//260 2096//2074 4071//4030
f 267//260 4071//4030 268//261
f 4071//4030 4072//4031 266//259
f 4071//4030 266//259 268//261
f 271//264 1209//1191 2102//2080
f 271//264 2102//2080 272//265
f 2102//2080 2101//2079 269//262
f 2102//2080 269//262 272//265
f 255//248 4067//4026 1210//1192
f 255//248 1210//1192 274//267
f 1210//1192 1209//1191 271//264
f 1210//1192 271//264 274//267
f 271//264 270//263 273//266
f 271//264 273//266 274//267
f 275//268 4006//3964 4005//3963
f 275//268 4005//3963 276//269
f 4005//3963 4004//3962 4073//4032
f 4005//3963 4073//4032 276//269
f 4073//4032 4002//3960 88//82
f 4073//4032 88//82 276//269
f 279//272 2101//2079 2100//2078
f 279//272 2100//2078 280//273
f 2100//2078 4000//3958 277//270
f 2100//2078 277//270 280//273
f 281//274 131//125 130//124
f 281//274 130//124 282//275
f 130//124 2101//2079 279//272
f 130//124 279//272 282//275
f 284//277 4004//3962 99//93
f 284//277 99//93 285//278
f 99//93 79//73 78//72
f 99//93 78//72 285//278
f 287//280 1197//1179 1170//1152
f 287//280 1170//1152 288//281
f 1170//1152 1169//1151 2119//2097
f 1170//1152 2119//2097 288//281
f 2119//2097 119//113 118//112
f 2119//2097 118//112 288//281
f 291//284 3995//3953 4001//3959
f 291//284 4001//3959 292//285
f 4001//3959 4000//3958 289//282
f 4001//3959 289//282 292//285
f 295//288 4050//4009 2235//2213
f 295//288 2235//2213 296//289
f 2235//2213 2015//1993 293//286
f 2235//2213 293//286 296//289
f 299//292 1543//1523 778//763
f 299//292 778//763 300//293
f 778//763 777//762 297//290
f 778//763 297//290 300//293
f 303//296 777//762 1533//1513
f 303//296 1533//1513 304//297
f 1533//1513 833//818 301//294
f 1533//1513 301//294 304//297
f 307//300 860//844 859//843
f 307//300 859//843 308//301
f 859//843 4074//4033 4075//4034
f 859//843 4075//4034 308//301
f 4075//4034 4076//4035 305//298
f 4075//4034 305//298 308//301
f 311//304 4077//4036 4078//4037
f 311//304 4078//4037 312//305
f 4078//4037 4079//4038 309//302
f 4078//4037 309//302 312//305
f 315//308 310//303 4080//4039
f 315//308 4080//4039 316//309
f 4080//4039 4081//4040 313//306
f 4080//4039 313//306 316//309
f 27//27 317//310 4082//4041
f 27//27 4082//4041 4083//4042
f 318//311 26//26 940//924
f 318//311 940//924 939//923
f 318//311 2300//2279 2302//2281
f 318//311 2302//2281 319//312
f 323//316 1536//1516 4084//4043
f 323//316 4084//4043 324//317
f 4084//4043 851//835 321//314
f 4084//4043 321//314 324//317
f 327//320 4085//4044 1235//1217
f 327//320 1235//1217 328//321
f 1235//1217 232//225 231//224
f 1235//1217 231//224 328//321
f 231//224 4060//4019 325//318
f 231//224 325//318 328//321
f 331//324 205//198 4086//4045
f 331//324 4086//4045 332//325
f 4086//4045 4087//4046 329//322
f 4086//4045 329//322 332//325
f 336//329 538//524 487//477
f 336//329 487//477 338//331
f 486//476 4088//4047 487//477
f 4088//4047 337//330 338//331
f 338//331 487//477 4088//4047
f 341//334 2393//2363 4089//4048
f 341//334 4089//4048 342//335
f 4089//4048 343//336 339//332
f 4089//4048 339//332 342//335
f 344//337 2535//2505 4090//4049
f 344//337 4090//4049 345//338
f 4090//4049 340//333 339//332
f 4090//4049 339//332 345//338
f 348//341 3288//3252 3287//3251
f 348//341 3287//3251 349//342
f 3287//3251 4091//4050 4092//4051
f 3287//3251 4092//4051 349//342
f 4092//4051 2948//2912 346//339
f 4092//4051 346//339 349//342
f 352//345 4093//4052 2654//2624
f 352//345 2654//2624 353//346
f 2654//2624 2653//2623 350//343
f 2654//2624 350//343 353//346
f 356//349 2649//2619 4094//4053
f 356//349 4094//4053 357//350
f 4094//4053 2653//2623 2652//2622
f 4094//4053 2652//2622 357//350
f 2652//2622 4095//4054 354//347
f 2652//2622 354//347 357//350
f 358//351 361//354 2606//2576
f 358//351 2606//2576 4096//4055
f 358//351 4096//4055 4097//4056
f 358//351 4097//4056 4098//4057
f 4098//4057 4099//4058 4100//4059
f 4098//4057 4100//4059 4101//4060
f 364//357 4102//4061 2646//2616
f 364//357 2646//2616 365//358
f 2646//2616 2645//2615 362//355
f 2646//2616 362//355 365//358
f 367//360 3928//4062 3927//4063
f 367//360 3927//4063 368//361
f 3927//4063 366//359 368//361
f 4103//4064 4104//4065 4105//4066
f 4103//4064 4105//4066 372//4067
f 4105//4066 4106//4068 369//4069
f 4105//4066 369//4069 372//4067
f 379//368 2721//2688 2720//2687
f 379//368 2720//2687 380//369
f 2720//2687 4107//4070 535//521
f 2720//2687 535//521 380//369
f 535//521 531//517 377//366
f 535//521 377//366 380//369
f 383//372 3884//3847 2495//2465
f 383//372 2495//2465 384//373
f 2495//2465 2494//2464 3872//3835
f 2495//2465 3872//3835 384//373
f 3872//3835 3869//3832 381//370
f 3872//3835 381//370 384//373
f 3929//4071 3928//4071 2735//4071
f 389//379 4109//4072 4110//4073
f 389//379 4110//4073 390//380
f 4110//4073 4111//4074 387//377
f 4110//4073 387//377 390//380
f 393//383 3674//3637 3673//3636
f 393//383 3673//3636 394//384
f 3673//3636 4112//4075 3732//3695
f 3673//3636 3732//3695 394//384
f 3732//3695 3731//3694 391//381
f 3732//3695 391//381 394//384
f 397//387 2786//2751 4113//4076
f 397//387 4113//4076 398//388
f 4113//4076 4114//4077 395//385
f 4113//4076 395//385 398//388
f 401//391 454//444 453//443
f 401//391 453//443 402//392
f 453//443 4115//4078 4116//4079
f 453//443 4116//4079 402//392
f 4116//4079 4117//4080 399//389
f 4116//4079 399//389 402//392
f 405//395 625//611 624//610
f 405//395 624//610 406//396
f 624//610 4118//4081 403//393
f 624//610 403//393 406//396
f 409//399 2833//2798 4119//4082
f 409//399 4119//4082 410//400
f 4119//4082 4120//4083 407//397
f 4119//4082 407//397 410//400
f 413//403 438//428 3954//3908
f 413//403 3954//3908 414//404
f 3954//3908 400//390 459//449
f 3954//3908 459//449 414//404
f 459//449 458//448 411//401
f 459//449 411//401 414//404
f 417//407 4121//4084 4122//4085
f 417//407 4122//4085 418//408
f 4122//4085 4123//4086 4124//4087
f 4122//4085 4124//4087 418//408
f 4124//4087 4125//4088 415//405
f 4124//4087 415//405 418//408
f 421//411 4126//4089 2867//2832
f 421//411 2867//2832 422//412
f 2867//2832 2866//2831 419//409
f 2867//2832 419//409 422//412
f 425//415 2777//2742 2791//2756
f 425//415 2791//2756 426//416
f 2791//2756 2790//2755 423//413
f 2791//2756 423//413 426//416
f 427//417 4127//4090 4128//4091
f 427//417 4128//4091 428//418
f 4128//4091 3684//3647 3683//3646
f 4128//4091 3683//3646 428//418
f 3683//3646 2777//2742 425//415
f 3683//3646 425//415 428//418
f 431//421 580//566 579//565
f 431//421 579//565 432//422
f 579//565 3674//3637 393//383
f 579//565 393//383 432//422
f 393//383 392//382 429//419
f 393//383 429//419 432//422
f 435//425 438//428 2877//2842
f 435//425 2877//2842 436//426
f 2877//2842 4129//4092 433//423
f 2877//2842 433//423 436//426
f 435//425 434//424 4130//4093
f 435//425 4130//4093 439//429
f 4130//4093 430//420 437//427
f 4130//4093 437//427 439//429
f 441//431 444//434 561//547
f 441//431 561//547 442//432
f 561//547 4114//4077 440//430
f 561//547 440//430 442//432
f 441//431 388//378 4131//4094
f 441//431 4131//4094 445//435
f 4131//4094 4132//4095 443//433
f 4131//4094 443//433 445//435
f 448//438 4133//4096 4134//4097
f 448//438 4134//4097 449//439
f 4134//4097 450//440 446//436
f 4134//4097 446//436 449//439
f 451//441 4132//4095 4135//4098
f 451//441 4135//4098 452//442
f 4135//4098 447//437 446//436
f 4135//4098 446//436 452//442
f 455//445 392//382 391//381
f 455//445 391//381 456//446
f 391//381 3731//3694 4136//4099
f 391//381 4136//4099 456//446
f 4136//4099 4115//4078 453//443
f 4136//4099 453//443 456//446
f 459//449 400//390 461//451
f 459//449 461//451 460//450
f 461//451 4137//4100 4138//4101
f 461//451 4138//4101 460//450
f 4138//4101 4139//4102 457//447
f 4138//4101 457//447 460//450
f 399//389 4117//4080 4140//4103
f 399//389 4140//4103 462//452
f 4140//4103 4137//4100 461//451
f 4140//4103 461//451 462//452
f 465//455 4141//4104 2898//2863
f 465//455 2898//2863 466//456
f 2898//2863 476//466 463//453
f 2898//2863 463//453 466//456
f 469//459 4142//4105 4143//4106
f 469//459 4143//4106 470//460
f 4143//4106 4141//4104 4144//4107
f 4143//4106 4144//4107 470//460
f 4144//4107 4145//4108 467//457
f 4144//4107 467//457 470//460
f 473//463 408//398 407//397
f 473//463 407//397 474//464
f 407//397 4120//4083 471//461
f 407//397 471//461 474//464
f 477//467 472//462 471//461
f 477//467 471//461 478//468
f 471//461 4120//4083 3714//3677
f 471//461 3714//3677 478//468
f 3714//3677 3713//3676 475//465
f 3714//3677 475//465 478//468
f 479//469 4125//4088 4124//4087
f 479//469 4124//4087 480//470
f 4124//4087 4123//4086 4146//4109
f 4124//4087 4146//4109 480//470
f 4146//4109 472//462 477//467
f 4146//4109 477//467 480//470
f 481//471 484//474 4147//4110
f 481//471 4147//4110 2583//2553
f 2989//2953 481//471 2583//2553
f 2989//2953 2583//2553 2582//2552
f 482//472 481//471 2989//2953
f 482//472 2989//2953 2988//2952
f 487//477 538//524 537//523
f 487//477 537//523 489//479
f 537//523 3448//3413 488//478
f 537//523 488//478 489//479
f 496//486 4148//4111 4149//4112
f 496//486 4149//4112 497//487
f 4149//4112 4150//4113 4151//4114
f 4149//4112 4151//4114 497//487
f 4151//4114 3064//3028 494//484
f 4151//4114 494//484 497//487
f 500//490 3405//3369 3900//3863
f 500//490 3900//3863 501//491
f 3900//3863 592//578 498//488
f 3900//3863 498//488 501//491
f 2632//2602 502//492 4152//4115
f 2632//2602 4152//4115 4153//4116
f 503//493 3268//3232 2578//2548
f 503//493 2578//2548 504//494
f 506//496 2576//2546 2578//2548
f 506//496 2578//2548 2615//2585
f 506//496 2615//2585 2618//2588
f 506//496 2618//2588 507//497
f 512//502 4093//4052 352//345
f 512//502 352//345 513//503
f 352//345 351//344 510//500
f 352//345 510//500 513//503
f 516//2653 2684//2652 4154//4117
f 516//2653 4154//4117 517//4118
f 4154//4117 4104//4065 514//4119
f 4154//4117 514//4119 517//4118
f 520//506 3418//3382 3417//3381
f 520//506 3417//3381 521//507
f 3417//3381 4155//4120 518//504
f 3417//3381 518//504 521//507
f 524//510 3395//3359 3394//3358
f 524//510 3394//3358 525//511
f 3394//3358 4156//4121 2754//2719
f 3394//3358 2754//2719 525//511
f 2754//2719 2753//2718 522//508
f 2754//2719 522//508 525//511
f 528//514 3418//3382 4157//4122
f 528//514 4157//4122 529//515
f 4157//4122 4158//4123 526//512
f 4157//4122 526//512 529//515
f 4159//4124 4160//4125 4161//4126
f 4161//4126 4160//4125 4162//4127
f 4163//4128 4161//4126 4162//4127
f 4164//4129 4165//4130 4162//4127
f 4164//4129 4162//4127 4166//4131
f 4165//4130 4163//4128 4162//4127
f 532//518 2689//2658 2733//2699
f 532//518 2733//2699 533//519
f 3944//4132 533//4132 4167//4132
f 3464//3429 3946//4133 3945//4134
f 3464//3429 3945//4134 3465//3430
f 535//521 4107//4070 4168//4135
f 535//521 4168//4135 536//522
f 4168//4135 4169//4136 534//520
f 4168//4135 534//520 536//522
f 539//525 4170//4137 4171//4138
f 539//525 4171//4138 540//526
f 4171//4138 3448//3413 537//523
f 4171//4138 537//523 540//526
f 543//529 629//615 628//614
f 543//529 628//614 544//530
f 628//614 4172//4139 541//527
f 628//614 541//527 544//530
f 547//533 4173//4140 2964//2928
f 547//533 2964//2928 548//534
f 2964//2928 2963//2927 545//531
f 2964//2928 545//531 548//534
f 551//537 565//551 3652//3615
f 551//537 3652//3615 552//538
f 3652//3615 2773//2738 3671//3634
f 3652//3615 3671//3634 552//538
f 3671//3634 4174//4141 549//535
f 3671//3634 549//535 552//538
f 555//541 3631//3594 3657//3620
f 555//541 3657//3620 556//542
f 3657//3620 572//558 4175//4142
f 3657//3620 4175//4142 556//542
f 4175//4142 4176//4143 553//539
f 4175//4142 553//539 556//542
f 559//545 450//440 4177//4144
f 559//545 4177//4144 560//546
f 4177//4144 2808//2773 2807//2772
f 4177//4144 2807//2772 560//546
f 2807//2772 4178//4145 557//543
f 2807//2772 557//543 560//546
f 562//548 558//544 2884//2849
f 562//548 2884//2849 563//549
f 2884//2849 396//386 395//385
f 2884//2849 395//385 563//549
f 395//385 4114//4077 561//547
f 395//385 561//547 563//549
f 551//537 550//536 4179//4146
f 551//537 4179//4146 566//552
f 4179//4146 4180//4147 3636//3599
f 4179//4146 3636//3599 566//552
f 3636//3599 3635//3598 564//550
f 3636//3599 564//550 566//552
f 569//555 565//551 564//550
f 569//555 564//550 570//556
f 564//550 3635//3598 2824//2789
f 564//550 2824//2789 570//556
f 2824//2789 2823//2788 567//553
f 2824//2789 567//553 570//556
f 573//559 2753//2718 2752//2717
f 573//559 2752//2717 574//560
f 2752//2717 4181//4148 571//557
f 2752//2717 571//557 574//560
f 577//563 2859//2824 4182//4149
f 577//563 4182//4149 578//564
f 4182//4149 4183//4150 4184//4151
f 4182//4149 4184//4151 578//564
f 4184//4151 568//554 575//561
f 4184//4151 575//561 578//564
f 581//567 4174//4141 4185//4152
f 581//567 4185//4152 582//568
f 4185//4152 4186//4153 3675//3638
f 4185//4152 3675//3638 582//568
f 3675//3638 3674//3637 579//565
f 3675//3638 579//565 582//568
f 585//571 4186//4153 4187//4154
f 585//571 4187//4154 586//572
f 4187//4154 4188//4155 4189//4156
f 4187//4154 4189//4156 586//572
f 4189//4156 3654//3617 583//569
f 4189//4156 583//569 586//572
f 589//575 4112//4075 4190//4157
f 589//575 4190//4157 590//576
f 4190//4157 584//570 587//573
f 4190//4157 587//573 590//576
f 593//579 4111//4074 2875//2840
f 593//579 2875//2840 594//580
f 2875//2840 2874//2839 591//577
f 2875//2840 591//577 594//580
f 597//583 2870//2835 2869//2834
f 597//583 2869//2834 598//584
f 2869//2834 4109//4072 2787//2752
f 2869//2834 2787//2752 598//584
f 2787//2752 2786//2751 595//581
f 2787//2752 595//581 598//584
f 601//587 4191//4158 4192//4159
f 601//587 4192//4159 602//588
f 4192//4159 4176//4143 599//585
f 4192//4159 599//585 602//588
f 599//585 4176//4143 4193//4160
f 599//585 4193//4160 604//590
f 4193//4160 4194//4161 603//589
f 4193//4160 603//589 604//590
f 606//592 4195//4162 2830//2795
f 606//592 2830//2795 607//593
f 2830//2795 2829//2794 605//591
f 2830//2795 605//591 607//593
f 610//596 408//398 3711//3674
f 610//596 3711//3674 611//597
f 3711//3674 2837//2802 608//594
f 3711//3674 608//594 611//597
f 612//598 609//595 608//594
f 612//598 608//594 613//599
f 608//594 2837//2802 2836//2801
f 608//594 2836//2801 613//599
f 2836//2801 4191//4158 601//587
f 2836//2801 601//587 613//599
f 423//413 2790//2755 2863//2828
f 423//413 2863//2828 615//601
f 2863//2828 434//424 433//423
f 2863//2828 433//423 615//601
f 433//423 4129//4092 614//600
f 433//423 614//600 615//601
f 473//463 472//462 4146//4109
f 473//463 4146//4109 617//603
f 4146//4109 4123//4086 616//602
f 4146//4109 616//602 617//603
f 616//602 4123//4086 4122//4085
f 616//602 4122//4085 619//605
f 4122//4085 4121//4084 618//604
f 4122//4085 618//604 619//605
f 622//608 4139//4102 4138//4101
f 622//608 4138//4101 623//609
f 4138//4101 4137//4100 3729//3692
f 4138//4101 3729//3692 623//609
f 3729//3692 2887//2852 620//606
f 3729//3692 620//606 623//609
f 626//612 4121//4084 4196//4163
f 626//612 4196//4163 627//613
f 4196//4163 4118//4081 624//610
f 4196//4163 624//610 627//613
f 630//616 3619//3582 3841//3804
f 630//616 3841//3804 631//617
f 3841//3804 4172//4139 628//614
f 3841//3804 628//614 631//617
f 634//620 2427//2397 2426//2396
f 634//620 2426//2396 635//621
f 2426//2396 3153//3117 632//618
f 2426//2396 632//618 635//621
f 638//624 2482//2452 3143//3107
f 638//624 3143//3107 639//625
f 3143//3107 2427//2397 636//622
f 3143//3107 636//622 639//625
f 642//628 4197//4164 4198//4165
f 642//628 4198//4165 643//629
f 4198//4165 4199//4166 4200//4167
f 4198//4165 4200//4167 643//629
f 4200//4167 4201//4168 640//626
f 4200//4167 640//626 643//629
f 646//632 4202//4169 673//658
f 646//632 673//658 647//633
f 673//658 672//657 644//630
f 673//658 644//630 647//633
f 650//636 4202//4169 646//632
f 650//636 646//632 651//637
f 646//632 645//631 648//634
f 646//632 648//634 651//637
f 4203//4170 652//638 359//352
f 4203//4170 359//352 4101//4060
f 4204//4171 4203//4170 4205//4172
f 4204//4171 4205//4172 4206//4173
f 656//642 2497//2467 4207//4174
f 656//642 4207//4174 657//643
f 4207//4174 3145//3109 654//640
f 4207//4174 654//640 657//643
f 660//646 4208//4175 4209//4176
f 660//646 4209//4176 661//647
f 4209//4176 546//532 658//644
f 4209//4176 658//644 661//647
f 663//648 4211//4177 4212//4178
f 663//648 4212//4178 664//649
f 4212//4178 4202//4169 650//636
f 4212//4178 650//636 664//649
f 665//650 668//653 667//652
f 665//650 667//652 666//651
f 667//652 310//303 315//308
f 667//652 315//308 666//651
f 669//654 4077//4036 311//304
f 669//654 311//304 670//655
f 311//304 310//303 667//652
f 311//304 667//652 670//655
f 673//658 4202//4169 4213//4179
f 673//658 4213//4179 674//659
f 4213//4179 4214//4180 671//656
f 4213//4179 671//656 674//659
f 677//662 1240//1222 3941//3898
f 677//662 3941//3898 678//663
f 3941//3898 326//319 4215//4181
f 3941//3898 4215//4181 678//663
f 4215//4181 1150//1132 675//660
f 4215//4181 675//660 678//663
f 681//666 4216//4182 1803//1783
f 681//666 1803//1783 682//667
f 1803//1783 1802//1782 2294//2273
f 1803//1783 2294//2273 682//667
f 2294//2273 4217//4183 679//664
f 2294//2273 679//664 682//667
f 685//670 4218//4184 4219//4185
f 685//670 4219//4185 686//671
f 4220//4186 4221//4187 4219//4185
f 4221//4187 4222//4188 686//671
f 686//671 4219//4185 4221//4187
f 4223//4189 4224//4190 683//668
f 4223//4189 683//668 4222//4188
f 4222//4188 683//668 686//671
f 4225//4191 4045//4003 4226//4192
f 4226//4192 4045//4003 1826//1806
f 4226//4192 1826//1806 690//675
f 690//675 1826//1806 691//676
f 1826//1806 1811//1791 1810//1790
f 1826//1806 1810//1790 691//676
f 1810//1790 4227//4193 689//674
f 1810//1790 689//674 691//676
f 694//679 4228//4194 1462//1442
f 694//679 1462//1442 695//680
f 1462//1442 1461//1441 1771//1751
f 1462//1442 1771//1751 695//680
f 1771//1751 4229//4195 692//677
f 1771//1751 692//677 695//680
f 698//683 4230//4196 4231//4197
f 698//683 4231//4197 699//684
f 4231//4197 874//858 4232//4198
f 4231//4197 4232//4198 699//684
f 4232//4198 4233//4199 696//681
f 4232//4198 696//681 699//684
f 702//687 4234//4200 2158//2136
f 702//687 2158//2136 703//688
f 2158//2136 2157//2135 4235//4201
f 2158//2136 4235//4201 703//688
f 4235//4201 4236//4202 700//685
f 4235//4201 700//685 703//688
f 706//691 1830//1810 1829//1809
f 706//691 1829//1809 707//692
f 1829//1809 4036//3994 4237//4203
f 1829//1809 4237//4203 707//692
f 4237//4203 4238//4204 704//689
f 4237//4203 704//689 707//692
f 704//689 4238//4204 4239//4205
f 704//689 4239//4205 709//694
f 4239//4205 2252//2230 4240//4206
f 4239//4205 4240//4206 709//694
f 4240//4206 4241//4207 708//693
f 4240//4206 708//693 709//694
f 710//695 4242//4208 4243//4209
f 710//695 4243//4209 711//696
f 4243//4209 1633//1613 4244//4210
f 4243//4209 4244//4210 711//696
f 4244//4210 4216//4182 681//666
f 4244//4210 681//666 711//696
f 692//677 4229//4195 4245//4211
f 692//677 4245//4211 713//698
f 4245//4211 174//168 4246//4212
f 4245//4211 4246//4212 713//698
f 4246//4212 4247//4213 712//697
f 4246//4212 712//697 713//698
f 716//701 4248//4214 4249//4215
f 716//701 4249//4215 717//702
f 4249//4215 719//704 718//703
f 4249//4215 718//703 717//702
f 718//703 4250//4216 714//699
f 718//703 714//699 717//702
f 720//705 4251//4217 4252//4218
f 720//705 4252//4218 721//706
f 4252//4218 4253//4219 4254//4220
f 4252//4218 4254//4220 721//706
f 4254//4220 4250//4216 718//703
f 4254//4220 718//703 721//706
f 723//708 4255//4221 4256//4222
f 723//708 4256//4222 724//709
f 4256//4222 4257//4223 4258//4224
f 4256//4222 4258//4224 724//709
f 4258//4224 4259//4225 722//707
f 4258//4224 722//707 724//709
f 4260//4226 4261//4227 4262//4228
f 4260//4226 4262//4228 728//713
f 728//713 4262//4228 729//714
f 4262//4228 719//704 4249//4215
f 4262//4228 4249//4215 729//714
f 4249//4215 4248//4214 727//712
f 4249//4215 727//712 729//714
f 732//717 4263//4229 1624//1604
f 732//717 1624//1604 733//718
f 1624//1604 1623//1603 4264//4230
f 1624//1604 4264//4230 733//718
f 4264//4230 4265//4231 730//715
f 4264//4230 730//715 733//718
f 736//721 4266//4232 4267//4233
f 736//721 4267//4233 737//722
f 4267//4233 1528//1508 4268//4234
f 4267//4233 4268//4234 737//722
f 4268//4234 4269//4235 734//719
f 4268//4234 734//719 737//722
f 740//725 11//11 4270//4236
f 740//725 4270//4236 741//726
f 4270//4236 1602//1582 1601//1581
f 4270//4236 1601//1581 741//726
f 1601//1581 4266//4232 738//723
f 1601//1581 738//723 741//726
f 743//728 4271//4237 1483//1463
f 743//728 1483//1463 744//729
f 1483//1463 1482//1462 4272//4238
f 1483//1463 4272//4238 744//729
f 4272//4238 7//7 6//6
f 4272//4238 6//6 744//729
f 747//732 4273//4239 4274//4240
f 747//732 4274//4240 748//733
f 4274//4240 735//720 734//719
f 4274//4240 734//719 748//733
f 734//719 4269//4235 745//730
f 734//719 745//730 748//733
f 751//736 4275//4241 4276//4242
f 751//736 4276//4242 752//737
f 4276//4242 1709//1689 1708//1688
f 4276//4242 1708//1688 752//737
f 1708//1688 4277//4243 749//734
f 1708//1688 749//734 752//737
f 755//740 4278//4244 4279//4245
f 755//740 4279//4245 756//741
f 4279//4245 864//848 1387//1367
f 4279//4245 1387//1367 756//741
f 1387//1367 4280//4246 753//738
f 1387//1367 753//738 756//741
f 759//744 4281//4247 1634//1614
f 759//744 1634//1614 760//745
f 1634//1614 1633//1613 4243//4209
f 1634//1614 4243//4209 760//745
f 4243//4209 4242//4208 757//742
f 4243//4209 757//742 760//745
f 727//712 4248//4214 1585//1565
f 727//712 1585//1565 763//748
f 1585//1565 1584//1564 4282//4248
f 1585//1565 4282//4248 763//748
f 4283//4249 4284//4250 4282//4248
f 4284//4250 762//747 763//748
f 763//748 4282//4248 4284//4250
f 766//751 4049//4008 1849//1829
f 766//751 1849//1829 767//752
f 1849//1829 1438//1418 1747//1727
f 1849//1829 1747//1727 767//752
f 1747//1727 4285//4251 764//749
f 1747//1727 764//749 767//752
f 770//755 4286//4252 1761//1741
f 770//755 1761//1741 771//756
f 1761//1741 1760//1740 4287//4253
f 1761//1741 4287//4253 771//756
f 4287//4253 4288//4254 768//753
f 4287//4253 768//753 771//756
f 774//759 4289//4255 4290//4256
f 774//759 4290//4256 775//760
f 4290//4256 815//800 814//799
f 4290//4256 814//799 775//760
f 814//799 4277//4243 772//757
f 814//799 772//757 775//760
f 778//763 1543//1523 1546//1526
f 778//763 1546//1526 779//764
f 1546//1526 4291//4257 1525//1505
f 1546//1526 1525//1505 779//764
f 1525//1505 1524//1504 776//761
f 1525//1505 776//761 779//764
f 40//38 39//37 1856//1836
f 40//38 1856//1836 1855//1835
f 1855//1835 1752//1732 780//765
f 1855//1835 780//765 40//38
f 784//769 4081//4040 4080//4039
f 784//769 4080//4039 785//770
f 4080//4039 310//303 2309//2288
f 4080//4039 2309//2288 785//770
f 2309//2288 2308//2287 782//767
f 2309//2288 782//767 785//770
f 788//773 4292//4258 4293//4259
f 788//773 4293//4259 789//774
f 4293//4259 4294//4260 4295//4261
f 4293//4259 4295//4261 789//774
f 4295//4261 4079//4038 786//771
f 4295//4261 786//771 789//774
f 792//777 4296//4262 4297//4263
f 792//777 4297//4263 793//778
f 4297//4263 4298//4264 4299//4265
f 4297//4263 4299//4265 793//778
f 4299//4265 826//811 790//775
f 4299//4265 790//775 793//778
f 796//781 302//295 1681//1661
f 796//781 1681//1661 797//782
f 1681//1661 4294//4260 4293//4259
f 1681//1661 4293//4259 797//782
f 4293//4259 4292//4258 794//779
f 4293//4259 794//779 797//782
f 800//785 4300//4266 1718//1698
f 800//785 1718//1698 801//786
f 1718//1698 1717//1697 4301//4267
f 1718//1698 4301//4267 801//786
f 4301//4267 4302//4268 798//783
f 4301//4267 798//783 801//786
f 804//789 4303//4269 4304//4270
f 804//789 4304//4270 805//790
f 4304//4270 1650//1630 1649//1629
f 4304//4270 1649//1629 805//790
f 1649//1629 4305//4271 802//787
f 1649//1629 802//787 805//790
f 808//793 1469//1449 1468//1448
f 808//793 1468//1448 809//794
f 1468//1448 38//36 41//39
f 1468//1448 41//39 809//794
f 41//39 781//766 806//791
f 41//39 806//791 809//794
f 812//797 4306//4272 1548//1528
f 812//797 1548//1528 813//798
f 1548//1528 823//808 1296//1278
f 1548//1528 1296//1278 813//798
f 1296//1278 4307//4273 810//795
f 1296//1278 810//795 813//798
f 816//801 4308//4274 894//878
f 816//801 894//878 817//802
f 894//878 750//735 749//734
f 894//878 749//734 817//802
f 749//734 4277//4243 814//799
f 749//734 814//799 817//802
f 820//805 830//815 829//814
f 820//805 829//814 821//806
f 829//814 1539//1519 834//819
f 829//814 834//819 821//806
f 834//819 833//818 818//803
f 834//819 818//803 821//806
f 824//809 4309//4275 4310//4276
f 824//809 4310//4276 825//810
f 4310//4276 4077//4036 827//812
f 4310//4276 827//812 825//810
f 827//812 826//811 822//807
f 827//812 822//807 825//810
f 827//812 4077//4036 669//654
f 827//812 669//654 828//813
f 669//654 668//653 4311//4277
f 669//654 4311//4277 828//813
f 4311//4277 791//776 790//775
f 4311//4277 790//775 828//813
f 831//816 851//835 4084//4043
f 831//816 4084//4043 832//817
f 4084//4043 1536//1516 1540//1520
f 4084//4043 1540//1520 832//817
f 1540//1520 1539//1519 829//814
f 1540//1520 829//814 832//817
f 834//819 1539//1519 1538//1518
f 834//819 1538//1518 835//820
f 1538//1518 1729//1709 1682//1662
f 1538//1518 1682//1662 835//820
f 1682//1662 302//295 301//294
f 1682//1662 301//294 835//820
f 838//823 4312//4278 4313//4279
f 838//823 4313//4279 839//824
f 4313//4279 1299//1281 1298//1280
f 4313//4279 1298//1280 839//824
f 1298//1280 4314//4280 836//821
f 1298//1280 836//821 839//824
f 841//826 4315//4281 1554//1534
f 841//826 1554//1534 842//827
f 1554//1534 1553//1533 2280//2259
f 1554//1534 2280//2259 842//827
f 2280//2259 298//291 840//825
f 2280//2259 840//825 842//827
f 845//830 4316//4282 4317//4283
f 845//830 4317//4283 846//831
f 4317//4283 1646//1626 1645//1625
f 4317//4283 1645//1625 846//831
f 1645//1625 4318//4284 843//828
f 1645//1625 843//828 846//831
f 848//832 1051//1034 4319//4285
f 848//832 4319//4285 849//833
f 4319//4285 38//36 4320//4286
f 4319//4285 4320//4286 849//833
f 4320//4286 47//45 46//44
f 4320//4286 46//44 849//833
f 831//816 830//815 820//805
f 831//816 820//805 852//836
f 820//805 819//804 4321//4287
f 820//805 4321//4287 852//836
f 4321//4287 1713//1693 850//834
f 4321//4287 850//834 852//836
f 843//828 4318//4284 1651//1631
f 843//828 1651//1631 854//838
f 1651//1631 1650//1630 4322//4288
f 1651//1631 4322//4288 854//838
f 4322//4288 4323//4289 853//837
f 4322//4288 853//837 854//838
f 857//841 4324//4290 1660//1640
f 857//841 1660//1640 858//842
f 1660//1640 1646//1626 4317//4283
f 1660//1640 4317//4283 858//842
f 4317//4283 4316//4282 855//839
f 4317//4283 855//839 858//842
f 861//845 4325//4291 1480//1460
f 861//845 1480//1460 862//846
f 1480//1460 1479//1459 4326//4292
f 1480//1460 4326//4292 862//846
f 4326//4292 4074//4033 859//843
f 4326//4292 859//843 862//846
f 865//849 4327//4293 4328//4294
f 865//849 4328//4294 866//850
f 4328//4294 868//852 867//851
f 4328//4294 867//851 866//850
f 867//851 4329//4295 863//847
f 867//851 863//847 866//850
f 869//853 4330//4296 1454//1434
f 869//853 1454//1434 870//854
f 1454//1434 1442//1422 1441//1421
f 1454//1434 1441//1421 870//854
f 1441//1421 4329//4295 867//851
f 1441//1421 867//851 870//854
f 305//298 4076//4035 1379//1359
f 305//298 1379//1359 872//856
f 1379//1359 1378//1358 4331//4297
f 1379//1359 4331//4297 872//856
f 4331//4297 4332//4298 871//855
f 4331//4297 871//855 872//856
f 875//859 4330//4296 4333//4299
f 875//859 4333//4299 876//860
f 4333//4299 4074//4033 4326//4292
f 4333//4299 4326//4292 876//860
f 4326//4292 1479//1459 873//857
f 4326//4292 873//857 876//860
f 879//863 4334//4300 4335//4301
f 879//863 4335//4301 880//864
f 4335//4301 1364//1344 4336//4302
f 4335//4301 4336//4302 880//864
f 4336//4302 4337//4303 877//861
f 4336//4302 877//861 880//864
f 883//867 18//18 4338//4304
f 883//867 4338//4304 884//868
f 4338//4304 1317//1299 4339//4305
f 4338//4304 4339//4305 884//868
f 4339//4305 4340//4306 881//865
f 4339//4305 881//865 884//868
f 887//871 4341//4307 1597//1577
f 887//871 1597//1577 888//872
f 1597//1577 1596//1576 4342//4308
f 1597//1577 4342//4308 888//872
f 4342//4308 4343//4309 885//869
f 4342//4308 885//869 888//872
f 891//875 1488//1468 1487//1467
f 891//875 1487//1467 892//876
f 1487//1467 4344//4310 1513//1493
f 1487//1467 1513//1493 892//876
f 1513//1493 1512//1492 889//873
f 1513//1493 889//873 892//876
f 894//878 4308//4274 1630//1610
f 894//878 1630//1610 895//879
f 1630//1610 882//866 881//865
f 1630//1610 881//865 895//879
f 881//865 4340//4306 893//877
f 881//865 893//877 895//879
f 898//882 306//299 871//855
f 898//882 871//855 899//883
f 871//855 4332//4298 4345//4311
f 871//855 4345//4311 899//883
f 4345//4311 4346//4312 896//880
f 4345//4311 896//880 899//883
f 900//884 4347//4313 4348//4314
f 900//884 4348//4314 901//885
f 4348//4314 860//844 307//300
f 4348//4314 307//300 901//885
f 307//300 306//299 898//882
f 307//300 898//882 901//885
f 904//888 150//144 1485//1465
f 904//888 1485//1465 905//889
f 1485//1465 1516//1496 4349//4315
f 1485//1465 4349//4315 905//889
f 4349//4315 4344//4310 902//886
f 4349//4315 902//886 905//889
f 1391//1371 4350//4316 4351//4317
f 1391//1371 4351//4317 2306//2285
f 4352//4318 4350//4316 1391//1371
f 4352//4318 1391//1371 914//898
f 4350//4316 4352//4318 910//894
f 4350//4316 910//894 907//891
f 136//130 4353//4319 4352//4318
f 136//130 4352//4318 914//898
f 4354//4320 4353//4319 136//130
f 4354//4320 136//130 139//133
f 4353//4319 4354//4320 916//900
f 4353//4319 916//900 911//895
f 4355//4321 4354//4320 139//133
f 4355//4321 139//133 920//904
f 4355//4321 920//904 923//907
f 4355//4321 923//907 925//909
f 4355//4321 925//909 4356//4322
f 4355//4321 4356//4322 917//901
f 920//904 139//133 138//132
f 920//904 138//132 921//905
f 924//908 926//910 929//913
f 924//908 929//913 928//912
f 924//908 928//912 4357//4323
f 924//908 4357//4323 4358//4324
f 4356//4322 4358//4324 4359//4325
f 4356//4322 4359//4325 4360//4326
f 927//911 930//914 935//919
f 927//911 935//919 934//918
f 927//911 934//918 4361//4327
f 927//911 4361//4327 4362//4328
f 4357//4323 4362//4328 4363//4329
f 4357//4323 4363//4329 4364//4330
f 930//914 932//916 936//920
f 930//914 936//920 935//919
f 933//917 161//155 164//158
f 933//917 164//158 4031//3989
f 933//917 4031//3989 4030//3988
f 933//917 4030//3988 4365//4331
f 4361//4327 4365//4331 4366//4332
f 4361//4327 4366//4332 4367//4333
f 2125//2103 921//905 138//132
f 2125//2103 138//132 4021//3979
f 922//906 921//905 2125//2103
f 922//906 2125//2103 1346//1326
f 942//926 1518//1498 1517//1497
f 942//926 1517//1497 4368//4334
f 945//929 4346//4312 1365//1345
f 945//929 1365//1345 946//930
f 1365//1345 1364//1344 4335//4301
f 1365//1345 4335//4301 946//930
f 4335//4301 4334//4300 943//927
f 4335//4301 943//927 946//930
f 949//933 4024//3982 4023//3981
f 949//933 4023//3981 950//934
f 4023//3981 4022//3980 4369//4335
f 4023//3981 4369//4335 950//934
f 4369//4335 4370//4336 947//931
f 4369//4335 947//931 950//934
f 954//938 953//937 1574//1554
f 954//938 1574//1554 964//948
f 957//941 956//940 951//935
f 957//941 951//935 954//938
f 1020//1004 2297//2276 4371//4337
f 1020//1004 4371//4337 4372//4338
f 1019//1003 4373//4339 955//939
f 1019//1003 955//939 958//942
f 959//943 962//946 977//961
f 959//943 977//961 976//960
f 4374//4340 979//963 1011//995
f 4374//4340 1011//995 1013//997
f 4374//4340 1013//997 31//31
f 4374//4340 31//31 30//30
f 1582//1562 986//970 965//949
f 1582//1562 965//949 1577//1557
f 985//969 966//950 965//949
f 985//969 965//949 986//970
f 967//951 4372//4338 989//973
f 967//951 989//973 988//972
f 967//951 988//972 4375//4341
f 967//951 4375//4341 968//952
f 971//955 970//954 968//952
f 971//955 968//952 4375//4341
f 974//958 3971//3925 3970//3924
f 974//958 3970//3924 975//959
f 3970//3924 3969//3923 982//966
f 3970//3924 982//966 975//959
f 982//966 981//965 972//956
f 982//966 972//956 975//959
f 978//962 159//153 164//158
f 978//962 164//158 163//157
f 978//962 1666//1646 1011//995
f 978//962 1011//995 979//963
f 980//964 922//906 1346//1326
f 980//964 1346//1326 1349//1329
f 980//964 1349//1329 2289//2268
f 980//964 2289//2268 931//915
f 926//910 980//964 931//915
f 926//910 931//915 929//913
f 982//966 3969//3923 1665//1645
f 982//966 1665//1645 983//967
f 987//971 986//970 1582//1562
f 987//971 1582//1562 3974//3928
f 991//975 4376//4342 4377//4343
f 991//975 4377//4343 4378//4344
f 992//976 971//955 4375//4341
f 992//976 4375//4341 4378//4344
f 4379//4345 319//312 2302//2281
f 4379//4345 2302//2281 2305//2284
f 4379//4345 2305//2284 2306//2285
f 4379//4345 2306//2285 4351//4317
f 996//980 4379//4345 4351//4317
f 996//980 4351//4317 906//890
f 1001//985 4380//4346 4381//4347
f 1001//985 4381//4347 1002//986
f 4381//4347 4382//4348 4383//4349
f 4381//4347 4383//4349 1002//986
f 4383//4349 3967//3921 999//983
f 4383//4349 999//983 1002//986
f 1005//989 3975//3929 4384//4350
f 1005//989 4384//4350 1006//990
f 4384//4350 1623//1603 1622//1602
f 4384//4350 1622//1602 1006//990
f 1622//1602 4343//4309 1003//987
f 1622//1602 1003//987 1006//990
f 1009//993 4265//4231 4264//4230
f 1009//993 4264//4230 1010//994
f 4264//4230 1623//1603 4384//4350
f 4264//4230 4384//4350 1010//994
f 4384//4350 3975//3929 1007//991
f 4384//4350 1007//991 1010//994
f 1012//996 1008//992 31//31
f 1012//996 31//31 1013//997
f 1016//1000 3971//3925 4385//4351
f 1016//1000 4385//4351 1017//1001
f 4385//4351 1668//1648 1667//1647
f 4385//4351 1667//1647 1017//1001
f 1667//1647 3968//3922 1014//998
f 1667//1647 1014//998 1017//1001
f 960//944 30//30 1021//1005
f 960//944 1021//1005 1018//1002
f 1021//1005 4373//4339 1019//1003
f 1021//1005 1019//1003 1018//1002
f 29//29 3975//3929 1005//989
f 29//29 1005//989 1022//1006
f 1005//989 1004//988 1658//1638
f 1005//989 1658//1638 1022//1006
f 1658//1638 4373//4339 1021//1005
f 1658//1638 1021//1005 1022//1006
f 1023//4352 35//4353 171//4354
f 36//4355 35//4353 1023//4352
f 1026//1009 1076//1061 1330//1310
f 1026//1009 1330//1310 1027//1010
f 1330//1310 1329//1309 4386//4356
f 1330//1310 4386//4356 1027//1010
f 4386//4356 4387//4357 1024//1007
f 4386//4356 1024//1007 1027//1010
f 1030//1013 1025//1008 4388//4358
f 1030//1013 4388//4358 1031//1014
f 4388//4358 4389//4359 1045//1028
f 4388//4358 1045//1028 1031//1014
f 1045//1028 1044//1027 1028//1011
f 1045//1028 1028//1011 1031//1014
f 1034//1017 1029//1012 1028//1011
f 1034//1017 1028//1011 1035//1018
f 1028//1011 1044//1027 1048//1031
f 1028//1011 1048//1031 1035//1018
f 1048//1031 1047//1030 1032//1015
f 1048//1031 1032//1015 1035//1018
f 1030//1013 1029//1012 4390//4360
f 1030//1013 4390//4360 1036//1019
f 4390//4360 1038//1021 1077//1062
f 4390//4360 1077//1062 1036//1019
f 1077//1062 1076//1061 1026//1009
f 1077//1062 1026//1009 1036//1019
f 1039//1022 2264//2242 3981//3936
f 1039//1022 3981//3936 1040//1023
f 3981//3936 3980//3935 1704//1684
f 3981//3936 1704//1684 1040//1023
f 1704//1684 1465//1445 1037//1020
f 1704//1684 1037//1020 1040//1023
f 1032//1015 1047//1030 4032//3990
f 1032//1015 4032//3990 1042//1025
f 4032//3990 35//34 34//33
f 4032//3990 34//33 1042//1025
f 34//33 3978//3933 1041//1024
f 34//33 1041//1024 1042//1025
f 1045//1028 4389//4359 4391//4361
f 1045//1028 4391//4361 1046//1029
f 4391//4361 4392//4362 2327//4363
f 4391//4361 2327//4363 1046//1029
f 2327//4363 2326//4364 1043//1026
f 2327//4363 1043//1026 1046//1029
f 1048//1031 1044//1027 1043//1026
f 1048//1031 1043//1026 1049//1032
f 1043//1026 2326//4364 1107//4365
f 1043//1026 1107//4365 1049//1032
f 1107//4365 170//164 169//163
f 1107//4365 169//163 1049//1032
f 50//1039 1865//4366 1055//1040
f 1865//4366 1864//4367 1093//1076
f 1865//4366 1093//1076 1055//1040
f 1093//1076 1092//1075 1054//1037
f 1093//1076 1054//1037 1055//1040
f 1057//1042 1060//1045 1059//1044
f 1057//1042 1059//1044 1058//1043
f 1059//1044 4046//4004 194//188
f 1059//1044 194//188 1058//1043
f 194//188 186//180 185//179
f 194//188 185//179 1058//1043
f 1061//1046 4393//4368 4394//4369
f 1061//1046 4394//4369 1062//1047
f 4394//4369 1117//1099 1116//1098
f 4394//4369 1116//1098 1062//1047
f 1116//1098 4046//4004 1059//1044
f 1116//1098 1059//1044 1062//1047
f 1065//1050 4393//4368 4395//4370
f 1065//1050 4395//4370 1066//1051
f 4395//4370 1086//1071 1085//1070
f 4395//4370 1085//1070 1066//1051
f 1085//1070 4396//4371 1063//1048
f 1085//1070 1063//1048 1066//1051
f 1069//1054 4397//4372 2269//2248
f 1069//1054 2269//2248 1070//1055
f 2269//2248 1064//1049 4398//4373
f 2269//2248 4398//4373 1070//1055
f 4398//4373 4399//4374 1067//1052
f 4398//4373 1067//1052 1070//1055
f 1071//1056 4400//4375 4401//4376
f 1071//1056 4401//4376 1072//1057
f 4401//4376 4402//4377 4403//4378
f 4401//4376 4403//4378 1072//1057
f 4403//4378 4397//4372 1069//1054
f 4403//4378 1069//1054 1072//1057
f 855//839 4316//4282 1114//1096
f 855//839 1114//1096 1074//1059
f 1114//1096 1100//1083 1105//1088
f 1114//1096 1105//1088 1074//1059
f 1105//1088 1104//1087 1073//1058
f 1105//1088 1073//1058 1074//1059
f 1077//1062 1038//1021 1037//1020
f 1077//1062 1037//1020 1078//1063
f 1037//1020 1465//1445 1464//1444
f 1037//1020 1464//1444 1078//1063
f 1464//1444 4312//4278 1075//1060
f 1464//1444 1075//1060 1078//1063
f 1081//1066 4399//4374 4398//4373
f 1081//1066 4398//4373 1082//1067
f 4398//4373 1064//1049 1063//1048
f 4398//4373 1063//1048 1082//1067
f 1063//1048 4396//4371 1079//1064
f 1063//1048 1079//1064 1082//1067
f 1079//1064 4396//4371 4404//4379
f 1079//1064 4404//4379 1084//1069
f 4404//4379 4405//4380 1090//4381
f 4404//4379 1090//4381 1084//1069
f 1090//4381 1089//4382 1083//1068
f 1090//4381 1083//1068 1084//1069
f 1087//1072 4406//4383 4407//4384
f 1087//1072 4407//4384 1088//1073
f 4407//4384 4405//4380 4404//4379
f 4407//4384 4404//4379 1088//1073
f 4404//4379 4396//4371 1085//1070
f 4404//4379 1085//1070 1088//1073
f 1093//1076 1864//4367 4408//4385
f 1093//1076 4408//4385 1094//1077
f 4408//4385 4406//4383 1087//1072
f 4408//4385 1087//1072 1094//1077
f 1087//1072 1086//1071 1091//1074
f 1087//1072 1091//1074 1094//1077
f 1097//1080 43//41 42//40
f 1097//1080 42//40 1098//1081
f 42//40 3979//3934 4409//4386
f 42//40 4409//4386 1098//1081
f 4409//4386 4410//4387 1095//1078
f 4409//4386 1095//1078 1098//1081
f 1101//1084 1096//1079 1095//1078
f 1101//1084 1095//1078 1102//1085
f 1095//1078 4410//4387 4411//4388
f 1095//1078 4411//4388 1102//1085
f 4411//4388 4402//4377 1099//1082
f 4411//4388 1099//1082 1102//1085
f 1105//1088 1100//1083 1099//1082
f 1105//1088 1099//1082 1106//1089
f 1099//1082 4402//4377 4401//4376
f 1099//1082 4401//4376 1106//1089
f 4401//4376 4400//4375 1103//1086
f 4401//4376 1103//1086 1106//1089
f 52//4389 1111//1093 1113//1095
f 1114//1096 4316//4282 845//830
f 1114//1096 845//830 1115//1097
f 845//830 844//829 4414//4390
f 845//830 4414//4390 1115//1097
f 4414//4390 1096//1079 1101//1084
f 4414//4390 1101//1084 1115//1097
f 1118//1100 4410//4387 4409//4386
f 1118//1100 4409//4386 1119//1101
f 4409//4386 3979//3934 4047//4005
f 4409//4386 4047//4005 1119//1101
f 4047//4005 4046//4004 1116//1098
f 4047//4005 1116//1098 1119//1101
f 1097//1080 1096//1079 4414//4390
f 1097//1080 4414//4390 1121//1103
f 4414//4390 844//829 853//837
f 4414//4390 853//837 1121//1103
f 853//837 4323//4289 1120//1102
f 853//837 1120//1102 1121//1103
f 1012//996 22//22 21//21
f 1012//996 21//21 1123//1105
f 21//21 1015//999 19//19
f 21//21 19//19 1123//1105
f 19//19 18//18 1122//1104
f 19//19 1122//1104 1123//1105
f 1126//1108 4415//4391 1418//1398
f 1126//1108 1418//1398 1127//1109
f 1418//1398 1417//1397 4416//4392
f 1418//1398 4416//4392 1127//1109
f 4416//4392 4417//4393 1124//1106
f 4416//4392 1124//1106 1127//1109
f 1130//1112 4059//4018 4418//4394
f 1130//1112 4418//4394 1131//1113
f 4418//4394 1798//1778 4419//4395
f 4418//4394 4419//4395 1131//1113
f 4419//4395 4035//3993 1128//1110
f 4419//4395 1128//1110 1131//1113
f 1134//1116 1798//1778 4418//4394
f 1134//1116 4418//4394 1135//1117
f 4418//4394 4059//4018 4420//4396
f 4418//4394 4420//4396 1135//1117
f 4420//4396 2312//2291 1132//1114
f 4420//4396 1132//1114 1135//1117
f 1138//1120 4421//4397 1834//1814
f 1138//1120 1834//1814 1139//1121
f 1834//1814 705//690 708//693
f 1834//1814 708//693 1139//1121
f 708//693 4241//4207 1136//1118
f 708//693 1136//1118 1139//1121
f 1136//1118 4241//4207 1424//1404
f 1136//1118 1424//1404 1141//1123
f 1424//1404 1423//1403 4422//4398
f 1424//1404 4422//4398 1141//1123
f 4422//4398 4423//4399 1140//1122
f 4422//4398 1140//1122 1141//1123
f 1144//1126 1232//1214 4424//4400
f 1144//1126 4424//4400 1145//1127
f 4424//4400 1125//1107 1124//1106
f 4424//4400 1124//1106 1145//1127
f 1124//1106 4417//4393 1142//1124
f 1124//1106 1142//1124 1145//1127
f 325//318 4060//4019 4425//4401
f 325//318 4425//4401 1147//1129
f 4425//4401 4053//4012 4426//4402
f 4425//4401 4426//4402 1147//1129
f 4426//4402 4062//4021 1146//1128
f 4426//4402 1146//1128 1147//1129
f 1148//1130 4052//4011 264//257
f 1148//1130 264//257 1149//1131
f 264//257 263//256 1158//1140
f 264//257 1158//1140 1149//1131
f 1158//1140 95//89 237//230
f 1158//1140 237//230 1149//1131
f 1151//1133 252//245 1247//1229
f 1151//1133 1247//1229 1152//1134
f 1247//1229 4427//4403 4428//4404
f 1247//1229 4428//4404 1152//1134
f 4428//4404 676//661 675//660
f 4428//4404 675//660 1152//1134
f 1153//1135 1156//1138 3989//3947
f 1153//1135 3989//3947 1154//1136
f 3989//3947 3988//3946 102//96
f 3989//3947 102//96 1154//1136
f 1153//1135 55//49 54//48
f 1153//1135 54//48 1157//1139
f 54//48 3985//3943 1155//1137
f 54//48 1155//1137 1157//1139
f 1159//1141 4002//3960 4429//4405
f 1159//1141 4429//4405 1160//1142
f 4429//4405 95//89 1158//1140
f 4429//4405 1158//1140 1160//1142
f 1161//1143 4016//3974 4015//3973
f 1161//1143 4015//3973 1162//1144
f 4015//3973 4014//3972 4430//4406
f 4015//3973 4430//4406 1162//1144
f 4430//4406 87//81 92//86
f 4430//4406 92//86 1162//1144
f 266//259 4072//4031 4431//4407
f 266//259 4431//4407 1163//1145
f 4431//4407 4019//3977 4018//3976
f 4431//4407 4018//3976 1163//1145
f 4018//3976 4013//3971 124//118
f 4018//3976 124//118 1163//1145
f 1166//1148 4019//3977 4431//4407
f 1166//1148 4431//4407 1167//1149
f 4431//4407 4072//4031 2093//2071
f 4431//4407 2093//2071 1167//1149
f 2093//2071 2092//2070 1164//1146
f 2093//2071 1164//1146 1167//1149
f 1170//1152 1197//1179 1196//1178
f 1170//1152 1196//1178 1171//1153
f 1196//1178 4054//4013 4432//4408
f 1196//1178 4432//4408 1171//1153
f 4432//4408 4010//3968 1168//1150
f 4432//4408 1168//1150 1171//1153
f 1174//1156 4433//4409 4434//4410
f 1174//1156 4434//4410 1175//1157
f 4434//4410 55//49 4009//3967
f 4434//4410 4009//3967 1175//1157
f 4009//3967 4008//3966 1172//1154
f 4009//3967 1172//1154 1175//1157
f 1178//1160 1258//1240 4435//4411
f 1178//1160 4435//4411 1179//1161
f 4435//4411 3994//3952 3993//3951
f 4435//4411 3993//3951 1179//1161
f 3993//3951 3992//3950 1176//1158
f 3993//3951 1176//1158 1179//1161
f 1182//1164 2312//2291 4420//4396
f 1182//1164 4420//4396 1183//1165
f 4420//4396 4059//4018 1180//1162
f 4420//4396 1180//1162 1183//1165
f 1186//1168 4436//4412 4437//4413
f 1186//1168 4437//4413 1187//1169
f 4437//4413 4438//4414 4439//4415
f 4437//4413 4439//4415 1187//1169
f 4439//4415 4069//4028 1184//1166
f 4439//4415 1184//1166 1187//1169
f 1190//1172 4436//4412 4440//4416
f 1190//1172 4440//4416 1191//1173
f 4440//4416 2060//2038 2059//2037
f 4440//4416 2059//2037 1191//1173
f 2059//2037 4441//4417 1188//1170
f 2059//2037 1188//1170 1191//1173
f 1194//1176 4058//4017 4442//4418
f 1194//1176 4442//4418 1195//1177
f 4442//4418 4443//4419 4444//4420
f 4442//4418 4444//4420 1195//1177
f 4444//4420 2038//2016 1192//1174
f 4444//4420 1192//1174 1195//1177
f 1198//1180 4067//4026 4066//4025
f 1198//1180 4066//4025 1199//1181
f 4066//4025 260//253 4055//4014
f 4066//4025 4055//4014 1199//1181
f 4055//4014 4054//4013 1196//1178
f 4055//4014 1196//1178 1199//1181
f 1202//1184 4072//4031 4071//4030
f 1202//1184 4071//4030 1203//1185
f 4071//4030 2096//2074 2095//2073
f 4071//4030 2095//2073 1203//1185
f 2095//2073 4003//3961 1200//1182
f 2095//2073 1200//1182 1203//1185
f 1206//1188 75//69 2104//2082
f 1206//1188 2104//2082 1207//1189
f 2104//2082 1165//1147 1164//1146
f 2104//2082 1164//1146 1207//1189
f 1164//1146 2092//2070 1204//1186
f 1164//1146 1204//1186 1207//1189
f 1210//1192 4067//4026 2117//2095
f 1210//1192 2117//2095 1211//1193
f 2117//2095 71//65 70//64
f 2117//2095 70//64 1211//1193
f 70//64 290//283 1208//1190
f 70//64 1208//1190 1211//1193
f 122//116 1271//1253 4017//3975
f 122//116 4017//3975 1212//1194
f 4017//3975 4016//3974 2097//2075
f 4017//3975 2097//2075 1212//1194
f 2097//2075 2096//2074 267//260
f 2097//2075 267//260 1212//1194
f 1213//1195 4445//4421 4446//4422
f 1213//1195 4446//4422 1214//1196
f 4446//4422 4013//3971 134//128
f 4446//4422 134//128 1214//1196
f 134//128 131//125 281//274
f 134//128 281//274 1214//1196
f 1217//1199 71//65 2116//2094
f 1217//1199 2116//2094 1218//1200
f 2116//2094 286//279 1215//1197
f 2116//2094 1215//1197 1218//1200
f 1221//1203 2109//2087 1276//1258
f 1221//1203 1276//1258 1222//1204
f 1276//1258 79//73 1219//1201
f 1276//1258 1219//1201 1222//1204
f 1172//1154 4008//3966 4011//3969
f 1172//1154 4011//3969 1224//1206
f 4011//3969 108//102 4447//4423
f 4011//3969 4447//4423 1224//1206
f 4447//4423 4034//3992 1223//1205
f 4447//4423 1223//1205 1224//1206
f 1142//1124 4417//4393 1501//1481
f 1142//1124 1501//1481 1226//1208
f 1501//1481 1492//1472 4448//4424
f 1501//1481 4448//4424 1226//1208
f 4448//4424 4449//4425 1225//1207
f 4448//4424 1225//1207 1226//1208
f 1225//1207 4449//4425 4450//4426
f 1225//1207 4450//4426 1228//1210
f 4450//4426 4441//4417 4451//4427
f 4450//4426 4451//4427 1228//1210
f 4451//4427 4443//4419 1227//1209
f 4451//4427 1227//1209 1228//1210
f 1227//1209 4443//4419 4442//4418
f 1227//1209 4442//4418 1230//1212
f 4442//4418 4058//4017 1229//1211
f 4442//4418 1229//1211 1230//1212
f 1144//1126 1143//1125 1229//1211
f 1144//1126 1229//1211 1233//1215
f 1229//1211 4058//4017 4057//4016
f 1229//1211 4057//4016 1233//1215
f 4057//4016 2048//2026 1231//1213
f 4057//4016 1231//1213 1233//1215
f 1235//1217 4085//4044 4452//4428
f 1235//1217 4452//4428 1236//1218
f 4452//4428 1137//1119 1140//1122
f 4452//4428 1140//1122 1236//1218
f 1140//1122 4423//4399 1234//1216
f 1140//1122 1234//1216 1236//1218
f 1234//1216 4423//4399 1495//1475
f 1234//1216 1495//1475 1237//1219
f 1495//1475 1125//1107 4424//4400
f 1495//1475 4424//4400 1237//1219
f 4424//4400 1232//1214 233//226
f 4424//4400 233//226 1237//1219
f 96//90 95//89 4429//4405
f 96//90 4429//4405 1238//1220
f 4429//4405 4002//3960 4073//4032
f 4429//4405 4073//4032 1238//1220
f 4073//4032 4004//3962 284//277
f 4073//4032 284//277 1238//1220
f 1241//1223 4421//4397 1138//1120
f 1241//1223 1138//1120 1242//1224
f 1138//1120 1137//1119 4452//4428
f 1138//1120 4452//4428 1242//1224
f 4452//4428 4085//4044 1239//1221
f 4452//4428 1239//1221 1242//1224
f 1245//1227 1240//1222 677//662
f 1245//1227 677//662 1246//1228
f 677//662 676//661 4428//4404
f 677//662 4428//4404 1246//1228
f 4428//4404 4427//4403 1243//1225
f 4428//4404 1243//1225 1246//1228
f 251//244 3985//3943 4453//4429
f 251//244 4453//4429 1248//1230
f 4453//4429 4427//4403 1247//1229
f 4453//4429 1247//1229 1248//1230
f 1243//1225 4427//4403 4453//4429
f 1243//1225 4453//4429 1250//1232
f 4453//4429 3985//3943 3984//3942
f 4453//4429 3984//3942 1250//1232
f 3984//3942 3983//3941 1249//1231
f 3984//3942 1249//1231 1250//1232
f 1219//1201 79//73 98//92
f 1219//1201 98//92 1252//1234
f 98//92 4006//3964 1251//1233
f 98//92 1251//1233 1252//1234
f 1253//1235 108//102 107//101
f 1253//1235 107//101 1254//1236
f 107//101 4010//3968 4432//4408
f 107//101 4432//4408 1254//1236
f 4432//4408 4054//4013 214//207
f 4432//4408 214//207 1254//1236
f 111//105 4008//3966 105//99
f 111//105 105//99 1256//1238
f 105//99 104//98 1255//1237
f 105//99 1255//1237 1256//1238
f 1259//1241 220//213 219//212
f 1259//1241 219//212 1260//1242
f 219//212 63//57 2075//2053
f 219//212 2075//2053 1260//1242
f 2075//2053 2074//2052 1257//1239
f 2075//2053 1257//1239 1260//1242
f 216//209 1177//1159 2120//2098
f 216//209 2120//2098 1262//1244
f 2120//2098 1169//1151 1168//1150
f 2120//2098 1168//1150 1262//1244
f 1168//1150 4010//3968 1261//1243
f 1168//1150 1261//1243 1262//1244
f 1188//1170 4441//4417 4450//4426
f 1188//1170 4450//4426 1264//1246
f 4450//4426 4449//4425 1267//1249
f 4450//4426 1267//1249 1264//1246
f 1267//1249 1266//1248 1263//1245
f 1267//1249 1263//1245 1264//1246
f 1267//1249 4449//4425 4448//4424
f 1267//1249 4448//4424 1268//1250
f 4448//4424 1492//1472 1491//1471
f 4448//4424 1491//1471 1268//1250
f 1491//1471 4454//4430 1265//1247
f 1491//1471 1265//1247 1268//1250
f 1269//1251 3992//3950 3991//3949
f 1269//1251 3991//3949 1270//1252
f 3991//3949 3990//3948 120//114
f 3991//3949 120//114 1270//1252
f 1272//1254 4013//3971 4446//4422
f 1272//1254 4446//4422 1273//1255
f 4446//4422 4445//4421 4455//4431
f 4446//4422 4455//4431 1273//1255
f 4455//4431 127//121 126//120
f 4455//4431 126//120 1273//1255
f 1217//1199 1216//1198 3952//3906
f 1217//1199 3952//3906 1274//1256
f 3952//3906 3951//3905 4456//4432
f 3952//3906 4456//4432 1274//1256
f 4456//4432 3995//3953 72//66
f 4456//4432 72//66 1274//1256
f 1276//1258 2109//2087 2112//2090
f 1276//1258 2112//2090 1277//1259
f 2112//2090 83//77 1275//1257
f 2112//2090 1275//1257 1277//1259
f 1280//1262 4457//4433 1334//1314
f 1280//1262 1334//1314 1281//1263
f 1334//1314 1333//1313 2128//2106
f 1334//1314 2128//2106 1281//1263
f 2128//2106 4458//4434 1278//1260
f 2128//2106 1278//1260 1281//1263
f 1282//1264 4459//4435 1428//1408
f 1282//1264 1428//1408 1283//1265
f 1428//1408 1427//1407 4460//4436
f 1428//1408 4460//4436 1283//1265
f 4460//4436 4457//4433 1280//1262
f 4460//4436 1280//1262 1283//1265
f 1286//1268 4327//4293 865//849
f 1286//1268 865//849 1287//1269
f 865//849 864//848 4279//4245
f 865//849 4279//4245 1287//1269
f 4279//4245 4278//4244 1284//1266
f 4279//4245 1284//1266 1287//1269
f 1290//1272 4461//4437 4462//4438
f 1290//1272 4462//4438 1291//1273
f 4462//4438 4296//4262 792//777
f 4462//4438 792//777 1291//1273
f 792//777 791//776 1288//1270
f 792//777 1288//1270 1291//1273
f 1293//1275 4463//4439 1306//1288
f 1293//1275 1306//1288 1294//1276
f 1306//1288 1305//1287 4464//4440
f 1306//1288 4464//4440 1294//1276
f 4464//4440 4465//4441 1292//1274
f 4464//4440 1292//1274 1294//1276
f 1292//1274 4465//4441 4466//4442
f 1292//1274 4466//4442 1295//1277
f 4466//4442 4467//4443 4468//4444
f 4466//4442 4468//4444 1295//1277
f 4468//4444 4300//4266 800//785
f 4468//4444 800//785 1295//1277
f 822//807 826//811 4299//4265
f 822//807 4299//4265 1297//1279
f 4299//4265 4298//4264 4469//4445
f 4299//4265 4469//4445 1297//1279
f 4469//4445 4307//4273 1296//1278
f 4469//4445 1296//1278 1297//1279
f 1300//1282 4306//4272 812//797
f 1300//1282 812//797 1301//1283
f 812//797 811//796 4470//4446
f 812//797 4470//4446 1301//1283
f 4470//4446 4314//4280 1298//1280
f 4470//4446 1298//1280 1301//1283
f 1302//1284 4300//4266 4468//4444
f 1302//1284 4468//4444 1303//1285
f 4468//4444 4467//4443 4471//4447
f 4468//4444 4471//4447 1303//1285
f 4471//4447 4461//4437 1290//1272
f 4471//4447 1290//1272 1303//1285
f 1306//1288 4463//4439 4472//4448
f 1306//1288 4472//4448 1307//1289
f 4472//4448 773//758 4473//4449
f 4472//4448 4473//4449 1307//1289
f 4473//4449 4474//4450 1304//1286
f 4473//4449 1304//1286 1307//1289
f 1310//1292 4475//4451 4476//4452
f 1310//1292 4476//4452 1311//1293
f 4476//4452 1337//1317 1336//1316
f 4476//4452 1336//1316 1311//1293
f 1336//1316 4477//4453 1308//1290
f 1336//1316 1308//1290 1311//1293
f 1314//1296 4340//4306 4339//4305
f 1314//1296 4339//4305 1315//1297
f 4339//4305 1317//1299 1316//1298
f 4339//4305 1316//1298 1315//1297
f 1316//1298 4478//4454 1312//1294
f 1316//1298 1312//1294 1315//1297
f 1318//1300 4479//4455 1673//1653
f 1318//1300 1673//1653 1319//1301
f 1673//1653 1672//1652 4480//4456
f 1673//1653 4480//4456 1319//1301
f 4480//4456 4478//4454 1316//1298
f 4480//4456 1316//1298 1319//1301
f 1324//1304 4389//4359 4388//4358
f 1324//1304 4388//4358 1325//1305
f 4388//4358 1025//1008 1024//1007
f 4388//4358 1024//1007 1325//1305
f 1024//1007 4387//4357 1322//1302
f 1024//1007 1322//1302 1325//1305
f 1326//1306 1321//4457 1320//4458
f 1326//1306 1320//4458 1327//1307
f 1320//4458 4392//4362 4391//4361
f 1320//4458 4391//4361 1327//1307
f 4391//4361 4389//4359 1324//1304
f 4391//4361 1324//1304 1327//1307
f 1330//1310 1076//1061 1075//1060
f 1330//1310 1075//1060 1331//1311
f 1075//1060 4312//4278 838//823
f 1075//1060 838//823 1331//1311
f 838//823 837//822 1328//1308
f 838//823 1328//1308 1331//1311
f 1334//1314 4457//4433 1445//1425
f 1334//1314 1445//1425 1335//1315
f 1445//1425 754//739 4481//4459
f 1445//1425 4481//4459 1335//1315
f 4481//4459 4482//4460 1332//1312
f 4481//4459 1332//1312 1335//1315
f 1338//1318 1368//1348 1361//1341
f 1338//1318 1361//1341 1339//1319
f 1361//1341 1285//1267 4483//4461
f 1361//1341 4483//4461 1339//1319
f 4483//4461 4477//4453 1336//1316
f 4483//4461 1336//1316 1339//1319
f 1342//1322 4484//4462 1369//1349
f 1342//1322 1369//1349 1343//1323
f 1369//1349 1368//1348 1338//1318
f 1369//1349 1338//1318 1343//1323
f 1338//1318 1337//1317 1340//1320
f 1338//1318 1340//1320 1343//1323
f 1344//1324 4337//4303 4336//4302
f 1344//1324 4336//4302 1345//1325
f 4336//4302 1364//1344 1363//1343
f 4336//4302 1363//1343 1345//1325
f 1363//1343 4484//4462 1342//1322
f 1363//1343 1342//1322 1345//1325
f 1348//1328 1351//1331 2289//2268
f 1348//1328 2289//2268 1349//1329
f 1348//1328 1347//1327 4485//4463
f 1348//1328 4485//4463 1352//1332
f 4485//4463 4334//4300 879//863
f 4485//4463 879//863 1352//1332
f 879//863 878//862 1350//1330
f 879//863 1350//1330 1352//1332
f 1355//1335 4486//4464 2126//2104
f 1355//1335 2126//2104 1356//1336
f 2126//2104 1358//1338 4487//4465
f 2126//2104 4487//4465 1356//1336
f 4487//4465 4051//4010 1353//1333
f 4487//4465 1353//1333 1356//1336
f 1359//1339 4482//4460 4481//4459
f 1359//1339 4481//4459 1360//1340
f 4481//4459 754//739 753//738
f 4481//4459 753//738 1360//1340
f 753//738 4280//4246 1357//1337
f 753//738 1357//1337 1360//1340
f 1361//1341 1368//1348 1367//1347
f 1361//1341 1367//1347 1362//1342
f 1367//1347 1378//1358 1377//1357
f 1367//1347 1377//1357 1362//1342
f 1377//1357 4327//4293 1286//1268
f 1377//1357 1286//1268 1362//1342
f 1365//1345 4346//4312 4345//4311
f 1365//1345 4345//4311 1366//1346
f 4345//4311 4332//4298 4488//4466
f 4345//4311 4488//4466 1366//1346
f 4488//4466 4484//4462 1363//1343
f 4488//4466 1363//1343 1366//1346
f 1369//1349 4484//4462 4488//4466
f 1369//1349 4488//4466 1370//1350
f 4488//4466 4332//4298 4331//4297
f 4488//4466 4331//4297 1370//1350
f 4331//4297 1378//1358 1367//1347
f 4331//4297 1367//1347 1370//1350
f 943//927 4334//4300 4485//4463
f 943//927 4485//4463 1372//1352
f 4485//4463 1347//1327 2124//2102
f 4485//4463 2124//2102 1372//1352
f 2124//2102 4489//4467 1371//1351
f 2124//2102 1371//1351 1372//1352
f 1375//1355 4051//4010 4487//4465
f 1375//1355 4487//4465 1376//1356
f 4487//4465 1358//1338 1357//1337
f 4487//4465 1357//1337 1376//1356
f 1357//1337 4280//4246 1373//1353
f 1357//1337 1373//1353 1376//1356
f 1379//1359 4076//4035 2298//2277
f 1379//1359 2298//2277 1380//1360
f 2298//2277 868//852 4328//4294
f 2298//2277 4328//4294 1380//1360
f 4328//4294 4327//4293 1377//1357
f 4328//4294 1377//1357 1380//1360
f 1382//1362 4489//4467 4021//3979
f 1382//1362 4021//3979 1383//1363
f 1384//1364 4370//4336 1396//1376
f 1384//1364 1396//1376 1385//1365
f 1396//1376 897//881 896//880
f 1396//1376 896//880 1385//1365
f 896//880 4346//4312 945//929
f 896//880 945//929 1385//1365
f 947//931 4370//4336 1384//1364
f 947//931 1384//1364 1386//1366
f 1384//1364 944//928 1371//1351
f 1384//1364 1371//1351 1386//1366
f 1371//1351 4489//4467 1382//1362
f 1371//1351 1382//1362 1386//1366
f 863//847 4329//4295 4490//4468
f 863//847 4490//4468 1388//1368
f 4490//4468 1374//1354 1373//1353
f 4490//4468 1373//1353 1388//1368
f 1373//1353 4280//4246 1387//1367
f 1373//1353 1387//1367 1388//1368
f 1389//1369 4491//4469 4492//4470
f 1389//1369 4492//4470 1390//1370
f 4492//4470 205//198 204//197
f 4492//4470 204//197 1390//1370
f 204//197 4051//4010 1375//1355
f 204//197 1375//1355 1390//1370
f 1392//1372 1391//1371 2306//2285
f 1392//1372 2306//2285 1394//1374
f 1392//1372 1393//1373 1381//1361
f 1392//1372 1381//1361 915//899
f 1395//1375 4024//3982 949//933
f 1395//1375 949//933 1393//1373
f 1396//1376 4370//4336 4369//4335
f 1396//1376 4369//4335 1397//1377
f 4369//4335 4022//3980 4493//4471
f 4369//4335 4493//4471 1397//1377
f 4493//4471 4347//4313 900//884
f 4493//4471 900//884 1397//1377
f 1400//1380 973//957 1404//1384
f 1400//1380 1404//1384 1401//1381
f 1404//1384 878//862 877//861
f 1404//1384 877//861 1401//1381
f 877//861 4337//4303 1398//1378
f 877//861 1398//1378 1401//1381
f 1398//1378 4337//4303 1344//1324
f 1398//1378 1344//1324 1403//1383
f 1344//1324 1341//1321 15//15
f 1344//1324 15//15 1403//1383
f 15//15 14//14 1402//1382
f 15//15 1402//1382 1403//1383
f 972//956 981//965 4494//4472
f 972//956 4494//4472 1405//1385
f 4494//4472 1351//1331 1350//1330
f 4494//4472 1350//1330 1405//1385
f 1350//1330 878//862 1404//1384
f 1350//1330 1404//1384 1405//1385
f 999//983 3967//3921 3966//3920
f 999//983 3966//3920 1407//1387
f 3966//3920 1337//1317 4476//4452
f 3966//3920 4476//4452 1407//1387
f 4476//4452 4475//4451 1406//1386
f 4476//4452 1406//1386 1407//1387
f 1410//1390 4247//4213 4246//4212
f 1410//1390 4246//4212 1411//1391
f 4246//4212 174//168 173//167
f 4246//4212 173//167 1411//1391
f 173//167 1814//1794 1408//1388
f 173//167 1408//1388 1411//1391
f 1414//1394 4495//4473 1997//1975
f 1414//1394 1997//1975 1415//1395
f 1997//1975 701//686 1868//1846
f 1997//1975 1868//1846 1415//1395
f 1868//1846 1133//1115 1412//1392
f 1868//1846 1412//1392 1415//1395
f 1418//1398 4415//4391 1872//1850
f 1418//1398 1872//1850 1419//1399
f 1872//1850 1871//1849 2245//2223
f 1872//1850 2245//2223 1419//1399
f 2245//2223 4496//4474 1416//1396
f 2245//2223 1416//1396 1419//1399
f 1416//1396 4496//4474 4497//4475
f 1416//1396 4497//4475 1421//1401
f 4497//4475 2242//2220 4498//4476
f 4497//4475 4498//4476 1421//1401
f 4498//4476 4499//4477 1420//1400
f 4498//4476 1420//1400 1421//1401
f 1424//1404 4241//4207 4240//4206
f 1424//1404 4240//4206 1425//1405
f 4240//4206 2252//2230 2251//2229
f 4240//4206 2251//2229 1425//1405
f 2251//2229 4500//4478 1422//1402
f 2251//2229 1422//1402 1425//1405
f 1428//1408 4459//4435 4501//4479
f 1428//1408 4501//4479 1429//1409
f 4501//4479 1309//1291 1308//1290
f 4501//4479 1308//1290 1429//1409
f 1308//1290 4477//4453 1426//1406
f 1308//1290 1426//1406 1429//1409
f 1426//1406 4477//4453 4483//4461
f 1426//1406 4483//4461 1431//1411
f 4483//4461 1285//1267 1284//1266
f 4483//4461 1284//1266 1431//1411
f 1284//1266 4278//4244 1430//1410
f 1284//1266 1430//1410 1431//1411
f 1434//1414 4502//4480 1840//1820
f 1434//1414 1840//1820 1436//1416
f 1840//1820 1839//1819 142//136
f 1840//1820 142//136 1436//1416
f 141//135 4503//4481 142//136
f 4503//4481 1435//1415 1436//1416
f 1436//1416 142//136 4503//4481
f 1439//1419 4288//4254 4287//4253
f 1439//1419 4287//4253 1440//1420
f 4287//4253 1760//1740 1763//1743
f 4287//4253 1763//1743 1440//1420
f 1763//1743 4504//4482 1437//1417
f 1763//1743 1437//1417 1440//1420
f 1443//1423 4491//4469 1389//1369
f 1443//1423 1389//1369 1444//1424
f 1389//1369 1374//1354 4490//4468
f 1389//1369 4490//4468 1444//1424
f 4490//4468 4329//4295 1441//1421
f 4490//4468 1441//1421 1444//1424
f 1445//1425 4457//4433 4460//4436
f 1445//1425 4460//4436 1446//1426
f 4460//4436 1427//1407 1430//1410
f 4460//4436 1430//1410 1446//1426
f 1430//1410 4278//4244 755//740
f 1430//1410 755//740 1446//1426
f 1449//1429 4087//4046 4086//4045
f 1449//1429 4086//4045 1450//1430
f 4086//4045 205//198 4492//4470
f 4086//4045 4492//4470 1450//1430
f 4492//4470 4491//4469 1447//1427
f 4492//4470 1447//1427 1450//1430
f 1332//1312 4482//4460 4505//4483
f 1332//1312 4505//4483 1452//1432
f 4505//4483 1883//1861 1882//1860
f 4505//4483 1882//1860 1452//1432
f 1882//1860 4506//4484 1451//1431
f 1882//1860 1451//1431 1452//1432
f 1454//1434 4330//4296 875//859
f 1454//1434 875//859 1455//1435
f 875//859 874//858 4231//4197
f 875//859 4231//4197 1455//1435
f 4231//4197 4230//4196 1453//1433
f 4231//4197 1453//1433 1455//1435
f 4025//3983 4024//3982 1395//1375
f 4025//3983 1395//1375 148//142
f 1457//1437 4325//4291 861//845
f 1457//1437 861//845 1458//1438
f 861//845 860//844 4348//4314
f 861//845 4348//4314 1458//1438
f 4348//4314 4347//4313 1456//1436
f 4348//4314 1456//1436 1458//1438
f 1456//1436 4347//4313 4493//4471
f 1456//1436 4493//4471 1459//1439
f 4493//4471 4022//3980 151//145
f 4493//4471 151//145 1459//1439
f 151//145 150//144 904//888
f 151//145 904//888 1459//1439
f 1462//1442 4228//4194 4507//4485
f 1462//1442 4507//4485 1463//1443
f 4507//4485 1563//1543 4508//4486
f 4507//4485 4508//4486 1463//1443
f 4508//4486 4504//4482 1460//1440
f 4508//4486 1460//1440 1463//1443
f 1466//1446 4509//4487 1560//1540
f 1466//1446 1560//1540 1467//1447
f 1560//1540 1299//1281 4313//4279
f 1560//1540 4313//4279 1467//1447
f 4313//4279 4312//4278 1464//1444
f 4313//4279 1464//1444 1467//1447
f 1470//1450 4510//4488 2277//2256
f 1470//1450 2277//2256 1471//1451
f 2277//2256 47//45 4320//4286
f 2277//2256 4320//4286 1471//1451
f 4320//4286 38//36 1468//1448
f 4320//4286 1468//1448 1471//1451
f 1474//1454 4509//4487 4511//4489
f 1474//1454 4511//4489 1475//1455
f 4511//4489 4512//4490 4513//4491
f 4511//4489 4513//4491 1475//1455
f 4513//4491 4514//4492 1472//1452
f 4513//4491 1472//1452 1475//1455
f 1476//1456 4515//4493 4516//4494
f 1476//1456 4516//4494 1477//1457
f 4516//4494 1557//1537 2283//2262
f 4516//4494 2283//2262 1477//1457
f 2283//2262 807//792 806//791
f 2283//2262 806//791 1477//1457
f 1480//1460 4325//4291 1489//1469
f 1480//1460 1489//1469 1481//1461
f 1489//1469 1488//1468 1628//1608
f 1489//1469 1628//1608 1481//1461
f 1628//1608 1482//1462 1478//1458
f 1628//1608 1478//1458 1481//1461
f 1483//1463 4271//4237 4517//4495
f 1483//1463 4517//4495 1484//1464
f 4517//4495 874//858 873//857
f 4517//4495 873//857 1484//1464
f 873//857 1479//1459 1478//1458
f 873//857 1478//1458 1484//1464
f 4518//4496 1486//1466 149//143
f 4518//4496 149//143 4026//3984
f 1486//1466 4518//4496 4368//4334
f 1486//1466 4368//4334 1517//1497
f 1517//1497 1516//1496 1485//1465
f 1517//1497 1485//1465 1486//1466
f 1489//1469 4325//4291 1457//1437
f 1489//1469 1457//1437 1490//1470
f 1457//1437 903//887 902//886
f 1457//1437 902//886 1490//1470
f 902//886 4344//4310 1487//1467
f 902//886 1487//1467 1490//1470
f 1493//1473 4499//4477 2290//2269
f 1493//1473 2290//2269 1494//1474
f 2290//2269 1413//1393 2292//2271
f 2290//2269 2292//2271 1494//1474
f 2292//2271 4454//4430 1491//1471
f 2292//2271 1491//1471 1494//1474
f 1495//1475 4423//4399 4422//4398
f 1495//1475 4422//4398 1496//1476
f 4422//4398 1423//1403 4519//4497
f 4422//4398 4519//4497 1496//1476
f 4519//4497 4415//4391 1126//1108
f 4519//4497 1126//1108 1496//1476
f 1499//1479 154//148 1817//1797
f 1499//1479 1817//1797 1500//1480
f 1817//1797 1409//1389 1831//1811
f 1817//1797 1831//1811 1500//1480
f 1831//1811 1830//1810 1497//1477
f 1831//1811 1497//1477 1500//1480
f 1501//1481 4417//4393 4416//4392
f 1501//1481 4416//4392 1502//1482
f 4416//4392 1417//1397 1420//1400
f 4416//4392 1420//1400 1502//1482
f 1420//1400 4499//4477 1493//1473
f 1420//1400 1493//1473 1502//1482
f 1505//1485 4433//4409 1174//1156
f 1505//1485 1174//1156 1506//1486
f 1174//1156 1173//1155 1823//1803
f 1174//1156 1823//1803 1506//1486
f 1823//1803 4520//4498 1503//1483
f 1823//1803 1503//1483 1506//1486
f 1509//1489 4271//4237 743//728
f 1509//1489 743//728 1510//1490
f 743//728 742//727 1779//1759
f 743//728 1779//1759 1510//1490
f 1779//1759 4521//4499 1507//1487
f 1779//1759 1507//1487 1510//1490
f 1513//1493 4344//4310 4349//4315
f 1513//1493 4349//4315 1514//1494
f 4349//4315 1516//1496 1515//1495
f 4349//4315 1515//1495 1514//1494
f 1515//1495 4522//4500 1511//1491
f 1515//1495 1511//1491 1514//1494
f 4523//4501 4522//4500 1515//1495
f 4523//4501 1515//1495 1518//1498
f 1521//1501 4524//4502 1783//1763
f 1521//1501 1783//1763 1522//1502
f 1783//1763 1504//1484 1503//1483
f 1783//1763 1503//1483 1522//1502
f 1503//1483 4520//4498 1519//1499
f 1503//1483 1519//1499 1522//1502
f 1525//1505 4291//4257 4525//4503
f 1525//1505 4525//4503 1526//1506
f 4525//4503 886//870 4526//4504
f 4525//4503 4526//4504 1526//1506
f 4526//4504 4263//4229 1523//1503
f 4526//4504 1523//1503 1526//1506
f 1529//1509 4341//4307 887//871
f 1529//1509 887//871 1530//1510
f 887//871 886//870 4525//4503
f 887//871 4525//4503 1530//1510
f 4525//4503 4291//4257 1527//1507
f 4525//4503 1527//1507 1530//1510
f 1523//1503 4263//4229 732//717
f 1523//1503 732//717 1532//1512
f 732//717 731//716 4527//4505
f 732//717 4527//4505 1532//1512
f 4527//4505 4528//4506 1531//1511
f 4527//4505 1531//1511 1532//1512
f 776//761 1524//1504 1706//1686
f 776//761 1706//1686 1534//1514
f 1706//1686 819//804 818//803
f 1706//1686 818//803 1534//1514
f 818//803 833//818 1533//1513
f 818//803 1533//1513 1534//1514
f 323//316 322//315 1733//1713
f 323//316 1733//1713 1537//1517
f 1733//1713 1721//1701 1726//1706
f 1733//1713 1726//1706 1537//1517
f 1726//1706 1725//1705 1535//1515
f 1726//1706 1535//1515 1537//1517
f 1540//1520 1536//1516 1535//1515
f 1540//1520 1535//1515 1541//1521
f 1535//1515 1725//1705 1730//1710
f 1535//1515 1730//1710 1541//1521
f 1730//1710 1729//1709 1538//1518
f 1730//1710 1538//1518 1541//1521
f 1544//1524 4529//4507 4530//4508
f 1544//1524 4530//4508 1545//1525
f 4530//4508 746//731 745//730
f 4530//4508 745//730 1545//1525
f 745//730 4269//4235 1542//1522
f 745//730 1542//1522 1545//1525
f 1542//1522 4269//4235 4268//4234
f 1542//1522 4268//4234 1547//1527
f 4268//4234 1528//1508 1527//1507
f 4268//4234 1527//1507 1547//1527
f 1527//1507 4291//4257 1546//1526
f 1527//1507 1546//1526 1547//1527
f 1548//1528 4306//4272 4531//4509
f 1548//1528 4531//4509 1549//1529
f 4531//4509 1473//1453 1702//1682
f 4531//4509 1702//1682 1549//1529
f 1702//1682 4309//4275 824//809
f 1702//1682 824//809 1549//1529
f 1550//1530 4273//4239 4532//4510
f 1550//1530 4532//4510 1551//1531
f 4532//4510 4533//4511 4534//4512
f 4532//4510 4534//4512 1551//1531
f 4534//4512 4281//4247 759//744
f 4534//4512 759//744 1551//1531
f 1554//1534 4315//4281 4535//4513
f 1554//1534 4535//4513 1555//1535
f 4535//4513 1469//1449 808//793
f 4535//4513 808//793 1555//1535
f 808//793 807//792 1552//1532
f 808//793 1552//1532 1555//1535
f 1558//1538 4536//4514 1599//1579
f 1558//1538 1599//1579 1559//1539
f 1599//1579 746//731 4530//4508
f 1599//1579 4530//4508 1559//1539
f 4530//4508 4529//4507 1556//1536
f 4530//4508 1556//1536 1559//1539
f 1560//1540 4509//4487 1474//1454
f 1560//1540 1474//1454 1561//1541
f 1474//1454 1473//1453 4531//4509
f 1474//1454 4531//4509 1561//1541
f 4531//4509 4306//4272 1300//1282
f 4531//4509 1300//1282 1561//1541
f 1564//1544 4281//4247 4534//4512
f 1564//1544 4534//4512 1565//1545
f 4534//4512 4533//4511 4537//4515
f 4534//4512 4537//4515 1565//1545
f 4537//4515 4538//4516 1562//1542
f 4537//4515 1562//1542 1565//1545
f 738//723 4266//4232 736//721
f 738//723 736//721 1567//1547
f 736//721 735//720 2287//2266
f 736//721 2287//2266 1567//1547
f 2287//2266 2286//2265 1566//1546
f 2287//2266 1566//1546 1567//1547
f 196//189 4049//4008 766//751
f 196//189 766//751 1569//1549
f 766//751 765//750 1860//1840
f 766//751 1860//1840 1569//1549
f 1860//1840 4251//4217 1568//1548
f 1860//1840 1568//1548 1569//1549
f 764//749 4285//4251 1745//1725
f 764//749 1745//1725 1571//1551
f 1745//1725 1592//1572 1591//1571
f 1745//1725 1591//1571 1571//1551
f 1591//1571 4539//4517 1570//1550
f 1591//1571 1570//1550 1571//1551
f 1572//1552 4540//4518 4541//4519
f 1572//1552 4541//4519 1573//1553
f 4541//4519 1602//1582 4270//4236
f 4541//4519 4270//4236 1573//1553
f 4270//4236 11//11 10//10
f 4270//4236 10//10 1573//1553
f 953//937 952//936 4542//4520
f 953//937 4542//4520 4543//4521
f 4542//4520 4522//4500 4523//4501
f 4542//4520 4523//4501 4543//4521
f 4543//4521 4523//4501 941//925
f 4543//4521 941//925 1575//1555
f 1580//1560 4540//4518 1572//1552
f 1580//1560 1572//1552 1581//1561
f 1572//1552 890//874 889//873
f 1572//1552 889//873 1581//1561
f 889//873 1512//1492 1578//1558
f 889//873 1578//1558 1581//1561
f 1585//1565 4248//4214 716//701
f 1585//1565 716//701 1586//1566
f 716//701 715//700 722//707
f 716//701 722//707 1586//1566
f 722//707 4259//4225 1583//1563
f 722//707 1583//1563 1586//1566
f 1589//1569 4538//4516 4537//4515
f 1589//1569 4537//4515 1590//1570
f 4537//4515 4533//4511 4544//4522
f 4537//4515 4544//4522 1590//1570
f 4544//4522 4536//4514 1587//1567
f 4544//4522 1587//1567 1590//1570
f 1593//1573 4545//4523 4546//4524
f 1593//1573 4546//4524 1594//1574
f 4546//4524 803//788 1858//1838
f 4546//4524 1858//1838 1594//1574
f 1858//1838 4539//4517 1591//1571
f 1858//1838 1591//1571 1594//1574
f 1597//1577 4341//4307 1603//1583
f 1597//1577 1603//1583 1598//1578
f 1603//1583 1602//1582 4541//4519
f 1603//1583 4541//4519 1598//1578
f 4541//4519 4540//4518 1595//1575
f 4541//4519 1595//1575 1598//1578
f 1599//1579 4536//4514 4544//4522
f 1599//1579 4544//4522 1600//1580
f 4544//4522 4533//4511 4532//4510
f 4544//4522 4532//4510 1600//1580
f 4532//4510 4273//4239 747//732
f 4532//4510 747//732 1600//1580
f 1603//1583 4341//4307 1529//1509
f 1603//1583 1529//1509 1604//1584
f 1529//1509 1528//1508 4267//4233
f 1529//1509 4267//4233 1604//1584
f 4267//4233 4266//4232 1601//1581
f 4267//4233 1601//1581 1604//1584
f 1607//1587 4255//4221 723//708
f 1607//1587 723//708 1608//1588
f 723//708 715//700 714//699
f 723//708 714//699 1608//1588
f 714//699 4250//4216 1605//1585
f 714//699 1605//1585 1608//1588
f 1605//1585 4250//4216 4254//4220
f 1605//1585 4254//4220 1610//1590
f 4254//4220 4253//4219 4547//4525
f 4254//4220 4547//4525 1610//1590
f 4547//4525 4305//4271 1609//1589
f 4547//4525 1609//1589 1610//1590
f 1611//1591 4548//4526 4549//4527
f 1611//1591 4549//4527 1612//1592
f 4549//4527 1596//1576 1595//1575
f 4549//4527 1595//1575 1612//1592
f 1595//1575 4540//4518 1580//1560
f 1595//1575 1580//1560 1612//1592
f 1578//1558 1512//1492 1511//1491
f 1578//1558 1511//1491 1614//1594
f 1511//1491 4522//4500 4542//4520
f 1511//1491 4542//4520 1614//1594
f 4542//4520 952//936 1613//1593
f 4542//4520 1613//1593 1614//1594
f 1613//1593 952//936 951//935
f 1613//1593 951//935 1615//1595
f 951//935 956//940 4550//4528
f 951//935 4550//4528 1615//1595
f 4550//4528 4548//4526 1611//1591
f 4550//4528 1611//1591 1615//1595
f 1616//1596 4528//4506 4527//4505
f 1616//1596 4527//4505 1617//1597
f 4527//4505 731//716 4551//4529
f 4527//4505 4551//4529 1617//1597
f 4551//4529 4308//4274 816//801
f 4551//4529 816//801 1617//1597
f 850//834 1713//1693 1712//1692
f 850//834 1712//1692 1619//1599
f 1712//1692 4289//4255 1684//1664
f 1712//1692 1684//1664 1619//1599
f 1684//1664 1678//1658 1618//1598
f 1684//1664 1618//1598 1619//1599
f 1620//1600 4265//4231 1009//993
f 1620//1600 1009//993 1621//1601
f 1009//993 1008//992 1122//1104
f 1009//993 1122//1104 1621//1601
f 1122//1104 18//18 883//867
f 1122//1104 883//867 1621//1601
f 1624//1604 4263//4229 4526//4504
f 1624//1604 4526//4504 1625//1605
f 4526//4504 886//870 885//869
f 4526//4504 885//869 1625//1605
f 885//869 4343//4309 1622//1602
f 885//869 1622//1602 1625//1605
f 1626//1606 4275//4241 751//736
f 1626//1606 751//736 1627//1607
f 751//736 750//735 893//877
f 751//736 893//877 1627//1607
f 893//877 4340//4306 1314//1296
f 893//877 1314//1296 1627//1607
f 891//875 890//874 3965//3919
f 891//875 3965//3919 1629//1609
f 3965//3919 7//7 4272//4238
f 3965//3919 4272//4238 1629//1609
f 4272//4238 1482//1462 1628//1608
f 4272//4238 1628//1608 1629//1609
f 1630//1610 4308//4274 4551//4529
f 1630//1610 4551//4529 1631//1611
f 4551//4529 731//716 730//715
f 4551//4529 730//715 1631//1611
f 730//715 4265//4231 1620//1600
f 730//715 1620//1600 1631//1611
f 1634//1614 4281//4247 1564//1544
f 1634//1614 1564//1544 1635//1615
f 1564//1544 1563//1543 4507//4485
f 1564//1544 4507//4485 1635//1615
f 4507//4485 4228//4194 1632//1612
f 4507//4485 1632//1612 1635//1615
f 1636//1616 4552//4530 1780//1760
f 1636//1616 1780//1760 1637//1617
f 1780//1760 742//727 3964//3918
f 1780//1760 3964//3918 1637//1617
f 3964//3918 11//11 740//725
f 3964//3918 740//725 1637//1617
f 1640//1620 2286//2265 2285//2264
f 1640//1620 2285//2264 1641//1621
f 2285//2264 758//743 757//742
f 2285//2264 757//742 1641//1621
f 757//742 4242//4208 1638//1618
f 757//742 1638//1618 1641//1621
f 1642//1622 4552//4530 1636//1616
f 1642//1622 1636//1616 1643//1623
f 1636//1616 739//724 1566//1546
f 1636//1616 1566//1546 1643//1623
f 1566//1546 2286//2265 1640//1620
f 1566//1546 1640//1620 1643//1623
f 1568//1548 4251//4217 720//705
f 1568//1548 720//705 1644//1624
f 720//705 719//704 4262//4228
f 720//705 4262//4228 1644//1624
f 4261//4227 1//1 3//3
f 3//3 4262//4228 4261//4227
f 4262//4228 3//3 1644//1624
f 1647//1627 4255//4221 1607//1587
f 1647//1627 1607//1587 1648//1628
f 1607//1587 1606//1586 4553//4531
f 1607//1587 4553//4531 1648//1628
f 4553//4531 4318//4284 1645//1625
f 4553//4531 1645//1625 1648//1628
f 1651//1631 4318//4284 4553//4531
f 1651//1631 4553//4531 1652//1632
f 4553//4531 1606//1586 1609//1589
f 4553//4531 1609//1589 1652//1632
f 1609//1589 4305//4271 1649//1629
f 1609//1589 1649//1629 1652//1632
f 4371//4337 4554//4532 989//973
f 4371//4337 989//973 4372//4338
f 985//969 4554//4532 4371//4337
f 985//969 4371//4337 966//950
f 4554//4532 985//969 984//968
f 4554//4532 984//968 1653//1633
f 1003//987 4343//4309 4342//4308
f 1003//987 4342//4308 1657//1637
f 4342//4308 1596//1576 4549//4527
f 4342//4308 4549//4527 1657//1637
f 4549//4527 4548//4526 1656//1636
f 4549//4527 1656//1636 1657//1637
f 1656//1636 4548//4526 4550//4528
f 1656//1636 4550//4528 1659//1639
f 4550//4528 956//940 955//939
f 4550//4528 955//939 1659//1639
f 955//939 4373//4339 1658//1638
f 955//939 1658//1638 1659//1639
f 1660//1640 4324//4290 4555//4533
f 1660//1640 4555//4533 1661//1641
f 4555//4533 4257//4223 4256//4222
f 4555//4533 4256//4222 1661//1641
f 4256//4222 4255//4221 1647//1627
f 4256//4222 1647//1627 1661//1641
f 1663//1643 4556//4534 4557//4535
f 1663//1643 4557//4535 1664//1644
f 4557//4535 4382//4348 4558//4536
f 4557//4535 4558//4536 1664//1644
f 4558//4536 4479//4455 1662//1642
f 4558//4536 1662//1642 1664//1644
f 1665//1645 3969//3923 23//23
f 1665//1645 23//23 1666//1646
f 23//23 22//22 1011//995
f 23//23 1011//995 1666//1646
f 1669//1649 4556//4534 1663//1643
f 1669//1649 1663//1643 1670//1650
f 1663//1643 166//160 165//159
f 1663//1643 165//159 1670//1650
f 165//159 3968//3922 1667//1647
f 165//159 1667//1647 1670//1650
f 1673//1653 4479//4455 4558//4536
f 1673//1653 4558//4536 1674//1654
f 4558//4536 4382//4348 4381//4347
f 4558//4536 4381//4347 1674//1654
f 4381//4347 4380//4346 1671//1651
f 4381//4347 1671//1651 1674//1654
f 1288//1270 791//776 4311//4277
f 1288//1270 4311//4277 1676//1656
f 4311//4277 668//653 665//650
f 4311//4277 665//650 1676//1656
f 665//650 314//307 1675//1655
f 665//650 1675//1655 1676//1656
f 1679//1659 4463//4439 1293//1275
f 1679//1659 1293//1275 1680//1660
f 1293//1275 799//784 798//783
f 1293//1275 798//783 1680//1660
f 798//783 4302//4268 1677//1657
f 798//783 1677//1657 1680//1660
f 1682//1662 1729//1709 1728//1708
f 1682//1662 1728//1708 1683//1663
f 1728//1708 2308//2287 2307//2286
f 1728//1708 2307//2286 1683//1663
f 2307//2286 4294//4260 1681//1661
f 2307//2286 1681//1661 1683//1663
f 1684//1664 4289//4255 774//759
f 1684//1664 774//759 1685//1665
f 774//759 773//758 4472//4448
f 774//759 4472//4448 1685//1665
f 4472//4448 4463//4439 1679//1659
f 4472//4448 1679//1659 1685//1665
f 1662//1642 4479//4455 1318//1300
f 1662//1642 1318//1300 1686//1666
f 1318//1300 1317//1299 4338//4304
f 1318//1300 4338//4304 1686//1666
f 4338//4304 18//18 167//161
f 4338//4304 167//161 1686//1666
f 13//13 3967//3921 4383//4349
f 13//13 4383//4349 1688//1668
f 4383//4349 4382//4348 4557//4535
f 4383//4349 4557//4535 1688//1668
f 4557//4535 4556//4534 1687//1667
f 4557//4535 1687//1667 1688//1668
f 1402//1382 14//14 1687//1667
f 1402//1382 1687//1667 1690//1670
f 1687//1667 4556//4534 1669//1649
f 1687//1667 1669//1649 1690//1670
f 1669//1649 1668//1648 1689//1669
f 1669//1649 1689//1669 1690//1670
f 1400//1380 1399//1379 1689//1669
f 1400//1380 1689//1669 1691//1671
f 1689//1669 1668//1648 4385//4351
f 1689//1669 4385//4351 1691//1671
f 4385//4351 3971//3925 974//958
f 4385//4351 974//958 1691//1671
f 794//779 4292//4258 4559//4537
f 794//779 4559//4537 1692//1672
f 4559//4537 1694//1674 1693//1673
f 4559//4537 1693//1673 1692//1672
f 1693//1673 4315//4281 841//826
f 1693//1673 841//826 1692//1672
f 1695//1675 4510//4488 1470//1450
f 1695//1675 1470//1450 1696//1676
f 1470//1450 1469//1449 4535//4513
f 1470//1450 4535//4513 1696//1676
f 4535//4513 4315//4281 1693//1673
f 4535//4513 1693//1673 1696//1676
f 848//832 847//2245 2266//2244
f 848//832 2266//2244 1697//1677
f 2266//2244 3978//3933 3977//3931
f 2266//2244 3977//3931 1697//1677
f 3977//3931 1053//1036 1052//1035
f 3977//3931 1052//1035 1697//1677
f 1698//1678 4514//4492 1700//1680
f 1698//1678 1700//1680 1699//1679
f 1700//1680 1694//1674 4559//4537
f 1700//1680 4559//4537 1699//1679
f 4559//4537 4292//4258 788//773
f 4559//4537 788//773 1699//1679
f 1700//1680 4514//4492 4513//4491
f 1700//1680 4513//4491 1701//1681
f 4513//4491 4512//4490 4560//4538
f 4513//4491 4560//4538 1701//1681
f 4560//4538 4510//4488 1695//1675
f 4560//4538 1695//1675 1701//1681
f 1472//1452 4514//4492 1698//1678
f 1472//1452 1698//1678 1703//1683
f 1698//1678 787//772 2303//2282
f 1698//1678 2303//2282 1703//1683
f 2303//2282 4309//4275 1702//1682
f 2303//2282 1702//1682 1703//1683
f 1704//1684 3980//3935 4561//4539
f 1704//1684 4561//4539 1705//1685
f 4561//4539 4512//4490 4511//4489
f 4561//4539 4511//4489 1705//1685
f 4511//4489 4509//4487 1466//1446
f 4511//4489 1466//1446 1705//1685
f 1531//1511 4528//4506 1714//1694
f 1531//1511 1714//1694 1707//1687
f 1714//1694 1713//1693 4321//4287
f 1714//1694 4321//4287 1707//1687
f 4321//4287 819//804 1706//1686
f 4321//4287 1706//1686 1707//1687
f 1710//1690 4474//4450 4473//4449
f 1710//1690 4473//4449 1711//1691
f 4473//4449 773//758 772//757
f 4473//4449 772//757 1711//1691
f 772//757 4277//4243 1708//1688
f 772//757 1708//1688 1711//1691
f 1714//1694 4528//4506 1616//1596
f 1714//1694 1616//1596 1715//1695
f 1616//1596 815//800 4290//4256
f 1616//1596 4290//4256 1715//1695
f 4290//4256 4289//4255 1712//1692
f 4290//4256 1712//1692 1715//1695
f 1718//1698 4300//4266 1302//1284
f 1718//1698 1302//1284 1719//1699
f 1302//1284 1289//1271 1675//1655
f 1302//1284 1675//1655 1719//1699
f 1675//1655 314//307 1716//1696
f 1675//1655 1716//1696 1719//1699
f 1722//1702 1717//1697 1716//1696
f 1722//1702 1716//1696 1723//1703
f 1716//1696 314//307 313//306
f 1716//1696 313//306 1723//1703
f 313//306 4081//4040 1720//1700
f 313//306 1720//1700 1723//1703
f 1726//1706 1721//1701 1720//1700
f 1726//1706 1720//1700 1727//1707
f 1720//1700 4081//4040 784//769
f 1720//1700 784//769 1727//1707
f 784//769 783//768 1724//1704
f 784//769 1724//1704 1727//1707
f 1730//1710 1725//1705 1724//1704
f 1730//1710 1724//1704 1731//1711
f 1724//1704 783//768 782//767
f 1724//1704 782//767 1731//1711
f 782//767 2308//2287 1728//1708
f 782//767 1728//1708 1731//1711
f 1618//1598 1678//1658 1677//1657
f 1618//1598 1677//1657 1732//1712
f 1677//1657 4302//4268 1734//1714
f 1677//1657 1734//1714 1732//1712
f 1734//1714 322//315 321//314
f 1734//1714 321//314 1732//1712
f 1734//1714 4302//4268 4301//4267
f 1734//1714 4301//4267 1735//1715
f 4301//4267 1717//1697 1722//1702
f 4301//4267 1722//1702 1735//1715
f 1722//1702 1721//1701 1733//1713
f 1722//1702 1733//1713 1735//1715
f 1738//1718 4286//4252 770//755
f 1738//1718 770//755 1739//1719
f 770//755 769//754 1842//1822
f 770//755 1842//1822 1739//1719
f 1842//1822 4562//4540 1736//1716
f 1842//1822 1736//1716 1739//1719
f 4563//4541 4564//4542 1736//1716
f 4563//4541 1736//1716 4562//4540
f 4564//4542 1742//1722 1736//1716
f 1743//1723 4538//4516 1589//1569
f 1743//1723 1589//1569 1744//1724
f 1589//1569 1588//1568 1749//1729
f 1589//1569 1749//1729 1744//1724
f 1749//1729 4545//4523 1593//1573
f 1749//1729 1593//1573 1744//1724
f 1745//1725 4285//4251 4565//4543
f 1745//1725 4565//4543 1746//1726
f 4565//4543 1563//1543 1562//1542
f 4565//4543 1562//1542 1746//1726
f 1562//1542 4538//4516 1743//1723
f 1562//1542 1743//1723 1746//1726
f 1437//1417 4504//4482 4508//4486
f 1437//1417 4508//4486 1748//1728
f 4508//4486 1563//1543 4565//4543
f 4508//4486 4565//4543 1748//1728
f 4565//4543 4285//4251 1747//1727
f 4565//4543 1747//1727 1748//1728
f 1750//1730 4515//4493 4566//4544
f 1750//1730 4566//4544 1751//1731
f 4566//4544 1846//1826 1845//1825
f 4566//4544 1845//1825 1751//1731
f 1845//1825 4545//4523 1749//1729
f 1845//1825 1749//1729 1751//1731
f 1753//1733 1846//1826 4566//4544
f 1753//1733 4566//4544 1754//1734
f 4566//4544 4515//4493 1476//1456
f 4566//4544 1476//1456 1754//1734
f 1476//1456 781//766 780//765
f 1476//1456 780//765 1754//1734
f 1757//1737 4286//4252 1738//1718
f 1757//1737 1738//1718 1758//1738
f 1738//1718 1737//1717 1766//1746
f 1738//1718 1766//1746 1758//1738
f 1766//1746 4218//4184 1755//1735
f 1766//1746 1755//1735 1758//1738
f 1761//1741 4286//4252 1757//1737
f 1761//1741 1757//1737 1762//1742
f 1757//1737 1756//1736 1807//1787
f 1757//1737 1807//1787 1762//1742
f 1807//1787 4567//4545 1759//1739
f 1807//1787 1759//1739 1762//1742
f 1759//1739 4567//4545 1772//1752
f 1759//1739 1772//1752 1764//1744
f 1772//1752 1461//1441 1460//1440
f 1772//1752 1460//1440 1764//1744
f 1460//1440 4504//4482 1763//1743
f 1460//1440 1763//1743 1764//1744
f 1767//1747 4568//4546 1768//1748
f 4569//4547 4220//4186 4219//4185
f 4569//4547 4219//4185 4568//4546
f 4568//4546 4219//4185 1768//1748
f 4219//4185 4218//4184 1766//1746
f 4219//4185 1766//1746 1768//1748
f 1769//1749 4524//4502 1521//1501
f 1769//1749 1521//1501 1770//1750
f 1521//1501 1520//1500 4570//4548
f 1521//1501 4570//4548 1770//1750
f 4570//4548 4552//4530 1642//1622
f 4570//4548 1642//1622 1770//1750
f 1772//1752 4567//4545 4571//4549
f 1772//1752 4571//4549 1773//1753
f 4571//4549 1790//1770 2260//2238
f 4571//4549 2260//2238 1773//1753
f 2260//2238 4229//4195 1771//1751
f 2260//2238 1771//1751 1773//1753
f 1774//1754 4233//4199 4232//4198
f 1774//1754 4232//4198 1775//1755
f 4232//4198 874//858 4517//4495
f 4232//4198 4517//4495 1775//1755
f 4517//4495 4271//4237 1509//1489
f 4517//4495 1509//1489 1775//1755
f 1776//1756 4216//4182 4244//4210
f 1776//1756 4244//4210 1777//1757
f 4244//4210 1633//1613 1632//1612
f 4244//4210 1632//1612 1777//1757
f 1632//1612 4228//4194 694//679
f 1632//1612 694//679 1777//1757
f 1638//1618 4242//4208 710//695
f 1638//1618 710//695 1778//1758
f 710//695 680//665 4572//4550
f 710//695 4572//4550 1778//1758
f 4572//4550 4524//4502 1769//1749
f 4572//4550 1769//1749 1778//1758
f 1780//1760 4552//4530 4570//4548
f 1780//1760 4570//4548 1781//1761
f 4570//4548 1520//1500 4573//4551
f 4570//4548 4573//4551 1781//1761
f 4573//4551 4521//4499 1779//1759
f 4573//4551 1779//1759 1781//1761
f 1783//1763 4524//4502 4572//4550
f 1783//1763 4572//4550 1784//1764
f 4572//4550 680//665 679//664
f 4572//4550 679//664 1784//1764
f 679//664 4217//4183 1782//1762
f 679//664 1782//1762 1784//1764
f 1786//1766 4227//4193 4574//4552
f 1786//1766 4574//4552 1787//1767
f 4574//4552 4575//4553 4576//4554
f 4574//4552 4576//4554 1787//1767
f 4576//4554 4577//4555 1785//1765
f 4576//4554 1785//1765 1787//1767
f 4224//4190 4578//4556 683//668
f 4578//4556 4579//4557 1788//1768
f 1788//1768 683//668 4578//4556
f 4580//4558 687//672 689//674
f 4580//4558 689//674 4579//4557
f 4579//4557 689//674 1788//1768
f 689//674 4227//4193 1786//1766
f 689//674 1786//1766 1788//1768
f 1791//1771 4577//4555 4576//4554
f 1791//1771 4576//4554 1792//1772
f 4576//4554 4575//4553 4581//4559
f 4576//4554 4581//4559 1792//1772
f 4581//4559 4033//3991 1789//1769
f 4581//4559 1789//1769 1792//1772
f 177//171 4035//3993 1795//1775
f 177//171 1795//1775 1794//1774
f 1795//1775 1508//1488 1507//1487
f 1795//1775 1507//1487 1794//1774
f 1507//1487 4521//4499 1793//1773
f 1507//1487 1793//1773 1794//1774
f 1795//1775 4035//3993 4419//4395
f 1795//1775 4419//4395 1796//1776
f 4419//4395 1798//1778 1797//1777
f 4419//4395 1797//1777 1796//1776
f 1797//1777 4233//4199 1774//1754
f 1797//1777 1774//1754 1796//1776
f 1799//1779 4236//4202 2000//1978
f 1799//1779 2000//1978 1800//1780
f 2000//1978 697//682 696//681
f 2000//1978 696//681 1800//1780
f 696//681 4233//4199 1797//1777
f 696//681 1797//1777 1800//1780
f 1803//1783 4216//4182 1776//1756
f 1803//1783 1776//1756 1804//1784
f 1776//1756 693//678 712//697
f 1776//1756 712//697 1804//1784
f 712//697 4247//4213 1801//1781
f 712//697 1801//1781 1804//1784
f 1793//1773 4521//4499 4573//4551
f 1793//1773 4573//4551 1806//1786
f 4573//4551 1520//1500 1519//1499
f 4573//4551 1519//1499 1806//1786
f 1519//1499 4520//4498 1805//1785
f 1519//1499 1805//1785 1806//1786
f 1808//1788 4577//4555 1791//1771
f 1808//1788 1791//1771 1809//1789
f 1791//1771 1790//1770 4571//4549
f 1791//1771 4571//4549 1809//1789
f 4571//4549 4567//4545 1807//1787
f 4571//4549 1807//1787 1809//1789
f 4225//4191 4043//4001 4045//4003
f 1812//1792 182//176 4582//4560
f 1812//1792 4582//4560 1813//1793
f 4582//4560 4575//4553 4574//4552
f 4582//4560 4574//4552 1813//1793
f 4574//4552 4227//4193 1810//1790
f 4574//4552 1810//1790 1813//1793
f 1815//1795 4033//3991 4581//4559
f 1815//1795 4581//4559 1816//1796
f 4581//4559 4575//4553 4582//4560
f 4581//4559 4582//4560 1816//1796
f 4582//4560 182//176 181//175
f 4582//4560 181//175 1816//1796
f 1817//1797 154//148 153//147
f 1817//1797 153//147 1818//1798
f 153//147 1802//1782 1801//1781
f 153//147 1801//1781 1818//1798
f 1801//1781 4247//4213 1410//1390
f 1801//1781 1410//1390 1818//1798
f 1821//1801 4433//4409 1505//1485
f 1821//1801 1505//1485 1822//1802
f 1505//1485 1504//1484 1782//1762
f 1505//1485 1782//1762 1822//1802
f 1782//1762 4217//4183 1819//1799
f 1782//1762 1819//1799 1822//1802
f 1223//1205 4034//3992 179//173
f 1223//1205 179//173 1824//1804
f 179//173 178//172 1805//1785
f 179//173 1805//1785 1824//1804
f 1805//1785 4520//4498 1823//1803
f 1805//1785 1823//1803 1824//1804
f 1826//1806 4045//4003 4041//3999
f 1826//1806 4041//3999 1827//1807
f 4041//3999 4039//3997 1880//1858
f 4041//3999 1880//1858 1827//1807
f 1880//1858 1879//1857 1825//1805
f 1880//1858 1825//1805 1827//1807
f 1812//1792 1811//1791 1825//1805
f 1812//1792 1825//1805 1828//1808
f 1825//1805 1879//1857 4583//4561
f 1825//1805 4583//4561 1828//1808
f 4583//4561 4036//3994 183//177
f 4583//4561 183//177 1828//1808
f 1831//1811 1409//1389 1408//1388
f 1831//1811 1408//1388 1832//1812
f 1408//1388 1814//1794 4037//3995
f 1408//1388 4037//3995 1832//1812
f 4037//3995 4036//3994 1829//1809
f 4037//3995 1829//1809 1832//1812
f 1499//1479 1498//1478 1836//1816
f 1499//1479 1836//1816 1833//1813
f 1836//1816 1244//1226 249//242
f 1836//1816 249//242 1833//1813
f 249//242 248//241 155//149
f 249//242 155//149 1833//1813
f 1834//1814 4421//4397 4584//4562
f 1834//1814 4584//4562 1835//1815
f 4584//4562 1498//1478 1497//1477
f 4584//4562 1497//1477 1835//1815
f 1497//1477 1830//1810 706//691
f 1497//1477 706//691 1835//1815
f 1836//1816 1498//1478 4584//4562
f 1836//1816 4584//4562 1837//1817
f 4584//4562 4421//4397 1241//1223
f 4584//4562 1241//1223 1837//1817
f 1241//1223 1240//1222 1245//1227
f 1241//1223 1245//1227 1837//1817
f 4585//4563 4563//4541 4562//4540
f 1840//1820 4502//4480 1843//1823
f 1840//1820 1843//1823 1841//1821
f 1843//1823 769//754 768//753
f 1843//1823 768//753 1841//1821
f 768//753 4288//4254 1838//1818
f 768//753 1838//1818 1841//1821
f 1843//1823 4502//4480 2257//2235
f 1843//1823 2257//2235 1844//1824
f 2256//2234 4586//4564 2257//2235
f 4586//4564 4587//4565 1844//1824
f 1844//1824 2257//2235 4586//4564
f 4585//4563 4562//4540 4588//4566
f 4588//4566 4562//4540 1842//1822
f 4588//4566 1842//1822 4587//4565
f 4587//4565 1842//1822 1844//1824
f 1847//1827 4303//4269 804//789
f 1847//1827 804//789 1848//1828
f 804//789 803//788 4546//4524
f 804//789 4546//4524 1848//1828
f 4546//4524 4545//4523 1845//1825
f 4546//4524 1845//1825 1848//1828
f 1849//1829 4049//4008 4048//4007
f 1849//1829 4048//4007 1850//1830
f 4048//4007 1839//1819 1838//1818
f 4048//4007 1838//1818 1850//1830
f 1838//1818 4288//4254 1439//1419
f 1838//1818 1439//1419 1850//1830
f 1853//1833 4303//4269 1847//1827
f 1853//1833 1847//1827 1854//1834
f 1847//1827 1846//1826 1753//1733
f 1847//1827 1753//1733 1854//1834
f 1753//1733 1752//1732 1851//1831
f 1753//1733 1851//1831 1854//1834
f 1857//1837 190//184 189//183
f 1857//1837 189//183 2275//2254
f 2275//2254 1852//1832 1851//1831
f 2275//2254 1851//1831 1857//1837
f 1851//1831 1752//1732 1855//1835
f 1851//1831 1855//1835 1857//1837
f 802//787 4305//4271 4547//4525
f 802//787 4547//4525 1859//1839
f 4547//4525 4253//4219 4589//4567
f 4547//4525 4589//4567 1859//1839
f 4589//4567 4539//4517 1858//1838
f 4589//4567 1858//1838 1859//1839
f 1570//1550 4539//4517 4589//4567
f 1570//1550 4589//4567 1861//1841
f 4589//4567 4253//4219 4252//4218
f 4589//4567 4252//4218 1861//1841
f 4252//4218 4251//4217 1860//1840
f 4252//4218 1860//1840 1861//1841
f 1862//1842 1060//1045 1057//1042
f 1862//1842 1057//1042 1863//1843
f 1057//1042 1056//1041 1111//4568
f 1057//1042 1111//4568 1863//1843
f 1111//4568 51//1038 1054//1037
f 1111//4568 1054//1037 1863//1843
f 1866//1844 4590//4569 2144//2122
f 1866//1844 2144//2122 1867//1845
f 2144//2122 1448//1428 2142//2120
f 2144//2122 2142//2120 1867//1845
f 2142//2120 4230//4196 698//683
f 2142//2120 698//683 1867//1845
f 700//685 4236//4202 1799//1779
f 700//685 1799//1779 1869//1847
f 1799//1779 1798//1778 1134//1116
f 1799//1779 1134//1116 1869//1847
f 1134//1116 1133//1115 1868//1846
f 1134//1116 1868//1846 1869//1847
f 1872//1850 4415//4391 4519//4497
f 1872//1850 4519//4497 1873//1851
f 4519//4497 1423//1403 1422//1402
f 4519//4497 1422//1402 1873//1851
f 1422//1402 4500//4478 1870//1848
f 1422//1402 1870//1848 1873//1851
f 1876//1854 2021//1999 2316//2295
f 1876//1854 2316//2295 1877//1855
f 2315//2294 4591//4570 2316//2295
f 4591//4570 4592//4571 1877//1855
f 1877//1855 2316//2295 4591//4570
f 4593//4572 4594//4573 4595//4574
f 4595//4574 4594//4573 1874//1852
f 4595//4574 1874//1852 4592//4571
f 4592//4571 1874//1852 1877//1855
f 4593//4572 4596//4575 4594//4573
f 1880//1858 4039//3997 4597//4576
f 1880//1858 4597//4576 1881//1859
f 4597//4576 2021//1999 2020//1998
f 4597//4576 2020//1998 1881//1859
f 2020//1998 2238//2216 1878//1856
f 2020//1998 1878//1856 1881//1859
f 1884//1862 4598//4577 4599//4578
f 1884//1862 4599//4578 1885//1863
f 4599//4578 4600//4579 4601//4580
f 4599//4578 4601//4580 1885//1863
f 4601//4580 4506//4484 1882//1860
f 4601//4580 1882//1860 1885//1863
f 1888//1866 4602//4581 4603//4582
f 1888//1866 4603//4582 1889//1867
f 4603//4582 1891//1869 1890//1868
f 4603//4582 1890//1868 1889//1867
f 1890//1868 4604//4583 1886//1864
f 1890//1868 1886//1864 1889//1867
f 1892//1870 4605//4584 1904//1882
f 1892//1870 1904//1882 1893//1871
f 1904//1882 1903//1881 4606//4585
f 1904//1882 4606//4585 1893//1871
f 4606//4585 4604//4583 1890//1868
f 4606//4585 1890//1868 1893//1871
f 1896//1874 4602//4581 1888//1866
f 1896//1874 1888//1866 1897//1875
f 1888//1866 1887//1865 4607//4586
f 1888//1866 4607//4586 1897//1875
f 4607//4586 4608//4587 1894//1872
f 4607//4586 1894//1872 1897//1875
f 1900//1878 4609//4588 4610//4589
f 1900//1878 4610//4589 1901//1879
f 4610//4589 4600//4579 4611//4590
f 4610//4589 4611//4590 1901//1879
f 4611//4590 4608//4587 1898//1876
f 4611//4590 1898//1876 1901//1879
f 1904//1882 4605//4584 4612//4591
f 1904//1882 4612//4591 1905//1883
f 4612//4591 1907//1885 1906//1884
f 4612//4591 1906//1884 1905//1883
f 1906//1884 4613//4592 1902//1880
f 1906//1884 1902//1880 1905//1883
f 1908//1886 4614//4593 4615//4594
f 1908//1886 4615//4594 1909//1887
f 4615//4594 4616//4595 4617//4596
f 4615//4594 4617//4596 1909//1887
f 4617//4596 4613//4592 1906//1884
f 4617//4596 1906//1884 1909//1887
f 1912//1890 4618//4597 1930//1908
f 1912//1890 1930//1908 1913//1891
f 1930//1908 1929//1907 4619//4598
f 1930//1908 4619//4598 1913//1891
f 4619//4598 4620//4599 1910//1888
f 4619//4598 1910//1888 1913//1891
f 1916//1894 4621//4600 4622//4601
f 1916//1894 4622//4601 1917//1895
f 4622//4601 4616//4595 4623//4602
f 4622//4601 4623//4602 1917//1895
f 4623//4602 4620//4599 1914//1892
f 4623//4602 1914//1892 1917//1895
f 1920//1898 4624//4603 4625//4604
f 1920//1898 4625//4604 1921//1899
f 4625//4604 3936//3893 3935//3892
f 4625//4604 3935//3892 1921//1899
f 3935//3892 1925//1903 1918//1896
f 3935//3892 1918//1896 1921//1899
f 1926//1904 4626//4605 1927//1905
f 4627//4606 4628//4607 4629//4608
f 4627//4606 4629//4608 4626//4605
f 4626//4605 4629//4608 1927//1905
f 4629//4608 4630//4609 1924//1902
f 4629//4608 1924//1902 1927//1905
f 1930//1908 4618//4597 4631//4610
f 1930//1908 4631//4610 1931//1909
f 4631//4610 1933//1911 1932//1910
f 4631//4610 1932//1910 1931//1909
f 1932//1910 4632//4611 1928//1906
f 1932//1910 1928//1906 1931//1909
f 1934//1912 4624//4603 1920//1898
f 1934//1912 1920//1898 1935//1913
f 1920//1898 1919//1897 4633//4612
f 1920//1898 4633//4612 1935//1913
f 4633//4612 4632//4611 1932//1910
f 4633//4612 1932//1910 1935//1913
f 1938//1916 4632//4611 4633//4612
f 1938//1916 4633//4612 1939//1917
f 4633//4612 1919//1897 2187//2165
f 4633//4612 2187//2165 1939//1917
f 2187//2165 4634//4613 1936//1914
f 2187//2165 1936//1914 1939//1917
f 1940//1918 4635//4614 4636//4615
f 1940//1918 4636//4615 1941//1919
f 4636//4615 2139//2117 4637//4616
f 4636//4615 4637//4616 1941//1919
f 4637//4616 4486//4464 1355//1335
f 4637//4616 1355//1335 1941//1919
f 1944//1922 4638//4617 4639//4618
f 1944//1922 4639//4618 1945//1923
f 4639//4618 2196//2174 4640//4619
f 4639//4618 4640//4619 1945//1923
f 4640//4619 4641//4620 1942//1920
f 4640//4619 1942//1920 1945//1923
f 1942//1920 4641//4620 2193//2171
f 1942//1920 2193//2171 1947//1925
f 2193//2171 2192//2170 4642//4621
f 2193//2171 4642//4621 1947//1925
f 4642//4621 4643//4622 1946//1924
f 4642//4621 1946//1924 1947//1925
f 1950//1928 4643//4622 4642//4621
f 1950//1928 4642//4621 1951//1929
f 4642//4621 2192//2170 4644//4623
f 4642//4621 4644//4623 1951//1929
f 4644//4623 4645//4624 1948//1926
f 4644//4623 1948//1926 1951//1929
f 1948//1926 4645//4624 2140//2118
f 1948//1926 2140//2118 1953//1931
f 2140//2118 2139//2117 4636//4615
f 2140//2118 4636//4615 1953//1931
f 4636//4615 4635//4614 1952//1930
f 4636//4615 1952//1930 1953//1931
f 1956//1934 4646//4625 2197//2175
f 1956//1934 2197//2175 1957//1935
f 2197//2175 2196//2174 4639//4618
f 2197//2175 4639//4618 1957//1935
f 4639//4618 4638//4617 1954//1932
f 4639//4618 1954//1932 1957//1935
f 1958//1936 4647//4626 4648//4627
f 1958//1936 4648//4627 1959//1937
f 4648//4627 2202//2180 4649//4628
f 4648//4627 4649//4628 1959//1937
f 4649//4628 4646//4625 1956//1934
f 4649//4628 1956//1934 1959//1937
f 1962//1940 4650//4629 2203//2181
f 1962//1940 2203//2181 1963//1941
f 2203//2181 2202//2180 4648//4627
f 2203//2181 4648//4627 1963//1941
f 4648//4627 4647//4626 1960//1938
f 4648//4627 1960//1938 1963//1941
f 1964//1942 4651//4630 4652//4631
f 1964//1942 4652//4631 1965//1943
f 4652//4631 2208//2186 4653//4632
f 4652//4631 4653//4632 1965//1943
f 4653//4632 4650//4629 1962//1940
f 4653//4632 1962//1940 1965//1943
f 1967//1945 4654//4633 2209//2187
f 1967//1945 2209//2187 1968//1946
f 2209//2187 2208//2186 4652//4631
f 2209//2187 4652//4631 1968//1946
f 4652//4631 4651//4630 1966//1944
f 4652//4631 1966//1944 1968//1946
f 1971//1949 4655//4634 2215//2193
f 1971//1949 2215//2193 1972//1950
f 2215//2193 2214//2192 4656//4635
f 2215//2193 4656//4635 1972//1950
f 4656//4635 1995//1973 1969//1947
f 4656//4635 1969//1947 1972//1950
f 3933//3890 3936//3893 4657//4636
f 4657//4636 3936//3893 4658//4637
f 4659//4638 4657//4636 4658//4637
f 4660//4639 4661//4640 4658//4637
f 4660//4639 4658//4637 4655//4634
f 4661//4640 4659//4638 4658//4637
f 1973//1951 1995//1973 4656//4635
f 1973//1951 4656//4635 1974//1952
f 4656//4635 2214//2192 4662//4641
f 4656//4635 4662//4641 1974//1952
f 4662//4641 4654//4633 1967//1945
f 4662//4641 1967//1945 1974//1952
f 1977//1955 4663//4642 4664//4643
f 1977//1955 4664//4643 1978//1956
f 4664//4643 2161//2139 4665//4644
f 4664//4643 4665//4644 1978//1956
f 4665//4644 4666//4645 1975//1953
f 4665//4644 1975//1953 1978//1956
f 1981//1959 4663//4642 1977//1955
f 1981//1959 1977//1955 1982//1960
f 1977//1955 1976//1954 4667//4646
f 1977//1955 4667//4646 1982//1960
f 4667//4646 4668//4647 1979//1957
f 4667//4646 1979//1957 1982//1960
f 329//322 4087//4046 4669//4648
f 329//322 4669//4648 1984//1962
f 4669//4648 1980//1958 1979//1957
f 4669//4648 1979//1957 1984//1962
f 1979//1957 4668//4647 1983//1961
f 1979//1957 1983//1961 1984//1962
f 1954//1932 4638//4617 4670//4649
f 1954//1932 4670//4649 1986//1964
f 4670//4649 2220//2198 4671//4650
f 4670//4649 4671//4650 1986//1964
f 4671//4650 4672//4651 1985//1963
f 4671//4650 1985//1963 1986//1964
f 1987//1965 4666//4645 2221//2199
f 1987//1965 2221//2199 1988//1966
f 2221//2199 2220//2198 4670//4649
f 2221//2199 4670//4649 1988//1966
f 4670//4649 4638//4617 1944//1922
f 4670//4649 1944//1922 1988//1966
f 1960//1938 4647//4626 4673//4652
f 1960//1938 4673//4652 1990//1968
f 4673//4652 2226//2204 4674//4653
f 4673//4652 4674//4653 1990//1968
f 4674//4653 4675//4654 1989//1967
f 4674//4653 1989//1967 1990//1968
f 1985//1963 4672//4651 2227//2205
f 1985//1963 2227//2205 1991//1969
f 2227//2205 2226//2204 4673//4652
f 2227//2205 4673//4652 1991//1969
f 4673//4652 4647//4626 1958//1936
f 4673//4652 1958//1936 1991//1969
f 1989//1967 4675//4654 2233//2211
f 1989//1967 2233//2211 1992//1970
f 2233//2211 2232//2210 4676//4655
f 2233//2211 4676//4655 1992//1970
f 4676//4655 4651//4630 1964//1942
f 4676//4655 1964//1942 1992//1970
f 1966//1944 4651//4630 4676//4655
f 1966//1944 4676//4655 1993//1971
f 4676//4655 2232//2210 4677//4656
f 4676//4655 4677//4656 1993//1971
f 4677//4656 4050//4009 202//195
f 4677//4656 202//195 1993//1971
f 1973//1951 201//194 200//193
f 1973//1951 200//193 1996//1974
f 200//193 294//287 4678//4657
f 200//193 4678//4657 1996//1974
f 4678//4657 1875//1853 1994//1972
f 4678//4657 1994//1972 1996//1974
f 1997//1975 4495//4473 4679//4658
f 1997//1975 4679//4658 1998//1976
f 4679//4658 4680//4659 4681//4660
f 4679//4658 4681//4660 1998//1976
f 4681//4660 4234//4200 702//687
f 4681//4660 702//687 1998//1976
f 206//199 205//198 331//324
f 206//199 331//324 1999//1977
f 331//324 330//323 2146//2124
f 331//324 2146//2124 1999//1977
f 2146//2124 4635//4614 1940//1918
f 2146//2124 1940//1918 1999//1977
f 2000//1978 4236//4202 4235//4201
f 2000//1978 4235//4201 2001//1979
f 4235//4201 2157//2135 4682//4661
f 4235//4201 4682//4661 2001//1979
f 4682//4661 4590//4569 1866//1844
f 4682//4661 1866//1844 2001//1979
f 2004//1982 4683//4662 2008//1986
f 2004//1982 2008//1986 2005//1983
f 2008//1986 2007//1985 4684//4663
f 2008//1986 4684//4663 2005//1983
f 4684//4663 4685//4664 2002//1980
f 4684//4663 2002//1980 2005//1983
f 2008//1986 4683//4662 4686//4665
f 2008//1986 4686//4665 2009//1987
f 4686//4665 2011//1989 2010//1988
f 4686//4665 2010//1988 2009//1987
f 2010//1988 4687//4666 2006//1984
f 2010//1988 2006//1984 2009//1987
f 2012//1990 4688//4667 4689//4668
f 2012//1990 4689//4668 2013//1991
f 4689//4668 4680//4659 4690//4669
f 4689//4668 4690//4669 2013//1991
f 4690//4669 4687//4666 2010//1988
f 4690//4669 2010//1988 2013//1991
f 2016//1994 4691//4670 4692//4671
f 2016//1994 4692//4671 2017//1995
f 4692//4671 4693//4672 4694//4673
f 4692//4671 4694//4673 2017//1995
f 4694//4673 2321//2300 2014//1992
f 4694//4673 2014//1992 2017//1995
f 1870//1848 4500//4478 4695//4674
f 1870//1848 4695//4674 2019//1997
f 4695//4674 4693//4672 4696//4675
f 4695//4674 4696//4675 2019//1997
f 4696//4675 4685//4664 2018//1996
f 4696//4675 2018//1996 2019//1997
f 1876//1854 1875//1853 4678//4657
f 1876//1854 4678//4657 2022//2000
f 4678//4657 294//287 2239//2217
f 4678//4657 2239//2217 2022//2000
f 2239//2217 2238//2216 2020//1998
f 2239//2217 2020//1998 2022//2000
f 2023//2001 1820//1800 4697//4676
f 2023//2001 4697//4676 2024//2002
f 4697//4676 248//241 247//240
f 4697//4676 247//240 2024//2002
f 247//240 3983//3941 56//50
f 247//240 56//50 2024//2002
f 2023//2001 55//49 4434//4410
f 2023//2001 4434//4410 2025//2003
f 4434//4410 4433//4409 1821//1801
f 4434//4410 1821//1801 2025//2003
f 2027//2005 4034//3992 4447//4423
f 2027//2005 4447//4423 2028//2006
f 4447//4423 108//102 1253//1235
f 4447//4423 1253//1235 2028//2006
f 1253//1235 213//206 2026//2004
f 1253//1235 2026//2004 2028//2006
f 2031//2009 1193//1175 1192//1174
f 2031//2009 1192//1174 2032//2010
f 1192//1174 2038//2016 2037//2015
f 1192//1174 2037//2015 2032//2010
f 2037//2015 4698//4677 2029//2007
f 2037//2015 2029//2007 2032//2010
f 2035//2013 1150//1132 4215//4181
f 2035//2013 4215//4181 2036//2014
f 4215//4181 326//319 1146//1128
f 4215//4181 1146//1128 2036//2014
f 1146//1128 4062//4021 2033//2011
f 1146//1128 2033//2011 2036//2014
f 2039//2017 2060//2038 2045//2023
f 2039//2017 2045//2023 2040//2018
f 2045//2023 2044//2022 2084//2062
f 2045//2023 2084//2062 2040//2018
f 2084//2062 4698//4677 2037//2015
f 2084//2062 2037//2015 2040//2018
f 259//252 4069//4028 4439//4415
f 259//252 4439//4415 2042//2020
f 4439//4415 4438//4414 2057//2035
f 4439//4415 2057//2035 2042//2020
f 2057//2035 228//221 2041//2019
f 2057//2035 2041//2019 2042//2020
f 2045//2023 2060//2038 4440//4416
f 2045//2023 4440//4416 2046//2024
f 4440//4416 4436//4412 1186//1168
f 4440//4416 1186//1168 2046//2024
f 1186//1168 1185//1167 2043//2021
f 1186//1168 2043//2021 2046//2024
f 225//218 209//202 208//201
f 225//218 208//201 2049//2027
f 208//201 4053//4012 4425//4401
f 208//201 4425//4401 2049//2027
f 4425//4401 4060//4019 2047//2025
f 4425//4401 2047//2025 2049//2027
f 241//234 240//233 245//238
f 241//234 245//238 2051//2029
f 245//238 244//237 4699//4678
f 245//238 4699//4678 2051//2029
f 4699//4678 2069//2047 2050//2028
f 4699//4678 2050//2028 2051//2029
f 227//220 1129//1111 2026//2004
f 227//220 2026//2004 2052//2030
f 2026//2004 213//206 212//205
f 2026//2004 212//205 2052//2030
f 2055//2033 4438//4414 4437//4413
f 2055//2033 4437//4413 2056//2034
f 4437//4413 4436//4412 1190//1172
f 4437//4413 1190//1172 2056//2034
f 1190//1172 1189//1171 2053//2031
f 1190//1172 2053//2031 2056//2034
f 2057//2035 4438//4414 2055//2033
f 2057//2035 2055//2033 2058//2036
f 2055//2033 2054//2032 4700//4679
f 2055//2033 4700//4679 2058//2036
f 4700//4679 4059//4018 229//222
f 4700//4679 229//222 2058//2036
f 2039//2017 2038//2016 4444//4420
f 2039//2017 4444//4420 2061//2039
f 4444//4420 4443//4419 4451//4427
f 4444//4420 4451//4427 2061//2039
f 4451//4427 4441//4417 2059//2037
f 4451//4427 2059//2037 2061//2039
f 1180//1162 4059//4018 4700//4679
f 1180//1162 4700//4679 2063//2041
f 4700//4679 2054//2032 2062//2040
f 4700//4679 2062//2040 2063//2041
f 2053//2031 1189//1171 1263//1245
f 2053//2031 1263//1245 2064//2042
f 1263//1245 1266//1248 4701//4680
f 1263//1245 4701//4680 2064//2042
f 4701//4680 1181//1163 2062//2040
f 4701//4680 2062//2040 2064//2042
f 235//228 4061//4020 4063//4022
f 235//228 4063//4022 2066//2044
f 4063//4022 4062//4021 4426//4402
f 4063//4022 4426//4402 2066//2044
f 4426//4402 4053//4012 2065//2043
f 4426//4402 2065//2043 2066//2044
f 58//52 3987//3945 4064//4023
f 58//52 4064//4023 2068//2046
f 4064//4023 240//233 239//232
f 4064//4023 239//232 2068//2046
f 239//232 4061//4020 2067//2045
f 239//232 2067//2045 2068//2046
f 253//246 252//245 1151//1133
f 253//246 1151//1133 2070//2048
f 1151//1133 1150//1132 2035//2013
f 1151//1133 2035//2013 2070//2048
f 2035//2013 2034//2012 2050//2028
f 2035//2013 2050//2028 2070//2048
f 62//56 1156//1138 4065//4024
f 62//56 4065//4024 2072//2050
f 4065//4024 2069//2047 4699//4678
f 4065//4024 4699//4678 2072//2050
f 4699//4678 244//237 2071//2049
f 4699//4678 2071//2049 2072//2050
f 2075//2053 63//57 2071//2049
f 2075//2053 2071//2049 2076//2054
f 2071//2049 244//237 243//236
f 2071//2049 243//236 2076//2054
f 243//236 3987//3945 2073//2051
f 243//236 2073//2051 2076//2054
f 1200//1182 4003//3961 4070//4029
f 1200//1182 4070//4029 2078//2056
f 4070//4029 2030//2008 2029//2007
f 4070//4029 2029//2007 2078//2056
f 2029//2007 4698//4677 2077//2055
f 2029//2007 2077//2055 2078//2056
f 1184//1166 4069//4028 4068//4027
f 1184//1166 4068//4027 2080//2058
f 4068//4027 256//249 4702//4681
f 4068//4027 4702//4681 2080//2058
f 4702//4681 4703//4682 2079//2057
f 4702//4681 2079//2057 2080//2058
f 2082//2060 4703//4682 4702//4681
f 2082//2060 4702//4681 2083//2061
f 4702//4681 256//249 273//266
f 4702//4681 273//266 2083//2061
f 273//266 270//263 2081//2059
f 273//266 2081//2059 2083//2061
f 2085//2063 2088//2066 4704//4683
f 2085//2063 4704//4683 2086//2064
f 4704//4683 1201//1183 2077//2055
f 4704//4683 2077//2055 2086//2064
f 2077//2055 4698//4677 2084//2062
f 2077//2055 2084//2062 2086//2064
f 2085//2063 2044//2022 2043//2021
f 2085//2063 2043//2021 2089//2067
f 2043//2021 1185//1167 2079//2057
f 2043//2021 2079//2057 2089//2067
f 2079//2057 4703//4682 2087//2065
f 2079//2057 2087//2065 2089//2067
f 1204//1186 2092//2070 2091//2069
f 1204//1186 2091//2069 2090//2068
f 2091//2069 2088//2066 2087//2065
f 2091//2069 2087//2065 2090//2068
f 2087//2065 4703//4682 2082//2060
f 2087//2065 2082//2060 2090//2068
f 2093//2071 4072//4031 1202//1184
f 2093//2071 1202//1184 2094//2072
f 1202//1184 1201//1183 4704//4683
f 1202//1184 4704//4683 2094//2072
f 4704//4683 2088//2066 2091//2069
f 4704//4683 2091//2069 2094//2072
f 2097//2075 4016//3974 1161//1143
f 2097//2075 1161//1143 2098//2076
f 1161//1143 91//85 90//84
f 1161//1143 90//84 2098//2076
f 90//84 4003//3961 2095//2073
f 90//84 2095//2073 2098//2076
f 2081//2059 270//263 269//262
f 2081//2059 269//262 2099//2077
f 269//262 2101//2079 76//70
f 269//262 76//70 2099//2077
f 76//70 75//69 1206//1188
f 76//70 1206//1188 2099//2077
f 2102//2080 1209//1191 1208//1190
f 2102//2080 1208//1190 2103//2081
f 1208//1190 290//283 289//282
f 1208//1190 289//282 2103//2081
f 289//282 4000//3958 2100//2078
f 289//282 2100//2078 2103//2081
f 2104//2082 75//69 74//68
f 2104//2082 74//68 2105//2083
f 74//68 3997//3955 4020//3978
f 74//68 4020//3978 2105//2083
f 4020//3978 4019//3977 1166//1148
f 4020//3978 1166//1148 2105//2083
f 1251//1233 4006//3964 275//268
f 1251//1233 275//268 2107//2085
f 275//268 87//81 4430//4406
f 275//268 4430//4406 2107//2085
f 4430//4406 4014//3972 2106//2084
f 4430//4406 2106//2084 2107//2085
f 1221//1203 1220//1202 2106//2084
f 1221//1203 2106//2084 2110//2088
f 2106//2084 4014//3972 128//122
f 2106//2084 128//122 2110//2088
f 128//122 127//121 2108//2086
f 128//122 2108//2086 2110//2088
f 2112//2090 2109//2087 2108//2086
f 2112//2090 2108//2086 2113//2091
f 2108//2086 127//121 4455//4431
f 2108//2086 4455//4431 2113//2091
f 4455//4431 4445//4421 2111//2089
f 4455//4431 2111//2089 2113//2091
f 114//108 3994//3952 4435//4411
f 114//108 4435//4411 2115//2093
f 4435//4411 1258//1240 1257//1239
f 4435//4411 1257//1239 2115//2093
f 1257//1239 2074//2052 2114//2092
f 1257//1239 2114//2092 2115//2093
f 2117//2095 4067//4026 1198//1180
f 2117//2095 1198//1180 2118//2096
f 1198//1180 1197//1179 287//280
f 1198//1180 287//280 2118//2096
f 287//280 286//279 2116//2094
f 287//280 2116//2094 2118//2096
f 2120//2098 1177//1159 1176//1158
f 2120//2098 1176//1158 2121//2099
f 1176//1158 3992//3950 1269//1251
f 1176//1158 1269//1251 2121//2099
f 1269//1251 119//113 2119//2097
f 1269//1251 2119//2097 2121//2099
f 2114//2092 2074//2052 2073//2051
f 2114//2092 2073//2051 2123//2101
f 2073//2051 3987//3945 2122//2100
f 2073//2051 2122//2100 2123//2101
f 4021//3979 4489//4467 2124//2102
f 4021//3979 2124//2102 2125//2103
f 2126//2104 4486//4464 2130//2108
f 2126//2104 2130//2108 2127//2105
f 2130//2108 1883//1861 4505//4483
f 2130//2108 4505//4483 2127//2105
f 4505//4483 4482//4460 1359//1339
f 4505//4483 1359//1339 2127//2105
f 1451//1431 4506//4484 2134//2112
f 1451//1431 2134//2112 2129//2107
f 2134//2112 2133//2111 4705//4684
f 2134//2112 4705//4684 2129//2107
f 4705//4684 4458//4434 2128//2106
f 4705//4684 2128//2106 2129//2107
f 2130//2108 4486//4464 4637//4616
f 2130//2108 4637//4616 2131//2109
f 4637//4616 2139//2117 2138//2116
f 4637//4616 2138//2116 2131//2109
f 2138//2116 4598//4577 1884//1862
f 2138//2116 1884//1862 2131//2109
f 2134//2112 4506//4484 4601//4580
f 2134//2112 4601//4580 2135//2113
f 4601//4580 4600//4579 4610//4589
f 4601//4580 4610//4589 2135//2113
f 4610//4589 4609//4588 2132//2110
f 4610//4589 2132//2110 2135//2113
f 1894//1872 4608//4587 4611//4590
f 1894//1872 4611//4590 2137//2115
f 4611//4590 4600//4579 4599//4578
f 4611//4590 4599//4578 2137//2115
f 4599//4578 4598//4577 2136//2114
f 4599//4578 2136//2114 2137//2115
f 2140//2118 4645//4624 2150//2128
f 2140//2118 2150//2128 2141//2119
f 2150//2128 1895//1873 2136//2114
f 2150//2128 2136//2114 2141//2119
f 2136//2114 4598//4577 2138//2116
f 2136//2114 2138//2116 2141//2119
f 1447//1427 4491//4469 1443//1423
f 1447//1427 1443//1423 2143//2121
f 1443//1423 1442//1422 1453//1433
f 1443//1423 1453//1433 2143//2121
f 1453//1433 4230//4196 2142//2120
f 1453//1433 2142//2120 2143//2121
f 2144//2122 4590//4569 2152//2130
f 2144//2122 2152//2130 2145//2123
f 2152//2130 1980//1958 4669//4648
f 2152//2130 4669//4648 2145//2123
f 4669//4648 4087//4046 1449//1429
f 4669//4648 1449//1429 2145//2123
f 1983//1961 4668//4647 2154//2132
f 1983//1961 2154//2132 2147//2125
f 2154//2132 1949//1927 1952//1930
f 2154//2132 1952//1930 2147//2125
f 1952//1930 4635//4614 2146//2124
f 1952//1930 2146//2124 2147//2125
f 1898//1876 4608//4587 4607//4586
f 1898//1876 4607//4586 2149//2127
f 4607//4586 1887//1865 2169//2147
f 4607//4586 2169//2147 2149//2127
f 2169//2147 4706//4685 2148//2126
f 2169//2147 2148//2126 2149//2127
f 2150//2128 4645//4624 4644//4623
f 2150//2128 4644//4623 2151//2129
f 4644//4623 2192//2170 2191//2169
f 4644//4623 2191//2169 2151//2129
f 2191//2169 4602//4581 1896//1874
f 2191//2169 1896//1874 2151//2129
f 2152//2130 4590//4569 4682//4661
f 2152//2130 4682//4661 2153//2131
f 4682//4661 2157//2135 2156//2134
f 4682//4661 2156//2134 2153//2131
f 2156//2134 4663//4642 1981//1959
f 2156//2134 1981//1959 2153//2131
f 2154//2132 4668//4647 4667//4646
f 2154//2132 4667//4646 2155//2133
f 4667//4646 1976//1954 2217//2195
f 4667//4646 2217//2195 2155//2133
f 2217//2195 4643//4622 1950//1928
f 2217//2195 1950//1928 2155//2133
f 2158//2136 4234//4200 2162//2140
f 2158//2136 2162//2140 2159//2137
f 2162//2140 2161//2139 4664//4643
f 2162//2140 4664//4643 2159//2137
f 4664//4643 4663//4642 2156//2134
f 4664//4643 2156//2134 2159//2137
f 2162//2140 4234//4200 4681//4660
f 2162//2140 4681//4660 2163//2141
f 4681//4660 4680//4659 4689//4668
f 4681//4660 4689//4668 2163//2141
f 4689//4668 4688//4667 2160//2138
f 4689//4668 2160//2138 2163//2141
f 1874//1852 4594//4573 2167//2145
f 1874//1852 2167//2145 2164//2142
f 2167//2145 1970//1948 1969//1947
f 2167//2145 1969//1947 2164//2142
f 1969//1947 1995//1973 1994//1972
f 1969//1947 1994//1972 2164//2142
f 4596//4575 4707//4686 2167//2145
f 4596//4575 2167//2145 4594//4573
f 4707//4686 2168//2146 2167//2145
f 1886//1864 4604//4583 2173//2151
f 1886//1864 2173//2151 2170//2148
f 2173//2151 2172//2150 4708//4687
f 2173//2151 4708//4687 2170//2148
f 4708//4687 4706//4685 2169//2147
f 4708//4687 2169//2147 2170//2148
f 2173//2151 4604//4583 4606//4585
f 2173//2151 4606//4585 2174//2152
f 4606//4585 1903//1881 2175//2153
f 4606//4585 2175//2153 2174//2152
f 2175//2153 4709//4688 2171//2149
f 2175//2153 2171//2149 2174//2152
f 1902//1880 4613//4592 2179//2157
f 1902//1880 2179//2157 2176//2154
f 2179//2157 2178//2156 4710//4689
f 2179//2157 4710//4689 2176//2154
f 4710//4689 4709//4688 2175//2153
f 4710//4689 2175//2153 2176//2154
f 2179//2157 4613//4592 4617//4596
f 2179//2157 4617//4596 2180//2158
f 4617//4596 4616//4595 4622//4601
f 4617//4596 4622//4601 2180//2158
f 4622//4601 4621//4600 2177//2155
f 4622//4601 2177//2155 2180//2158
f 1910//1888 4620//4599 4623//4602
f 1910//1888 4623//4602 2182//2160
f 4623//4602 4616//4595 4615//4594
f 4623//4602 4615//4594 2182//2160
f 4615//4594 4614//4593 2181//2159
f 4615//4594 2181//2159 2182//2160
f 1914//1892 4620//4599 4619//4598
f 1914//1892 4619//4598 2184//2162
f 4619//4598 1929//1907 2185//2163
f 4619//4598 2185//2163 2184//2162
f 2185//2163 4711//4690 2183//2161
f 2185//2163 2183//2161 2184//2162
f 1928//1906 4632//4611 1938//1916
f 1928//1906 1938//1916 2186//2164
f 1938//1916 1937//1915 4712//4691
f 1938//1916 4712//4691 2186//2164
f 4712//4691 4711//4690 2185//2163
f 4712//4691 2185//2163 2186//2164
f 1918//1896 1925//1903 1924//1902
f 1918//1896 1924//1902 2188//2166
f 1924//1902 4630//4609 4713//4692
f 1924//1902 4713//4692 2188//2166
f 4713//4692 4634//4613 2187//2165
f 4713//4692 2187//2165 2188//2166
f 2189//2167 4641//4620 4640//4619
f 2189//2167 4640//4619 2190//2168
f 4640//4619 2196//2174 2195//2173
f 4640//4619 2195//2173 2190//2168
f 2195//2173 4605//4584 1892//1870
f 2195//2173 1892//1870 2190//2168
f 2193//2171 4641//4620 2189//2167
f 2193//2171 2189//2167 2194//2172
f 2189//2167 1891//1869 4603//4582
f 2189//2167 4603//4582 2194//2172
f 4603//4582 4602//4581 2191//2169
f 4603//4582 2191//2169 2194//2172
f 2197//2175 4646//4625 2199//2177
f 2197//2175 2199//2177 2198//2176
f 2199//2177 1907//1885 4612//4591
f 2199//2177 4612//4591 2198//2176
f 4612//4591 4605//4584 2195//2173
f 4612//4591 2195//2173 2198//2176
f 2199//2177 4646//4625 4649//4628
f 2199//2177 4649//4628 2200//2178
f 4649//4628 2202//2180 2201//2179
f 4649//4628 2201//2179 2200//2178
f 2201//2179 4614//4593 1908//1886
f 2201//2179 1908//1886 2200//2178
f 2203//2181 4650//4629 2205//2183
f 2203//2181 2205//2183 2204//2182
f 2205//2183 1911//1889 2181//2159
f 2205//2183 2181//2159 2204//2182
f 2181//2159 4614//4593 2201//2179
f 2181//2159 2201//2179 2204//2182
f 2205//2183 4650//4629 4653//4632
f 2205//2183 4653//4632 2206//2184
f 4653//4632 2208//2186 2207//2185
f 4653//4632 2207//2185 2206//2184
f 2207//2185 4618//4597 1912//1890
f 2207//2185 1912//1890 2206//2184
f 2209//2187 4654//4633 2211//2189
f 2209//2187 2211//2189 2210//2188
f 2211//2189 1933//1911 4631//4610
f 2211//2189 4631//4610 2210//2188
f 4631//4610 4618//4597 2207//2185
f 4631//4610 2207//2185 2210//2188
f 2211//2189 4654//4633 4662//4641
f 2211//2189 4662//4641 2212//2190
f 4662//4641 2214//2192 2213//2191
f 4662//4641 2213//2191 2212//2190
f 2213//2191 4624//4603 1934//1912
f 2213//2191 1934//1912 2212//2190
f 2215//2193 4655//4634 4658//4637
f 2215//2193 4658//4637 2216//2194
f 4658//4637 3936//3893 4625//4604
f 4658//4637 4625//4604 2216//2194
f 4625//4604 4624//4603 2213//2191
f 4625//4604 2213//2191 2216//2194
f 4660//4639 4655//4634 4714//4693
f 4714//4693 4655//4634 1971//1949
f 4715//4694 4714//4693 1971//1949
f 2165//2143 4716//4695 1971//1949
f 2165//2143 1971//1949 1970//1948
f 4716//4695 4715//4694 1971//1949
f 1975//1953 4666//4645 1987//1965
f 1975//1953 1987//1965 2218//2196
f 1987//1965 1943//1921 1946//1924
f 1987//1965 1946//1924 2218//2196
f 1946//1924 4643//4622 2217//2195
f 1946//1924 2217//2195 2218//2196
f 2221//2199 4666//4645 4665//4644
f 2221//2199 4665//4644 2222//2200
f 4665//4644 2161//2139 2160//2138
f 4665//4644 2160//2138 2222//2200
f 2160//2138 4688//4667 2219//2197
f 2160//2138 2219//2197 2222//2200
f 2223//2201 4672//4651 4671//4650
f 2223//2201 4671//4650 2224//2202
f 4671//4650 2220//2198 2219//2197
f 4671//4650 2219//2197 2224//2202
f 2219//2197 4688//4667 2012//1990
f 2219//2197 2012//1990 2224//2202
f 2227//2205 4672//4651 2223//2201
f 2227//2205 2223//2201 2228//2206
f 2223//2201 2011//1989 4686//4665
f 2223//2201 4686//4665 2228//2206
f 4686//4665 4683//4662 2225//2203
f 4686//4665 2225//2203 2228//2206
f 2229//2207 4675//4654 4674//4653
f 2229//2207 4674//4653 2230//2208
f 4674//4653 2226//2204 2225//2203
f 4674//4653 2225//2203 2230//2208
f 2225//2203 4683//4662 2004//1982
f 2225//2203 2004//1982 2230//2208
f 2233//2211 4675//4654 2229//2207
f 2233//2211 2229//2207 2234//2212
f 2229//2207 2003//1981 2247//2225
f 2229//2207 2247//2225 2234//2212
f 2247//2225 4691//4670 2231//2209
f 2247//2225 2231//2209 2234//2212
f 2235//2213 4050//4009 4677//4656
f 2235//2213 4677//4656 2236//2214
f 4677//4656 2232//2210 2231//2209
f 4677//4656 2231//2209 2236//2214
f 2231//2209 4691//4670 2016//1994
f 2231//2209 2016//1994 2236//2214
f 2239//2217 294//287 293//286
f 2239//2217 293//286 2240//2218
f 293//286 2015//1993 2014//1992
f 293//286 2014//1992 2240//2218
f 2014//1992 2321//2300 2237//2215
f 2014//1992 2237//2215 2240//2218
f 2243//2221 4687//4666 4690//4669
f 2243//2221 4690//4669 2244//2222
f 4690//4669 4680//4659 4679//4658
f 4690//4669 4679//4658 2244//2222
f 4679//4658 4495//4473 2241//2219
f 4679//4658 2241//2219 2244//2222
f 2018//1996 4685//4664 4684//4663
f 2018//1996 4684//4663 2246//2224
f 4684//4663 2007//1985 2249//2227
f 4684//4663 2249//2227 2246//2224
f 2249//2227 4496//4474 2245//2223
f 2249//2227 2245//2223 2246//2224
f 2002//1980 4685//4664 4696//4675
f 2002//1980 4696//4675 2248//2226
f 4696//4675 4693//4672 4692//4671
f 4696//4675 4692//4671 2248//2226
f 4692//4671 4691//4670 2247//2225
f 4692//4671 2247//2225 2248//2226
f 2006//1984 4687//4666 2243//2221
f 2006//1984 2243//2221 2250//2228
f 2243//2221 2242//2220 4497//4475
f 2243//2221 4497//4475 2250//2228
f 4497//4475 4496//4474 2249//2227
f 4497//4475 2249//2227 2250//2228
f 2253//2231 2321//2300 4694//4673
f 2253//2231 4694//4673 2254//2232
f 4694//4673 4693//4672 4695//4674
f 4694//4673 4695//4674 2254//2232
f 4695//4674 4500//4478 2251//2229
f 4695//4674 2251//2229 2254//2232
f 2257//2235 4502//4480 1434//1414
f 2257//2235 1434//1414 2259//2237
f 1433//1413 4717//4696 1434//1414
f 4717//4696 4718//4697 2259//2237
f 2259//2237 1434//1414 4717//4696
f 4718//4697 2258//2236 2259//2237
f 1789//1769 4033//3991 175//169
f 1789//1769 175//169 2261//2239
f 175//169 174//168 4245//4211
f 175//169 4245//4211 2261//2239
f 4245//4211 4229//4195 2260//2238
f 4245//4211 2260//2238 2261//2239
f 1785//1765 4577//4555 1808//1788
f 1785//1765 1808//1788 2262//2240
f 1808//1788 1756//1736 1755//1735
f 1808//1788 1755//1735 2262//2240
f 1755//1735 4218//4184 685//670
f 1755//1735 685//670 2262//2240
f 1039//1022 1038//1021 4390//4360
f 1039//1022 4390//4360 2265//2243
f 4390//4360 1029//1012 1034//1017
f 4390//4360 1034//1017 2265//2243
f 1034//1017 1033//1016 2263//2241
f 1034//1017 2263//2241 2265//2243
f 2267//2246 2264//2242 2263//2241
f 2267//2246 2263//2241 2268//2247
f 2263//2241 1033//1016 1041//1024
f 2263//2241 1041//1024 2268//2247
f 1041//1024 3978//3933 2266//2244
f 1041//1024 2266//2244 2268//2247
f 2269//2248 4397//4372 2271//2250
f 2269//2248 2271//2250 2270//2249
f 2271//2250 1117//1099 4394//4369
f 2271//2250 4394//4369 2270//2249
f 4394//4369 4393//4368 1065//1050
f 4394//4369 1065//1050 2270//2249
f 2271//2250 4397//4372 4403//4378
f 2271//2250 4403//4378 2272//2251
f 4403//4378 4402//4377 4411//4388
f 4403//4378 4411//4388 2272//2251
f 4411//4388 4410//4387 1118//1100
f 4411//4388 1118//1100 2272//2251
f 2273//2252 4323//4289 4322//4288
f 2273//2252 4322//4288 2274//2253
f 4322//4288 1650//1630 4304//4270
f 4322//4288 4304//4270 2274//2253
f 4304//4270 4303//4269 1853//1833
f 4304//4270 1853//1833 2274//2253
f 2275//2254 189//183 44//42
f 2275//2254 44//42 2276//2255
f 44//42 43//41 1120//1102
f 44//42 1120//1102 2276//2255
f 1120//1102 4323//4289 2273//2252
f 1120//1102 2273//2252 2276//2255
f 2277//2256 4510//4488 4560//4538
f 2277//2256 4560//4538 2278//2257
f 4560//4538 4512//4490 4561//4539
f 4560//4538 4561//4539 2278//2257
f 4561//4539 3980//3935 48//46
f 4561//4539 48//46 2278//2257
f 1587//1567 4536//4514 1558//1538
f 1587//1567 1558//1538 2279//2258
f 1558//1538 1557//1537 4516//4494
f 1558//1538 4516//4494 2279//2258
f 4516//4494 4515//4493 1750//1730
f 4516//4494 1750//1730 2279//2258
f 2281//2260 4529//4507 1544//1524
f 2281//2260 1544//1524 2282//2261
f 1544//1524 1543//1523 299//292
f 1544//1524 299//292 2282//2261
f 299//292 298//291 2280//2259
f 299//292 2280//2259 2282//2261
f 1556//1536 4529//4507 2281//2260
f 1556//1536 2281//2260 2284//2263
f 2281//2260 1553//1533 1552//1532
f 2281//2260 1552//1532 2284//2263
f 1552//1532 807//792 2283//2262
f 1552//1532 2283//2262 2284//2263
f 2287//2266 735//720 4274//4240
f 2287//2266 4274//4240 2288//2267
f 4274//4240 4273//4239 1550//1530
f 4274//4240 1550//1530 2288//2267
f 1550//1530 758//743 2285//2264
f 1550//1530 2285//2264 2288//2267
f 2289//2268 1351//1331 4494//4472
f 2289//2268 4494//4472 937//921
f 4494//4472 981//965 938//922
f 4494//4472 938//922 937//921
f 2290//2269 4499//4477 4498//4476
f 2290//2269 4498//4476 2291//2270
f 4498//4476 2242//2220 2241//2219
f 4498//4476 2241//2219 2291//2270
f 2241//2219 4495//4473 1414//1394
f 2241//2219 1414//1394 2291//2270
f 1412//1392 1133//1115 1132//1114
f 1412//1392 1132//1114 2293//2272
f 1132//1114 2312//2291 2311//2290
f 1132//1114 2311//2290 2293//2272
f 2311//2290 4454//4430 2292//2271
f 2311//2290 2292//2271 2293//2272
f 2295//2274 248//241 4697//4676
f 2295//2274 4697//4676 2296//2275
f 4697//4676 1820//1800 1819//1799
f 4697//4676 1819//1799 2296//2275
f 1819//1799 4217//4183 2294//2273
f 1819//1799 2294//2273 2296//2275
f 2298//2277 4076//4035 4075//4034
f 2298//2277 4075//4034 2299//2278
f 4075//4034 4074//4033 4333//4299
f 4075//4034 4333//4299 2299//2278
f 4333//4299 4330//4296 869//853
f 4333//4299 869//853 2299//2278
f 786//771 4079//4038 4078//4037
f 786//771 4078//4037 2304//2283
f 4078//4037 4077//4036 4310//4276
f 4078//4037 4310//4276 2304//2283
f 4310//4276 4309//4275 2303//2282
f 4310//4276 2303//2282 2304//2283
f 2309//2288 310//303 309//302
f 2309//2288 309//302 2310//2289
f 309//302 4079//4038 4295//4261
f 309//302 4295//4261 2310//2289
f 4295//4261 4294//4260 2307//2286
f 4295//4261 2307//2286 2310//2289
f 1182//1164 1181//1163 4701//4680
f 1182//1164 4701//4680 2313//2292
f 4701//4680 1266//1248 1265//1247
f 4701//4680 1265//1247 2313//2292
f 1265//1247 4454//4430 2311//2290
f 1265//1247 2311//2290 2313//2292
f 2316//2295 2021//1999 4597//4576
f 2316//2295 4597//4576 2318//2297
f 4038//3996 4719//4698 4597//4576
f 4038//3996 4597//4576 4039//3997
f 4719//4698 4720//4699 2318//2297
f 2318//2297 4597//4576 4719//4698
f 4720//4699 2317//2296 2318//2297
f 2319//2298 4238//4204 4237//4203
f 2319//2298 4237//4203 2320//2299
f 4237//4203 4036//3994 4583//4561
f 4237//4203 4583//4561 2320//2299
f 4583//4561 1879//1857 1878//1856
f 4583//4561 1878//1856 2320//2299
f 2253//2231 2252//2230 4239//4205
f 2253//2231 4239//4205 2322//2301
f 4239//4205 4238//4204 2319//2298
f 4239//4205 2319//2298 2322//2301
f 2319//2298 2238//2216 2237//2215
f 2319//2298 2237//2215 2322//2301
f 297//290 777//762 303//296
f 297//290 303//296 2323//2302
f 303//296 302//295 796//781
f 303//296 796//781 2323//2302
f 796//781 795//780 840//825
f 796//781 840//825 2323//2302
f 1862//1842 1092//1075 1091//1074
f 1862//1842 1091//1074 2324//2303
f 1091//1074 1086//1071 4395//4370
f 1091//1074 4395//4370 2324//2303
f 4395//4370 4393//4368 1061//1046
f 4395//4370 1061//1046 2324//2303
f 2330//2306 4721//4700 3901//3864
f 2330//2306 3901//3864 2331//2307
f 3901//3864 3405//3369 3404//3368
f 3901//3864 3404//3368 2331//2307
f 3404//3368 4722//4701 2328//2304
f 3404//3368 2328//2304 2331//2307
f 4723//4702 4724//4703 2334//2310
f 4724//4703 4725//4704 2335//2311
f 2335//2311 2334//2310 4724//4703
f 4726//4705 4727//4706 4728//4707
f 4726//4705 4728//4707 4725//4704
f 4725//4704 4728//4707 2335//2311
f 4728//4707 4729//4708 2332//2308
f 4728//4707 2332//2308 2335//2311
f 2338//2314 4730//4709 3415//3379
f 2338//2314 3415//3379 2340//2316
f 3415//3379 3414//3378 3428//3392
f 3415//3379 3428//3392 2340//2316
f 3428//3392 4160//4125 2339//2315
f 3428//3392 2339//2315 2340//2316
f 2343//2319 4731//4710 3373//3337
f 2343//2319 3373//3337 2344//2320
f 3373//3337 3070//3034 3069//3033
f 3373//3337 3069//3033 2344//2320
f 3069//3033 4732//4711 2341//2317
f 3069//3033 2341//2317 2344//2320
f 2347//2323 4733//4712 4734//4713
f 2347//2323 4734//4713 2348//2324
f 4734//4713 2519//2489 4735//4714
f 4734//4713 4735//4714 2348//2324
f 4735//4714 4736//4715 2345//2321
f 4735//4714 2345//2321 2348//2324
f 2351//2327 4737//4716 4738//4717
f 2351//2327 4738//4717 2352//2328
f 4738//4717 3762//3725 3761//3724
f 4738//4717 3761//3724 2352//2328
f 3761//3724 4739//4718 2349//2325
f 3761//3724 2349//2325 2352//2328
f 2355//4719 4740//4720 4741//4721
f 2355//4719 4741//4721 2356//4722
f 4741//4721 4158//4123 3434//3397
f 4741//4721 3434//3397 2356//4722
f 2357//4723 4742//4724 4743//4725
f 2357//4723 4743//4725 2358//4726
f 4743//4725 3858//3821 4744//4727
f 4743//4725 4744//4727 2358//4726
f 4744//4727 4740//4720 2355//4719
f 4744//4727 2355//4719 2358//4726
f 2328//2304 4722//4701 4745//4728
f 2328//2304 4745//4728 2360//2330
f 4745//4728 3236//3200 4746//4729
f 4745//4728 4746//4729 2360//2330
f 4746//4729 4747//4730 2359//2329
f 4746//4729 2359//2329 2360//2330
f 2361//2331 4748//4731 4749//4732
f 2361//2331 4749//4732 2362//2332
f 4749//4732 519//505 4750//4733
f 4749//4732 4750//4733 2362//2332
f 4750//4733 4731//4710 2343//2319
f 4750//4733 2343//2319 2362//2332
f 2365//2335 4751//4734 2369//2339
f 2365//2335 2369//2339 2366//2336
f 2369//2339 2368//2338 4752//4735
f 2369//2339 4752//4735 2366//2336
f 4752//4735 4753//4736 2363//2333
f 4752//4735 2363//2333 2366//2336
f 2369//2339 4751//4734 4754//4737
f 2369//2339 4754//4737 2370//2340
f 4754//4737 4755//4738 4756//4739
f 4754//4737 4756//4739 2370//2340
f 4756//4739 4757//4740 2367//2337
f 4756//4739 2367//2337 2370//2340
f 2372//2342 4259//4225 4258//4224
f 2372//2342 4258//4224 2373//2343
f 4258//4224 4257//4223 4758//4741
f 4258//4224 4758//4741 2373//2343
f 4758//4741 4759//4742 2371//2341
f 4758//4741 2371//2341 2373//2343
f 2376//2346 4753//4736 4752//4735
f 2376//2346 4752//4735 2378//2348
f 4752//4735 2368//2338 4760//4743
f 4752//4735 4760//4743 2378//2348
f 2379//2349 4761//4744 4760//4743
f 2379//2349 4760//4743 334//327
f 4761//4744 2377//2347 2378//2348
f 2378//2348 4760//4743 4761//4744
f 2382//2352 4762//4745 4763//4746
f 2382//2352 4763//4746 2383//2353
f 4763//4746 3227//3191 3226//3190
f 4763//4746 3226//3190 2383//2353
f 3226//3190 4764//4747 2380//2350
f 3226//3190 2380//2350 2383//2353
f 2386//2356 4765//4748 4766//4749
f 2386//2356 4766//4749 2387//2357
f 4766//4749 3138//3102 4767//4750
f 4766//4749 4767//4750 2387//2357
f 4767//4750 4768//4751 2384//2354
f 4767//4750 2384//2354 2387//2357
f 2390//2360 4768//4751 3207//3171
f 2390//2360 3207//3171 2391//2361
f 3207//3171 3206//3170 4769//4752
f 3207//3171 4769//4752 2391//2361
f 4769//4752 343//336 2388//2358
f 4769//4752 2388//2358 2391//2361
f 341//334 340//333 4770//4753
f 341//334 4770//4753 2394//2364
f 4770//4753 3092//3056 3091//3055
f 4770//4753 3091//3055 2394//2364
f 3091//3055 4771//4754 2392//2362
f 3091//3055 2392//2362 2394//2364
f 2397//2367 4765//4748 2386//2356
f 2397//2367 2386//2356 2398//2368
f 2386//2356 2385//2355 4772//4755
f 2386//2356 4772//4755 2398//2368
f 4772//4755 4773//4756 2395//2365
f 4772//4755 2395//2365 2398//2368
f 2401//2371 4774//4757 3314//3278
f 2401//2371 3314//3278 2402//2372
f 3314//3278 1709//1689 4276//4242
f 3314//3278 4276//4242 2402//2372
f 4276//4242 4275//4241 2399//2369
f 4276//4242 2399//2369 2402//2372
f 2405//2375 4775//4758 2995//2959
f 2405//2375 2995//2959 2406//2376
f 2995//2959 2507//2477 4776//4759
f 2995//2959 4776//4759 2406//2376
f 4776//4759 4777//4760 2403//2373
f 4776//4759 2403//2373 2406//2376
f 2409//2379 4747//4730 4746//4729
f 2409//2379 4746//4729 2410//2380
f 4746//4729 3236//3200 3235//3199
f 4746//4729 3235//3199 2410//2380
f 3235//3199 4778//4761 2407//2377
f 3235//3199 2407//2377 2410//2380
f 4779//4762 4283//4249 4282//4248
f 4779//4762 4282//4248 2412//2382
f 2412//2382 4282//4248 2413//2383
f 4282//4248 1584//1564 3189//3153
f 4282//4248 3189//3153 2413//2383
f 3189//3153 4753//4736 2376//2346
f 3189//3153 2376//2346 2413//2383
f 2416//2386 4780//4763 3350//3314
f 2416//2386 3350//3314 2417//2387
f 3350//3314 3045//3009 3458//3423
f 3350//3314 3458//3423 2417//2387
f 3458//3423 4170//4137 2414//2384
f 3458//3423 2414//2384 2417//2387
f 2420//2390 4781//4764 4782//4765
f 2420//2390 4782//4765 2421//2391
f 4782//4765 3363//3327 3362//3326
f 4782//4765 3362//3326 2421//2391
f 3362//3326 4783//4766 2418//2388
f 3362//3326 2418//2388 2421//2391
f 2424//2394 4774//4757 2464//2434
f 2424//2394 2464//2434 2425//2395
f 2464//2434 2463//2433 4784//4767
f 2464//2434 4784//4767 2425//2395
f 4784//4767 4785//4768 2422//2392
f 4784//4767 2422//2392 2425//2395
f 2428//2398 3134//3098 3133//3097
f 2428//2398 3133//3097 2429//2399
f 3133//3097 4786//4769 3156//3120
f 3133//3097 3156//3120 2429//2399
f 3156//3120 3153//3117 2426//2396
f 3156//3120 2426//2396 2429//2399
f 2431//2401 3356//3320 3466//3431
f 2431//2401 3466//3431 373//362
f 3465//3430 374//363 373//362
f 3465//3430 373//362 3466//3431
f 2434//2404 3910//3873 3909//3872
f 2434//2404 3909//3872 2435//2405
f 3909//3872 4202//4169 4212//4178
f 3909//3872 4212//4178 2435//2405
f 4212//4178 4211//4177 2432//2402
f 4212//4178 2432//2402 2435//2405
f 2438//2408 4214//4180 4787//4770
f 2438//2408 4787//4770 2439//2409
f 4787//4770 4788//4771 4789//4772
f 4787//4770 4789//4772 2439//2409
f 4789//4772 4790//4773 2436//2406
f 4789//4772 2436//2406 2439//2409
f 2442//2412 2475//2445 4791//4774
f 2442//2412 4791//4774 2443//2413
f 4791//4774 4298//4264 4297//4263
f 4791//4774 4297//4263 2443//2413
f 4297//4263 4296//4262 2440//2410
f 4297//4263 2440//2410 2443//2413
f 2446//2416 4790//4773 4789//4772
f 2446//2416 4789//4772 2447//2417
f 4789//4772 4788//4771 3282//3246
f 4789//4772 3282//3246 2447//2417
f 3282//3246 637//623 2444//2414
f 3282//3246 2444//2414 2447//2417
f 2450//2420 4792//4775 4793//4776
f 2450//2420 4793//4776 2451//2421
f 4793//4776 3321//3285 3320//3284
f 4793//4776 3320//3284 2451//2421
f 3320//3284 4794//4777 2448//2418
f 3320//3284 2448//2418 2451//2421
f 2454//2424 4795//4778 3254//3218
f 2454//2424 3254//3218 2455//2425
f 3254//3218 3253//3217 4796//4779
f 3254//3218 4796//4779 2455//2425
f 4796//4779 4797//4780 2452//2422
f 4796//4779 2452//2422 2455//2425
f 2458//2428 2430//2400 376//365
f 2458//2428 376//365 2459//2429
f 376//365 375//364 3079//3043
f 376//365 3079//3043 2459//2429
f 3079//3043 3078//3042 2456//2426
f 3079//3043 2456//2426 2459//2429
f 810//795 4307//4273 2919//2884
f 810//795 2919//2884 2461//2431
f 2919//2884 2471//2441 3158//3122
f 2919//2884 3158//3122 2461//2431
f 3158//3122 4798//4781 2460//2430
f 3158//3122 2460//2430 2461//2431
f 2464//2434 4774//4757 2401//2371
f 2464//2434 2401//2371 2465//2435
f 2401//2371 2400//2370 2538//2508
f 2401//2371 2538//2508 2465//2435
f 2538//2508 4799//4782 2462//2432
f 2538//2508 2462//2432 2465//2435
f 2468//2438 2482//2452 2481//2451
f 2468//2438 2481//2451 2469//2439
f 2481//2451 3149//3113 2479//2449
f 2481//2451 2479//2449 2469//2439
f 2479//2449 2478//2448 2466//2436
f 2479//2449 2466//2436 2469//2439
f 2472//2442 2475//2445 2474//2444
f 2472//2442 2474//2444 2473//2443
f 2474//2444 672//657 4800//4783
f 2474//2444 4800//4783 2473//2443
f 4800//4783 4801//4784 2470//2440
f 4800//4783 2470//2440 2473//2443
f 2442//2412 2441//2411 4802//4785
f 2442//2412 4802//4785 2476//2446
f 4802//4785 645//631 644//630
f 4802//4785 644//630 2476//2446
f 644//630 672//657 2474//2444
f 644//630 2474//2444 2476//2446
f 2479//2449 3149//3113 3148//3112
f 2479//2449 3148//3112 2480//2450
f 3148//3112 3145//3109 4207//4174
f 3148//3112 4207//4174 2480//2450
f 4207//4174 2497//2467 2477//2447
f 4207//4174 2477//2447 2480//2450
f 638//624 637//623 3281//3245
f 638//624 3281//3245 2483//2453
f 3281//3245 3333//3297 3150//3114
f 3281//3245 3150//3114 2483//2453
f 3150//3114 3149//3113 2481//2451
f 3150//3114 2481//2451 2483//2453
f 836//821 4314//4280 2923//2888
f 836//821 2923//2888 2485//2455
f 2923//2888 2922//2887 4803//4786
f 2923//2888 4803//4786 2485//2455
f 4803//4786 4804//4787 2484//2454
f 4803//4786 2484//2454 2485//2455
f 2487//2457 633//619 3888//3851
f 2487//2457 3888//3851 2488//2458
f 3888//3851 3163//3127 3162//3126
f 3888//3851 3162//3126 2488//2458
f 3162//3126 4805//4788 2486//2456
f 3162//3126 2486//2456 2488//2458
f 2491//2461 4806//4789 3250//3214
f 2491//2461 3250//3214 2492//2462
f 3250//3214 3249//3213 4807//4790
f 3250//3214 4807//4790 2492//2462
f 4807//4790 4808//4791 2489//2459
f 4807//4790 2489//2459 2492//2462
f 2495//2465 3884//3847 4809//4792
f 2495//2465 4809//4792 2496//2466
f 4809//4792 375//364 4810//4793
f 4809//4792 4810//4793 2496//2466
f 4810//4793 3302//3266 2493//2463
f 4810//4793 2493//2463 2496//2466
f 2498//2468 3317//3281 4811//4794
f 2498//2468 4811//4794 2499//2469
f 4811//4794 2467//2437 2466//2436
f 4811//4794 2466//2436 2499//2469
f 2466//2436 2478//2448 2477//2447
f 2466//2436 2477//2447 2499//2469
f 2500//2470 4812//4795 4813//4796
f 2500//2470 4813//4796 2501//2471
f 4813//4796 3253//3217 3252//3216
f 4813//4796 3252//3216 2501//2471
f 3252//3216 4806//4789 2491//2461
f 3252//3216 2491//2461 2501//2471
f 2502//2472 4808//4791 4807//4790
f 2502//2472 4807//4790 2503//2473
f 4807//4790 3249//3213 3263//3227
f 4807//4790 3263//3227 2503//2473
f 3263//3227 4324//4290 857//841
f 3263//3227 857//841 2503//2473
f 640//626 4201//4168 4814//4797
f 640//626 4814//4797 2505//2475
f 4814//4797 3088//3052 3087//3051
f 4814//4797 3087//3051 2505//2475
f 3087//3051 4815//4798 2504//2474
f 3087//3051 2504//2474 2505//2475
f 2508//2478 4816//4799 2512//2482
f 2508//2478 2512//2482 2509//2479
f 2512//2482 2511//2481 4817//4800
f 2512//2482 4817//4800 2509//2479
f 4817//4800 4818//4801 2506//2476
f 4817//4800 2506//2476 2509//2479
f 2512//2482 4816//4799 3050//3014
f 2512//2482 3050//3014 2513//2483
f 3050//3014 3049//3013 3060//3024
f 3050//3014 3060//3024 2513//2483
f 3060//3024 4819//4802 2510//2480
f 3060//3024 2510//2480 2513//2483
f 2516//2486 4199//4166 4198//4165
f 2516//2486 4198//4165 2517//2487
f 4198//4165 4197//4164 4820//4803
f 4198//4165 4820//4803 2517//2487
f 4820//4803 4821//4804 2514//2484
f 4820//4803 2514//2484 2517//2487
f 2520//2490 3088//3052 4814//4797
f 2520//2490 4814//4797 2521//2491
f 4814//4797 4201//4168 4822//4805
f 4814//4797 4822//4805 2521//2491
f 4822//4805 4819//4802 2518//2488
f 4822//4805 2518//2488 2521//2491
f 2524//2494 4823//4806 4824//4807
f 2524//2494 4824//4807 2525//2495
f 4824//4807 2973//2937 4825//4808
f 4824//4807 4825//4808 2525//2495
f 4825//4808 4826//4809 2522//2492
f 4825//4808 2522//2492 2525//2495
f 2528//2498 4827//4810 4828//4811
f 2528//2498 4828//4811 2529//2499
f 4828//4811 2934//2899 4829//4812
f 4828//4811 4829//4812 2529//2499
f 4829//4812 351//344 2526//2496
f 4829//4812 2526//2496 2529//2499
f 2532//2502 4830//4813 4831//4814
f 2532//2502 4831//4814 2533//2503
f 4831//4814 3200//3164 3199//3163
f 4831//4814 3199//3163 2533//2503
f 3199//3163 4832//4815 2530//2500
f 3199//3163 2530//2500 2533//2503
f 2536//2506 3122//3086 3121//3085
f 2536//2506 3121//3085 2537//2507
f 3121//3085 4833//4816 3099//3063
f 3121//3085 3099//3063 2537//2507
f 3099//3063 3098//3062 2534//2504
f 3099//3063 2534//2504 2537//2507
f 2539//2509 4827//4810 2528//2498
f 2539//2509 2528//2498 2540//2510
f 2528//2498 2527//2497 3233//3197
f 2528//2498 3233//3197 2540//2510
f 3233//3197 4799//4782 2538//2508
f 3233//3197 2538//2508 2540//2510
f 2543//2513 4834//4817 4835//4818
f 2543//2513 4835//4818 2544//2514
f 4835//4818 4821//4804 4820//4803
f 4835//4818 4820//4803 2544//2514
f 4820//4803 4197//4164 2541//2511
f 4820//4803 2541//2511 2544//2514
f 2541//2511 4197//4164 642//628
f 2541//2511 642//628 2546//2516
f 642//628 641//627 4836//4819
f 642//628 4836//4819 2546//2516
f 4836//4819 4837//4820 2545//2515
f 4836//4819 2545//2515 2546//2516
f 2549//2519 4833//4816 4838//4821
f 2549//2519 4838//4821 2550//2520
f 4838//4821 4839//4822 4840//4823
f 4838//4821 4840//4823 2550//2520
f 4840//4823 4150//4113 2547//2517
f 4840//4823 2547//2517 2550//2520
f 4841//4824 4842//4825 483//473
f 4841//4824 483//473 2999//2963
f 4841//4824 2999//2963 3908//3871
f 4841//4824 3908//3871 4843//4826
f 2551//2521 4841//4824 4843//4826
f 2551//2521 4843//4826 2634//2604
f 484//474 4844//4827 4845//4828
f 484//474 4845//4828 4147//4110
f 4842//4825 4844//4827 484//474
f 4842//4825 484//474 483//473
f 2555//2525 4844//4827 4842//4825
f 2555//2525 4842//4825 2554//2524
f 4845//4828 2560//2530 2559//2529
f 4845//4828 2559//2529 4147//4110
f 4846//4829 2560//2530 4845//4828
f 4846//4829 4845//4828 2558//2528
f 4846//4829 4847//4830 4848//4831
f 4846//4829 4848//4831 4849//4832
f 4147//4110 2559//2529 2563//2533
f 4147//4110 2563//2533 2583//2553
f 2561//2531 2566//2536 2565//2535
f 2561//2531 2565//2535 2562//2532
f 4850//4833 2566//2536 2561//2531
f 4850//4833 2561//2531 4849//4832
f 4850//4833 4851//4834 4852//4835
f 4850//4833 4852//4835 4853//4836
f 2573//2543 4854//4837 4855//4838
f 2573//2543 4855//4838 3291//3255
f 2567//2537 4854//4837 2573//2543
f 2567//2537 2573//2543 2568//2538
f 2569//2539 4854//4837 2567//2537
f 2569//2539 2567//2537 4853//4836
f 2574//2544 2573//2543 3291//3255
f 2574//2544 3291//3255 509//499
f 4855//4838 2577//2547 2576//2546
f 4855//4838 2576//2546 3291//3255
f 4856//4839 2577//2547 4855//4838
f 4856//4839 4855//4838 2572//2542
f 4856//4839 4857//4840 4858//4841
f 4856//4839 4858//4841 505//495
f 2574//2544 509//499 508//498
f 2574//2544 508//498 2579//2549
f 2563//2533 2564//2534 2959//2923
f 2563//2533 2959//2923 2581//2551
f 653//639 2584//2554 3094//3058
f 653//639 3094//3058 3125//3089
f 2588//2558 4826//4809 4825//4808
f 2588//2558 4825//4808 2589//2559
f 4825//4808 2973//2937 2972//2936
f 4825//4808 2972//2936 2589//2559
f 2972//2936 4834//4817 2586//2556
f 2972//2936 2586//2556 2589//2559
f 2590//2560 2987//2951 4859//4842
f 2590//2560 4859//4842 2591//2561
f 4859//4842 4860//4843 4861//4844
f 4859//4842 4861//4844 2591//2561
f 4861//4844 4148//4111 496//486
f 4861//4844 496//486 2591//2561
f 2604//2574 2595//2565 2594//2564
f 2604//2574 2594//2564 4862//4845
f 4863//4846 4864//4847 2592//2562
f 4863//4846 2592//2562 2595//2565
f 2596//2566 4865//4848 4866//4849
f 2596//2566 4866//4849 4862//4845
f 2594//2564 2593//2563 4867//4850
f 2594//2564 4867//4850 2597//2567
f 4867//4850 4868//4851 2598//2568
f 4867//4850 2598//2568 2597//2567
f 4869//4852 4870//4853 2657//2627
f 4869//4852 2657//2627 363//356
f 4869//4852 4871//4854 4872//4855
f 4869//4852 4872//4855 4870//4853
f 4873//4856 4874//4857 2605//2575
f 4873//4856 2605//2575 4866//4849
f 4096//4055 2606//2576 2605//2575
f 4096//4055 2605//2575 4874//4857
f 2609//2579 2611//2581 4875//4858
f 2609//2579 4875//4858 4876//4859
f 2609//2579 4876//4859 3258//3222
f 2609//2579 3258//3222 2610//2580
f 2603//2573 2602//2572 2631//2601
f 2603//2573 2631//2601 2630//2600
f 2603//2573 2630//2600 4875//4858
f 2603//2573 4875//4858 2611//2581
f 354//347 4095//4054 3295//3259
f 354//347 3295//3259 2614//2584
f 3295//3259 3294//3258 4877//4860
f 3295//3259 4877//4860 2614//2584
f 4877//4860 2621//2591 2613//2583
f 4877//4860 2613//2583 2614//2584
f 3268//3232 2616//2586 2615//2585
f 3268//3232 2615//2585 2578//2548
f 2601//2571 2616//2586 3268//3232
f 2601//2571 3268//3232 2602//2572
f 2619//2589 2620//2590 2959//2923
f 2619//2589 2959//2923 2564//2534
f 2619//2589 2565//2535 2568//2538
f 2619//2589 2568//2538 2575//2545
f 2618//2588 355//348 2613//2583
f 2618//2588 2613//2583 507//497
f 2624//2594 4097//4056 4096//4055
f 2624//2594 4096//4055 4874//4857
f 2626//2596 4876//4859 4875//4858
f 2626//2596 4875//4858 4878//4861
f 4878//4861 2633//2603 4879//4862
f 4878//4861 4879//4862 4880//4863
f 3907//3870 4881//4864 4843//4826
f 3907//3870 4843//4826 3908//3871
f 4882//4865 4881//4864 3907//3870
f 4882//4865 3907//3870 4883//4866
f 4881//4864 4882//4865 4204//4171
f 4881//4864 4204//4171 2635//2605
f 2638//2608 4091//4050 4884//4867
f 2638//2608 4884//4867 2639//2609
f 4884//4867 4885//4868 4886//4869
f 4884//4867 4886//4869 2639//2609
f 4886//4869 4380//4346 1001//985
f 4886//4869 1001//985 2639//2609
f 2642//2612 4830//4813 3228//3192
f 2642//2612 3228//3192 2643//2613
f 3228//3192 3227//3191 4887//4870
f 3228//3192 4887//4870 2643//2613
f 4887//4870 4102//4061 2640//2610
f 4887//4870 2640//2610 2643//2613
f 2646//2616 4102//4061 4887//4870
f 2646//2616 4887//4870 2647//2617
f 4887//4870 3227//3191 4763//4746
f 4887//4870 4763//4746 2647//2617
f 4763//4746 4762//4745 2644//2614
f 4763//4746 2644//2614 2647//2617
f 362//355 2645//2615 2648//2618
f 362//355 2648//2618 2651//2621
f 2654//2624 4093//4052 3271//3235
f 2654//2624 3271//3235 2655//2625
f 3271//3235 3270//3234 4888//4871
f 3271//3235 4888//4871 2655//2625
f 4888//4871 4095//4054 2652//2622
f 4888//4871 2652//2622 2655//2625
f 2598//2568 4868//4851 2658//2628
f 2598//2568 2658//2628 2656//2626
f 2658//2628 363//356 2657//2627
f 2658//2628 2657//2627 2656//2626
f 2658//2628 4868//4851 3261//3225
f 2658//2628 3261//3225 2659//2629
f 3261//3225 2641//2611 2640//2610
f 3261//3225 2640//2610 2659//2629
f 2640//2610 4102//4061 364//357
f 2640//2610 364//357 2659//2629
f 514//4119 4104//4065 2660//4872
f 2660//4872 4104//4065 4103//4064
f 2664//2632 4387//4357 4386//4356
f 2664//2632 4386//4356 2665//2633
f 4386//4356 1329//1309 2941//2905
f 4386//4356 2941//2905 2665//2633
f 2941//2905 4889//4873 2662//2630
f 2941//2905 2662//2630 2665//2633
f 2668//2636 2680//2648 2679//2647
f 2668//2636 2679//2647 2669//2637
f 2679//2647 4890//4874 4891//4875
f 2679//2647 4891//4875 2669//2637
f 4891//4875 2663//2631 2666//2634
f 4891//4875 2666//2634 2669//2637
f 2672//2640 2684//2652 2683//2651
f 2672//2640 2683//2651 2673//2641
f 2683//2651 2680//2648 2668//2636
f 2683//2651 2668//2636 2673//2641
f 2668//2636 2667//2635 2670//2638
f 2668//2636 2670//2638 2673//2641
f 2662//2630 4889//4873 2706//2674
f 2662//2630 2706//2674 2674//2642
f 2706//2674 2705//2673 4892//4876
f 2706//2674 4892//4876 2674//2642
f 4892//4876 2667//2635 2666//2634
f 4892//4876 2666//2634 2674//2642
f 381//370 3869//3832 3868//3831
f 381//370 3868//3831 2676//2644
f 3868//3831 2705//2673 2704//2672
f 3868//3831 2704//2672 2676//2644
f 2704//2672 3074//3038 2675//2643
f 2704//2672 2675//2643 2676//2644
f 2677//2645 4106//4068 4105//4066
f 2677//2645 4105//4066 2678//2646
f 4105//4066 4104//4065 4154//4117
f 4105//4066 4154//4117 2678//2646
f 4154//4117 2684//2652 2672//2640
f 4154//4117 2672//2640 2678//2646
f 2681//2649 3932//4877 3931//4878
f 2681//2649 3931//4878 2682//2650
f 3931//4878 4893//4879 4894//4880
f 3931//4878 4894//4880 2682//2650
f 4894//4880 4890//4874 2679//2647
f 4894//4880 2679//2647 2682//2650
f 516//2653 2732//4881 2685//2654
f 2732//4881 3932//4877 2681//2649
f 2732//4881 2681//2649 2685//2654
f 2681//2649 2680//2648 2683//2651
f 2681//2649 2683//2651 2685//2654
f 2686//2655 2717//2684 2716//2683
f 2686//2655 2716//2683 2687//2656
f 2716//2683 3475//4882 3474//4883
f 2716//2683 3474//4883 2687//2656
f 3474//4883 386//376 2687//2656
f 532//518 531//517 534//520
f 532//518 534//520 2690//2659
f 534//520 4169//4136 2693//2662
f 534//520 2693//2662 2690//2659
f 2693//2662 2692//2661 2688//2657
f 2693//2662 2688//2657 2690//2659
f 2693//2662 4169//4136 2742//2707
f 2693//2662 2742//2707 2694//2663
f 2742//2707 2741//2706 4895//4884
f 2742//2707 4895//4884 2694//2663
f 4895//4884 4896//4885 2691//2660
f 4895//4884 2691//2660 2694//2663
f 2697//2666 4897//4886 2713//2681
f 2697//2666 2713//2681 2698//2667
f 2713//2681 2712//2680 4898//4887
f 2713//2681 4898//4887 2698//2667
f 4898//4887 4896//4885 2695//2664
f 4898//4887 2695//2664 2698//2667
f 1067//1052 4399//4374 4899//4888
f 1067//1052 4899//4888 2700//2669
f 4899//4888 2696//2665 3875//3838
f 4899//4888 3875//3838 2700//2669
f 3875//3838 4900//4889 2699//2668
f 3875//3838 2699//2668 2700//2669
f 2699//2668 4900//4889 4901//4890
f 2699//2668 4901//4890 2702//2670
f 4901//4890 2729//2696 2728//2695
f 4901//4890 2728//2695 2702//2670
f 2728//2695 4400//4375 1071//1056
f 2728//2695 1071//1056 2702//2670
f 1073//1058 1104//1087 4902//4891
f 1073//1058 4902//4891 2703//2671
f 4902//4891 2737//2702 2736//2701
f 4902//4891 2736//2701 2703//2671
f 2736//2701 4808//4791 2502//2472
f 2736//2701 2502//2472 2703//2671
f 2706//2674 4889//4873 4903//4892
f 2706//2674 4903//4892 2707//2675
f 4903//4892 4804//4787 3075//3039
f 4903//4892 3075//3039 2707//2675
f 3075//3039 3074//3038 2704//2672
f 3075//3039 2704//2672 2707//2675
f 2708//2676 4897//4886 2697//2666
f 2708//2676 2697//2666 2709//2677
f 2697//2666 2696//2665 4899//4888
f 2697//2666 4899//4888 2709//2677
f 4899//4888 4399//4374 1081//1066
f 4899//4888 1081//1066 2709//2677
f 1083//1068 1089//4382 2715//4893
f 1083//1068 2715//4893 2710//2678
f 2715//4893 4904//4894 4905//4895
f 2715//4893 4905//4895 2710//2678
f 4905//4895 4897//4886 2708//2676
f 4905//4895 2708//2676 2710//2678
f 2713//2681 4897//4886 4905//4895
f 2713//2681 4905//4895 2714//2682
f 4905//4895 4904//4894 4906//4896
f 4905//4895 4906//4896 2714//2682
f 4906//4896 4907//4897 2711//2679
f 4906//4896 2711//2679 2714//2682
f 2718//2685 2712//2680 2711//2679
f 2718//2685 2711//2679 2719//2686
f 2711//2679 4907//4897 4908//4898
f 2711//2679 4908//4898 2719//2686
f 4908//4898 3475//4882 2716//2683
f 4908//4898 2716//2683 2719//2686
f 2722//2689 4909//4899 2726//2693
f 2722//2689 2726//2693 2723//2690
f 2726//2693 2725//2692 4910//4900
f 2726//2693 4910//4900 2723//2690
f 4910//4900 4107//4070 2720//2687
f 4910//4900 2720//2687 2723//2690
f 2726//2693 4909//4899 2738//2703
f 2726//2693 2738//2703 2727//2694
f 2738//2703 2737//2702 2730//2697
f 2738//2703 2730//2697 2727//2694
f 2730//2697 2729//2696 2724//2691
f 2730//2697 2724//2691 2727//2694
f 2730//2697 2737//2702 4902//4891
f 2730//2697 4902//4891 2731//2698
f 4902//4891 1104//1087 1103//1086
f 4902//4891 1103//1086 2731//2698
f 1103//1086 4400//4375 2728//2695
f 1103//1086 2728//2695 2731//2698
f 2734//2700 385//375 2735//374
f 2738//2703 4909//4899 4911//4901
f 2738//2703 4911//4901 2739//2704
f 4911//4901 2490//2460 2489//2459
f 4911//4901 2489//2459 2739//2704
f 2489//2459 4808//4791 2736//2701
f 2489//2459 2736//2701 2739//2704
f 2742//2707 4169//4136 4168//4135
f 2742//2707 4168//4135 2743//2708
f 4168//4135 4107//4070 4910//4900
f 4168//4135 4910//4900 2743//2708
f 4910//4900 2725//2692 2740//2705
f 4910//4900 2740//2705 2743//2708
f 2744//2709 4812//4795 2500//2470
f 2744//2709 2500//2470 2745//2710
f 2500//2470 2490//2460 4911//4901
f 2500//2470 4911//4901 2745//2710
f 4911//4901 4909//4899 2722//2689
f 4911//4901 2722//2689 2745//2710
f 4912//4902 4210//4902 662//4902
f 2746//2711 351//344 350//343
f 2746//2711 350//343 2747//2712
f 350//343 2653//2623 4094//4053
f 350//343 4094//4053 2747//2712
f 4094//4053 2649//2619 2648//2618
f 4094//4053 2648//2618 2747//2712
f 2750//2715 4913//4903 4914//4904
f 2750//2715 4914//4904 2751//2716
f 4914//4904 3024//2988 3023//2987
f 4914//4904 3023//2987 2751//2716
f 3023//2987 4915//4905 2748//2713
f 3023//2987 2748//2713 2751//2716
f 2754//2719 4156//4121 4916//4906
f 2754//2719 4916//4906 2755//2720
f 4916//4906 3401//3365 4917//4907
f 4916//4906 4917//4907 2755//2720
f 4917//4907 4181//4148 2752//2717
f 4917//4907 2752//2717 2755//2720
f 2758//2723 3913//3876 4918//4908
f 2758//2723 4918//4908 2759//2724
f 4918//4908 4181//4148 4917//4907
f 4918//4908 4917//4907 2759//2724
f 4917//4907 3401//3365 2756//2721
f 4917//4907 2756//2721 2759//2724
f 2762//2727 4742//4724 2357//4723
f 2762//2727 2357//4723 2763//2728
f 2357//4723 2354//3401 3437//3400
f 2357//4723 3437//3400 2763//2728
f 3437//3400 4919//4909 2760//2725
f 3437//3400 2760//2725 2763//2728
f 2764//2729 4920//4910 4921//4911
f 2764//2729 4921//4911 2765//2730
f 4921//4911 3030//2994 3029//2993
f 4921//4911 3029//2993 2765//2730
f 3029//2993 4742//4724 2762//2727
f 3029//2993 2762//2727 2765//2730
f 2768//2733 4913//4903 2750//2715
f 2768//2733 2750//2715 2769//2734
f 2750//2715 2749//2714 4922//4912
f 2750//2715 4922//4912 2769//2734
f 4922//4912 576//562 2766//2731
f 4922//4912 2766//2731 2769//2734
f 2770//2735 4183//4150 4182//4149
f 2770//2735 4182//4149 2771//2736
f 4182//4149 2859//2824 2858//2823
f 4182//4149 2858//2823 2771//2736
f 2858//2823 4126//4089 421//411
f 2858//2823 421//411 2771//2736
f 2774//2739 4183//4150 2770//2735
f 2774//2739 2770//2735 2775//2740
f 2770//2735 420//410 4923//4913
f 2770//2735 4923//4913 2775//2740
f 4923//4913 4188//4155 2772//2737
f 4923//4913 2772//2737 2775//2740
f 2778//2743 550//536 549//535
f 2778//2743 549//535 2779//2744
f 549//535 4174//4141 581//567
f 549//535 581//567 2779//2744
f 581//567 580//566 2776//2741
f 581//567 2776//2741 2779//2744
f 2782//2747 4924//4914 4925//4915
f 2782//2747 4925//4915 2783//2748
f 4925//4915 4926//4916 2871//2836
f 4925//4915 2871//2836 2783//2748
f 2871//2836 2870//2835 2780//2745
f 2871//2836 2780//2745 2783//2748
f 440//430 4114//4077 4113//4076
f 440//430 4113//4076 2785//2750
f 4113//4076 2786//2751 2784//2749
f 4113//4076 2784//2749 2785//2750
f 2787//2752 4109//4072 389//379
f 2787//2752 389//379 2788//2753
f 389//379 388//378 2784//2749
f 389//379 2784//2749 2788//2753
f 2791//2756 2777//2742 2776//2741
f 2791//2756 2776//2741 2792//2757
f 2776//2741 580//566 2789//2754
f 2776//2741 2789//2754 2792//2757
f 467//457 4145//4108 4927//4917
f 467//457 4927//4917 2794//2759
f 4927//4917 4127//4090 427//417
f 4927//4917 427//417 2794//2759
f 427//417 424//414 2793//2758
f 427//417 2793//2758 2794//2759
f 463//453 476//466 475//465
f 463//453 475//465 2795//2760
f 475//465 3713//3676 4928//4918
f 475//465 4928//4918 2795//2760
f 4928//4918 4195//4162 606//592
f 4928//4918 606//592 2795//2760
f 2798//2763 3703//3666 3706//3669
f 2798//2763 3706//3669 2799//2764
f 3706//3669 4195//4162 4928//4918
f 3706//3669 4928//4918 2799//2764
f 4928//4918 3713//3676 2796//2761
f 4928//4918 2796//2761 2799//2764
f 2801//2766 621//607 620//606
f 2801//2766 620//606 2802//2767
f 620//606 2887//2852 2886//2851
f 620//606 2886//2851 2802//2767
f 2886//2851 4133//4096 2800//2765
f 2886//2851 2800//2765 2802//2767
f 2805//2770 4132//4095 4131//4094
f 2805//2770 4131//4094 2806//2771
f 4131//4094 388//378 4929//4919
f 4131//4094 4929//4919 2806//2771
f 4929//4919 4930//4920 2803//2768
f 4929//4919 2803//2768 2806//2771
f 2809//2774 4117//4080 4116//4079
f 2809//2774 4116//4079 2810//2775
f 4116//4079 4115//4078 4931//4921
f 4116//4079 4931//4921 2810//2775
f 4931//4921 4178//4145 2807//2772
f 4931//4921 2807//2772 2810//2775
f 2813//2778 4181//4148 4918//4908
f 2813//2778 4918//4908 2814//2779
f 4918//4908 3913//3876 2811//2776
f 4918//4908 2811//2776 2814//2779
f 2817//2782 3650//3613 4932//4922
f 2817//2782 4932//4922 2818//2783
f 4932//4922 4194//4161 3647//3610
f 4932//4922 3647//3610 2818//2783
f 3647//3610 3646//3609 2815//2780
f 3647//3610 2815//2780 2818//2783
f 2820//2785 2891//2856 2890//2855
f 2820//2785 2890//2855 2821//2786
f 2890//2855 4933//4923 3665//3628
f 2890//2855 3665//3628 2821//2786
f 3665//3628 3664//3627 2819//2784
f 3665//3628 2819//2784 2821//2786
f 2824//2789 3635//3598 3634//3597
f 2824//2789 3634//3597 2825//2790
f 3634//3597 3642//3605 4934//4924
f 3634//3597 4934//4924 2825//2790
f 4934//4924 4935//4925 2822//2787
f 4934//4924 2822//2787 2825//2790
f 2801//2766 554//540 553//539
f 2801//2766 553//539 2827//2792
f 553//539 4176//4143 4192//4159
f 553//539 4192//4159 2827//2792
f 4192//4159 4191//4158 2826//2791
f 4192//4159 2826//2791 2827//2792
f 2830//2795 4195//4162 4936//4926
f 2830//2795 4936//4926 2831//2796
f 4936//4926 4937//4927 4938//4928
f 4936//4926 4938//4928 2831//2796
f 4938//4928 3684//3647 2828//2793
f 4938//4928 2828//2793 2831//2796
f 2834//2799 4939//4929 3704//3667
f 2834//2799 3704//3667 2835//2800
f 3704//3667 3703//3666 2798//2763
f 3704//3667 2798//2763 2835//2800
f 2798//2763 2797//2762 2832//2797
f 2798//2763 2832//2797 2835//2800
f 2838//2803 625//611 405//395
f 2838//2803 405//395 2839//2804
f 405//395 404//394 3726//3689
f 405//395 3726//3689 2839//2804
f 3726//3689 4191//4158 2836//2801
f 3726//3689 2836//2801 2839//2804
f 605//591 2829//2794 3708//3671
f 605//591 3708//3671 2840//2805
f 3708//3671 4145//4108 4144//4107
f 3708//3671 4144//4107 2840//2805
f 4144//4107 4141//4104 465//455
f 4144//4107 465//455 2840//2805
f 457//447 4139//4102 3727//3690
f 457//447 3727//3690 2842//2807
f 3727//3690 404//394 2841//2806
f 3727//3690 2841//2806 2842//2807
f 2845//2810 3717//3680 2878//2843
f 2845//2810 2878//2843 2846//2811
f 2878//2843 438//428 2843//2808
f 2878//2843 2843//2808 2846//2811
f 2847//2812 523//509 4940//4930
f 2847//2812 4940//4930 2848//2813
f 4940//4930 447//437 4135//4098
f 4940//4930 4135//4098 2848//2813
f 4135//4098 4132//4095 2805//2770
f 4135//4098 2805//2770 2848//2813
f 2849//2814 2852//2817 4941//4931
f 2849//2814 4941//4931 2850//2815
f 4941//4931 3102//3066 3111//3075
f 4941//4931 3111//3075 2850//2815
f 3111//3075 4913//4903 2768//2733
f 3111//3075 2768//2733 2850//2815
f 2849//2814 2767//2732 2854//2819
f 2849//2814 2854//2819 2853//2818
f 2854//2819 4935//4925 4942//4932
f 2854//2819 4942//4932 2853//2818
f 4942//4932 4933//4923 2851//2816
f 4942//4932 2851//2816 2853//2818
f 2855//2820 2823//2788 2822//2787
f 2855//2820 2822//2787 2856//2821
f 2822//2787 4935//4925 2854//2819
f 2822//2787 2854//2819 2856//2821
f 2855//2820 2767//2732 2766//2731
f 2855//2820 2766//2731 2857//2822
f 2766//2731 576//562 575//561
f 2766//2731 575//561 2857//2822
f 575//561 568//554 567//553
f 575//561 567//553 2857//2822
f 2860//2825 4920//4910 2764//2729
f 2860//2825 2764//2729 2861//2826
f 2764//2729 2761//2726 4943//4933
f 2764//2729 4943//4933 2861//2826
f 4943//4933 4126//4089 2858//2823
f 4943//4933 2858//2823 2861//2826
f 577//563 576//562 4922//4912
f 577//563 4922//4912 2862//2827
f 4922//4912 2749//2714 3105//3069
f 4922//4912 3105//3069 2862//2827
f 3105//3069 4920//4910 2860//2825
f 3105//3069 2860//2825 2862//2827
f 2789//2754 580//566 431//421
f 2789//2754 431//421 2864//2829
f 431//421 430//420 4130//4093
f 431//421 4130//4093 2864//2829
f 4130//4093 434//424 2863//2828
f 4130//4093 2863//2828 2864//2829
f 2867//2832 4126//4089 4943//4933
f 2867//2832 4943//4933 2868//2833
f 4943//4933 2761//2726 2760//2725
f 4943//4933 2760//2725 2868//2833
f 2760//2725 4919//4909 2865//2830
f 2760//2725 2865//2830 2868//2833
f 2871//2836 4926//4916 4944//4934
f 2871//2836 4944//4934 2872//2837
f 4944//4934 4109//4072 2869//2834
f 4944//4934 2869//2834 2872//2837
f 2875//2840 4111//4074 4110//4073
f 2875//2840 4110//4073 2876//2841
f 4110//4073 4109//4072 4944//4934
f 4110//4073 4944//4934 2876//2841
f 4944//4934 4926//4916 2873//2838
f 4944//4934 2873//2838 2876//2841
f 2878//2843 3717//3680 3716//3679
f 2878//2843 3716//3679 2879//2844
f 3716//3679 4129//4092 2877//2842
f 3716//3679 2877//2842 2879//2844
f 2800//2765 4133//4096 448//438
f 2800//2765 448//438 2880//2845
f 448//438 447//437 3632//3595
f 448//438 3632//3595 2880//2845
f 3632//3595 3631//3594 555//541
f 3632//3595 555//541 2880//2845
f 2881//2846 444//434 443//433
f 2881//2846 443//433 2882//2847
f 443//433 4132//4095 451//441
f 443//433 451//441 2882//2847
f 2884//2849 558//544 557//543
f 2884//2849 557//543 2885//2850
f 557//543 4178//4145 3724//3687
f 557//543 3724//3687 2885//2850
f 3724//3687 3680//3643 2883//2848
f 3724//3687 2883//2848 2885//2850
f 2888//2853 2808//2773 4177//4144
f 2888//2853 4177//4144 2889//2854
f 4177//4144 450//440 4134//4097
f 4177//4144 4134//4097 2889//2854
f 4134//4097 4133//4096 2886//2851
f 4134//4097 2886//2851 2889//2854
f 2892//2857 2895//2860 2894//2859
f 2892//2857 2894//2859 2893//2858
f 2894//2859 2852//2817 2851//2816
f 2894//2859 2851//2816 2893//2858
f 2851//2816 4933//4923 2890//2855
f 2851//2816 2890//2855 2893//2858
f 2896//2861 4945//4935 3103//3067
f 2896//2861 3103//3067 2897//2862
f 3103//3067 3102//3066 4941//4931
f 3103//3067 4941//4931 2897//2862
f 4941//4931 2852//2817 2894//2859
f 4941//4931 2894//2859 2897//2862
f 2898//2863 4141//4104 4143//4106
f 2898//2863 4143//4106 2899//2864
f 4143//4106 4142//4105 4946//4936
f 4143//4106 4946//4936 2899//2864
f 4946//4936 4125//4088 479//469
f 4946//4936 479//469 2899//2864
f 411//401 458//448 2841//2806
f 411//401 2841//2806 2901//2866
f 2841//2806 404//394 403//393
f 2841//2806 403//393 2901//2866
f 403//393 4118//4081 2900//2865
f 403//393 2900//2865 2901//2866
f 2843//2808 438//428 3961//3915
f 2843//2808 3961//3915 2903//2868
f 3961//3915 416//406 2902//2867
f 3961//3915 2902//2867 2903//2868
f 1278//1260 4458//4434 3736//3699
f 1278//1260 3736//3699 2905//2870
f 3736//3699 2944//2908 2943//2907
f 3736//3699 2943//2907 2905//2870
f 2943//2907 4947//4937 2904//2869
f 2943//2907 2904//2869 2905//2870
f 2904//2869 4947//4937 4948//4938
f 2904//2869 4948//4938 2906//2871
f 4948//4938 3034//2998 3033//2997
f 4948//4938 3033//2997 2906//2871
f 3033//2997 4459//4435 1282//1264
f 3033//2997 1282//1264 2906//2871
f 2909//2874 4777//4760 4776//4759
f 2909//2874 4776//4759 2910//2875
f 4776//4759 2507//2477 2506//2476
f 4776//4759 2506//2476 2910//2875
f 2506//2476 4818//4801 2907//2872
f 2506//2476 2907//2872 2910//2875
f 2913//2878 2441//2411 2440//2410
f 2913//2878 2440//2410 2914//2879
f 2440//2410 4296//4262 4462//4438
f 2440//2410 4462//4438 2914//2879
f 4462//4438 4461//4437 2911//2876
f 4462//4438 2911//2876 2914//2879
f 2916//2881 4465//4441 4464//4440
f 2916//2881 4464//4440 2917//2882
f 4464//4440 1305//1287 2927//2892
f 4464//4440 2927//2892 2917//2882
f 2927//2892 4949//4939 2915//2880
f 2927//2892 2915//2880 2917//2882
f 2448//2418 4794//4777 4950//4940
f 2448//2418 4950//4940 2918//2883
f 4950//4940 4467//4443 4466//4442
f 4950//4940 4466//4442 2918//2883
f 4466//4442 4465//4441 2916//2881
f 4466//4442 2916//2881 2918//2883
f 2919//2884 4307//4273 4469//4445
f 2919//2884 4469//4445 2920//2885
f 4469//4445 4298//4264 4791//4774
f 4469//4445 4791//4774 2920//2885
f 4791//4774 2475//2445 2472//2442
f 4791//4774 2472//2442 2920//2885
f 2923//2888 4314//4280 4470//4446
f 2923//2888 4470//4446 2924//2889
f 4470//4446 811//796 2460//2430
f 4470//4446 2460//2430 2924//2889
f 2460//2430 4798//4781 2921//2886
f 2460//2430 2921//2886 2924//2889
f 2911//2876 4461//4437 4471//4447
f 2911//2876 4471//4447 2926//2891
f 4471//4447 4467//4443 4950//4940
f 4471//4447 4950//4940 2926//2891
f 4950//4940 4794//4777 2925//2890
f 4950//4940 2925//2890 2926//2891
f 1304//1286 4474//4450 4951//4941
f 1304//1286 4951//4941 2928//2893
f 4951//4941 2423//2393 4952//4942
f 4951//4941 4952//4942 2928//2893
f 4952//4942 4949//4939 2927//2892
f 4952//4942 2927//2892 2928//2893
f 2929//2894 4953//4943 2949//2913
f 2929//2894 2949//2913 2930//2895
f 2949//2913 2948//2912 4954//4944
f 2949//2913 4954//4944 2930//2895
f 4954//4944 4475//4451 1310//1292
f 4954//4944 1310//1292 2930//2895
f 1312//1294 4478//4454 2935//2900
f 1312//1294 2935//2900 2932//2897
f 2935//2900 2934//2899 4828//4811
f 2935//2900 4828//4811 2932//2897
f 4828//4811 4827//4810 2931//2896
f 4828//4811 2931//2896 2932//2897
f 2935//2900 4478//4454 4480//4456
f 2935//2900 4480//4456 2936//2901
f 4480//4456 1672//1652 3273//3237
f 4480//4456 3273//3237 2936//2901
f 3273//3237 4955//4945 2933//2898
f 3273//3237 2933//2898 2936//2901
f 1322//1302 4387//4357 2664//2632
f 1322//1302 2664//2632 2939//2903
f 2664//2632 2663//2631 4891//4875
f 2664//2632 4891//4875 2939//2903
f 4891//4875 4890//4874 2938//2902
f 4891//4875 2938//2902 2939//2903
f 2938//2902 4890//4874 4894//4880
f 2938//2902 4894//4880 2940//2904
f 4894//4880 4893//4879 2937//4946
f 4894//4880 2937//4946 2940//2904
f 2937//4946 1321//4457 1326//1306
f 2937//4946 1326//1306 2940//2904
f 1328//1308 837//822 2484//2454
f 1328//1308 2484//2454 2942//2906
f 2484//2454 4804//4787 4903//4892
f 2484//2454 4903//4892 2942//2906
f 4903//4892 4889//4873 2941//2905
f 4903//4892 2941//2905 2942//2906
f 2945//2909 4956//4947 4957//4948
f 2945//2909 4957//4948 2946//2910
f 4957//4948 2404//2374 3052//3016
f 4957//4948 3052//3016 2946//2910
f 3052//3016 4947//4937 2943//2907
f 3052//3016 2943//2907 2946//2910
f 2949//2913 4953//4943 4958//4949
f 2949//2913 4958//4949 2950//2914
f 4958//4949 2908//2873 2970//2934
f 4958//4949 2970//2934 2950//2914
f 2970//2934 4959//4950 2947//2911
f 2970//2934 2947//2911 2950//2914
f 2953//2917 347//340 346//339
f 2953//2917 346//339 2954//2918
f 346//339 2948//2912 2947//2911
f 346//339 2947//2911 2954//2918
f 2947//2911 4959//4950 2951//2915
f 2947//2911 2951//2915 2954//2918
f 2953//2917 2952//2916 2974//2938
f 2953//2917 2974//2938 2956//2920
f 2974//2938 2973//2937 4824//4807
f 2974//2938 4824//4807 2956//2920
f 4824//4807 4823//4806 2955//2919
f 4824//4807 2955//2919 2956//2920
f 2580//2550 3011//2975 2957//2921
f 2580//2550 2957//2921 2620//2590
f 2957//2921 3011//2975 3010//2974
f 2957//2921 3010//2974 2961//2925
f 3010//2974 2523//2493 2522//2492
f 3010//2974 2522//2492 2961//2925
f 2522//2492 4826//4809 2960//2924
f 2522//2492 2960//2924 2961//2925
f 2964//2928 4173//4140 4960//4951
f 2964//2928 4960//4951 2965//2929
f 4960//4951 2967//2931 3734//3697
f 4960//4951 3734//3697 2965//2929
f 3734//3697 4961//4952 2962//2926
f 3734//3697 2962//2926 2965//2929
f 2968//2932 4775//4758 2405//2375
f 2968//2932 2405//2375 2969//2933
f 2405//2375 2404//2374 4957//4948
f 2405//2375 4957//4948 2969//2933
f 4957//4948 4956//4947 2966//2930
f 4957//4948 2966//2930 2969//2933
f 2907//2872 4818//4801 2984//2948
f 2907//2872 2984//2948 2971//2935
f 2984//2948 2515//2485 2976//2940
f 2984//2948 2976//2940 2971//2935
f 2976//2940 4959//4950 2970//2934
f 2976//2940 2970//2934 2971//2935
f 2974//2938 2952//2916 4962//4953
f 2974//2938 4962//4953 2975//2939
f 4962//4953 4821//4804 4835//4818
f 4962//4953 4835//4818 2975//2939
f 4835//4818 4834//4817 2972//2936
f 4835//4818 2972//2936 2975//2939
f 2514//2484 4821//4804 4962//4953
f 2514//2484 4962//4953 2977//2941
f 4962//4953 2952//2916 2951//2915
f 4962//4953 2951//2915 2977//2941
f 2951//2915 4959//4950 2976//2940
f 2951//2915 2976//2940 2977//2941
f 2960//2924 4826//4809 2588//2558
f 2960//2924 2588//2558 2979//2943
f 2588//2558 2587//2557 2993//2957
f 2588//2558 2993//2957 2979//2943
f 2993//2957 2992//2956 2978//2942
f 2993//2957 2978//2942 2979//2943
f 2982//2946 4775//4758 2968//2932
f 2982//2946 2968//2932 2983//2947
f 2968//2932 2967//2931 4960//4951
f 2968//2932 4960//4951 2983//2947
f 4960//4951 4173//4140 2980//2944
f 4960//4951 2980//2944 2983//2947
f 2984//2948 4818//4801 4817//4800
f 2984//2948 4817//4800 2985//2949
f 4817//4800 2511//2481 3903//3866
f 4817//4800 3903//3866 2985//2949
f 3903//3866 4199//4166 2516//2486
f 3903//3866 2516//2486 2985//2949
f 2582//2552 2992//2956 2986//2950
f 2582//2552 2986//2950 2989//2953
f 2586//2556 4834//4817 2543//2513
f 2586//2556 2543//2513 2991//2955
f 2543//2513 2542//2512 3002//2966
f 2543//2513 3002//2966 2991//2955
f 3002//2966 4860//4843 2990//2954
f 3002//2966 2990//2954 2991//2955
f 2993//2957 2587//2557 2990//2954
f 2993//2957 2990//2954 2994//2958
f 2990//2954 4860//4843 4859//4842
f 2990//2954 4859//4842 2994//2958
f 4859//4842 2987//2951 2986//2950
f 4859//4842 2986//2950 2994//2958
f 2995//2959 4775//4758 2982//2946
f 2995//2959 2982//2946 2996//2960
f 2982//2946 2981//2945 4963//4954
f 2982//2946 4963//4954 2996//2960
f 4963//4954 4816//4799 2508//2478
f 4963//4954 2508//2478 2996//2960
f 2980//2944 4173//4140 547//533
f 2980//2944 547//533 2998//2962
f 547//533 546//532 4964//4955
f 547//533 4964//4955 2998//2962
f 4964//4955 4965//4956 2997//2961
f 4964//4955 2997//2961 2998//2962
f 2999//2963 3000//2964 491//481
f 2999//2963 491//481 3908//3871
f 2590//2560 495//485 492//482
f 2590//2560 492//482 3001//2965
f 3001//2965 492//482 491//481
f 3001//2965 491//481 3000//2964
f 3001//2965 3000//2964 482//472
f 3001//2965 482//472 2988//2952
f 2545//2515 4837//4820 4966//4957
f 2545//2515 4966//4957 3003//2967
f 4966//4957 4148//4111 4861//4844
f 4966//4957 4861//4844 3003//2967
f 4861//4844 4860//4843 3002//2966
f 4861//4844 3002//2966 3003//2967
f 3006//2970 4823//4806 2524//2494
f 3006//2970 2524//2494 3007//2971
f 2524//2494 2523//2493 4967//4958
f 2524//2494 4967//4958 3007//2971
f 4967//4958 3294//3258 3004//2968
f 4967//4958 3004//2968 3007//2971
f 3008//2972 3288//3252 348//341
f 3008//2972 348//341 3009//2973
f 348//341 347//340 2955//2919
f 348//341 2955//2919 3009//2973
f 2955//2919 4823//4806 3006//2970
f 2955//2919 3006//2970 3009//2973
f 3012//2976 2621//2591 4877//4860
f 3012//2976 4877//4860 3013//2977
f 4877//4860 3294//3258 4967//4958
f 4877//4860 4967//4958 3013//2977
f 4967//4958 2523//2493 3010//2974
f 4967//4958 3010//2974 3013//2977
f 1406//1386 4475//4451 4954//4944
f 1406//1386 4954//4944 3014//2978
f 4954//4944 2948//2912 4092//4051
f 4954//4944 4092//4051 3014//2978
f 4092//4051 4091//4050 2638//2608
f 4092//4051 2638//2608 3014//2978
f 3017//2981 3418//3382 520//506
f 3017//2981 520//506 3018//2982
f 520//506 519//505 4749//4732
f 520//506 4749//4732 3018//2982
f 4749//4732 4748//4731 3015//2979
f 4749//4732 3015//2979 3018//2982
f 3021//2985 2757//2722 3479//3442
f 3021//2985 3479//3442 3022//2986
f 3479//3442 2350//2326 3601//3564
f 3479//3442 3601//3564 3022//2986
f 3601//3564 4968//4959 3019//2983
f 3601//3564 3019//2983 3022//2986
f 3025//2989 4969//4960 3851//3814
f 3025//2989 3851//3814 3026//2990
f 3851//3814 3482//3445 3481//3444
f 3851//3814 3481//3444 3026//2990
f 3481//3444 4915//4905 3023//2987
f 3481//3444 3023//2987 3026//2990
f 3027//2991 4970//4961 4971//4962
f 3027//2991 4971//4962 3028//2992
f 4971//4962 3848//3811 4972//4963
f 4971//4962 4972//4963 3028//2992
f 4972//4963 4969//4960 3025//2989
f 4972//4963 3025//2989 3028//2992
f 3031//2995 4973//4964 3859//3822
f 3031//2995 3859//3822 3032//2996
f 3859//3822 3858//3821 4743//4725
f 3859//3822 4743//4725 3032//2996
f 4743//4725 4742//4724 3029//2993
f 4743//4725 3029//2993 3032//2996
f 3035//2999 4953//4943 2929//2894
f 3035//2999 2929//2894 3036//3000
f 2929//2894 1309//1291 4501//4479
f 2929//2894 4501//4479 3036//3000
f 4501//4479 4459//4435 3033//2997
f 4501//4479 3033//2997 3036//3000
f 3037//3001 4777//4760 2909//2874
f 3037//3001 2909//2874 3038//3002
f 2909//2874 2908//2873 4958//4949
f 2909//2874 4958//4949 3038//3002
f 4958//4949 4953//4943 3035//2999
f 4958//4949 3035//2999 3038//3002
f 4974//4965 485//475 488//478
f 4974//4965 488//478 3042//3006
f 3042//3006 488//478 3043//3007
f 488//478 3448//3413 3447//3412
f 488//478 3447//3412 3043//3007
f 3447//3412 4975//4966 3041//3005
f 3447//3412 3041//3005 3043//3007
f 3046//3010 4976//4967 3366//3330
f 3046//3010 3366//3330 3047//3011
f 3366//3330 3363//3327 4782//4765
f 3366//3330 4782//4765 3047//3011
f 4782//4765 4781//4764 3044//3008
f 4782//4765 3044//3008 3047//3011
f 3050//3014 4816//4799 4963//4954
f 3050//3014 4963//4954 3051//3015
f 4963//4954 2981//2945 2997//2961
f 4963//4954 2997//2961 3051//3015
f 2997//2961 4965//4956 3048//3012
f 2997//2961 3048//3012 3051//3015
f 2403//2373 4777//4760 3037//3001
f 2403//2373 3037//3001 3053//3017
f 3037//3001 3034//2998 4948//4938
f 3037//3001 4948//4938 3053//3017
f 4948//4938 4947//4937 3052//3016
f 4948//4938 3052//3016 3053//3017
f 3056//3020 4965//4956 4964//4955
f 3056//3020 4964//4955 3057//3021
f 4964//4955 546//532 4209//4176
f 4964//4955 4209//4176 3057//3021
f 4209//4176 4208//4175 3054//3018
f 4209//4176 3054//3018 3057//3021
f 3058//3022 4977//4968 3495//3458
f 3058//3022 3495//3458 3059//3023
f 3495//3458 3494//3457 4978//4969
f 3495//3458 4978//4969 3059//3023
f 4978//4969 4956//4947 2945//2909
f 4978//4969 2945//2909 3059//3023
f 3061//3025 4736//4715 4735//4714
f 3061//3025 4735//4714 3062//3026
f 4735//4714 2519//2489 2518//2488
f 4735//4714 2518//2488 3062//3026
f 2518//2488 4819//4802 3060//3024
f 2518//2488 3060//3024 3062//3026
f 492//482 495//485 494//484
f 492//482 494//484 493//483
f 3066//3030 4837//4820 4836//4819
f 3066//3030 4836//4819 3067//3031
f 4836//4819 641//627 2504//2474
f 4836//4819 2504//2474 3067//3031
f 2504//2474 4815//4798 3065//3029
f 2504//2474 3065//3029 3067//3031
f 2547//2517 4150//4113 4149//4112
f 2547//2517 4149//4112 3068//3032
f 4149//4112 4148//4111 4966//4957
f 4149//4112 4966//4957 3068//3032
f 4966//4957 4837//4820 3066//3030
f 4966//4957 3066//3030 3068//3032
f 3071//3035 4976//4967 4979//4970
f 3071//3035 4979//4970 3072//3036
f 4979//4970 3173//3137 4980//4971
f 4979//4970 4980//4971 3072//3036
f 4980//4971 4732//4711 3069//3033
f 4980//4971 3069//3033 3072//3036
f 3075//3039 4804//4787 4803//4786
f 3075//3039 4803//4786 3076//3040
f 4803//4786 2922//2887 3170//3134
f 4803//4786 3170//3134 3076//3040
f 3170//3134 4981//4972 3073//3037
f 3170//3134 3073//3037 3076//3040
f 3079//3043 375//364 4809//4792
f 3079//3043 4809//4792 3080//3044
f 4809//4792 3884//3847 3883//3846
f 4809//4792 3883//3846 3080//3044
f 3883//3846 4982//4973 3077//3041
f 3883//3846 3077//3041 3080//3044
f 3083//3047 4983//4974 4984//4975
f 3083//3047 4984//4975 3084//3048
f 4984//4975 4985//4976 4986//4977
f 4984//4975 4986//4977 3084//3048
f 4986//4977 4981//4972 3081//3045
f 4986//4977 3081//3045 3084//3048
f 2458//2428 2457//2427 3890//3853
f 2458//2428 3890//3853 3086//3050
f 3890//3853 3167//3131 4987//4978
f 3890//3853 4987//4978 3086//3050
f 4987//4978 4988//4979 3085//3049
f 4987//4978 3085//3049 3086//3050
f 3089//3053 3092//3056 3231//3195
f 3089//3053 3231//3195 3090//3054
f 3231//3195 3098//3062 3097//3061
f 3231//3195 3097//3061 3090//3054
f 3097//3061 4815//4798 3087//3051
f 3097//3061 3087//3051 3090//3054
f 3089//3053 3088//3052 2520//2490
f 3089//3053 2520//2490 3093//3057
f 2520//2490 2519//2489 4989//4980
f 2520//2490 4989//4980 3093//3057
f 4989//4980 4771//4754 3091//3055
f 4989//4980 3091//3055 3093//3057
f 3095//3059 3063//3027 3064//3028
f 3095//3059 3064//3028 3096//3060
f 4151//4114 4150//4113 4840//4823
f 4151//4114 4840//4823 4990//4981
f 4840//4823 4839//4822 4991//4982
f 4840//4823 4991//4982 4990//4981
f 3099//3063 4833//4816 2549//2519
f 3099//3063 2549//2519 3100//3064
f 2549//2519 2548//2518 3065//3029
f 2549//2519 3065//3029 3100//3064
f 3065//3029 4815//4798 3097//3061
f 3065//3029 3097//3061 3100//3064
f 3103//3067 4945//4935 3898//3861
f 3103//3067 3898//3861 3104//3068
f 3898//3861 3020//2984 3896//3859
f 3898//3861 3896//3859 3104//3068
f 3896//3859 4970//4961 3101//3065
f 3896//3859 3101//3065 3104//3068
f 2748//2713 4915//4905 4992//4983
f 2748//2713 4992//4983 3106//3070
f 4992//4983 3030//2994 4921//4911
f 4992//4983 4921//4911 3106//3070
f 4921//4911 4920//4910 3105//3069
f 4921//4911 3105//3069 3106//3070
f 3109//3073 3433//4984 3432//3396
f 3109//3073 3432//3396 3110//3074
f 3432//3396 3016//2980 3420//3384
f 3432//3396 3420//3384 3110//3074
f 3420//3384 499//489 3107//3071
f 3420//3384 3107//3071 3110//3074
f 3101//3065 4970//4961 3027//2991
f 3101//3065 3027//2991 3112//3076
f 3027//2991 3024//2988 4914//4904
f 3027//2991 4914//4904 3112//3076
f 4914//4904 4913//4903 3111//3075
f 4914//4904 3111//3075 3112//3076
f 3115//3079 4993//4985 3426//3390
f 3115//3079 3426//3390 3116//3080
f 3426//3390 2804//2769 2803//2768
f 3426//3390 2803//2768 3116//3080
f 2803//2768 4930//4920 3113//3077
f 2803//2768 3113//3077 3116//3080
f 3119//3083 4994//4986 3381//3345
f 3119//3083 3381//3345 3120//3084
f 3381//3345 2393//2363 2392//2362
f 3381//3345 2392//2362 3120//3084
f 2392//2362 4771//4754 3117//3081
f 2392//2362 3117//3081 3120//3084
f 3123//3087 4995//4987 4996//4988
f 3123//3087 4996//4988 3124//3088
f 4996//4988 4839//4822 4838//4821
f 4996//4988 4838//4821 3124//3088
f 4838//4821 4833//4816 3121//3085
f 4838//4821 3121//3085 3124//3088
f 4991//4982 4839//4822 4996//4988
f 4991//4982 4996//4988 3126//3090
f 4996//4988 4995//4987 3127//3091
f 4996//4988 3127//3091 3126//3090
f 3131//3095 4993//4985 3115//3079
f 3131//3095 3115//3079 3132//3096
f 3115//3079 3114//3078 3383//3347
f 3115//3079 3383//3347 3132//3096
f 3383//3347 4997//4989 3129//3093
f 3383//3347 3129//3093 3132//3096
f 3135//3099 4764//4747 4998//4990
f 3135//3099 4998//4990 3136//3100
f 4998//4990 2531//2501 4999//4991
f 4998//4990 4999//4991 3136//3100
f 4999//4991 4786//4769 3133//3097
f 4999//4991 3133//3097 3136//3100
f 3139//3103 4786//4769 4999//4991
f 3139//3103 4999//4991 3140//3104
f 4999//4991 2531//2501 2530//2500
f 4999//4991 2530//2500 3140//3104
f 2530//2500 4832//4815 3137//3101
f 2530//2500 3137//3101 3140//3104
f 3141//3105 5000//4992 5001//4993
f 3141//3105 5001//4993 3142//3106
f 5001//4993 2381//2351 2380//2350
f 5001//4993 2380//2350 3142//3106
f 2380//2350 4764//4747 3135//3099
f 2380//2350 3135//3099 3142//3106
f 3143//3107 2482//2452 2468//2438
f 3143//3107 2468//2438 3144//3108
f 2468//2438 2467//2437 3312//3276
f 2468//2438 3312//3276 3144//3108
f 3312//3276 3134//3098 2428//2398
f 3312//3276 2428//2398 3144//3108
f 3146//3110 3329//3293 3328//3292
f 3146//3110 3328//3292 3147//3111
f 3328//3292 3325//3289 3338//3302
f 3328//3292 3338//3302 3147//3111
f 3338//3302 655//641 654//640
f 3338//3302 654//640 3147//3111
f 3150//3114 3333//3297 3332//3296
f 3150//3114 3332//3296 3151//3115
f 3332//3296 3329//3293 3146//3110
f 3332//3296 3146//3110 3151//3115
f 3146//3110 3145//3109 3148//3112
f 3146//3110 3148//3112 3151//3115
f 3154//3118 4765//4748 2397//2367
f 3154//3118 2397//2367 3155//3119
f 2397//2367 2396//2366 5002//4994
f 2397//2367 5002//4994 3155//3119
f 5002//4994 5003//4995 3152//3116
f 5002//4994 3152//3116 3155//3119
f 3156//3120 4786//4769 3139//3103
f 3156//3120 3139//3103 3157//3121
f 3139//3103 3138//3102 4766//4749
f 3139//3103 4766//4749 3157//3121
f 4766//4749 4765//4748 3154//3118
f 4766//4749 3154//3118 3157//3121
f 2470//2440 4801//4784 3309//3273
f 2470//2440 3309//3273 3159//3123
f 3309//3273 3082//3046 5004//4996
f 3309//3273 5004//4996 3159//3123
f 5004//4996 4798//4781 3158//3122
f 5004//4996 3158//3122 3159//3123
f 2407//2377 4778//4761 5005//4997
f 2407//2377 5005//4997 3161//3125
f 5005//4997 5006//4998 5007//4999
f 5005//4997 5007//4999 3161//3125
f 5007//4999 4773//4756 3160//3124
f 5007//4999 3160//3124 3161//3125
f 3164//3128 2457//2427 2456//2426
f 3164//3128 2456//2426 3165//3129
f 2456//2426 3078//3042 5008//5000
f 2456//2426 5008//5000 3165//3129
f 5008//5000 4805//4788 3162//3126
f 5008//5000 3162//3126 3165//3129
f 3168//3132 5003//4995 5002//4994
f 3168//3132 5002//4994 3169//3133
f 5002//4994 2396//2366 3203//3167
f 5002//4994 3203//3167 3169//3133
f 3203//3167 5009//5001 3166//3130
f 3203//3167 3166//3130 3169//3133
f 2921//2886 4798//4781 5004//4996
f 2921//2886 5004//4996 3171//3135
f 5004//4996 3082//3046 3081//3045
f 5004//4996 3081//3045 3171//3135
f 3081//3045 4981//4972 3170//3134
f 3081//3045 3170//3134 3171//3135
f 3174//3138 5010//5002 5011//5003
f 3174//3138 5011//5003 3175//3139
f 5011//5003 5006//4998 5005//4997
f 5011//5003 5005//4997 3175//3139
f 5005//4997 4778//4761 3172//3136
f 5005//4997 3172//3136 3175//3139
f 3176//3140 3893//3856 3892//3855
f 3176//3140 3892//3855 3177//3141
f 3892//3855 2385//2355 2384//2354
f 3892//3855 2384//2354 3177//3141
f 2384//2354 4768//4751 2390//2360
f 2384//2354 2390//2360 3177//3141
f 3178//3142 4757//4740 3470//3435
f 3178//3142 3470//3435 3179//3143
f 3470//3435 2415//2385 2414//2384
f 3470//3435 2414//2384 3179//3143
f 2414//2384 4170//4137 539//525
f 2414//2384 539//525 3179//3143
f 3180//3144 5012//5004 3197//3161
f 3180//3144 3197//3161 3181//3145
f 3197//3161 3196//3160 3348//3312
f 3197//3161 3348//3312 3181//3145
f 3348//3312 4780//4763 2416//2386
f 3348//3312 2416//2386 3181//3145
f 344//337 343//336 4769//4752
f 344//337 4769//4752 3183//3147
f 4769//4752 3206//3170 5013//5005
f 4769//4752 5013//5005 3183//3147
f 5013//5005 5014//5006 3182//3146
f 5013//5005 3182//3146 3183//3147
f 3127//3091 4995//4987 5015//5007
f 3127//3091 5015//5007 5016//5008
f 5015//5007 4864//4847 4863//4846
f 5015//5007 4863//4846 5016//5008
f 3184//3148 5016//5008 4863//4846
f 3184//3148 4863//4846 2607//2577
f 3187//3151 3122//3086 2536//2506
f 3187//3151 2536//2506 3188//3152
f 2536//2506 2535//2505 3182//3146
f 2536//2506 3182//3146 3188//3152
f 3182//3146 5014//5006 3185//3149
f 3182//3146 3185//3149 3188//3152
f 1583//1563 4259//4225 2372//2342
f 1583//1563 2372//2342 3190//3154
f 2372//2342 2364//2334 2363//2333
f 2372//2342 2363//2333 3190//3154
f 2363//2333 4753//4736 3189//3153
f 2363//2333 3189//3153 3190//3154
f 3193//3157 5009//5001 5017//5009
f 3193//3157 5017//5009 3194//3158
f 5017//5009 5006//4998 5011//5003
f 5017//5009 5011//5003 3194//3158
f 5011//5003 5010//5002 3191//3155
f 5011//5003 3191//3155 3194//3158
f 3197//3161 5012//5004 3468//3433
f 3197//3161 3468//3433 3198//3162
f 3468//3433 2453//2423 5018//5010
f 3468//3433 5018//5010 3198//3162
f 5018//5010 5019//5011 3195//3159
f 5018//5010 3195//3159 3198//3162
f 3201//3165 5014//5006 5013//5005
f 3201//3165 5013//5005 3202//3166
f 5013//5005 3206//3170 3205//3169
f 5013//5005 3205//3169 3202//3166
f 3205//3169 4832//4815 3199//3163
f 3205//3169 3199//3163 3202//3166
f 2395//2365 4773//4756 5007//4999
f 2395//2365 5007//4999 3204//3168
f 5007//4999 5006//4998 5017//5009
f 5007//4999 5017//5009 3204//3168
f 5017//5009 5009//5001 3203//3167
f 5017//5009 3203//3167 3204//3168
f 3207//3171 4768//4751 4767//4750
f 3207//3171 4767//4750 3208//3172
f 4767//4750 3138//3102 3137//3101
f 4767//4750 3137//3101 3208//3172
f 3137//3101 4832//4815 3205//3169
f 3137//3101 3205//3169 3208//3172
f 3211//3175 4751//4734 2365//2335
f 3211//3175 2365//2335 3212//3176
f 2365//2335 2364//2334 2371//2341
f 2365//2335 2371//2341 3212//3176
f 2371//2341 4759//4742 3209//3173
f 2371//2341 3209//3173 3212//3176
f 3213//3177 4795//4778 5020//5012
f 3213//3177 5020//5012 3214//3178
f 5020//5012 4755//4738 4754//4737
f 5020//5012 4754//4737 3214//3178
f 4754//4737 4751//4734 3211//3175
f 4754//4737 3211//3175 3214//3178
f 3185//3149 5014//5006 3201//3165
f 3185//3149 3201//3165 3216//3180
f 3201//3165 3200//3164 5021//5013
f 3201//3165 5021//5013 3216//3180
f 5021//5013 5022//5014 3215//3179
f 5021//5013 3215//3179 3216//3180
f 3217//3181 4864//4847 5015//5007
f 3217//3181 5015//5007 3218//3182
f 5015//5007 4995//4987 3123//3087
f 5015//5007 3123//3087 3218//3182
f 3123//3087 3122//3086 3187//3151
f 3123//3087 3187//3151 3218//3182
f 3215//3179 5022//5014 5023//5015
f 3215//3179 5023//5015 3219//3183
f 5023//5015 2593//2563 2592//2562
f 5023//5015 2592//2562 3219//3183
f 2592//2562 4864//4847 3217//3181
f 2592//2562 3217//3181 3219//3183
f 2462//2432 4799//4782 5024//5016
f 2462//2432 5024//5016 3221//3185
f 5024//5016 2381//2351 5001//4993
f 5024//5016 5001//4993 3221//3185
f 5001//4993 5000//4992 3220//3184
f 5001//4993 3220//3184 3221//3185
f 3222//3186 3278//3242 3284//3248
f 3222//3186 3284//3248 3223//3187
f 3284//3248 4785//4768 3318//3282
f 3284//3248 3318//3282 3223//3187
f 3318//3282 3317//3281 2498//2468
f 3318//3282 2498//2468 3223//3187
f 2526//2496 351//344 2746//2711
f 2526//2496 2746//2711 3225//3189
f 2746//2711 2645//2615 2644//2614
f 2746//2711 2644//2614 3225//3189
f 2644//2614 4762//4745 3224//3188
f 2644//2614 3224//3188 3225//3189
f 3228//3192 4830//4813 2532//2502
f 3228//3192 2532//2502 3229//3193
f 2532//2502 2531//2501 4998//4990
f 2532//2502 4998//4990 3229//3193
f 4998//4990 4764//4747 3226//3190
f 4998//4990 3226//3190 3229//3193
f 2931//2896 4827//4810 2539//2509
f 2931//2896 2539//2509 3230//3194
f 2539//2509 2400//2370 2399//2369
f 2539//2509 2399//2369 3230//3194
f 2399//2369 4275//4241 1626//1606
f 2399//2369 1626//1606 3230//3194
f 3231//3195 3092//3056 4770//4753
f 3231//3195 4770//4753 3232//3196
f 4770//4753 340//333 4090//4049
f 4770//4753 4090//4049 3232//3196
f 4090//4049 2535//2505 2534//2504
f 4090//4049 2534//2504 3232//3196
f 3224//3188 4762//4745 2382//2352
f 3224//3188 2382//2352 3234//3198
f 2382//2352 2381//2351 5024//5016
f 2382//2352 5024//5016 3234//3198
f 5024//5016 4799//4782 3233//3197
f 5024//5016 3233//3197 3234//3198
f 3237//3201 4732//4711 4980//4971
f 3237//3201 4980//4971 3238//3202
f 4980//4971 3173//3137 3172//3136
f 4980//4971 3172//3136 3238//3202
f 3172//3136 4778//4761 3235//3199
f 3172//3136 3235//3199 3238//3202
f 2388//2358 343//336 4089//4048
f 2388//2358 4089//4048 3240//3204
f 4089//4048 2393//2363 3380//3344
f 4089//4048 3380//3344 3240//3204
f 3380//3344 5025//5017 3239//3203
f 3380//3344 3239//3203 3240//3204
f 3243//3207 4747//4730 2409//2379
f 3243//3207 2409//2379 3244//3208
f 2409//2379 2408//2378 3894//3857
f 2409//2379 3894//3857 3244//3208
f 3894//3857 3893//3856 3241//3205
f 3894//3857 3241//3205 3244//3208
f 3241//3205 3893//3856 3176//3140
f 3241//3205 3176//3140 3246//3210
f 3176//3140 2389//2359 3239//3203
f 3176//3140 3239//3203 3246//3210
f 3239//3203 5025//5017 3245//3209
f 3239//3203 3245//3209 3246//3210
f 336//329 334//327 4760//4743
f 336//329 4760//4743 3247//3211
f 4760//4743 2368//2338 2367//2337
f 4760//4743 2367//2337 3247//3211
f 2367//2337 4757//4740 3178//3142
f 2367//2337 3178//3142 3247//3211
f 3250//3214 4806//4789 5026//5018
f 3250//3214 5026//5018 3251//3215
f 5026//5018 3210//3174 3209//3173
f 5026//5018 3209//3173 3251//3215
f 3209//3173 4759//4742 3248//3212
f 3209//3173 3248//3212 3251//3215
f 3254//3218 4795//4778 3213//3177
f 3254//3218 3213//3177 3255//3219
f 3213//3177 3210//3174 5026//5018
f 3213//3177 5026//5018 3255//3219
f 5026//5018 4806//4789 3252//3216
f 5026//5018 3252//3216 3255//3219
f 3256//3220 5027//5019 2622//2592
f 3256//3220 2622//2592 2625//2595
f 3257//3221 4873//4856 4866//4849
f 3257//3221 4866//4849 4865//4848
f 3257//3221 4865//4848 2610//2580
f 3257//3221 2610//2580 3258//3222
f 3259//3223 5022//5014 5021//5013
f 3259//3223 5021//5013 3260//3224
f 5021//5013 3200//3164 4831//4814
f 5021//5013 4831//4814 3260//3224
f 4831//4814 4830//4813 2642//2612
f 4831//4814 2642//2612 3260//3224
f 3261//3225 4868//4851 4867//4850
f 3261//3225 4867//4850 3262//3226
f 4867//4850 2593//2563 5023//5015
f 4867//4850 5023//5015 3262//3226
f 5023//5015 5022//5014 3259//3223
f 5023//5015 3259//3223 3262//3226
f 3248//3212 4759//4742 4758//4741
f 3248//3212 4758//4741 3264//3228
f 4758//4741 4257//4223 4555//4533
f 4758//4741 4555//4533 3264//3228
f 4555//4533 4324//4290 3263//3227
f 4555//4533 3263//3227 3264//3228
f 3266//3230 4955//4945 5028//5020
f 3266//3230 5028//5020 3267//3231
f 5028//5020 4885//4868 5029//5021
f 5028//5020 5029//5021 3267//3231
f 5029//5021 5030//5022 3265//3229
f 5029//5021 3265//3229 3267//3231
f 2650//2620 2649//2619 356//349
f 2650//2620 356//349 2617//2587
f 356//349 355//348 2618//2588
f 356//349 2618//2588 2617//2587
f 3271//3235 4093//4052 512//502
f 3271//3235 512//502 3272//3236
f 512//502 511//501 3265//3229
f 512//502 3265//3229 3272//3236
f 3265//3229 5030//5022 3269//3233
f 3265//3229 3269//3233 3272//3236
f 1671//1651 4380//4346 4886//4869
f 1671//1651 4886//4869 3274//3238
f 4886//4869 4885//4868 5028//5020
f 4886//4869 5028//5020 3274//3238
f 5028//5020 4955//4945 3273//3237
f 5028//5020 3273//3237 3274//3238
f 3275//3239 649//635 648//634
f 3275//3239 648//634 3276//3240
f 648//634 645//631 4802//4785
f 648//634 4802//4785 3276//3240
f 4802//4785 2441//2411 2913//2878
f 4802//4785 2913//2878 3276//3240
f 3279//3243 4792//4775 2450//2420
f 3279//3243 2450//2420 3280//3244
f 2450//2420 2449//2419 2915//2880
f 2450//2420 2915//2880 3280//3244
f 2915//2880 4949//4939 3277//3241
f 2915//2880 3277//3241 3280//3244
f 3282//3246 4788//4771 3911//3874
f 3282//3246 3911//3874 3283//3247
f 3911//3874 3910//3873 3334//3298
f 3911//3874 3334//3298 3283//3247
f 3334//3298 3333//3297 3281//3245
f 3334//3298 3281//3245 3283//3247
f 3277//3241 4949//4939 4952//4942
f 3277//3241 4952//4942 3285//3249
f 4952//4942 2423//2393 2422//2392
f 4952//4942 2422//2392 3285//3249
f 2422//2392 4785//4768 3284//3248
f 2422//2392 3284//3248 3285//3249
f 510//500 351//344 4829//4812
f 510//500 4829//4812 3286//3250
f 4829//4812 2934//2899 2933//2898
f 4829//4812 2933//2898 3286//3250
f 2933//2898 4955//4945 3266//3230
f 2933//2898 3266//3230 3286//3250
f 3289//3253 5030//5022 5029//5021
f 3289//3253 5029//5021 3290//3254
f 5029//5021 4885//4868 4884//4867
f 5029//5021 4884//4867 3290//3254
f 4884//4867 4091//4050 3287//3251
f 4884//4867 3287//3251 3290//3254
f 3292//3256 3270//3234 3269//3233
f 3292//3256 3269//3233 3293//3257
f 3269//3233 5030//5022 3289//3253
f 3269//3233 3289//3253 3293//3257
f 3289//3253 3288//3252 3008//2972
f 3289//3253 3008//2972 3293//3257
f 3295//3259 4095//4054 4888//4871
f 3295//3259 4888//4871 3296//3260
f 4888//4871 3270//3234 3292//3256
f 4888//4871 3292//3256 3296//3260
f 3292//3256 3005//2969 3004//2968
f 3292//3256 3004//2968 3296//3260
f 2486//2456 4805//4788 3300//3264
f 2486//2456 3300//3264 3297//3261
f 3300//3264 3299//3263 5031//5023
f 3300//3264 5031//5023 3297//3261
f 5031//5023 4790//4773 2446//2416
f 5031//5023 2446//2416 3297//3261
f 3300//3264 4805//4788 5008//5000
f 3300//3264 5008//5000 3301//3265
f 5008//5000 3078//3042 3077//3041
f 5008//5000 3077//3041 3301//3265
f 3077//3041 4982//4973 3298//3262
f 3077//3041 3298//3262 3301//3265
f 3303//3267 369//4069 3304//3268
f 369//4069 4106//4068 3873//3836
f 369//4069 3873//3836 3304//3268
f 3873//3836 2494//2464 2493//2463
f 3873//3836 2493//2463 3304//3268
f 2436//2406 4790//4773 5031//5023
f 2436//2406 5031//5023 3306//3270
f 5031//5023 3299//3263 3307//3271
f 5031//5023 3307//3271 3306//3270
f 3307//3271 4983//4974 3305//3269
f 3307//3271 3305//3269 3306//3270
f 3298//3262 4982//4973 5032//5024
f 3298//3262 5032//5024 3308//3272
f 5032//5024 4985//4976 4984//4975
f 5032//5024 4984//4975 3308//3272
f 4984//4975 4983//4974 3307//3271
f 4984//4975 3307//3271 3308//3272
f 3309//3273 4801//4784 3905//3868
f 3309//3273 3905//3868 3310//3274
f 3905//3868 2437//2407 3305//3269
f 3905//3868 3305//3269 3310//3274
f 3305//3269 4983//4974 3083//3047
f 3305//3269 3083//3047 3310//3274
f 3073//3037 4981//4972 4986//4977
f 3073//3037 4986//4977 3311//3275
f 4986//4977 4985//4976 5033//5025
f 4986//4977 5033//5025 3311//3275
f 5033//5025 382//371 2675//2643
f 5033//5025 2675//2643 3311//3275
f 3312//3276 2467//2437 4811//4794
f 3312//3276 4811//4794 3313//3277
f 4811//4794 3317//3281 3316//3280
f 4811//4794 3316//3280 3313//3277
f 3316//3280 5000//4992 3141//3105
f 3316//3280 3141//3105 3313//3277
f 3314//3278 4774//4757 2424//2394
f 3314//3278 2424//2394 3315//3279
f 2424//2394 2423//2393 4951//4941
f 2424//2394 4951//4941 3315//3279
f 4951//4941 4474//4450 1710//1690
f 4951//4941 1710//1690 3315//3279
f 3318//3282 4785//4768 4784//4767
f 3318//3282 4784//4767 3319//3283
f 4784//4767 2463//2433 3220//3184
f 4784//4767 3220//3184 3319//3283
f 3220//3184 5000//4992 3316//3280
f 3220//3184 3316//3280 3319//3283
f 3322//3286 649//635 3275//3239
f 3322//3286 3275//3239 3323//3287
f 3275//3239 2912//2877 2925//2890
f 3275//3239 2925//2890 3323//3287
f 2925//2890 4794//4777 3320//3284
f 2925//2890 3320//3284 3323//3287
f 3326//3290 4211//4177 663//648
f 3326//3290 663//648 3327//3291
f 663//648 649//635 3322//3286
f 663//648 3322//3286 3327//3291
f 3322//3286 3321//3285 3324//3288
f 3322//3286 3324//3288 3327//3291
f 3330//3294 2433//2403 2432//2402
f 3330//3294 2432//2402 3331//3295
f 2432//2402 4211//4177 3326//3290
f 2432//2402 3326//3290 3331//3295
f 3326//3290 3325//3289 3328//3292
f 3326//3290 3328//3292 3331//3295
f 3334//3298 3910//3873 2434//2404
f 3334//3298 2434//2404 3335//3299
f 2434//2404 2433//2403 3330//3294
f 2434//2404 3330//3294 3335//3299
f 3330//3294 3329//3293 3332//3296
f 3330//3294 3332//3296 3335//3299
f 656//642 655//641 3337//3301
f 656//642 3337//3301 3336//3300
f 3337//3301 4792//4775 3279//3243
f 3337//3301 3279//3243 3336//3300
f 3279//3243 3278//3242 3222//3186
f 3279//3243 3222//3186 3336//3300
f 3338//3302 3325//3289 3324//3288
f 3338//3302 3324//3288 3339//3303
f 3324//3288 3321//3285 4793//4776
f 3324//3288 4793//4776 3339//3303
f 4793//4776 4792//4775 3337//3301
f 4793//4776 3337//3301 3339//3303
f 3342//3306 5034//5026 3452//3417
f 3342//3306 3452//3417 3343//3307
f 3452//3417 2419//2389 2418//2388
f 3452//3417 2418//2388 3343//3307
f 2418//2388 4783//4766 3340//3304
f 2418//2388 3340//3304 3343//3307
f 5035//5027 5036//5028 3344//3308
f 5036//5028 5037//5029 3345//3309
f 3345//3309 3344//3308 5036//5028
f 5037//5029 5038//5030 3345//3309
f 5039//5031 5034//5026 5040//5032
f 5040//5032 5034//5026 3342//3306
f 5040//5032 3342//3306 5038//5030
f 5038//5030 3342//3306 3345//3309
f 3195//3159 5019//5011 3353//3317
f 3195//3159 3353//3317 3347//3311
f 3353//3317 3192//3156 3191//3155
f 3353//3317 3191//3155 3347//3311
f 3191//3155 5010//5002 3346//3310
f 3191//3155 3346//3310 3347//3311
f 3346//3310 5010//5002 3174//3138
f 3346//3310 3174//3138 3349//3313
f 3174//3138 3173//3137 5041//5033
f 3174//3138 5041//5033 3349//3313
f 5041//5033 4780//4763 3348//3312
f 5041//5033 3348//3312 3349//3313
f 3350//3314 4780//4763 5041//5033
f 3350//3314 5041//5033 3351//3315
f 5041//5033 3173//3137 4979//4970
f 5041//5033 4979//4970 3351//3315
f 4979//4970 4976//4967 3046//3010
f 4979//4970 3046//3010 3351//3315
f 3353//3317 5019//5011 3456//3421
f 3353//3317 3456//3421 3354//3318
f 3456//3421 3455//3420 5042//5034
f 3456//3421 5042//5034 3354//3318
f 5042//5034 4988//4979 3352//3316
f 5042//5034 3352//3316 3354//3318
f 2431//2401 2430//2400 3085//3049
f 2431//2401 3085//3049 3357//3321
f 3085//3049 4988//4979 5042//5034
f 3085//3049 5042//5034 3357//3321
f 5042//5034 3455//3420 3355//3319
f 5042//5034 3355//3319 3357//3321
f 3360//3324 4729//4708 3368//3332
f 3360//3324 3368//3332 3361//3325
f 3368//3332 3341//3305 3340//3304
f 3368//3332 3340//3304 3361//3325
f 3340//3304 4783//4766 3358//3322
f 3340//3304 3358//3322 3361//3325
f 3364//3328 5043//5035 3411//3375
f 3364//3328 3411//3375 3365//3329
f 3411//3375 3359//3323 3358//3322
f 3411//3375 3358//3322 3365//3329
f 3358//3322 4783//4766 3362//3326
f 3358//3322 3362//3326 3365//3329
f 3366//3330 4976//4967 3071//3035
f 3366//3330 3071//3035 3367//3331
f 3071//3035 3070//3034 3372//3336
f 3071//3035 3372//3336 3367//3331
f 3372//3336 5043//5035 3364//3328
f 3372//3336 3364//3328 3367//3331
f 3368//3332 4729//4708 4728//4707
f 3368//3332 4728//4707 3369//3333
f 4727//4706 5044//5036 4728//4707
f 5044//5036 5045//5037 3369//3333
f 3369//3333 4728//4707 5044//5036
f 5046//5038 5035//5027 3344//3308
f 5046//5038 3344//3308 5045//5037
f 5045//5037 3344//3308 3369//3333
f 3245//3209 5025//5017 5047//5039
f 3245//3209 5047//5039 3371//3335
f 5047//5039 3130//3094 3129//3093
f 5047//5039 3129//3093 3371//3335
f 3129//3093 4997//4989 3370//3334
f 3129//3093 3370//3334 3371//3335
f 3373//3337 4731//4710 3865//3828
f 3373//3337 3865//3828 3374//3338
f 3865//3828 3391//3355 5048//5040
f 3865//3828 5048//5040 3374//3338
f 5048//5040 5043//5035 3372//3336
f 5048//5040 3372//3336 3374//3338
f 3117//3081 4771//4754 4989//4980
f 3117//3081 4989//4980 3376//3340
f 4989//4980 2519//2489 4734//4713
f 4989//4980 4734//4713 3376//3340
f 4734//4713 4733//4712 3375//3339
f 4734//4713 3375//3339 3376//3340
f 2341//2317 4732//4711 3237//3201
f 2341//2317 3237//3201 3378//3342
f 3237//3201 3236//3200 4745//4728
f 3237//3201 4745//4728 3378//3342
f 4745//4728 4722//4701 3377//3341
f 4745//4728 3377//3341 3378//3342
f 3370//3334 4997//4989 5049//5041
f 3370//3334 5049//5041 3379//3343
f 5049//5041 2329//2305 2359//2329
f 5049//5041 2359//2329 3379//3343
f 2359//2329 4747//4730 3243//3207
f 2359//2329 3243//3207 3379//3343
f 3381//3345 4994//4986 5050//5042
f 3381//3345 5050//5042 3382//3346
f 5050//5042 3130//3094 5047//5039
f 5050//5042 5047//5039 3382//3346
f 5047//5039 5025//5017 3380//3344
f 5047//5039 3380//3344 3382//3346
f 3384//3348 4721//4700 2330//2306
f 3384//3348 2330//2306 3385//3349
f 2330//2306 2329//2305 5049//5041
f 2330//2306 5049//5041 3385//3349
f 5049//5041 4997//4989 3383//3347
f 5049//5041 3383//3347 3385//3349
f 3387//3351 5051//5043 5052//5044
f 3387//3351 5052//5044 3388//3352
f 5052//5044 5053//5045 5054//5046
f 5052//5044 5054//5046 3388//3352
f 5054//5046 4730//4709 3386//3350
f 5054//5046 3386//3350 3388//3352
f 3386//3350 4730//4709 2338//2314
f 3386//3350 2338//2314 3389//3353
f 2337//2313 5055//5047 2338//2314
f 5055//5047 5056//5048 3389//3353
f 3389//3353 2338//2314 5055//5047
f 5057//5049 4723//4702 2334//2310
f 5057//5049 2334//2310 5056//5048
f 5056//5048 2334//2310 3389//3353
f 3392//3356 4155//4120 5058//5050
f 3392//3356 5058//5050 3393//3357
f 5058//5050 5053//5045 5052//5044
f 5058//5050 5052//5044 3393//3357
f 5052//5044 5051//5043 3390//3354
f 5052//5044 3390//3354 3393//3357
f 3396//3360 4994//4986 3119//3083
f 3396//3360 3119//3083 3397//3361
f 3119//3083 3118//3082 3398//3362
f 3119//3083 3398//3362 3397//3361
f 3398//3362 4156//4121 3394//3358
f 3398//3362 3394//3358 3397//3361
f 3375//3339 4733//4712 3402//3366
f 3375//3339 3402//3366 3399//3363
f 3402//3366 3401//3365 4916//4906
f 3402//3366 4916//4906 3399//3363
f 4916//4906 4156//4121 3398//3362
f 4916//4906 3398//3362 3399//3363
f 3402//3366 4733//4712 2347//2323
f 3402//3366 2347//2323 3403//3367
f 2347//2323 2346//2322 3604//3567
f 2347//2323 3604//3567 3403//3367
f 3604//3567 4737//4716 3400//3364
f 3604//3567 3400//3364 3403//3367
f 3406//3370 4748//4731 2361//2331
f 3406//3370 2361//2331 3407//3371
f 2361//2331 2342//2318 3377//3341
f 2361//2331 3377//3341 3407//3371
f 3377//3341 4722//4701 3404//3368
f 3377//3341 3404//3368 3407//3371
f 3408//3372 4993//4985 3131//3095
f 3408//3372 3131//3095 3409//3373
f 3131//3095 3130//3094 5050//5042
f 3131//3095 5050//5042 3409//3373
f 5050//5042 4994//4986 3396//3360
f 5050//5042 3396//3360 3409//3373
f 3411//3375 5043//5035 5048//5040
f 3411//3375 5048//5040 3412//3376
f 5048//5040 3391//3355 3390//3354
f 5048//5040 3390//3354 3412//3376
f 3390//3354 5051//5043 3410//3374
f 3390//3354 3410//3374 3412//3376
f 5059//5051 2336//2312 2339//2315
f 5060//5052 5059//5051 2339//2315
f 4159//4124 5061//5053 2339//2315
f 4159//4124 2339//2315 4160//4125
f 5061//5053 5060//5052 2339//2315
f 3415//3379 4730//4709 5054//5046
f 3415//3379 5054//5046 3416//3380
f 5054//5046 5053//5045 5062//5054
f 5054//5046 5062//5054 3416//3380
f 5062//5054 527//513 3413//3377
f 5062//5054 3413//3377 3416//3380
f 528//514 527//513 5062//5054
f 528//514 5062//5054 3419//3383
f 5062//5054 5053//5045 5058//5050
f 5062//5054 5058//5050 3419//3383
f 5058//5050 4155//4120 3417//3381
f 5058//5050 3417//3381 3419//3383
f 3015//2979 4748//4731 3406//3370
f 3015//2979 3406//3370 3421//3385
f 3406//3370 3405//3369 500//490
f 3406//3370 500//490 3421//3385
f 500//490 499//489 3420//3384
f 500//490 3420//3384 3421//3385
f 3424//3388 4721//4700 3384//3348
f 3424//3388 3384//3348 3425//3389
f 3384//3348 3114//3078 3113//3077
f 3384//3348 3113//3077 3425//3389
f 3113//3077 4930//4920 3422//3386
f 3113//3077 3422//3386 3425//3389
f 3426//3390 4993//4985 3408//3372
f 3426//3390 3408//3372 3427//3391
f 3408//3372 3395//3359 524//510
f 3408//3372 524//510 3427//3391
f 524//510 523//509 2847//2812
f 524//510 2847//2812 3427//3391
f 3429//3393 3490//3453 3489//3452
f 3429//3393 3489//3452 3430//3394
f 3489//3452 4166//4131 4162//4127
f 3489//3452 4162//4127 3430//3394
f 4162//4127 4160//4125 3428//3392
f 4162//4127 3428//3392 3430//3394
f 526//512 4158//4123 5063//5055
f 526//512 5063//5055 3431//3395
f 5063//5055 3490//3453 3429//3393
f 5063//5055 3429//3393 3431//3395
f 3429//3393 3414//3378 3413//3377
f 3429//3393 3413//3377 3431//3395
f 4157//4122 3418//3382 3017//2981
f 4157//4122 3017//2981 3435//3398
f 3017//2981 3016//2980 3432//3396
f 3017//2981 3432//3396 3435//3398
f 498//488 592//578 591//577
f 498//488 591//577 3436//3399
f 591//577 2874//2839 3439//3404
f 591//577 3439//3404 3436//3399
f 3439//3404 3108//3072 3107//3071
f 3439//3404 3107//3071 3436//3399
f 2353//3402 3433//4984 3109//3073
f 2353//3402 3109//3073 3438//3403
f 3109//3073 3108//3072 5064//5056
f 3109//3073 5064//5056 3438//3403
f 5064//5056 4919//4909 3437//3400
f 5064//5056 3437//3400 3438//3403
f 3440//3405 2866//2831 2865//2830
f 3440//3405 2865//2830 3441//3406
f 2865//2830 4919//4909 5064//5056
f 2865//2830 5064//5056 3441//3406
f 5064//5056 3108//3072 3439//3404
f 5064//5056 3439//3404 3441//3406
f 5039//5031 5065//5057 3445//3410
f 5039//5031 3445//3410 5034//5026
f 5065//5057 3446//3411 3445//3410
f 3449//3414 4781//4764 2420//2390
f 3449//3414 2420//2390 3450//3415
f 2420//2390 2419//2389 3451//3416
f 2420//2390 3451//3416 3450//3415
f 3451//3416 4975//4966 3447//3412
f 3451//3416 3447//3412 3450//3415
f 3452//3417 5034//5026 3445//3410
f 3452//3417 3445//3410 3453//3418
f 3445//3410 3443//3408 3862//3825
f 3445//3410 3862//3825 3453//3418
f 3862//3825 4975//4966 3451//3416
f 3862//3825 3451//3416 3453//3418
f 3456//3421 5019//5011 5018//5010
f 3456//3421 5018//5010 3457//3422
f 5018//5010 2453//2423 2452//2422
f 5018//5010 2452//2422 3457//3422
f 2452//2422 4797//4780 3454//3419
f 2452//2422 3454//3419 3457//3422
f 3044//3008 4781//4764 3449//3414
f 3044//3008 3449//3414 3459//3424
f 3449//3414 3448//3413 4171//4138
f 3449//3414 4171//4138 3459//3424
f 4171//4138 4170//4137 3458//3423
f 4171//4138 3458//3423 3459//3424
f 3462//3427 3356//3320 3355//3319
f 3462//3427 3355//3319 3463//3428
f 3355//3319 3455//3420 3454//3419
f 3355//3319 3454//3419 3463//3428
f 3454//3419 4797//4780 3460//3425
f 3454//3419 3460//3425 3463//3428
f 3466//3431 3356//3320 3462//3427
f 3466//3431 3462//3427 3467//3432
f 3462//3427 3461//3426 3881//3844
f 3462//3427 3881//3844 3467//3432
f 3468//3433 5012//5004 5066//5058
f 3468//3433 5066//5058 3469//3434
f 5066//5058 4755//4738 5020//5012
f 5066//5058 5020//5012 3469//3434
f 5020//5012 4795//4778 2454//2424
f 5020//5012 2454//2424 3469//3434
f 3470//3435 4757//4740 4756//4739
f 3470//3435 4756//4739 3471//3436
f 4756//4739 4755//4738 5066//5058
f 4756//4739 5066//5058 3471//3436
f 5066//5058 5012//5004 3180//3144
f 5066//5058 3180//3144 3471//3436
f 2686//2655 385//375 2734//2700
f 2686//2655 2734//2700 3473//3438
f 2734//2700 2689//2658 2688//2657
f 2734//2700 2688//2657 3473//3438
f 2688//2657 2692//2661 3472//3437
f 2688//2657 3472//3437 3473//3438
f 2345//2321 4736//4715 3748//3711
f 2345//2321 3748//3711 3478//3441
f 3748//3711 3055//3019 3750//3713
f 3748//3711 3750//3713 3478//3441
f 3750//3713 5067//5059 3477//3440
f 3750//3713 3477//3440 3478//3441
f 3479//3442 2757//2722 2756//2721
f 3479//3442 2756//2721 3480//3443
f 2756//2721 3401//3365 3400//3364
f 2756//2721 3400//3364 3480//3443
f 3400//3364 4737//4716 2351//2327
f 3400//3364 2351//2327 3480//3443
f 3483//3446 4973//4964 3031//2995
f 3483//3446 3031//2995 3484//3447
f 3031//2995 3030//2994 4992//4983
f 3031//2995 4992//4983 3484//3447
f 4992//4983 4915//4905 3481//3444
f 4992//4983 3481//3444 3484//3447
f 5068//5060 5069//5061 3487//3450
f 5068//5060 3487//3450 5070//5062
f 5069//5061 5071//5063 3488//3451
f 3488//3451 3487//3450 5069//5061
f 5072//5064 3916//3879 3918//3881
f 5072//5064 3918//3881 5071//5063
f 5071//5063 3918//3881 3488//3451
f 3918//3881 3624//3587 3485//3448
f 3918//3881 3485//3448 3488//3451
f 5073//5065 5068//5060 5070//5062
f 3491//3454 3844//3807 3625//3588
f 3491//3454 3625//3588 3492//3455
f 3625//3588 3624//3587 5074//5066
f 3625//3588 5074//5066 3492//3455
f 5074//5066 4166//4131 3489//3452
f 5074//5066 3489//3452 3492//3455
f 3495//3458 4977//4968 5075//5067
f 3495//3458 5075//5067 3496//3459
f 5075//5067 5076//5068 5077//5069
f 5075//5067 5077//5069 3496//3459
f 5077//5069 5078//5070 3493//3456
f 5077//5069 3493//3456 3496//3459
f 3499//3462 5079//5071 3503//3466
f 3499//3462 3503//3466 3500//3463
f 3503//3466 3502//3465 5080//5072
f 3503//3466 5080//5072 3500//3463
f 5080//5072 5081//5073 3497//3460
f 5080//5072 3497//3460 3500//3463
f 3503//3466 5079//5071 5082//5074
f 3503//3466 5082//5074 3504//3467
f 5082//5074 3512//3475 3511//3474
f 5082//5074 3511//3474 3504//3467
f 3511//3474 5083//5075 3501//3464
f 3511//3474 3501//3464 3504//3467
f 3507//3470 5084//5076 5085//5077
f 3507//3470 5085//5077 3508//3471
f 5085//5077 3498//3461 3497//3460
f 5085//5077 3497//3460 3508//3471
f 3497//3460 5081//5073 3505//3468
f 3497//3460 3505//3468 3508//3471
f 3509//3472 5084//5076 5086//5078
f 3509//3472 5086//5078 3510//3473
f 5086//5078 5076//5068 5087//5079
f 5086//5078 5087//5079 3510//3473
f 5087//5079 4609//4588 1900//1878
f 5087//5079 1900//1878 3510//3473
f 3513//3476 5088//5080 3517//3480
f 3513//3476 3517//3480 3514//3477
f 3517//3480 3516//3479 5089//5081
f 3517//3480 5089//5081 3514//3477
f 5089//5081 5083//5075 3511//3474
f 5089//5081 3511//3474 3514//3477
f 3517//3480 5088//5080 5090//5082
f 3517//3480 5090//5082 3518//3481
f 5090//5082 5091//5083 5092//5084
f 5090//5082 5092//5084 3518//3481
f 5092//5084 5093//5085 3515//3478
f 5092//5084 3515//3478 3518//3481
f 3521//3484 5094//5086 5095//5087
f 3521//3484 5095//5087 3522//3485
f 5095//5087 3535//3498 3534//3497
f 5095//5087 3534//3497 3522//3485
f 3534//3497 5096//5088 3519//3482
f 3534//3497 3519//3482 3522//3485
f 3523//3486 5094//5086 5097//5089
f 3523//3486 5097//5089 3524//3487
f 5097//5089 5091//5083 5098//5090
f 5097//5089 5098//5090 3524//3487
f 5098//5090 4621//4600 1916//1894
f 5098//5090 1916//1894 3524//3487
f 3527//3490 3790//3753 3532//3495
f 3527//3490 3532//3495 3528//3491
f 3532//3495 3530//3493 5099//5091
f 3532//3495 5099//5091 3528//3491
f 5099//5091 5100//5092 3525//3488
f 5099//5091 3525//3488 3528//3491
f 3789//3752 5101//5093 3532//3495
f 3789//3752 3532//3495 3790//3753
f 5101//5093 3533//3496 3532//3495
f 3536//3499 5102//5094 3540//3503
f 3536//3499 3540//3503 3537//3500
f 3540//3503 3539//3502 5103//5095
f 3540//3503 5103//5095 3537//3500
f 5103//5095 5096//5088 3534//3497
f 5103//5095 3534//3497 3537//3500
f 3540//3503 5102//5094 5104//5096
f 3540//3503 5104//5096 3541//3504
f 5104//5096 3526//3489 3525//3488
f 5104//5096 3525//3488 3541//3504
f 3525//3488 5100//5092 3538//3501
f 3525//3488 3538//3501 3541//3504
f 1936//1914 4634//4613 3787//3750
f 1936//1914 3787//3750 3543//3506
f 3787//3750 3526//3489 5104//5096
f 3787//3750 5104//5096 3543//3506
f 5104//5096 5102//5094 3542//3505
f 5104//5096 3542//3505 3543//3506
f 2962//2926 4961//4952 5105//5097
f 2962//2926 5105//5097 3545//3508
f 5105//5097 3745//3708 5106//5098
f 5105//5097 5106//5098 3545//3508
f 5106//5098 5107//5099 3544//3507
f 5106//5098 3544//3507 3545//3508
f 3548//3511 5108//5100 5109//5101
f 3548//3511 5109//5101 3549//3512
f 5109//5101 3802//3765 5110//5102
f 5109//5101 5110//5102 3549//3512
f 5110//5102 5111//5103 3546//3509
f 5110//5102 3546//3509 3549//3512
f 3550//3513 5112//5104 5113//5105
f 3550//3513 5113//5105 3551//3514
f 5113//5105 3798//3761 3797//3760
f 5113//5105 3797//3760 3551//3514
f 3797//3760 5108//5100 3548//3511
f 3797//3760 3548//3511 3551//3514
f 3554//3517 5114//5106 5115//5107
f 3554//3517 5115//5107 3555//3518
f 5115//5107 3798//3761 5113//5105
f 5115//5107 5113//5105 3555//3518
f 5113//5105 5112//5104 3552//3515
f 5113//5105 3552//3515 3555//3518
f 3556//3519 5107//5099 5106//5098
f 3556//3519 5106//5098 3557//3520
f 5106//5098 3745//3708 3744//3707
f 5106//5098 3744//3707 3557//3520
f 3744//3707 5114//5106 3554//3517
f 3744//3707 3554//3517 3557//3520
f 3560//3523 5111//5103 5110//5102
f 3560//3523 5110//5102 3561//3524
f 5110//5102 3802//3765 3801//3764
f 5110//5102 3801//3764 3561//3524
f 3801//3764 5116//5108 3558//3521
f 3801//3764 3558//3521 3561//3524
f 3558//3521 5116//5108 5117//5109
f 3558//3521 5117//5109 3563//3526
f 5117//5109 3808//3771 5118//5110
f 5117//5109 5118//5110 3563//3526
f 5118//5110 5119//5111 3562//3525
f 5118//5110 3562//3525 3563//3526
f 3566//3529 5119//5111 5118//5110
f 3566//3529 5118//5110 3567//3530
f 5118//5110 3808//3771 3807//3770
f 5118//5110 3807//3770 3567//3530
f 3807//3770 5120//5112 3564//3527
f 3807//3770 3564//3527 3567//3530
f 3564//3527 5120//5112 5121//5113
f 3564//3527 5121//5113 3569//3532
f 5121//5113 3814//3777 5122//5114
f 5121//5113 5122//5114 3569//3532
f 5122//5114 5123//5115 3568//3531
f 5122//5114 3568//3531 3569//3532
f 3571//3534 5123//5115 5122//5114
f 3571//3534 5122//5114 3572//3535
f 5122//5114 3814//3777 3813//3776
f 5122//5114 3813//3776 3572//3535
f 3813//3776 5124//5116 3570//3533
f 3813//3776 3570//3533 3572//3535
f 3575//3538 3598//3561 5125//5117
f 3575//3538 5125//5117 3576//3539
f 5125//5117 3820//3783 3819//3782
f 5125//5117 3819//3782 3576//3539
f 3819//3782 5126//5118 3573//3536
f 3819//3782 3573//3536 3576//3539
f 5127//5119 5126//5118 5128//5120
f 5128//5120 5126//5118 5129//5121
f 5130//5122 5128//5120 5129//5121
f 3529//3492 5131//5123 5129//5121
f 3529//3492 5129//5121 3530//3493
f 5131//5123 5130//5122 5129//5121
f 3570//3533 5124//5116 5132//5124
f 3570//3533 5132//5124 3578//3541
f 5132//5124 3820//3783 5125//5117
f 5132//5124 5125//5117 3578//3541
f 5125//5117 3598//3561 3577//3540
f 5125//5117 3577//3540 3578//3541
f 3581//3544 5133//5125 5134//5126
f 3581//3544 5134//5126 3582//3545
f 5134//5126 3766//3729 5135//5127
f 5134//5126 5135//5127 3582//3545
f 5135//5127 5136//5128 3579//3542
f 5135//5127 3579//3542 3582//3545
f 3585//3548 5137//5129 5138//5130
f 3585//3548 5138//5130 3586//3549
f 5138//5130 3580//3543 3579//3542
f 5138//5130 3579//3542 3586//3549
f 3579//3542 5136//5128 3583//3546
f 3579//3542 3583//3546 3586//3549
f 3587//3550 5137//5129 3585//3548
f 3587//3550 3585//3548 3588//3551
f 3585//3548 3584//3547 5139//5131
f 3585//3548 5139//5131 3588//3551
f 5139//5131 4208//4175 660//646
f 5139//5131 660//646 3588//3551
f 3589//3552 5140//5132 5141//5133
f 3589//3552 5141//5133 3590//3553
f 5141//5133 3826//3789 5142//5134
f 5141//5133 5142//5134 3590//3553
f 5142//5134 5111//5103 3560//3523
f 5142//5134 3560//3523 3590//3553
f 3546//3509 5111//5103 5142//5134
f 3546//3509 5142//5134 3592//3555
f 5142//5134 3826//3789 3825//3788
f 5142//5134 3825//3788 3592//3555
f 3825//3788 5133//5125 3591//3554
f 3825//3788 3591//3554 3592//3555
f 3593//3556 5143//5135 5144//5136
f 3593//3556 5144//5136 3594//3557
f 5144//5136 3832//3795 5145//5137
f 5144//5136 5145//5137 3594//3557
f 5145//5137 5119//5111 3566//3529
f 5145//5137 3566//3529 3594//3557
f 3562//3525 5119//5111 5145//5137
f 3562//3525 5145//5137 3595//3558
f 5145//5137 3832//3795 3831//3794
f 5145//5137 3831//3794 3595//3558
f 3831//3794 5140//5132 3589//3552
f 3831//3794 3589//3552 3595//3558
f 3568//3531 5123//5115 5146//5138
f 3568//3531 5146//5138 3596//3559
f 5146//5138 3838//3801 3837//3800
f 5146//5138 3837//3800 3596//3559
f 3837//3800 5143//5135 3593//3556
f 3837//3800 3593//3556 3596//3559
f 541//527 4172//4139 5147//5139
f 541//527 5147//5139 3597//3560
f 5147//5139 3838//3801 5146//5138
f 5147//5139 5146//5138 3597//3560
f 5146//5138 5123//5115 3571//3534
f 5146//5138 3571//3534 3597//3560
f 3599//3562 3486//3449 5148//5140
f 3599//3562 5148//5140 3600//3563
f 5148//5140 629//615 543//529
f 5148//5140 543//529 3600//3563
f 543//529 542//528 3577//3540
f 543//529 3577//3540 3600//3563
f 2349//2325 4739//4718 5149//5141
f 2349//2325 5149//5141 3602//3565
f 5149//5141 5150//5142 5151//5143
f 5149//5141 5151//5143 3602//3565
f 5151//5143 4968//4959 3601//3564
f 5151//5143 3601//3564 3602//3565
f 3544//3507 5107//5099 3752//3715
f 3544//3507 3752//3715 3603//3566
f 3752//3715 659//645 658//644
f 3752//3715 658//644 3603//3566
f 658//644 546//532 545//531
f 658//644 545//531 3603//3566
f 3477//3440 5067//5059 5152//5144
f 3477//3440 5152//5144 3605//3568
f 5152//5144 3762//3725 4738//4717
f 5152//5144 4738//4717 3605//3568
f 4738//4717 4737//4716 3604//3567
f 4738//4717 3604//3567 3605//3568
f 3608//3571 5153//5145 5154//5146
f 3608//3571 5154//5146 3609//3572
f 5154//5146 3611//3574 3610//3573
f 5154//5146 3610//3573 3609//3572
f 3610//3573 5155//5147 3606//3569
f 3610//3573 3606//3569 3609//3572
f 3612//3575 5156//5148 3616//3579
f 3612//3575 3616//3579 3613//3576
f 3616//3579 3615//3578 5157//5149
f 3616//3579 5157//5149 3613//3576
f 5157//5149 5155//5147 3610//3573
f 5157//5149 3610//3573 3613//3576
f 3616//3579 5156//5148 5158//5150
f 3616//3579 5158//5150 3617//3580
f 5158//5150 5150//5142 5159//5151
f 5158//5150 5159//5151 3617//3580
f 5159//5151 5160//5152 3614//3577
f 5159//5151 3614//3577 3617//3580
f 3620//3583 3923//3886 5161//5153
f 3620//3583 5161//5153 3621//3584
f 5161//5153 5162//5154 5163//5155
f 5161//5153 5163//5155 3621//3584
f 5163//5155 5164//5156 3618//3581
f 5163//5155 3618//3581 3621//3584
f 3622//3585 5153//5145 5165//5157
f 3622//3585 5165//5157 3623//3586
f 5165//5157 5162//5154 5166//5158
f 5165//5157 5166//5158 3623//3586
f 5166//5158 4973//4964 3483//3446
f 5166//5158 3483//3446 3623//3586
f 3625//3588 3844//3807 3843//3806
f 3625//3588 3843//3806 3626//3589
f 3843//3806 629//615 5148//5140
f 3843//3806 5148//5140 3626//3589
f 5148//5140 3486//3449 3485//3448
f 5148//5140 3485//3448 3626//3589
f 387//377 4111//4074 593//579
f 387//377 593//579 3628//3591
f 593//579 592//578 5167//5159
f 593//579 5167//5159 3628//3591
f 5167//5159 3423//3387 3627//3590
f 5167//5159 3627//3590 3628//3591
f 3422//3386 4930//4920 4929//4919
f 3422//3386 4929//4919 3629//3592
f 4929//4919 388//378 3627//3590
f 4929//4919 3627//3590 3629//3592
f 3632//3595 447//437 4940//4930
f 3632//3595 4940//4930 3633//3596
f 4940//4930 523//509 522//508
f 4940//4930 522//508 3633//3596
f 522//508 2753//2718 3630//3593
f 522//508 3630//3593 3633//3596
f 3636//3599 4180//4147 3689//3652
f 3636//3599 3689//3652 3637//3600
f 3689//3652 3688//3651 3643//3606
f 3689//3652 3643//3606 3637//3600
f 3643//3606 3642//3605 3634//3597
f 3643//3606 3634//3597 3637//3600
f 3639//3602 3654//3617 4189//4156
f 3639//3602 4189//4156 3640//3603
f 4189//4156 4188//4155 4923//4913
f 4189//4156 4923//4913 3640//3603
f 4923//4913 420//410 3638//3601
f 4923//4913 3638//3601 3640//3603
f 3643//3606 3688//3651 3696//3659
f 3643//3606 3696//3659 3644//3607
f 3696//3659 3695//3658 5168//5160
f 3696//3659 5168//5160 3644//3607
f 5168//5160 3664//3627 3641//3604
f 5168//5160 3641//3604 3644//3607
f 3647//3610 4194//4161 4193//4160
f 3647//3610 4193//4160 3648//3611
f 4193//4160 4176//4143 4175//4142
f 4193//4160 4175//4142 3648//3611
f 4175//4142 572//558 3645//3608
f 4175//4142 3645//3608 3648//3611
f 2817//2782 2816//2781 2819//2784
f 2817//2782 2819//2784 3651//3614
f 2819//2784 3664//3627 5168//5160
f 2819//2784 5168//5160 3651//3614
f 5168//5160 3695//3658 3649//3612
f 5168//5160 3649//3612 3651//3614
f 3652//3615 565//551 569//555
f 3652//3615 569//555 3653//3616
f 569//555 568//554 4184//4151
f 569//555 4184//4151 3653//3616
f 4184//4151 4183//4150 2774//2739
f 4184//4151 2774//2739 3653//3616
f 3655//3618 596//582 5169//5161
f 3655//3618 5169//5161 3656//3619
f 5169//5161 588//574 587//573
f 5169//5161 587//573 3656//3619
f 587//573 584//570 583//569
f 587//573 583//569 3656//3619
f 3657//3620 3631//3594 3630//3593
f 3657//3620 3630//3593 3658//3621
f 3630//3593 2753//2718 573//559
f 3630//3593 573//559 3658//3621
f 2815//2780 3646//3609 3662//3625
f 2815//2780 3662//3625 3659//3622
f 3662//3625 3661//3624 5170//5162
f 3662//3625 5170//5162 3659//3622
f 5170//5162 2891//2856 2820//2785
f 5170//5162 2820//2785 3659//3622
f 3662//3625 3646//3609 3645//3608
f 3662//3625 3645//3608 3663//3626
f 3645//3608 572//558 571//557
f 3645//3608 571//557 3663//3626
f 571//557 4181//4148 3660//3623
f 571//557 3660//3623 3663//3626
f 3665//3628 4933//4923 4942//4932
f 3665//3628 4942//4932 3666//3629
f 4942//4932 4935//4925 4934//4924
f 4942//4932 4934//4924 3666//3629
f 4934//4924 3642//3605 3641//3604
f 4934//4924 3641//3604 3666//3629
f 3667//3630 3661//3624 3660//3623
f 3667//3630 3660//3623 3668//3631
f 3660//3623 4181//4148 2813//2778
f 3660//3623 2813//2778 3668//3631
f 2892//2857 2891//2856 5170//5162
f 2892//2857 5170//5162 3670//3633
f 5170//5162 3661//3624 3667//3630
f 5170//5162 3667//3630 3670//3633
f 3667//3630 2812//2777 3669//3632
f 3667//3630 3669//3632 3670//3633
f 2772//2737 4188//4155 4187//4154
f 2772//2737 4187//4154 3672//3635
f 4187//4154 4186//4153 4185//4152
f 4187//4154 4185//4152 3672//3635
f 4185//4152 4174//4141 3671//3634
f 4185//4152 3671//3634 3672//3635
f 3675//3638 4186//4153 585//571
f 3675//3638 585//571 3676//3639
f 585//571 584//570 4190//4157
f 585//571 4190//4157 3676//3639
f 4190//4157 4112//4075 3673//3636
f 4190//4157 3673//3636 3676//3639
f 3655//3618 3654//3617 3639//3602
f 3655//3618 3639//3602 3677//3640
f 3639//3602 2781//2746 2780//2745
f 3639//3602 2780//2745 3677//3640
f 2780//2745 2870//2835 597//583
f 2780//2745 597//583 3677//3640
f 3678//3641 588//574 5169//5161
f 3678//3641 5169//5161 3679//3642
f 5169//5161 596//582 595//581
f 5169//5161 595//581 3679//3642
f 595//581 2786//2751 397//387
f 595//581 397//387 3679//3642
f 3681//3644 4112//4075 589//575
f 3681//3644 589//575 3682//3645
f 589//575 588//574 3678//3641
f 589//575 3678//3641 3682//3645
f 3678//3641 396//386 2883//2848
f 3678//3641 2883//2848 3682//3645
f 3685//3648 4180//4147 4179//4146
f 3685//3648 4179//4146 3686//3649
f 4179//4146 550//536 2778//2743
f 4179//4146 2778//2743 3686//3649
f 2778//2743 2777//2742 3683//3646
f 2778//2743 3683//3646 3686//3649
f 3689//3652 4180//4147 3685//3648
f 3689//3652 3685//3648 3690//3653
f 3685//3648 3684//3647 4938//4928
f 3685//3648 4938//4928 3690//3653
f 4938//4928 4937//4927 3687//3650
f 4938//4928 3687//3650 3690//3653
f 603//589 4194//4161 4932//4922
f 603//589 4932//4922 3692//3655
f 4932//4922 3650//3613 3700//3663
f 4932//4922 3700//3663 3692//3655
f 3700//3663 3699//3662 3691//3654
f 3700//3663 3691//3654 3692//3655
f 3691//3654 3699//3662 5171//5163
f 3691//3654 5171//5163 3693//3656
f 5171//5163 4939//4929 5172//5164
f 5171//5163 5172//5164 3693//3656
f 5172//5164 609//595 612//598
f 5172//5164 612//598 3693//3656
f 3696//3659 3688//3651 3687//3650
f 3696//3659 3687//3650 3697//3660
f 3687//3650 4937//4927 5173//5165
f 3687//3650 5173//5165 3697//3660
f 5173//5165 5174//5166 3694//3657
f 5173//5165 3694//3657 3697//3660
f 3700//3663 3650//3613 3649//3612
f 3700//3663 3649//3612 3701//3664
f 3649//3612 3695//3658 3694//3657
f 3649//3612 3694//3657 3701//3664
f 3694//3657 5174//5166 3698//3661
f 3694//3657 3698//3661 3701//3664
f 3704//3667 4939//4929 5171//5163
f 3704//3667 5171//5163 3705//3668
f 5171//5163 3699//3662 3698//3661
f 5171//5163 3698//3661 3705//3668
f 3698//3661 5174//5166 3702//3665
f 3698//3661 3702//3665 3705//3668
f 3702//3665 5174//5166 5173//5165
f 3702//3665 5173//5165 3707//3670
f 5173//5165 4937//4927 4936//4926
f 5173//5165 4936//4926 3707//3670
f 4936//4926 4195//4162 3706//3669
f 4936//4926 3706//3669 3707//3670
f 2828//2793 3684//3647 4128//4091
f 2828//2793 4128//4091 3709//3672
f 4128//4091 4127//4090 4927//4917
f 4128//4091 4927//4917 3709//3672
f 4927//4917 4145//4108 3708//3671
f 4927//4917 3708//3671 3709//3672
f 610//596 609//595 5172//5164
f 610//596 5172//5164 3710//3673
f 5172//5164 4939//4929 2834//2799
f 5172//5164 2834//2799 3710//3673
f 2834//2799 2833//2798 409//399
f 2834//2799 409//399 3710//3673
f 618//604 4121//4084 626//612
f 618//604 626//612 3712//3675
f 626//612 625//611 2838//2803
f 626//612 2838//2803 3712//3675
f 2838//2803 2837//2802 3711//3674
f 2838//2803 3711//3674 3712//3675
f 3714//3677 4120//4083 4119//4082
f 3714//3677 4119//4082 3715//3678
f 4119//4082 2833//2798 2832//2797
f 4119//4082 2832//2797 3715//3678
f 2832//2797 2797//2762 2796//2761
f 2832//2797 2796//2761 3715//3678
f 3718//3681 468//458 2793//2758
f 3718//3681 2793//2758 3719//3682
f 2793//2758 424//414 614//600
f 2793//2758 614//600 3719//3682
f 614//600 4129//4092 3716//3679
f 614//600 3716//3679 3719//3682
f 3720//3683 4142//4105 469//459
f 3720//3683 469//459 3721//3684
f 469//459 468//458 3718//3681
f 469//459 3718//3681 3721//3684
f 3718//3681 3717//3680 2845//2810
f 3718//3681 2845//2810 3721//3684
f 415//405 4125//4088 4946//4936
f 415//405 4946//4936 3722//3685
f 4946//4936 4142//4105 3720//3683
f 4946//4936 3720//3683 3722//3685
f 3720//3683 2844//2809 2902//2867
f 3720//3683 2902//2867 3722//3685
f 3724//3687 4178//4145 4931//4921
f 3724//3687 4931//4921 3725//3688
f 4931//4921 4115//4078 4136//4099
f 4931//4921 4136//4099 3725//3688
f 4136//4099 3731//3694 3723//3686
f 4136//4099 3723//3686 3725//3688
f 3727//3690 4139//4102 622//608
f 3727//3690 622//608 3728//3691
f 622//608 621//607 2826//2791
f 622//608 2826//2791 3728//3691
f 2826//2791 4191//4158 3726//3689
f 2826//2791 3726//3689 3728//3691
f 3729//3692 4137//4100 4140//4103
f 3729//3692 4140//4103 3730//3693
f 4140//4103 4117//4080 2809//2774
f 4140//4103 2809//2774 3730//3693
f 2809//2774 2808//2773 2888//2853
f 2809//2774 2888//2853 3730//3693
f 3732//3695 4112//4075 3681//3644
f 3732//3695 3681//3644 3733//3696
f 3681//3644 3680//3643 3723//3686
f 3681//3644 3723//3686 3733//3696
f 2978//2942 2992//2956 2582//2552
f 2978//2942 2582//2552 2581//2551
f 2966//2930 4956//4947 4978//4969
f 2966//2930 4978//4969 3735//3698
f 4978//4969 3494//3457 3738//3701
f 4978//4969 3738//3701 3735//3698
f 3738//3701 4961//4952 3734//3697
f 3738//3701 3734//3697 3735//3698
f 3736//3699 4458//4434 4705//4684
f 3736//3699 4705//4684 3737//3700
f 4705//4684 2133//2111 3740//3703
f 4705//4684 3740//3703 3737//3700
f 3740//3703 4977//4968 3058//3022
f 3740//3703 3058//3022 3737//3700
f 3493//3456 5078//5070 3746//3709
f 3493//3456 3746//3709 3739//3702
f 3746//3709 3745//3708 5105//5097
f 3746//3709 5105//5097 3739//3702
f 5105//5097 4961//4952 3738//3701
f 5105//5097 3738//3701 3739//3702
f 2132//2110 4609//4588 5087//5079
f 2132//2110 5087//5079 3741//3704
f 5087//5079 5076//5068 5075//5067
f 5087//5079 5075//5067 3741//3704
f 5075//5067 4977//4968 3740//3703
f 5075//5067 3740//3703 3741//3704
f 3742//3705 5078//5070 5077//5069
f 3742//3705 5077//5069 3743//3706
f 5077//5069 5076//5068 5086//5078
f 5077//5069 5086//5078 3743//3706
f 5086//5078 5084//5076 3507//3470
f 5086//5078 3507//3470 3743//3706
f 3746//3709 5078//5070 3742//3705
f 3746//3709 3742//3705 3747//3710
f 3742//3705 3506//3469 3755//3718
f 3742//3705 3755//3718 3747//3710
f 3755//3718 5114//5106 3744//3707
f 3755//3718 3744//3707 3747//3710
f 3748//3711 4736//4715 3061//3025
f 3748//3711 3061//3025 3749//3712
f 3061//3025 3049//3013 3048//3012
f 3061//3025 3048//3012 3749//3712
f 3048//3012 4965//4956 3056//3020
f 3048//3012 3056//3020 3749//3712
f 3054//3018 4208//4175 5139//5131
f 3054//3018 5139//5131 3751//3714
f 5139//5131 3584//3547 3757//3720
f 5139//5131 3757//3720 3751//3714
f 3757//3720 5067//5059 3750//3713
f 3757//3720 3750//3713 3751//3714
f 3752//3715 5107//5099 3556//3519
f 3752//3715 3556//3519 3753//3716
f 3556//3519 3553//3516 3759//3722
f 3556//3519 3759//3722 3753//3716
f 3759//3722 5137//5129 3587//3550
f 3759//3722 3587//3550 3753//3716
f 2148//2126 4706//4685 3774//3737
f 2148//2126 3774//3737 3754//3717
f 3774//3737 3498//3461 5085//5077
f 3774//3737 5085//5077 3754//3717
f 5085//5077 5084//5076 3509//3472
f 5085//5077 3509//3472 3754//3717
f 3505//3468 5081//5073 3799//3762
f 3505//3468 3799//3762 3756//3719
f 3799//3762 3798//3761 5115//5107
f 3799//3762 5115//5107 3756//3719
f 5115//5107 5114//5106 3755//3718
f 5115//5107 3755//3718 3756//3719
f 3583//3546 5136//5128 3763//3726
f 3583//3546 3763//3726 3758//3721
f 3763//3726 3762//3725 5152//5144
f 3763//3726 5152//5144 3758//3721
f 5152//5144 5067//5059 3757//3720
f 5152//5144 3757//3720 3758//3721
f 3552//3515 5112//5104 3823//3786
f 3552//3515 3823//3786 3760//3723
f 3823//3786 3580//3543 5138//5130
f 3823//3786 5138//5130 3760//3723
f 5138//5130 5137//5129 3759//3722
f 5138//5130 3759//3722 3760//3723
f 3763//3726 5136//5128 5135//5127
f 3763//3726 5135//5127 3764//3727
f 5135//5127 3766//3729 3765//3728
f 5135//5127 3765//3728 3764//3727
f 3765//3728 4739//4718 3761//3724
f 3765//3728 3761//3724 3764//3727
f 3767//3730 5160//5152 5159//5151
f 3767//3730 5159//5151 3768//3731
f 5159//5151 5150//5142 5149//5141
f 5159//5151 5149//5141 3768//3731
f 5149//5141 4739//4718 3765//3728
f 5149//5141 3765//3728 3768//3731
f 3599//3562 3598//3561 3575//3538
f 3599//3562 3575//3538 3769//3732
f 3575//3538 3574//3537 3772//3735
f 3575//3538 3772//3735 3769//3732
f 3772//3735 5070//5062 3487//3450
f 3772//3735 3487//3450 3769//3732
f 5073//5065 5070//5062 5175//5167
f 5175//5167 5070//5062 3772//3735
f 3773//3736 5175//5167 3772//3735
f 3774//3737 4706//4685 4708//4687
f 3774//3737 4708//4687 3775//3738
f 4708//4687 2172//2150 3776//3739
f 4708//4687 3776//3739 3775//3738
f 3776//3739 5079//5071 3499//3462
f 3776//3739 3499//3462 3775//3738
f 2171//2149 4709//4688 3778//3741
f 2171//2149 3778//3741 3777//3740
f 3778//3741 3512//3475 5082//5074
f 3778//3741 5082//5074 3777//3740
f 5082//5074 5079//5071 3776//3739
f 5082//5074 3776//3739 3777//3740
f 3778//3741 4709//4688 4710//4689
f 3778//3741 4710//4689 3779//3742
f 4710//4689 2178//2156 3780//3743
f 4710//4689 3780//3743 3779//3742
f 3780//3743 5088//5080 3513//3476
f 3780//3743 3513//3476 3779//3742
f 2177//2155 4621//4600 5098//5090
f 2177//2155 5098//5090 3781//3744
f 5098//5090 5091//5083 5090//5082
f 5098//5090 5090//5082 3781//3744
f 5090//5082 5088//5080 3780//3743
f 5090//5082 3780//3743 3781//3744
f 3782//3745 5093//5085 5092//5084
f 3782//3745 5092//5084 3783//3746
f 5092//5084 5091//5083 5097//5089
f 5092//5084 5097//5089 3783//3746
f 5097//5089 5094//5086 3521//3484
f 5097//5089 3521//3484 3783//3746
f 2183//2161 4711//4690 3785//3748
f 2183//2161 3785//3748 3784//3747
f 3785//3748 3535//3498 5095//5087
f 3785//3748 5095//5087 3784//3747
f 5095//5087 5094//5086 3523//3486
f 5095//5087 3523//3486 3784//3747
f 3785//3748 4711//4690 4712//4691
f 3785//3748 4712//4691 3786//3749
f 4712//4691 1937//1915 3542//3505
f 4712//4691 3542//3505 3786//3749
f 3542//3505 5102//5094 3536//3499
f 3542//3505 3536//3499 3786//3749
f 3787//3750 4634//4613 4713//4692
f 3787//3750 4713//4692 3788//3751
f 4713//4692 4630//4609 3792//3755
f 4713//4692 3792//3755 3788//3751
f 3792//3755 3790//3753 3527//3490
f 3792//3755 3527//3490 3788//3751
f 3792//3755 4630//4609 4629//4608
f 3792//3755 4629//4608 3794//3757
f 4628//4607 5176//5168 4629//4608
f 5176//5168 5177//5169 3794//3757
f 3794//3757 4629//4608 5176//5168
f 5177//5169 3793//3756 3794//3757
f 3501//3464 5083//5075 3803//3766
f 3501//3464 3803//3766 3796//3759
f 3803//3766 3802//3765 5109//5101
f 3803//3766 5109//5101 3796//3759
f 5109//5101 5108//5100 3795//3758
f 5109//5101 3795//3758 3796//3759
f 3799//3762 5081//5073 5080//5072
f 3799//3762 5080//5072 3800//3763
f 5080//5072 3502//3465 3795//3758
f 5080//5072 3795//3758 3800//3763
f 3795//3758 5108//5100 3797//3760
f 3795//3758 3797//3760 3800//3763
f 3803//3766 5083//5075 5089//5081
f 3803//3766 5089//5081 3804//3767
f 5089//5081 3516//3479 3805//3768
f 5089//5081 3805//3768 3804//3767
f 3805//3768 5116//5108 3801//3764
f 3805//3768 3801//3764 3804//3767
f 3515//3478 5093//5085 3809//3772
f 3515//3478 3809//3772 3806//3769
f 3809//3772 3808//3771 5117//5109
f 3809//3772 5117//5109 3806//3769
f 5117//5109 5116//5108 3805//3768
f 5117//5109 3805//3768 3806//3769
f 3809//3772 5093//5085 3782//3745
f 3809//3772 3782//3745 3810//3773
f 3782//3745 3520//3483 3811//3774
f 3782//3745 3811//3774 3810//3773
f 3811//3774 5120//5112 3807//3770
f 3811//3774 3807//3770 3810//3773
f 3519//3482 5096//5088 3815//3778
f 3519//3482 3815//3778 3812//3775
f 3815//3778 3814//3777 5121//5113
f 3815//3778 5121//5113 3812//3775
f 5121//5113 5120//5112 3811//3774
f 5121//5113 3811//3774 3812//3775
f 3815//3778 5096//5088 5103//5095
f 3815//3778 5103//5095 3816//3779
f 5103//5095 3539//3502 3817//3780
f 5103//5095 3817//3780 3816//3779
f 3817//3780 5124//5116 3813//3776
f 3817//3780 3813//3776 3816//3779
f 3538//3501 5100//5092 3821//3784
f 3538//3501 3821//3784 3818//3781
f 3821//3784 3820//3783 5132//5124
f 3821//3784 5132//5124 3818//3781
f 5132//5124 5124//5116 3817//3780
f 5132//5124 3817//3780 3818//3781
f 3821//3784 5100//5092 5099//5091
f 3821//3784 5099//5091 3822//3785
f 5099//5091 3530//3493 5129//5121
f 5099//5091 5129//5121 3822//3785
f 5129//5121 5126//5118 3819//3782
f 5129//5121 3819//3782 3822//3785
f 3770//3733 3574//3537 5178//5170
f 5178//5170 3574//3537 3573//3536
f 5179//5171 5178//5170 3573//3536
f 5127//5119 5180//5172 3573//3536
f 5127//5119 3573//3536 5126//5118
f 5180//5172 5179//5171 3573//3536
f 3823//3786 5112//5104 3550//3513
f 3823//3786 3550//3513 3824//3787
f 3550//3513 3547//3510 3591//3554
f 3550//3513 3591//3554 3824//3787
f 3591//3554 5133//5125 3581//3544
f 3591//3554 3581//3544 3824//3787
f 3827//3790 5160//5152 3767//3730
f 3827//3790 3767//3730 3828//3791
f 3767//3730 3766//3729 5134//5126
f 3767//3730 5134//5126 3828//3791
f 5134//5126 5133//5125 3825//3788
f 5134//5126 3825//3788 3828//3791
f 3614//3577 5160//5152 3827//3790
f 3614//3577 3827//3790 3830//3793
f 3827//3790 3826//3789 5141//5133
f 3827//3790 5141//5133 3830//3793
f 5141//5133 5140//5132 3829//3792
f 5141//5133 3829//3792 3830//3793
f 3833//3796 5155//5147 5157//5149
f 3833//3796 5157//5149 3834//3797
f 5157//5149 3615//3578 3829//3792
f 5157//5149 3829//3792 3834//3797
f 3829//3792 5140//5132 3831//3794
f 3829//3792 3831//3794 3834//3797
f 3606//3569 5155//5147 3833//3796
f 3606//3569 3833//3796 3836//3799
f 3833//3796 3832//3795 5144//5136
f 3833//3796 5144//5136 3836//3799
f 5144//5136 5143//5135 3835//3798
f 5144//5136 3835//3798 3836//3799
f 3839//3802 5164//5156 3853//3816
f 3839//3802 3853//3816 3840//3803
f 3853//3816 3607//3570 3835//3798
f 3853//3816 3835//3798 3840//3803
f 3835//3798 5143//5135 3837//3800
f 3835//3798 3837//3800 3840//3803
f 3618//3581 5164//5156 3839//3802
f 3618//3581 3839//3802 3842//3805
f 3839//3802 3838//3801 5147//5139
f 3839//3802 5147//5139 3842//3805
f 5147//5139 4172//4139 3841//3804
f 5147//5139 3841//3804 3842//3805
f 3845//3808 3923//3886 3620//3583
f 3845//3808 3620//3583 3846//3809
f 3620//3583 3619//3582 630//616
f 3620//3583 630//616 3846//3809
f 630//616 629//615 3843//3806
f 630//616 3843//3806 3846//3809
f 3849//3812 4968//4959 5151//5143
f 3849//3812 5151//5143 3850//3813
f 5151//5143 5150//5142 5158//5150
f 5151//5143 5158//5150 3850//3813
f 5158//5150 5156//5148 3847//3810
f 5158//5150 3847//3810 3850//3813
f 3851//3814 4969//4960 3855//3818
f 3851//3814 3855//3818 3852//3815
f 3855//3818 3611//3574 5154//5146
f 3855//3818 5154//5146 3852//3815
f 5154//5146 5153//5145 3622//3585
f 5154//5146 3622//3585 3852//3815
f 3853//3816 5164//5156 5163//5155
f 3853//3816 5163//5155 3854//3817
f 5163//5155 5162//5154 5165//5157
f 5163//5155 5165//5157 3854//3817
f 5165//5157 5153//5145 3608//3571
f 5165//5157 3608//3571 3854//3817
f 3855//3818 4969//4960 4972//4963
f 3855//3818 4972//4963 3856//3819
f 4972//4963 3848//3811 3847//3810
f 4972//4963 3847//3810 3856//3819
f 3847//3810 5156//5148 3612//3575
f 3847//3810 3612//3575 3856//3819
f 3859//3822 4973//4964 5166//5158
f 3859//3822 5166//5158 3860//3823
f 5166//5158 5162//5154 5161//5153
f 5166//5158 5161//5153 3860//3823
f 5161//5153 3923//3886 3857//3820
f 5161//5153 3857//3820 3860//3823
f 3863//3826 5181//5173 3864//3827
f 5182//5174 3039//3003 3041//3005
f 5182//5174 3041//3005 5181//5173
f 5181//5173 3041//3005 3864//3827
f 3041//3005 4975//4966 3862//3825
f 3041//3005 3862//3825 3864//3827
f 3865//3828 4731//4710 4750//4733
f 3865//3828 4750//4733 3866//3829
f 4750//4733 519//505 518//504
f 4750//4733 518//504 3866//3829
f 518//504 4155//4120 3392//3356
f 518//504 3392//3356 3866//3829
f 2332//2308 4729//4708 3360//3324
f 2332//2308 3360//3324 3867//3830
f 3360//3324 3359//3323 3410//3374
f 3360//3324 3410//3374 3867//3830
f 3410//3374 5051//5043 3387//3351
f 3410//3374 3387//3351 3867//3830
f 3870//3833 2671//2639 2670//2638
f 3870//3833 2670//2638 3871//3834
f 2670//2638 2667//2635 4892//4876
f 2670//2638 4892//4876 3871//3834
f 4892//4876 2705//2673 3868//3831
f 4892//4876 3868//3831 3871//3834
f 3873//3836 4106//4068 2677//2645
f 3873//3836 2677//2645 3874//3837
f 2677//2645 2671//2639 3870//3833
f 2677//2645 3870//3833 3874//3837
f 3870//3833 3869//3832 3872//3835
f 3870//3833 3872//3835 3874//3837
f 2695//2664 4896//4885 4895//4884
f 2695//2664 4895//4884 3876//3839
f 4895//4884 2741//2706 3877//3840
f 4895//4884 3877//3840 3876//3839
f 3877//3840 4900//4889 3875//3838
f 3877//3840 3875//3838 3876//3839
f 2740//2705 2725//2692 2724//2691
f 2740//2705 2724//2691 3878//3841
f 2724//2691 2729//2696 4901//4890
f 2724//2691 4901//4890 3878//3841
f 4901//4890 4900//4889 3877//3840
f 4901//4890 3877//3840 3878//3841
f 3460//3425 4797//4780 4796//4779
f 3460//3425 4796//4779 3880//3843
f 4796//4779 3253//3217 4813//4796
f 4796//4779 4813//4796 3880//3843
f 4813//4796 4812//4795 3879//3842
f 4813//4796 3879//3842 3880//3843
f 3879//3842 4812//4795 2744//2709
f 3879//3842 2744//2709 3882//3845
f 2744//2709 2721//2688 379//368
f 2744//2709 379//368 3882//3845
f 379//368 378//367 3881//3844
f 379//368 3881//3844 3882//3845
f 383//372 382//371 5033//5025
f 383//372 5033//5025 3885//3848
f 5033//5025 4985//4976 5032//5024
f 5033//5025 5032//5024 3885//3848
f 5032//5024 4982//4973 3883//3846
f 5032//5024 3883//3846 3885//3848
f 3352//3316 4988//4979 4987//4978
f 3352//3316 4987//4978 3886//3849
f 4987//4978 3167//3131 3166//3130
f 4987//4978 3166//3130 3886//3849
f 3166//3130 5009//5001 3193//3157
f 3166//3130 3193//3157 3886//3849
f 3888//3851 633//619 632//618
f 3888//3851 632//618 3889//3852
f 632//618 3153//3117 3152//3116
f 632//618 3152//3116 3889//3852
f 3152//3116 5003//4995 3887//3850
f 3152//3116 3887//3850 3889//3852
f 3890//3853 2457//2427 3164//3128
f 3890//3853 3164//3128 3891//3854
f 3164//3128 3163//3127 3887//3850
f 3164//3128 3887//3850 3891//3854
f 3887//3850 5003//4995 3168//3132
f 3887//3850 3168//3132 3891//3854
f 3894//3857 2408//2378 3160//3124
f 3894//3857 3160//3124 3895//3858
f 3160//3124 4773//4756 4772//4755
f 3160//3124 4772//4755 3895//3858
f 4772//4755 2385//2355 3892//3855
f 4772//4755 3892//3855 3895//3858
f 508//498 2621//2591 3012//2976
f 508//498 3012//2976 2579//2549
f 3012//2976 3011//2975 2580//2550
f 3012//2976 2580//2550 2579//2549
f 3019//2983 4968//4959 3849//3812
f 3019//2983 3849//3812 3897//3860
f 3849//3812 3848//3811 4971//4962
f 3849//3812 4971//4962 3897//3860
f 4971//4962 4970//4961 3896//3859
f 4971//4962 3896//3859 3897//3860
f 3898//3861 4945//4935 3914//3877
f 3898//3861 3914//3877 3899//3862
f 3914//3877 3913//3876 2758//2723
f 3914//3877 2758//2723 3899//3862
f 2758//2723 2757//2722 3021//2985
f 2758//2723 3021//2985 3899//3862
f 3901//3864 4721//4700 3424//3388
f 3901//3864 3424//3388 3902//3865
f 3424//3388 3423//3387 5167//5159
f 3424//3388 5167//5159 3902//3865
f 5167//5159 592//578 3900//3863
f 5167//5159 3900//3863 3902//3865
f 2510//2480 4819//4802 4822//4805
f 2510//2480 4822//4805 3904//3867
f 4822//4805 4201//4168 4200//4167
f 4822//4805 4200//4167 3904//3867
f 4200//4167 4199//4166 3903//3866
f 4200//4167 3903//3866 3904//3867
f 3905//3868 4801//4784 4800//4783
f 3905//3868 4800//4783 3906//3869
f 4800//4783 672//657 671//656
f 4800//4783 671//656 3906//3869
f 671//656 4214//4180 2438//2408
f 671//656 2438//2408 3906//3869
f 3911//3874 4788//4771 4787//4770
f 3911//3874 4787//4770 3912//3875
f 4787//4770 4214//4180 4213//4179
f 4787//4770 4213//4179 3912//3875
f 4213//4179 4202//4169 3909//3872
f 4213//4179 3909//3872 3912//3875
f 3914//3877 4945//4935 2896//2861
f 3914//3877 2896//2861 3915//3878
f 2896//2861 2895//2860 3669//3632
f 2896//2861 3669//3632 3915//3878
f 3669//3632 2812//2777 2811//2776
f 3669//3632 2811//2776 3915//3878
f 3919//3882 5183//5175 3920//3883
f 4164//4129 4166//4131 5184//5176
f 5184//5176 4166//4131 5074//5066
f 5184//5176 5074//5066 5183//5175
f 5183//5175 5074//5066 3920//3883
f 5074//5066 3624//3587 3918//3881
f 5074//5066 3918//3881 3920//3883
f 3491//3454 3490//3453 5063//5055
f 3491//3454 5063//5055 3922//3885
f 5063//5055 4158//4123 4741//4721
f 5063//5055 4741//4721 3922//3885
f 4741//4721 4740//4720 3921//3884
f 4741//4721 3921//3884 3922//3885
f 3845//3808 3844//3807 3921//3884
f 3845//3808 3921//3884 3924//3887
f 3921//3884 4740//4720 4744//4727
f 3921//3884 4744//4727 3924//3887
f 4744//4727 3858//3821 3857//3820
f 4744//4727 3857//3820 3924//3887
f 2487//2457 2445//2415 2444//2414
f 2487//2457 2444//2414 3925//3888
f 2444//2414 637//623 636//622
f 2444//2414 636//622 3925//3888
f 636//622 2427//2397 634//620
f 636//622 634//620 3925//3888
f 4810//4793 5185//5177 5186//5178
f 4810//4793 5186//5178 3302//3266
f 2691//2660 4896//4885 4898//4887
f 2691//2660 4898//4887 3926//3889
f 4898//4887 2712//2680 2718//2685
f 4898//4887 2718//2685 3926//3889
f 2718//2685 2717//2684 3472//3437
f 2718//2685 3472//3437 3926//3889
f 2701//5179 3927//5179 3930//5179
f 1922//1900 1925//1903 5187//5180
f 5187//5180 1925//1903 3935//3892
f 3937//3894 5187//5180 3935//3892
f 2873//2838 4926//4916 4925//4915
f 2873//2838 4925//4915 3938//3895
f 4925//4915 4924//4914 5188//5181
f 4925//4915 5188//5181 3938//3895
f 5188//5181 2866//2831 3440//3405
f 5188//5181 3440//3405 3938//3895
f 1255//1237 104//98 221//214
f 1255//1237 221//214 3939//3896
f 221//214 220//213 217//210
f 221//214 217//210 3939//3896
f 559//545 558//544 562//548
f 559//545 562//548 3940//3897
f 562//548 444//434 2881//2846
f 562//548 2881//2846 3940//3897
f 3941//3898 1240//1222 1239//1221
f 3941//3898 1239//1221 3942//3899
f 1239//1221 4085//4044 327//320
f 1239//1221 327//320 3942//3899
f 419//409 2866//2831 5188//5181
f 419//409 5188//5181 3943//3900
f 5188//5181 4924//4914 2782//2747
f 5188//5181 2782//2747 3943//3900
f 2782//2747 2781//2746 3638//3601
f 2782//2747 3638//3601 3943//3900
f 377//366 531//517 530//516
f 377//366 530//516 3946//4133
f 277//270 4000//3958 84//78
f 277//270 84//78 3947//3901
f 84//78 83//77 2111//2089
f 84//78 2111//2089 3947//3901
f 2111//2089 4445//4421 1213//1195
f 2111//2089 1213//1195 3947//3901
f 3948//3902 4118//4081 4196//4163
f 3948//3902 4196//4163 3949//3903
f 4196//4163 4121//4084 417//407
f 4196//4163 417//407 3949//3903
f 3952//3906 1216//1198 4012//3970
f 3952//3906 4012//3970 3953//3907
f 4012//3970 3990//3948 3956//3910
f 4012//3970 3956//3910 3953//3907
f 3956//3910 79//73 3950//3904
f 3956//3910 3950//3904 3953//3907
f 3954//3908 438//428 3958//3912
f 3954//3908 3958//3912 3955//3909
f 3958//3912 454//444 401//391
f 3958//3912 401//391 3955//3909
f 3956//3910 3990//3948 68//62
f 3956//3910 68//62 3957//3911
f 68//62 67//61 80//74
f 68//62 80//74 3957//3911
f 3958//3912 438//428 437//427
f 3958//3912 437//427 3959//3913
f 437//427 430//420 429//419
f 437//427 429//419 3959//3913
f 429//419 392//382 455//445
f 429//419 455//445 3959//3913
f 82//76 3995//3953 4456//4432
f 82//76 4456//4432 3960//3914
f 4456//4432 3951//3905 3950//3904
f 4456//4432 3950//3904 3960//3914
f 3950//3904 79//73 1275//1257
f 3950//3904 1275//1257 3960//3914
f 3961//3915 438//428 413//403
f 3961//3915 413//403 3962//3916
f 413//403 412//402 2900//2865
f 413//403 2900//2865 3962//3916
f 2900//2865 4118//4081 3948//3902
f 2900//2865 3948//3902 3962//3916
f 5189//5182 5190//5183 5191//5184
f 5189//5182 5191//5184 5192//5185
f 5193//5186 5194//5187 5195//5188
f 5193//5186 5195//5188 5196//5189
f 5197//5190 5198//5191 5199//5192
f 5197//5190 5199//5192 5200//5193
f 5201//5194 5202//5195 5203//5196
f 5201//5194 5203//5196 5204//5197
f 5205//5198 5206//5199 5207//5200
f 5205//5198 5207//5200 5208//5201
f 5209//5202 5210//5203 5211//5204
f 5209//5202 5211//5204 5212//5205
f 5213//5206 5214//5207 5215//5208
f 5213//5206 5215//5208 5216//5209
f 5217//5210 5210//5203 5209//5202
f 5217//5210 5209//5202 5218//5211
f 5219//5212 5220//5213 5221//5214
f 5219//5212 5221//5214 5222//5215
f 5223//5216 5202//5195 5224//5217
f 5223//5216 5224//5217 5225//5218
f 5201//5194 5206//5199 5226//5219
f 5201//5194 5226//5219 5227//5220
f 5205//5198 5210//5203 5217//5210
f 5205//5198 5217//5210 5228//5221
f 5189//5182 5229//5222 4364//4330
f 5189//5182 4364//4330 4363//4329
f 5230//5223 5190//5183 4367//4333
f 5230//5223 4367//4333 4366//4332
f 5231//5224 5232//5225 4029//3987
f 5231//5224 4029//3987 4028//3986
f 5233//5226 5234//5227 994//978
f 5233//5226 994//978 993//977
f 1655//1635 5235//5228 4377//4343
f 1655//1635 4377//4343 4376//4342
f 5236//5229 5237//5230 3973//3927
f 5236//5229 3973//3927 3972//3926
f 5238//5231 5239//5232 4083//4042
f 5238//5231 4083//4042 4082//4041
f 5240//5233 5241//5234 998//982
f 5240//5233 998//982 997//981
f 5242//5235 5243//5236 909//893
f 5242//5235 909//893 908//892
f 5244//5237 5245//5238 913//897
f 5244//5237 913//897 912//896
f 5246//5239 5247//5240 919//903
f 5246//5239 919//903 918//902
f 5248//5241 5249//5242 4360//4326
f 5248//5241 4360//4326 4359//4325
f 5221//5214 5220//5213 5250//5243
f 5221//5214 5250//5243 5251//5244
f 5250//5243 5220//5213 5252//5245
f 5250//5243 5252//5245 5253//5246
f 5199//5192 5198//5191 5254//5247
f 5199//5192 5254//5247 5255//5248
f 5256//5249 5257//5250 5258//5251
f 5256//5249 5258//5251 5259//5252
f 5260//5253 5261//5254 5262//5255
f 5260//5253 5262//5255 5263//5256
f 5264//5257 5235//5228 1655//1635
f 5264//5257 1655//1635 1654//1634
f 5265//5258 5232//5225 5231//5224
f 5265//5258 5231//5224 5266//5259
f 5267//5260 5237//5230 5236//5229
f 5267//5260 5236//5229 5268//5261
f 5193//5186 5261//5254 5269//5262
f 5193//5186 5269//5262 5270//5263
f 5271//5264 5241//5234 5240//5233
f 5271//5264 5240//5233 5272//5265
f 5273//5266 5274//5267 5275//5268
f 5273//5266 5275//5268 5276//5269
f 5233//5226 5235//5228 5264//5257
f 5233//5226 5264//5257 5277//5270
f 5278//5271 5257//5250 5256//5249
f 5278//5271 5256//5249 5279//5272
f 5191//5184 5190//5183 5230//5223
f 5191//5184 5230//5223 5280//5273
f 5281//5274 5282//5275 5283//5276
f 5281//5274 5283//5276 5284//5277
f 5223//5216 5214//5207 5285//5278
f 5223//5216 5285//5278 5286//5279
f 5191//5184 5257//5250 5278//5271
f 5191//5184 5278//5271 5192//5185
f 5278//5271 5229//5222 5189//5182
f 5278//5271 5189//5182 5192//5185
f 5195//5188 5287//5280 5288//5281
f 5195//5188 5288//5281 5196//5189
f 5288//5281 5289//5282 5262//5255
f 5288//5281 5262//5255 5196//5189
f 5262//5255 5261//5254 5193//5186
f 5262//5255 5193//5186 5196//5189
f 5199//5192 5245//5238 5203//5196
f 5199//5192 5203//5196 5200//5193
f 5203//5196 5202//5195 5197//5190
f 5203//5196 5197//5190 5200//5193
f 5203//5196 5245//5238 5244//5237
f 5203//5196 5244//5237 5204//5197
f 5244//5237 5247//5240 5207//5200
f 5244//5237 5207//5200 5204//5197
f 5207//5200 5206//5199 5201//5194
f 5207//5200 5201//5194 5204//5197
f 5207//5200 5247//5240 5246//5239
f 5207//5200 5246//5239 5208//5201
f 5246//5239 5249//5242 5211//5204
f 5246//5239 5211//5204 5208//5201
f 5211//5204 5210//5203 5205//5198
f 5211//5204 5205//5198 5208//5201
f 5211//5204 5249//5242 5248//5241
f 5211//5204 5248//5241 5212//5205
f 5248//5241 5229//5222 5290//5283
f 5248//5241 5290//5283 5212//5205
f 5290//5283 5291//5284 5209//5202
f 5290//5283 5209//5202 5212//5205
f 5215//5208 5220//5213 5219//5212
f 5215//5208 5219//5212 5216//5209
f 5219//5212 5287//5280 5213//5206
f 5219//5212 5213//5206 5216//5209
f 5209//5202 5291//5284 5252//5245
f 5209//5202 5252//5245 5218//5211
f 5252//5245 5220//5213 5217//5210
f 5252//5245 5217//5210 5218//5211
f 5221//5214 5289//5282 5288//5281
f 5221//5214 5288//5281 5222//5215
f 5288//5281 5287//5280 5219//5212
f 5288//5281 5219//5212 5222//5215
f 5224//5217 5220//5213 5215//5208
f 5224//5217 5215//5208 5225//5218
f 5215//5208 5214//5207 5223//5216
f 5215//5208 5223//5216 5225//5218
f 5226//5219 5220//5213 5224//5217
f 5226//5219 5224//5217 5227//5220
f 5224//5217 5202//5195 5201//5194
f 5224//5217 5201//5194 5227//5220
f 5217//5210 5220//5213 5226//5219
f 5217//5210 5226//5219 5228//5221
f 5226//5219 5206//5199 5205//5198
f 5226//5219 5205//5198 5228//5221
f 4367//4333 5190//5183 5189//5182
f 4367//4333 5189//5182 4363//4329
f 4029//3987 5232//5225 5230//5223
f 4029//3987 5230//5223 4366//4332
f 994//978 5234//5227 5231//5224
f 994//978 5231//5224 4028//3986
f 4377//4343 5235//5228 5233//5226
f 4377//4343 5233//5226 993//977
f 4083//4042 5239//5232 5236//5229
f 4083//4042 5236//5229 3972//3926
f 998//982 5241//5234 5238//5231
f 998//982 5238//5231 4082//4041
f 909//893 5243//5236 5240//5233
f 909//893 5240//5233 997//981
f 913//897 5245//5238 5242//5235
f 913//897 5242//5235 908//892
f 919//903 5247//5240 5244//5237
f 919//903 5244//5237 912//896
f 4360//4326 5249//5242 5246//5239
f 4360//4326 5246//5239 918//902
f 4364//4330 5229//5222 5248//5241
f 4364//4330 5248//5241 4359//4325
f 5250//5243 5292//5285 5293//5286
f 5250//5243 5293//5286 5251//5244
f 5293//5286 5289//5282 5221//5214
f 5293//5286 5221//5214 5251//5244
f 5252//5245 5291//5284 5294//5287
f 5252//5245 5294//5287 5253//5246
f 5294//5287 5292//5285 5250//5243
f 5294//5287 5250//5243 5253//5246
f 5254//5247 5243//5236 5242//5235
f 5254//5247 5242//5235 5255//5248
f 5242//5235 5245//5238 5199//5192
f 5242//5235 5199//5192 5255//5248
f 5258//5251 5295//5288 5296//5289
f 5258//5251 5296//5289 5259//5252
f 5296//5289 5292//5285 5294//5287
f 5296//5289 5294//5287 5259//5252
f 5294//5287 5291//5284 5256//5249
f 5294//5287 5256//5249 5259//5252
f 5262//5255 5289//5282 5293//5286
f 5262//5255 5293//5286 5263//5256
f 5293//5286 5292//5285 5296//5289
f 5293//5286 5296//5289 5263//5256
f 5296//5289 5295//5288 5260//5253
f 5296//5289 5260//5253 5263//5256
f 5269//5262 5261//5254 5264//5257
f 5269//5262 5264//5257 1654//1634
f 5231//5224 5234//5227 5297//5290
f 5231//5224 5297//5290 5266//5259
f 5297//5290 5295//5288 5258//5251
f 5297//5290 5258//5251 5266//5259
f 5258//5251 5257//5250 5265//5258
f 5258//5251 5265//5258 5266//5259
f 5236//5229 5239//5232 5283//5276
f 5236//5229 5283//5276 5268//5261
f 5283//5276 5282//5275 5276//5269
f 5283//5276 5276//5269 5268//5261
f 5267//5260 5268//5261 5276//5269
f 5267//5260 5276//5269 5275//5268
f 5270//5263 5274//5267 5194//5187
f 5270//5263 5194//5187 5193//5186
f 5240//5233 5243//5236 5254//5247
f 5240//5233 5254//5247 5272//5265
f 5254//5247 5198//5191 5271//5264
f 5254//5247 5271//5264 5272//5265
f 5276//5269 5282//5275 5285//5278
f 5276//5269 5285//5278 5273//5266
f 5285//5278 5214//5207 5213//5206
f 5285//5278 5213//5206 5273//5266
f 5213//5206 5287//5280 5195//5188
f 5213//5206 5195//5188 5273//5266
f 5264//5257 5261//5254 5260//5253
f 5264//5257 5260//5253 5277//5270
f 5260//5253 5295//5288 5297//5290
f 5260//5253 5297//5290 5277//5270
f 5297//5290 5234//5227 5233//5226
f 5297//5290 5233//5226 5277//5270
f 5256//5249 5291//5284 5290//5283
f 5256//5249 5290//5283 5279//5272
f 5290//5283 5229//5222 5278//5271
f 5290//5283 5278//5271 5279//5272
f 5230//5223 5232//5225 5265//5258
f 5230//5223 5265//5258 5280//5273
f 5265//5258 5257//5250 5191//5184
f 5265//5258 5191//5184 5280//5273
f 5283//5276 5239//5232 5238//5231
f 5283//5276 5238//5231 5284//5277
f 5238//5231 5241//5234 5271//5264
f 5238//5231 5271//5264 5284//5277
f 5271//5264 5198//5191 5281//5274
f 5271//5264 5281//5274 5284//5277
f 5285//5278 5282//5275 5281//5274
f 5285//5278 5281//5274 5286//5279
f 5281//5274 5198//5191 5197//5190
f 5281//5274 5197//5190 5286//5279
f 5197//5190 5202//5195 5223//5216
f 5197//5190 5223//5216 5286//5279
f 5270//5263 3973//3927 5237//5230
f 5270//5263 5237//5230 5274//5267
f 5194//5187 5274//5267 5273//5266
f 5194//5187 5273//5266 5195//5188
f 5237//5230 5267//5260 5275//5268
f 5237//5230 5275//5268 5274//5267
f 5298//5291 5299//5292 5300//5293
f 5298//5291 5300//5293 5301//5294
f 5302//5295 5303//5296 5304//5297
f 5302//5295 5304//5297 5305//5298
f 5306//5299 5307//5300 5308//5301
f 5306//5299 5308//5301 5309//5302
f 5310//5303 5311//5304 5312//5305
f 5310//5303 5312//5305 5313//5306
f 5314//5307 5315//5308 5316//5309
f 5314//5307 5316//5309 5317//5310
f 5318//5311 5319//5312 5320//5313
f 5318//5311 5320//5313 5321//5314
f 5322//5315 5323//5316 5324//5317
f 5322//5315 5324//5317 5325//5318
f 5320//5313 5319//5312 5326//5319
f 5320//5313 5326//5319 5327//5320
f 5328//5321 5329//5322 5330//5323
f 5328//5321 5330//5323 5331//5324
f 5332//5325 5311//5304 5333//5326
f 5332//5325 5333//5326 5334//5327
f 5335//5328 5315//5308 5312//5305
f 5335//5328 5312//5305 5336//5329
f 5326//5319 5319//5312 5316//5309
f 5326//5319 5316//5309 5337//5330
f 4852//4835 5338//5331 5300//5293
f 4852//4835 5300//5293 2570//2540
f 2571//2541 5299//5292 5339//5332
f 2571//2541 5339//5332 4857//4840
f 4858//4841 5340//5333 5341//5334
f 4858//4841 5341//5334 4152//4115
f 4153//4116 5342//5335 5343//5336
f 4153//4116 5343//5336 4879//4862
f 4880//4863 5344//5337 2628//2598
f 4880//4863 2628//2598 2627//2597
f 5345//5338 5346//5339 5347//5340
f 5345//5338 5347//5340 4099//4058
f 4100//4059 5348//5341 5349//5342
f 4100//4059 5349//5342 4205//4172
f 4206//4173 5350//5343 5351//5344
f 4206//4173 5351//5344 2636//2606
f 2637//2607 5352//5345 5353//5346
f 2637//2607 5353//5346 2552//2522
f 2553//2523 5354//5347 5355//5348
f 2553//2523 5355//5348 2556//2526
f 2557//2527 5356//5349 5357//5350
f 2557//2527 5357//5350 4847//4830
f 4848//4831 5358//5351 5359//5352
f 4848//4831 5359//5352 4851//4834
f 5360//5353 5329//5322 5328//5321
f 5360//5353 5328//5321 5361//5354
f 5362//5355 5329//5322 5360//5353
f 5362//5355 5360//5353 5363//5356
f 5364//5357 5307//5300 5306//5299
f 5364//5357 5306//5299 5365//5358
f 5366//5359 5367//5360 5368//5361
f 5366//5359 5368//5361 5369//5362
f 5370//5363 5371//5364 5372//5365
f 5370//5363 5372//5365 5373//5366
f 2628//2598 5344//5337 5374//5367
f 2628//2598 5374//5367 5027//5019
f 5341//5334 5340//5333 5375//5368
f 5341//5334 5375//5368 5376//5369
f 5377//5370 5346//5339 5378//5371
f 5377//5370 5378//5371 5379//5372
f 5304//5297 2623//2593 2622//2592
f 5304//5297 2622//2592 5371//5364
f 5351//5344 5350//5343 5380//5373
f 5351//5344 5380//5373 5381//5374
f 5382//5375 5378//5371 5303//5296
f 5382//5375 5303//5296 5302//5295
f 5374//5367 5344//5337 5343//5336
f 5374//5367 5343//5336 5383//5376
f 5368//5361 5367//5360 5384//5377
f 5368//5361 5384//5377 5385//5378
f 5339//5332 5299//5292 5298//5291
f 5339//5332 5298//5291 5386//5379
f 5387//5380 5388//5381 5389//5382
f 5387//5380 5389//5382 5390//5383
f 5391//5384 5323//5316 5333//5326
f 5391//5384 5333//5326 5392//5385
f 5300//5293 5338//5331 5384//5377
f 5300//5293 5384//5377 5301//5294
f 5384//5377 5367//5360 5298//5291
f 5384//5377 5298//5291 5301//5294
f 5304//5297 5371//5364 5370//5363
f 5304//5297 5370//5363 5305//5298
f 5370//5363 5393//5386 5394//5387
f 5370//5363 5394//5387 5305//5298
f 5394//5387 5395//5388 5302//5295
f 5394//5387 5302//5295 5305//5298
f 5308//5301 5311//5304 5310//5303
f 5308//5301 5310//5303 5309//5302
f 5310//5303 5354//5347 5306//5299
f 5310//5303 5306//5299 5309//5302
f 5312//5305 5315//5308 5314//5307
f 5312//5305 5314//5307 5313//5306
f 5314//5307 5356//5349 5355//5348
f 5314//5307 5355//5348 5313//5306
f 5355//5348 5354//5347 5310//5303
f 5355//5348 5310//5303 5313//5306
f 5316//5309 5319//5312 5318//5311
f 5316//5309 5318//5311 5317//5310
f 5318//5311 5358//5351 5357//5350
f 5318//5311 5357//5350 5317//5310
f 5357//5350 5356//5349 5314//5307
f 5357//5350 5314//5307 5317//5310
f 5320//5313 5396//5389 5397//5390
f 5320//5313 5397//5390 5321//5314
f 5397//5390 5338//5331 5359//5352
f 5397//5390 5359//5352 5321//5314
f 5359//5352 5358//5351 5318//5311
f 5359//5352 5318//5311 5321//5314
f 5324//5317 5395//5388 5330//5323
f 5324//5317 5330//5323 5325//5318
f 5330//5323 5329//5322 5322//5315
f 5330//5323 5322//5315 5325//5318
f 5326//5319 5329//5322 5362//5355
f 5326//5319 5362//5355 5327//5320
f 5362//5355 5396//5389 5320//5313
f 5362//5355 5320//5313 5327//5320
f 5330//5323 5395//5388 5394//5387
f 5330//5323 5394//5387 5331//5324
f 5394//5387 5393//5386 5328//5321
f 5394//5387 5328//5321 5331//5324
f 5333//5326 5323//5316 5322//5315
f 5333//5326 5322//5315 5334//5327
f 5322//5315 5329//5322 5332//5325
f 5322//5315 5332//5325 5334//5327
f 5312//5305 5311//5304 5332//5325
f 5312//5305 5332//5325 5336//5329
f 5332//5325 5329//5322 5335//5328
f 5332//5325 5335//5328 5336//5329
f 5316//5309 5315//5308 5335//5328
f 5316//5309 5335//5328 5337//5330
f 5335//5328 5329//5322 5326//5319
f 5335//5328 5326//5319 5337//5330
f 5300//5293 5299//5292 2571//2541
f 5300//5293 2571//2541 2570//2540
f 5339//5332 5340//5333 4858//4841
f 5339//5332 4858//4841 4857//4840
f 5341//5334 5342//5335 4153//4116
f 5341//5334 4153//4116 4152//4115
f 5343//5336 5344//5337 4880//4863
f 5343//5336 4880//4863 4879//4862
f 5347//5340 5348//5341 4100//4059
f 5347//5340 4100//4059 4099//4058
f 5349//5342 5350//5343 4206//4173
f 5349//5342 4206//4173 4205//4172
f 5351//5344 5352//5345 2637//2607
f 5351//5344 2637//2607 2636//2606
f 5353//5346 5354//5347 2553//2523
f 5353//5346 2553//2523 2552//2522
f 5355//5348 5356//5349 2557//2527
f 5355//5348 2557//2527 2556//2526
f 5357//5350 5358//5351 4848//4831
f 5357//5350 4848//4831 4847//4830
f 5359//5352 5338//5331 4852//4835
f 5359//5352 4852//4835 4851//4834
f 5328//5321 5393//5386 5398//5391
f 5328//5321 5398//5391 5361//5354
f 5398//5391 5399//5392 5360//5353
f 5398//5391 5360//5353 5361//5354
f 5360//5353 5399//5392 5400//5393
f 5360//5353 5400//5393 5363//5356
f 5400//5393 5396//5389 5362//5355
f 5400//5393 5362//5355 5363//5356
f 5306//5299 5354//5347 5353//5346
f 5306//5299 5353//5346 5365//5358
f 5353//5346 5352//5345 5364//5357
f 5353//5346 5364//5357 5365//5358
f 5368//5361 5396//5389 5400//5393
f 5368//5361 5400//5393 5369//5362
f 5400//5393 5399//5392 5401//5394
f 5400//5393 5401//5394 5369//5362
f 5401//5394 5402//5395 5366//5359
f 5401//5394 5366//5359 5369//5362
f 5372//5365 5402//5395 5401//5394
f 5372//5365 5401//5394 5373//5366
f 5401//5394 5399//5392 5398//5391
f 5401//5394 5398//5391 5373//5366
f 5398//5391 5393//5386 5370//5363
f 5398//5391 5370//5363 5373//5366
f 5374//5367 5371//5364 2622//2592
f 5374//5367 2622//2592 5027//5019
f 5375//5368 5367//5360 5366//5359
f 5375//5368 5366//5359 5376//5369
f 5366//5359 5402//5395 5403//5396
f 5366//5359 5403//5396 5376//5369
f 5403//5396 5342//5335 5341//5334
f 5403//5396 5341//5334 5376//5369
f 5404//5397 5388//5381 5387//5380
f 5404//5397 5387//5380 5405//5398
f 5387//5380 5348//5341 5347//5340
f 5387//5380 5347//5340 5405//5398
f 5380//5373 5307//5300 5364//5357
f 5380//5373 5364//5357 5381//5374
f 5364//5357 5352//5345 5351//5344
f 5364//5357 5351//5344 5381//5374
f 5302//5295 5395//5388 5324//5317
f 5302//5295 5324//5317 5382//5375
f 5324//5317 5323//5316 5391//5384
f 5324//5317 5391//5384 5382//5375
f 5391//5384 5388//5381 5404//5397
f 5391//5384 5404//5397 5382//5375
f 5343//5336 5342//5335 5403//5396
f 5343//5336 5403//5396 5383//5376
f 5403//5396 5402//5395 5372//5365
f 5403//5396 5372//5365 5383//5376
f 5372//5365 5371//5364 5374//5367
f 5372//5365 5374//5367 5383//5376
f 5384//5377 5338//5331 5397//5390
f 5384//5377 5397//5390 5385//5378
f 5397//5390 5396//5389 5368//5361
f 5397//5390 5368//5361 5385//5378
f 5298//5291 5367//5360 5375//5368
f 5298//5291 5375//5368 5386//5379
f 5375//5368 5340//5333 5339//5332
f 5375//5368 5339//5332 5386//5379
f 5389//5382 5307//5300 5380//5373
f 5389//5382 5380//5373 5390//5383
f 5380//5373 5350//5343 5349//5342
f 5380//5373 5349//5342 5390//5383
f 5349//5342 5348//5341 5387//5380
f 5349//5342 5387//5380 5390//5383
f 5333//5326 5311//5304 5308//5301
f 5333//5326 5308//5301 5392//5385
f 5308//5301 5307//5300 5389//5382
f 5308//5301 5389//5382 5392//5385
f 5389//5382 5388//5381 5391//5384
f 5389//5382 5391//5384 5392//5385
f 5379//5372 5378//5371 5382//5375
f 5379//5372 5382//5375 5404//5397
f 5377//5370 5379//5372 5404//5397
f 5377//5370 5404//5397 5405//5398
f 5346//5339 5377//5370 5405//5398
f 5346//5339 5405//5398 5347//5340
f 5303//5296 5378//5371 2623//2593
f 5303//5296 2623//2593 5304//5297
f 5378//5371 5346//5339 5345//5338
f 5378//5371 5345//5338 2623//2593
f 28//28 27//27 4083//4042
f 28//28 4083//4042 3972//3926
f 4082//4041 317//310 320//313
f 4082//4041 320//313 998//982
f 4152//4115 502//492 505//495
f 4152//4115 505//495 4858//4841
f 907//891 906//890 4351//4317
f 907//891 4351//4317 4350//4316
f 911//895 910//894 4352//4318
f 911//895 4352//4318 4353//4319
f 917//901 916//900 4354//4320
f 917//901 4354//4320 4355//4321
f 5269//5262 984//968 987//971
f 5269//5262 987//971 5270//5263
f 991//975 990//974 1655//1635
f 991//975 1655//1635 4376//4342
f 971//955 992//976 995//979
f 971//955 995//979 157//151
f 4379//4345 996//980 320//313
f 4379//4345 320//313 319//312
f 1653//1633 990//974 989//973
f 1653//1633 989//973 4554//4532
f 4841//4824 2551//2521 2554//2524
f 4841//4824 2554//2524 4842//4825
f 4844//4827 2555//2525 2558//2528
f 4844//4827 2558//2528 4845//4828
f 4854//4837 2569//2539 2572//2542
f 4854//4837 2572//2542 4855//4838
f 2625//2595 2624//2594 4874//4857
f 2625//2595 4874//4857 4873//4856
f 4876//4859 2626//2596 2629//2599
f 4876//4859 2629//2599 3258//3222
f 2633//2603 2632//2602 4153//4116
f 2633//2603 4153//4116 4879//4862
f 2635//2605 2634//2604 4843//4826
f 2635//2605 4843//4826 4881//4864
f 5027//5019 3256//3220 2629//2599
f 5027//5019 2629//2599 2628//2598
f 25//25 28//28 3974//3928
f 25//25 3974//3928 1582//1562
f 4028//3986 4027//3985 995//979
f 4028//3986 995//979 994//978
f 158//152 4027//3985 4030//3988
f 158//152 4030//3988 4031//3989
f 317//310 27//27 26//26
f 317//310 26//26 318//311
f 4098//4057 4097//4056 5345//5338
f 4098//4057 5345//5338 4099//4058
f 358//351 4098//4057 4101//4060
f 358//351 4101//4060 359//352
f 502//492 2632//2602 2631//2601
f 502//492 2631//2601 503//493
f 4205//4172 4203//4170 4101//4060
f 4205//4172 4101//4060 4100//4059
f 4203//4170 4204//4171 4882//4865
f 4203//4170 4882//4865 652//638
f 907//891 910//894 913//897
f 907//891 913//897 908//892
f 911//895 916//900 919//903
f 911//895 919//903 912//896
f 917//901 4356//4322 4360//4326
f 917//901 4360//4326 918//902
f 4358//4324 4357//4323 4364//4330
f 4358//4324 4364//4330 4359//4325
f 4358//4324 4356//4322 925//909
f 4358//4324 925//909 924//908
f 4362//4328 4361//4327 4367//4333
f 4362//4328 4367//4333 4363//4329
f 4362//4328 4357//4323 928//912
f 4362//4328 928//912 927//911
f 4365//4331 4030//3988 4029//3987
f 4365//4331 4029//3987 4366//4332
f 4365//4331 4361//4327 934//918
f 4365//4331 934//918 933//917
f 5270//5263 987//971 3974//3928
f 5270//5263 3974//3928 3973//3927
f 988//972 991//975 4378//4344
f 988//972 4378//4344 4375//4341
f 993//977 992//976 4378//4344
f 993//977 4378//4344 4377//4343
f 997//981 996//980 906//890
f 997//981 906//890 909//893
f 1653//1633 984//968 5269//5262
f 1653//1633 5269//5262 1654//1634
f 2552//2522 2551//2521 2634//2604
f 2552//2522 2634//2604 2637//2607
f 2556//2526 2555//2525 2554//2524
f 2556//2526 2554//2524 2553//2523
f 4847//4830 4846//4829 2558//2528
f 4847//4830 2558//2528 2557//2527
f 2560//2530 4846//4829 4849//4832
f 2560//2530 4849//4832 2561//2531
f 4851//4834 4850//4833 4849//4832
f 4851//4834 4849//4832 4848//4831
f 2566//2536 4850//4833 4853//4836
f 2566//2536 4853//4836 2567//2537
f 2570//2540 2569//2539 4853//4836
f 2570//2540 4853//4836 4852//4835
f 4857//4840 4856//4839 2572//2542
f 4857//4840 2572//2542 2571//2541
f 2577//2547 4856//4839 505//495
f 2577//2547 505//495 504//494
f 4097//4056 2624//2594 2623//2593
f 4097//4056 2623//2593 5345//5338
f 2627//2597 2626//2596 4878//4861
f 2627//2597 4878//4861 4880//4863
f 2633//2603 4878//4861 4875//4858
f 2633//2603 4875//4858 2630//2600
f 2635//2605 4204//4171 4206//4173
f 2635//2605 4206//4173 2636//2606
f 3257//3221 3256//3220 2625//2595
f 3257//3221 2625//2595 4873//4856
f 4883//4866 3907//3870 490//480
f 4883//4866 490//480 5406//5399
f 2305//2284 2302//2281 146//140
f 2305//2284 146//140 145//139
f 318//311 939//923 2301//2280
f 318//311 2301//2280 2300//2279
f 4883//4866 2585//2555 652//638
f 4883//4866 652//638 4882//4865
f 5406//5399 2584//2554 2585//2555
f 5406//5399 2585//2555 4883//4866
f 942//926 941//925 4523//4501
f 942//926 4523//4501 1518//1498
f 964//948 963//947 957//941
f 964//948 957//941 954//938
f 969//953 961//945 960//944
f 969//953 960//944 1018//1002
f 969//953 1020//1004 4372//4338
f 969//953 4372//4338 967//951
f 1575//1555 1574//1554 953//937
f 1575//1555 953//937 4543//4521
f 2297//2276 963//947 966//950
f 2297//2276 966//950 4371//4337
f 4865//4848 2596//2566 2599//2569
f 4865//4848 2599//2569 2610//2580
f 2595//2565 2604//2574 2607//2577
f 2595//2565 2607//2577 4863//4846
f 2656//2626 2608//2578 2599//2569
f 2656//2626 2599//2569 2598//2568
f 2609//2579 2608//2578 2612//2582
f 2609//2579 2612//2582 2611//2581
f 653//639 3125//3089 3128//3092
f 653//639 3128//3092 360//353
f 5016//5008 3184//3148 3128//3092
f 5016//5008 3128//3092 3127//3091
f 939//923 942//926 4368//4334
f 939//923 4368//4334 2301//2280
f 964//948 1574//1554 1577//1557
f 964//948 1577//1557 965//949
f 2297//2276 1020//1004 1019//1003
f 2297//2276 1019//1003 958//942
f 1575//1555 941//925 940//924
f 1575//1555 940//924 1576//1556
f 3125//3089 3094//3058 4991//4982
f 3125//3089 4991//4982 3126//3090
f 2605//2575 2604//2574 4862//4845
f 2605//2575 4862//4845 4866//4849
f 2597//2567 2596//2566 4862//4845
f 2597//2567 4862//4845 2594//2564
f 361//354 3184//3148 2607//2577
f 361//354 2607//2577 2606//2576
f 2651//2621 4869//4852 363//356
f 2651//2621 363//356 362//355
f 2650//2620 4871//4854 4869//4852
f 2650//2620 4869//4852 2651//2621
f 2617//2587 2616//2586 4871//4854
f 2617//2587 4871//4854 2650//2620
f 4374//4340 30//30 960//944
f 4374//4340 960//944 959//943
f 976//960 979//963 4374//4340
f 976//960 4374//4340 959//943
f 4870//4853 2600//2570 2612//2582
f 4870//4853 2612//2582 2657//2627
f 2601//2571 2600//2570 4870//4853
f 2601//2571 4870//4853 4872//4855
f 2616//2586 2601//2571 4872//4855
f 2616//2586 4872//4855 4871//4854
f 962//946 961//945 968//952
f 962//946 968//952 970//954
f 160//154 977//961 962//946
f 160//154 962//946 970//954
f 978//962 977//961 160//154
f 978//962 160//154 159//153
f 3096//3060 3064//3028 4151//4114
f 3096//3060 4151//4114 4990//4981
f 4990//4981 4991//4982 3094//3058
f 4990//4981 3094//3058 3096//3060
f 2301//2280 5407//5400 147//141
f 2301//2280 147//141 146//140
f 5407//5400 2301//2280 4368//4334
f 5407//5400 4368//4334 4518//4496
f 3063//3027 3095//3059 2584//2554
f 3063//3027 2584//2554 5406//5399
f 490//480 493//483 3063//3027
f 490//480 3063//3027 5406//5399
f 4026//3984 147//141 5407//5400
f 4026//3984 5407//5400 4518//4496
f 4025//3983 148//142 147//141
f 4025//3983 147//141 4026//3984
f 371//5401 370//5402 5186//5178
f 3303//3267 3302//3266 5186//5178
f 3467//3432 3881//3844 378//367
f 3467//3432 378//367 3464//3429
f 378//367 377//366 3946//4133
f 378//367 3946//4133 3464//3429
f 190//184 1856//1836 4413//5403
f 190//184 4413//5403 191//185
f 191//185 1110//1092 187//181
f 1109//1091 1112//5404 188//182
f 2733//2699 2735//374 4167//5405
f 188//182 187//181 1110//1092
f 4319//4285 1050//1033 4412//5406
f 4413//5403 1856//1836 39//37
f 4810//4793 375//364 374//363
f 4810//4793 374//363 5185//5177
f 4319//4285 4412//5406 39//37
f 4319//4285 39//37 38//36
f 3945//4134 5185//5177 374//363
f 3945//4134 374//363 3465//3430
f 485//5407 5409//5408 5408//5408
f 4974//5409 5182//5409 5410//5410
f 3042//3006 3040//3004 5411//5411
f 3040//3004 5412//5412 5411//5411
f 3040//3004 5181//5413 5412//5412
f 2732//4881 516//2653 515//5414
f 516//2653 514//4119 515//5414
f 516//2653 517//4118 514//4119
f 36//35 37//3932 34//33
f 37//3932 36//35 3976//3930
f 3976//3930 1053//1036 3977//3931
f 1051//1034 1050//1033 4319//4285
f 1052//1035 1051//1034 848//832
f 847//2245 848//832 46//44
f 4412//5406 4413//5403 39//37
f 1050//5415 1110//5415 1108//5415
f 3976//3930 1108//1090 1050//1033
f 1108//1090 3976//3930 33//5416 1109//1091
f 3976//3930 36//35 33//5416
f 1023//4352 33//5417 36//4355
f 1109//1091 188//182 1110//1092
f 170//5418 171//5419 1865//4366 50//1039 52//5418 33//5418 36//5418 35//5418
f 2734//2700 2735//374 2733//2699
f 4413//5403 4412//5406 1050//1033 1110//1092 191//185
f 171//5420 35//5420 170//5420
f 1107//4365 1864//4367 1865//4366 171//5419 170//164
f 170//5421 1865//5421 1864//5421
f 4408//4385 1864//4367 1107//4365
f 1107//5422 4408//5422 2326//5422
f 4408//4385 2326//4364 4406//4383
f 2327//5423 4392//5423 4407//5423
f 2326//4364 2327//4363 4406//4383
f 2327//5424 4406//5424 4407//5424
f 4405//5425 4392//5425 2327//5425 4407//5425
f 4392//5426 1320//5426 4405//5426
f 1320//5427 4392//5427 4405//5427 1090//5427
f 1089//4382 1090//4381 1320//4458 1321//4457
f 3475//4882 515//5414 514//4119 3474//4883
f 2715//4893 1089//4382 1321//4457 2937//4946
f 2937//5428 2715//5428 4904//5428 4893//5428
f 3931//4878 4906//4896 4904//4894 4893//4879
f 3931//5429 4906//5429 4907//5429 3932//5429
f 4907//4897 3932//4877 2732//4881 4908//4898
f 2732//5430 4908//5430 3475//5430 515//5430
f 514//4119 2660//4872 3474//5431
f 386//5432 514//5432 3474//5431 2660//4872
f 369//4069 370//5402 371//5401 372//4067
f 370//5402 369//4069 3303//3267
f 4103//5433 2661//5434 5185//5434 371//5435
f 372//5436 4103//5433 371//5435
f 2661//5437 2660//4872 4103//4064
f 3303//3267 5186//5178 370//5402
f 2357//5438 2358//5439 2354//5440
f 2355//5441 2358//5441 2357//5442 2354//5443
f 2354//5444 2355//5445 2353//5445
f 3433//5446 2355//5446 2354//5447 2353//5446
f 2356//5448 3433//5448 2355//5449
f 2355//5449 3433//5449 3434//5449 2356//5450
f 3434//3397 3432//3396 3433//4984
f 3435//3398 3434//3397 4158//4123
f 4157//4122 3435//3398 4158//4123
l 50 3982
l 1865 3982
l 51 52
l 1056 1112
l 52 1109
l 3474 4108
l 386 3929
l 530 3944
l 3944 3946
l 185 1112
l 3929 4108
l 171 1864
l 3042 5182
l 3039 5409
l 3039 4974
